_feature_id	SRR26147197	SRR26147388	SRR26147182	SRR26147400	SRR26147398	SRR26147287	SRR26147387	SRR26147176	SRR26147183	SRR26147239	SRR26147185	SRR26147314	SRR26147415	SRR26147188	SRR26147303	SRR26147390	SRR26147391	SRR26147483	SRR26147396	SRR26147417	SRR26147217	SRR26147413	SRR26147194	SRR26147411	SRR26147340	SRR26147407	SRR26147286	SRR26147165	SRR26147470	SRR26147414	SRR26147410	SRR26147402	SRR26147154	SRR26147494	SRR26147403	SRR26147184	SRR26147201	SRR26147200	SRR26147401	SRR26147189	SRR26147351	SRR26147228	SRR26147202	SRR26147395	SRR26147408	SRR26147292	SRR26147418	SRR26147394	SRR26147416	SRR26147193	SRR26147399	SRR26147192	SRR26147376	SRR26147195	SRR26147190	SRR26147199	SRR26147393	SRR26147409	SRR26147288	SRR26147216	SRR26147198	SRR26147481	SRR26147290	SRR26147203	SRR26147421	SRR26147181	SRR26147289	SRR26147191	SRR26147404	SRR26147365	SRR26147406	SRR26147389	SRR26147276	SRR26147458	SRR26147187	SRR26147505	SRR26147265	SRR26147432	SRR26147186	SRR26147196	SRR26147397	SRR26147405	SRR26147516	SRR26147443	SRR26147412	SRR26147469	SRR26147329	SRR26147392
species|1002870|Gaiella occulta	2187	710	1672	1387	27	803	1341	1069	932	23	1480	26	0	70	1091	1900	53	0	39	59	1073	32	20	44	1558	1247	846	2017	0	22	59	1374	0	0	1366	1314	962	1495	1131	964	1371	27	1301	57	795	1286	2079	1031	474	30	276	37	19	32	18	1122	17	68	1310	18	1223	1393	823	780	36	745	1731	33	605	0	907	1228	12	766	1584	0	0	22	1713	59	30	407	2531	0	14	1318	528	58
species|1612172|Vicinamibacter silvestris	1456	1515	1360	842	290	982	2034	932	1191	63	1791	73	142	169	671	1332	359	11	253	395	1204	302	205	385	1659	1014	749	1072	0	286	343	595	61	0	1145	992	1550	1200	923	1228	1024	64	986	424	521	1183	1468	1127	638	184	561	196	18	142	85	961	190	226	1165	58	795	846	1156	867	85	648	1313	156	750	0	1387	1078	24	1180	1465	0	17	51	1359	145	249	626	1521	38	275	742	627	212
species|1855912|Luteitalea pratensis	311	344	240	185	86	241	475	225	218	24	379	0	55	47	171	251	105	0	59	100	239	109	63	112	375	224	185	232	0	114	113	147	0	0	260	231	351	276	213	286	239	16	223	134	92	255	345	230	141	44	143	60	0	54	27	215	58	80	233	17	193	174	232	206	20	139	269	40	173	0	328	214	0	289	318	0	0	22	367	35	76	160	318	13	64	184	143	57
species|2675101|Lysobacter caseinilyticus	26	22	27	34	144	27	28	30	17	211	33	214	89	169	0	26	119	75	90	253	15	110	246	162	26	0	21	37	0	145	231	26	110	62	40	0	37	0	35	17	37	213	23	126	22	28	42	29	0	133	109	195	81	233	133	24	100	132	25	118	34	0	31	27	257	0	31	124	0	24	28	0	84	19	0	88	64	154	52	225	128	0	38	129	77	0	0	134
species|692036|Tuwongella immobilis	25	16	16	11	0	0	19	16	0	0	11	0	0	0	0	16	0	0	0	0	22	0	0	0	22	0	0	0	0	0	0	0	0	0	14	0	25	0	0	0	0	0	16	0	0	13	19	0	0	0	0	0	0	0	0	0	0	0	21	0	0	0	14	0	0	0	12	0	0	0	12	22	0	17	19	0	0	0	19	0	0	0	19	0	0	0	0	0
species|414050|Lysobacter dokdonensis	41	15	27	0	113	18	0	0	23	251	20	211	97	153	0	0	141	63	55	258	21	99	245	233	22	25	0	0	0	149	249	0	164	70	0	0	20	24	0	24	0	215	0	103	0	0	0	0	0	97	115	172	85	297	144	20	120	112	14	91	0	0	0	0	247	0	26	160	0	41	0	0	100	21	0	62	62	186	31	223	103	0	0	105	87	0	0	136
species|1908690|Fimbriiglobus ruber	89	47	59	60	21	29	75	48	47	13	61	0	0	19	46	88	32	0	23	44	57	28	17	13	76	50	31	81	0	0	36	38	16	0	44	54	57	65	50	42	44	0	33	25	24	60	63	58	36	18	29	18	0	18	0	42	25	26	42	0	33	58	38	36	13	21	82	0	28	0	41	52	0	49	95	0	0	0	53	17	0	33	90	0	19	52	34	19
species|1630693|Gemmata sp. SH-PL17	88	83	86	70	43	64	129	68	58	35	93	36	33	32	43	101	60	0	45	104	89	42	34	72	95	78	49	77	0	40	70	74	43	0	83	91	82	60	55	74	72	32	60	37	50	71	61	72	49	31	53	42	0	29	19	55	28	45	84	54	54	54	79	53	37	50	106	43	69	0	64	76	0	44	83	0	0	16	74	46	21	42	119	34	50	58	47	36
species|406548|Aquisphaera giovannonii	80	35	52	51	0	26	39	38	45	0	53	0	0	18	35	38	0	0	0	0	54	0	0	0	39	34	21	70	0	0	0	44	0	0	41	32	43	57	35	28	59	0	34	0	27	50	59	48	22	0	20	0	0	0	0	32	0	19	52	14	44	48	34	26	0	18	66	0	27	0	33	40	0	34	46	0	0	0	62	0	0	26	71	0	0	49	30	0
species|643672|Singulisphaera rosea	75	17	51	39	14	31	39	32	35	17	33	52	0	36	25	37	33	0	20	35	34	26	22	27	41	38	30	50	0	16	33	47	0	0	39	47	39	44	39	26	37	35	32	18	28	35	39	43	20	21	22	24	0	18	19	39	17	33	28	29	0	36	32	29	23	30	58	17	22	0	27	37	0	20	35	0	0	24	31	19	0	28	61	24	19	49	24	22
species|360056|Schlesneria paludicola	39	42	38	34	41	21	38	25	29	0	30	44	37	73	24	39	67	0	28	54	24	48	43	56	49	34	26	31	0	30	37	26	0	0	24	25	39	40	19	17	19	24	19	32	22	44	39	33	0	41	24	46	0	39	21	32	28	49	28	0	20	31	37	35	16	0	52	34	20	0	29	36	0	29	44	0	0	17	33	41	31	20	38	19	51	22	39	33
species|490573|Solirubrobacter ginsenosidimutans	264	95	240	187	36	94	176	120	157	0	203	0	0	33	134	218	44	0	26	65	126	26	19	25	238	147	79	238	0	0	33	173	0	0	188	156	201	180	133	130	181	0	162	40	102	142	257	166	52	40	60	0	0	0	0	150	0	53	144	0	169	188	131	95	0	84	211	0	75	0	121	146	0	117	185	0	0	20	216	29	19	47	300	0	0	180	87	36
species|1813871|Panacibacter ginsenosidivorans	71	61	65	33	25	30	79	31	51	0	53	15	17	20	24	47	26	0	21	20	35	14	18	23	45	59	22	33	0	15	25	48	0	0	45	62	75	64	46	35	54	0	43	22	25	66	63	66	27	14	25	0	17	20	19	46	20	16	53	0	32	29	34	25	18	36	53	20	41	0	48	67	0	37	51	0	0	18	51	17	19	19	49	0	26	29	42	22
species|1465490|Parafilimonas terrae	45	35	44	29	0	15	51	24	26	0	37	0	0	0	16	32	0	0	0	0	27	0	0	0	63	42	19	35	0	0	0	30	0	0	29	39	46	38	27	19	36	0	30	0	0	39	35	37	0	0	14	0	0	0	0	28	0	0	49	0	0	25	33	23	0	27	42	0	38	0	34	49	0	21	34	0	0	0	37	0	0	25	37	0	0	29	24	0
species|264697|Peribacillus muralis	23	16	0	0	0	0	0	0	0	0	14	0	0	0	0	0	0	0	0	0	0	0	0	0	17	0	0	0	0	0	0	0	0	0	0	0	0	0	0	0	0	0	0	0	0	0	0	17	0	0	0	0	0	0	0	0	0	0	0	0	0	0	0	0	0	0	0	0	0	0	0	0	0	0	0	0	0	0	0	0	0	0	0	0	0	0	0	0
species|450367|[Brevibacterium] frigoritolerans	31	17	23	27	0	23	44	0	0	0	0	0	0	0	0	0	0	0	0	0	24	0	0	0	0	0	0	17	22	0	0	0	0	0	0	50	31	18	0	21	27	0	37	0	0	0	30	0	0	0	0	0	0	0	0	0	0	0	28	0	16	0	0	28	0	0	0	0	17	0	15	15	0	19	25	0	0	34	24	0	0	0	27	0	0	0	0	0
species|1478|Peribacillus simplex	24	22	30	20	0	0	47	43	45	0	28	0	0	0	0	29	0	0	0	0	24	0	0	0	33	32	0	25	0	0	0	34	0	0	32	34	35	46	0	27	26	0	32	0	20	48	17	16	0	0	0	0	0	0	0	32	0	0	36	0	25	31	0	0	0	0	31	0	19	0	24	30	0	17	29	0	0	0	45	0	0	0	37	0	0	38	0	0
species|94132|Ramlibacter tataouinensis	56	48	35	26	65	0	24	0	27	91	30	142	55	111	23	32	102	45	85	159	21	103	76	134	55	24	0	23	0	60	134	0	86	67	0	0	55	37	0	35	40	54	0	59	0	35	41	27	0	106	57	59	70	115	78	0	54	77	29	113	0	0	0	46	87	29	38	127	0	28	30	30	92	41	23	54	41	91	45	84	65	0	41	63	70	32	0	122
species|502333|Ramlibacter ginsenosidimutans	24	0	20	0	156	23	19	16	29	284	18	281	215	278	0	0	347	85	185	551	0	276	268	465	26	0	0	22	0	259	456	0	208	164	29	0	22	14	33	15	0	271	0	135	0	0	0	26	0	219	170	215	168	275	205	0	139	245	0	193	0	0	0	0	239	0	16	418	0	59	21	31	194	12	0	108	79	194	25	323	222	0	26	164	215	19	0	192
species|1926872|Ramlibacter monticola	26	34	24	0	269	0	21	27	0	340	19	362	277	399	0	0	502	123	214	580	22	337	436	643	18	24	0	0	0	321	471	0	289	175	0	33	0	25	0	20	28	315	0	139	0	31	0	0	0	352	210	210	198	413	205	0	163	345	0	311	0	0	0	0	303	33	0	494	0	66	27	0	285	25	0	139	93	313	31	315	298	0	0	147	203	16	0	243
species|363832|Solirubrobacter soli	99	35	78	72	0	55	70	49	72	0	86	0	0	0	38	52	0	0	0	12	37	0	0	0	78	61	24	87	0	0	0	74	0	0	64	59	56	66	40	62	60	0	70	0	30	50	95	59	23	0	18	0	0	0	0	55	0	0	48	0	41	58	23	32	0	24	55	0	38	0	53	42	0	45	61	0	0	0	69	0	0	29	117	0	0	65	27	0
species|912552|Conexibacter arvalis	137	54	148	88	0	70	109	74	93	0	106	0	0	15	77	137	30	0	0	34	72	0	0	0	137	89	55	129	0	0	20	113	0	0	107	79	106	111	73	81	128	0	101	0	54	90	160	94	41	0	39	0	0	0	0	93	0	19	96	0	90	100	73	60	0	55	138	0	68	0	71	86	0	62	110	0	0	0	114	0	0	33	160	0	0	104	50	0
species|191495|Conexibacter woesei	44	15	49	35	0	19	23	37	24	0	44	0	0	0	18	41	13	0	0	41	33	0	0	0	43	38	30	42	0	0	0	42	0	0	17	34	26	34	22	20	29	0	28	0	25	30	56	25	17	0	0	0	0	0	0	35	0	16	30	0	29	30	20	21	0	17	49	0	18	0	23	29	0	25	31	0	0	0	41	0	0	14	52	0	0	26	15	0
species|496014|Baekduia soli	162	68	166	105	21	59	113	93	79	0	132	23	0	19	80	120	22	0	30	41	65	36	0	30	142	82	72	139	0	0	30	104	0	0	126	94	112	119	82	92	85	0	97	26	48	98	148	90	29	0	34	0	0	0	27	96	0	29	82	0	87	122	72	65	0	45	153	0	48	0	73	79	0	65	104	0	0	0	144	19	35	31	181	0	25	116	63	40
species|658062|Candidatus Koribacter versatilis	301	236	348	226	23	95	211	168	268	0	223	0	0	14	149	339	19	0	16	25	231	31	0	21	485	198	113	235	0	0	20	234	0	0	268	359	362	246	165	124	176	0	172	20	116	241	158	281	59	0	63	0	0	0	11	254	0	22	219	0	120	175	262	147	0	135	393	0	129	0	165	286	0	128	332	0	0	0	302	0	19	173	306	0	0	183	214	0
species|1404|Bacillus megaterium	171	111	144	78	0	115	213	88	77	0	104	21	20	0	59	110	15	55	22	17	93	16	29	38	125	90	53	123	0	0	19	70	0	0	67	208	117	122	91	63	114	0	132	25	50	130	124	89	72	0	23	0	0	26	0	79	0	25	146	0	100	64	65	59	29	70	103	79	92	0	75	108	87	54	170	0	0	72	149	0	0	32	141	0	0	105	83	0
species|1933902|Rubrobacter spartanus	25	0	16	22	0	0	27	0	21	0	18	0	0	0	0	0	0	0	0	0	0	0	0	0	20	0	0	0	0	0	0	0	0	0	17	28	22	19	0	0	22	0	24	0	0	17	20	0	0	0	0	0	0	0	0	0	0	0	16	0	20	0	0	0	0	0	0	0	13	0	0	0	0	25	14	0	0	0	19	0	0	0	19	0	0	0	0	0
species|49319|Rubrobacter xylanophilus	22	14	22	0	0	14	24	0	13	0	26	0	0	0	0	0	0	0	0	0	16	0	0	0	15	21	0	0	0	0	0	0	0	0	16	24	23	0	17	17	16	0	27	0	0	0	19	12	14	0	0	0	0	0	0	0	0	0	16	0	0	0	16	0	0	22	11	0	18	0	17	0	0	18	19	0	0	0	14	0	0	0	18	0	0	0	0	0
species|42256|Rubrobacter radiotolerans	61	49	48	44	0	29	108	38	46	0	61	0	0	0	31	25	0	0	0	0	36	0	0	0	44	49	23	37	0	0	0	20	0	0	38	62	65	19	40	46	64	0	50	0	22	31	39	45	18	0	0	0	0	0	0	27	0	0	30	0	35	14	33	27	0	36	25	0	47	0	37	27	0	49	20	0	0	0	41	0	0	25	28	0	0	27	34	0
species|1632864|Planctomyces sp. SH-PL14	17	29	31	0	261	28	35	20	27	117	36	56	186	262	0	18	361	0	232	407	18	346	384	267	43	19	17	0	0	214	365	0	99	0	23	0	48	22	0	33	21	102	0	170	0	30	25	17	22	300	185	450	0	247	172	18	112	263	18	82	21	17	23	0	159	0	19	266	0	0	27	20	0	17	23	0	0	82	32	220	233	19	15	84	252	0	0	135
species|2528009|Planctomycetes bacterium Pla175	20	0	0	0	0	0	21	0	0	0	17	0	0	0	0	0	0	0	0	0	20	0	0	0	25	0	0	0	0	0	0	0	0	0	0	0	23	0	0	0	0	0	0	0	0	0	0	16	0	0	0	0	0	0	0	15	0	0	0	0	0	0	0	0	0	0	16	0	0	0	14	0	0	0	0	0	0	0	0	0	0	0	0	0	0	0	18	0
species|1742923|Thermostilla marina	41	54	56	33	0	33	62	29	64	0	49	0	0	0	35	55	0	0	0	0	51	22	0	0	86	47	28	43	0	19	0	38	0	0	48	34	91	50	27	46	25	0	37	0	20	50	44	43	29	0	15	0	0	0	0	49	0	0	30	0	27	31	44	37	0	29	58	0	20	0	33	66	0	33	58	0	0	0	46	0	0	34	56	0	0	34	49	0
species|2528010|Planctomycetes bacterium Pla85_3_4	23	17	0	0	0	21	19	0	20	0	19	0	0	0	0	0	0	0	0	0	0	0	14	0	29	0	0	0	0	0	0	0	0	0	0	0	19	0	0	0	0	0	0	0	0	0	0	23	0	0	0	0	0	0	0	0	0	0	0	0	0	16	0	0	0	0	0	0	0	0	20	17	0	18	17	0	0	0	0	0	0	0	20	0	0	0	0	0
species|2528026|Planctomycetes bacterium Mal4	34	37	42	40	48	0	28	23	46	21	32	16	29	41	0	39	62	0	46	65	35	56	76	40	55	28	22	50	0	43	55	28	0	0	39	25	60	40	26	33	24	0	21	47	0	42	28	39	0	48	43	58	0	34	35	31	13	42	26	0	23	27	38	44	39	27	40	50	33	0	40	49	0	38	42	0	0	22	45	47	54	27	39	0	56	32	32	30
species|400768|Microlunatus panaciterrae	326	183	254	164	0	188	360	174	185	0	214	0	0	25	140	168	0	0	0	0	226	0	0	0	249	200	125	160	0	0	18	135	0	0	201	375	292	168	169	160	273	0	303	0	112	248	241	188	156	0	47	0	0	0	0	145	0	17	199	19	154	138	132	104	16	166	174	0	163	0	169	158	0	192	245	0	0	0	253	0	0	97	285	0	0	142	129	13
species|363863|Microlunatus ginsengisoli	192	125	129	101	0	108	231	103	104	0	165	0	0	0	72	118	0	0	0	0	148	0	0	0	151	91	70	125	0	0	0	88	0	0	100	215	163	129	114	117	163	0	162	0	70	139	165	132	78	0	29	0	0	0	0	103	0	0	155	0	94	82	83	69	0	100	114	16	90	0	134	118	0	113	130	0	0	0	155	0	0	56	149	0	0	108	91	0
species|2596828|Microlunatus sp. KUDC0627	28	26	28	0	0	20	41	0	0	0	17	0	0	0	0	0	0	0	0	0	22	0	0	0	19	0	0	23	0	0	0	0	0	0	20	28	38	0	0	0	20	0	21	0	0	26	25	0	21	0	0	0	0	0	0	0	0	0	23	0	0	21	19	0	0	22	0	0	28	0	0	0	0	0	23	0	0	0	0	0	0	0	25	0	0	0	19	0
species|360055|Zavarzinella formosa	93	70	68	59	14	47	97	55	61	0	64	0	0	0	39	108	25	0	20	25	53	22	13	18	72	57	42	61	0	0	17	57	0	0	57	52	53	63	47	50	54	0	58	12	45	43	64	57	30	12	22	0	0	0	0	39	0	18	48	0	40	56	42	37	0	37	87	0	48	0	64	56	0	44	93	0	0	0	64	11	13	33	79	0	0	45	29	14
species|191863|Chthoniobacter flavus	1677	1304	1288	947	114	701	1625	847	1064	66	1247	133	52	125	627	1481	140	34	121	133	1214	162	115	163	1463	997	583	1131	0	64	118	810	97	36	807	1674	1474	1353	865	746	755	104	944	115	555	1367	1210	1193	456	129	250	113	59	117	70	903	69	117	1262	135	760	847	885	712	95	646	1379	112	691	24	923	1466	55	681	1516	27	31	99	1560	122	75	554	1574	65	91	966	898	81
species|748831|Brevifollis gellanilyticus	31	34	32	27	17	16	47	19	24	0	31	0	21	0	0	28	17	0	0	40	32	34	16	45	40	28	0	17	0	33	28	20	0	0	24	24	28	27	25	23	21	0	13	24	14	34	24	33	0	0	0	23	0	21	0	23	0	18	26	0	14	27	18	23	0	0	20	0	0	0	32	25	0	31	44	0	0	0	27	0	18	0	26	0	18	22	25	0
species|331696|Pseudolabrys taiwanensis	163	123	206	100	0	78	144	66	157	0	121	0	0	0	79	150	16	0	0	19	106	15	0	18	206	83	61	122	0	0	17	139	0	0	148	128	221	120	86	93	80	0	79	0	83	103	136	147	51	0	23	0	0	0	0	147	0	21	130	0	79	91	125	100	0	64	223	0	66	0	116	113	0	91	143	0	0	0	157	0	0	71	136	0	0	81	102	0
species|674703|Rhodoplanes sp. Z2-YC6860	310	170	303	154	56	133	265	141	242	0	269	28	34	76	116	236	74	0	48	87	217	54	31	82	347	146	104	193	0	55	71	189	0	0	213	206	264	232	154	159	188	23	165	66	116	213	262	206	106	42	83	45	0	34	29	194	36	57	196	20	143	158	195	99	19	106	288	26	133	0	188	179	0	140	266	0	0	17	249	38	36	100	273	15	56	171	149	72
species|29468|Methylocystis echinoides	67	43	66	42	0	32	55	31	49	0	59	0	0	0	47	68	0	0	0	0	43	0	0	0	64	44	26	50	0	0	0	40	0	0	61	40	72	58	37	35	27	0	49	0	30	67	62	55	40	0	0	0	0	0	0	61	0	0	36	0	33	53	41	34	0	38	75	0	46	0	53	57	0	45	49	0	0	0	64	0	0	42	53	0	0	32	40	0
species|134|Methylocystis parvus	28	17	0	0	0	0	21	0	0	0	0	0	0	0	0	0	0	0	0	0	0	0	0	0	21	0	0	0	0	0	0	0	0	0	0	0	29	0	0	0	0	0	0	0	0	0	0	20	0	0	0	0	0	0	0	0	0	0	0	0	0	0	0	18	0	0	0	0	0	0	0	0	0	0	21	0	0	0	0	0	0	0	21	0	0	0	0	0
species|1705717|Patulibacter brassicae	16	0	17	0	0	0	0	0	0	0	22	0	0	0	0	13	0	0	0	0	0	0	0	0	17	13	0	18	0	0	0	14	0	0	0	0	14	0	0	0	0	0	0	0	0	0	0	0	0	0	0	0	0	0	0	0	0	0	0	0	0	0	0	0	0	0	16	0	0	0	0	0	0	0	0	0	0	0	0	0	0	0	18	0	0	0	0	0
species|1097667|Patulibacter medicamentivorans	52	32	36	31	0	21	23	31	32	0	46	0	0	0	32	44	0	0	0	20	19	0	0	0	51	18	20	47	0	0	0	38	0	0	50	29	27	37	35	35	35	0	29	0	24	32	41	33	0	0	16	0	0	0	0	50	0	0	27	0	21	29	25	27	0	27	45	0	16	0	22	25	0	31	33	0	0	0	50	0	0	17	30	0	0	31	16	0
species|666686|Bacillus sp. 1NLA3E	26	22	31	0	0	29	34	0	0	0	26	0	0	0	20	26	0	0	0	23	20	0	0	29	44	26	0	18	0	0	24	17	0	0	21	41	29	27	18	25	21	0	24	0	0	29	28	21	0	0	17	0	0	20	0	14	0	0	29	0	16	20	20	22	0	27	21	0	17	0	30	27	0	0	21	0	0	0	34	0	0	0	39	0	0	22	16	0
species|47498|Pedomicrobium manganicum	21	35	0	0	0	0	36	39	29	0	39	0	0	0	28	0	0	0	0	0	0	0	0	0	31	0	0	0	0	0	0	0	0	0	20	24	23	18	0	17	18	0	26	0	0	25	23	26	0	0	0	0	0	0	0	0	0	0	21	0	0	13	19	0	0	0	25	0	0	0	25	13	0	25	24	0	0	0	0	0	0	25	29	0	0	0	0	0
species|47495|Pedomicrobium americanum	31	0	33	26	0	32	27	0	0	0	42	0	0	0	0	25	0	0	0	0	22	0	0	0	26	16	0	29	0	0	0	0	0	0	20	0	29	27	22	40	34	0	0	0	0	30	20	0	0	0	0	0	0	0	0	19	0	0	21	0	27	25	25	25	0	0	19	0	19	0	0	15	0	28	23	0	0	0	22	0	0	0	16	0	0	19	0	0
species|47496|Pedomicrobium australicum	20	0	0	0	0	0	14	0	0	0	0	0	0	0	0	0	0	0	0	0	16	0	0	0	13	0	0	0	0	0	0	0	0	0	13	0	0	16	0	0	0	0	0	0	0	0	17	0	0	0	0	0	0	0	0	0	0	0	0	0	0	0	0	0	0	0	14	0	0	0	0	0	0	0	17	0	0	0	19	0	0	0	26	0	0	0	0	0
species|486398|Bacillus sp. S3	113	65	90	83	117	76	77	61	69	43	83	46	46	0	60	90	35	88	67	51	65	73	84	98	91	55	46	71	226	64	76	42	30	33	65	100	94	68	59	75	50	67	69	64	61	69	82	69	57	65	48	25	35	131	46	50	34	29	105	52	47	92	63	53	61	66	66	106	51	42	53	79	86	68	81	0	68	128	76	43	102	69	84	27	63	68	63	21
species|220685|Neobacillus bataviensis	30	23	0	23	0	24	22	0	15	18	0	0	14	0	21	0	0	24	0	0	21	0	0	26	19	17	0	0	32	0	0	0	0	0	24	27	24	21	0	0	0	32	0	0	0	0	21	25	0	0	0	0	0	53	0	0	0	0	31	20	0	0	0	0	25	0	17	0	0	0	0	20	18	19	26	0	0	32	21	0	35	0	28	0	0	0	0	15
species|86668|Neobacillus niacini	22	25	0	0	0	0	33	21	25	0	29	17	0	0	0	25	0	0	28	0	18	0	17	26	28	18	0	23	69	0	0	0	0	0	0	0	25	27	0	0	20	0	23	0	0	24	16	22	0	0	0	0	0	28	0	23	0	0	0	0	0	17	0	0	31	0	25	0	0	0	0	29	0	0	25	0	0	37	18	0	0	0	25	0	0	17	31	0
species|1193713|Neobacillus mesonae	39	30	24	24	0	0	27	0	29	0	22	0	0	0	0	26	0	19	0	0	40	0	21	0	31	20	0	0	0	0	0	28	0	0	28	55	39	31	22	0	19	0	16	0	0	31	0	27	0	0	0	0	0	19	0	23	0	0	48	0	18	0	0	0	0	0	28	0	0	0	24	24	0	0	39	0	0	16	30	0	0	0	29	0	0	29	23	0
species|42253|Nitrospira moscoviensis	14	15	12	0	0	0	27	0	17	0	16	0	0	0	0	19	0	0	0	0	0	0	0	0	15	0	0	0	0	0	0	0	0	0	0	22	25	24	0	15	0	0	16	0	0	0	23	0	0	0	0	0	0	0	0	18	0	0	0	0	0	0	0	19	0	0	0	0	0	0	18	0	0	14	17	0	0	0	20	0	0	0	0	0	0	0	0	0
species|709810|Azospirillum sp. TSA2s	25	0	21	0	0	0	0	0	29	0	0	0	0	0	0	25	0	23	0	0	0	0	18	0	20	0	0	0	0	0	0	0	0	29	0	0	0	0	0	0	0	62	0	0	0	0	0	18	0	0	0	0	36	0	0	0	0	0	0	20	0	0	0	0	23	0	19	0	0	0	0	0	30	0	0	12	0	0	22	0	0	0	28	0	0	0	0	0
species|1715989|Candidatus Nitrospira inopinata	17	18	15	0	0	0	0	22	0	0	12	0	0	0	0	0	0	0	0	0	0	0	0	0	21	0	0	0	0	0	0	0	0	0	17	0	16	0	0	17	0	0	0	0	0	0	0	0	0	0	0	0	0	0	0	0	0	0	0	0	0	0	0	0	0	0	17	0	0	0	0	0	0	18	0	0	0	0	0	0	0	0	0	0	0	0	0	0
species|29405|Microlunatus phosphovorus	126	76	99	71	0	76	178	77	89	0	91	0	0	0	59	97	0	0	0	0	87	0	0	0	113	100	52	97	0	0	0	51	0	0	99	157	119	75	85	79	125	0	113	0	49	95	119	105	68	0	0	0	0	0	0	77	0	0	82	0	86	63	71	54	0	49	89	0	86	0	74	83	0	87	112	0	0	0	104	0	0	53	110	0	0	62	55	0
species|446786|Microlunatus aurantiacus	96	59	62	63	0	52	109	44	43	0	67	0	0	0	33	57	0	0	0	0	58	0	0	0	75	38	33	64	0	0	0	41	0	0	47	112	69	54	52	49	84	0	78	0	34	59	59	50	34	0	21	0	0	0	0	39	0	0	62	0	40	57	31	36	0	44	47	0	44	0	50	60	0	48	56	0	0	0	59	0	0	21	88	0	0	39	29	0
species|882824|Knoellia locipacati	32	0	0	0	0	0	0	0	0	0	0	0	0	0	0	0	0	0	0	0	0	0	0	0	0	0	0	0	0	0	0	0	0	0	0	0	0	0	0	0	0	0	0	0	0	0	0	0	0	0	0	0	0	0	0	0	0	0	0	0	0	0	0	0	0	0	0	0	0	0	0	0	0	0	0	0	0	0	0	0	0	0	0	0	0	0	0	0
species|60443|Terrabacter tumescens	33	0	0	0	0	0	0	0	0	0	0	0	0	0	0	0	0	0	0	0	0	0	0	0	0	0	0	0	0	0	0	0	0	0	0	0	0	0	0	0	0	0	0	0	0	0	0	0	0	0	0	0	0	0	0	0	0	0	0	0	0	0	0	0	0	0	0	0	0	0	0	0	0	0	0	0	0	0	0	0	0	0	0	0	0	0	0	0
species|1640865|Parviterribacter kavangonensis	34	0	21	23	0	0	21	21	20	0	25	0	0	0	27	21	0	0	0	0	14	0	0	0	25	16	0	25	0	0	0	31	0	0	33	21	21	24	18	22	22	0	18	0	0	16	28	0	0	0	0	0	0	0	0	15	0	0	20	0	0	17	0	0	0	18	27	0	16	0	14	0	0	20	18	0	0	0	17	0	0	0	47	0	0	18	0	0
species|1640866|Parviterribacter multiflagellatus	20	0	13	19	0	17	0	0	21	0	13	0	0	0	0	17	13	0	0	18	16	0	0	0	22	25	0	21	0	0	0	0	0	0	22	17	15	18	0	16	19	0	16	0	14	13	24	14	0	0	0	0	0	0	0	14	0	0	0	0	13	0	16	0	0	0	25	0	0	0	16	0	0	14	0	0	0	0	0	0	0	0	24	0	0	20	0	0
species|1670831|Egibacter rhizosphaerae	24	0	22	0	0	0	23	0	16	0	29	0	0	0	0	30	0	0	0	0	0	0	0	0	25	0	0	24	0	0	0	0	0	0	22	20	0	0	0	0	0	0	21	0	0	23	30	21	0	0	0	0	0	0	0	0	0	0	0	0	0	16	0	0	0	0	19	0	0	0	0	18	0	19	15	0	0	0	0	0	0	0	34	0	0	20	0	0
species|1904640|Betaproteobacteria bacterium GR16-43	97	71	102	53	227	33	84	79	91	65	92	40	143	143	43	111	218	0	195	415	74	239	129	346	100	80	51	93	0	184	354	53	52	0	89	72	79	80	73	76	81	47	43	243	42	96	75	60	35	114	264	153	0	165	96	58	146	146	71	44	52	71	78	77	81	42	115	152	36	0	72	75	0	56	65	0	0	52	117	124	247	46	103	19	160	74	41	236
species|1288494|Nitrosospira lacus	20	28	0	0	0	0	25	17	30	0	25	0	0	0	0	0	0	0	0	0	0	0	0	0	31	0	0	16	0	0	0	0	0	0	0	16	34	26	0	0	0	0	19	0	0	0	24	16	0	0	0	0	0	0	0	0	0	0	0	0	17	0	19	0	0	0	0	0	0	0	0	0	0	24	0	0	0	0	17	0	0	0	0	0	0	0	20	0
species|2558918|Nocardioides sp. SB3-45	30	0	0	17	0	0	0	0	18	0	0	0	0	0	0	0	0	0	0	0	0	0	0	0	26	0	0	0	0	0	0	23	0	0	24	29	0	0	0	0	0	0	0	0	0	0	0	0	0	0	0	0	0	0	0	0	0	0	0	0	0	0	0	0	0	0	0	0	0	0	0	0	0	0	0	0	0	0	0	0	0	0	31	0	0	0	0	0
species|328517|Dokdonella fugitiva	27	0	29	0	0	0	15	0	0	0	0	0	0	19	0	0	0	0	0	26	0	20	0	18	0	0	0	0	0	13	25	0	0	0	0	0	0	0	0	0	0	0	0	0	0	0	0	0	0	0	0	0	0	0	0	0	0	0	0	0	0	0	0	0	0	0	26	26	0	0	0	0	0	0	0	0	0	0	0	19	0	0	15	0	0	0	0	0
species|363846|Dokdonella ginsengisoli	35	0	0	0	0	0	0	0	0	27	0	25	18	41	0	0	33	0	0	35	0	24	0	35	0	0	0	0	0	24	38	0	21	0	0	0	0	0	0	0	0	0	20	0	0	0	22	0	0	25	23	0	18	0	0	0	0	35	31	27	0	0	0	0	0	0	0	40	0	0	0	0	0	0	0	0	0	31	0	34	0	0	23	0	0	0	0	33
species|2580413|Microvirga brassicacearum	47	33	23	16	0	35	43	25	24	15	20	0	0	0	18	21	0	0	0	16	26	0	18	0	34	14	0	29	0	0	0	0	0	0	24	20	29	28	0	22	20	0	37	0	0	22	32	25	0	0	0	0	11	0	0	18	0	0	32	0	39	0	26	0	0	0	19	15	27	0	18	0	0	37	22	0	0	0	26	0	0	0	37	0	0	0	20	14
species|426|Methylosinus trichosporium	56	27	40	25	0	0	24	18	38	0	19	0	0	0	0	28	0	0	0	0	40	0	0	0	43	23	0	28	0	0	0	24	0	0	28	35	38	31	26	21	24	0	0	0	0	36	27	33	0	0	0	0	0	0	0	36	0	0	33	0	0	20	26	0	0	0	39	0	0	0	26	23	0	0	34	0	0	0	45	0	0	0	29	0	0	27	25	0
species|1603870|Brevitalea deliciosa	206	219	260	124	16	126	316	118	258	0	315	0	0	0	116	235	18	0	17	0	180	0	0	23	434	172	87	199	0	0	0	132	0	0	279	196	426	273	117	158	122	0	193	31	94	206	168	289	94	0	33	0	0	0	0	191	0	0	167	0	142	154	253	152	0	91	298	0	121	0	166	255	0	119	280	0	0	0	237	0	0	161	284	0	0	153	184	0
species|1458336|Brevitalea aridisoli	63	55	62	17	0	42	107	24	70	0	63	0	0	0	40	61	0	0	0	0	25	0	0	0	126	40	23	54	0	0	0	24	0	0	70	62	114	75	32	51	38	0	62	0	31	53	43	62	28	0	0	0	0	0	0	54	0	0	40	0	29	32	50	35	0	15	72	0	41	0	60	61	0	39	61	0	0	0	61	0	0	37	74	0	0	56	45	0
species|162028|Haliangium tepidum	74	77	89	54	73	55	77	47	86	30	117	17	64	51	46	76	74	0	72	139	54	100	64	100	115	71	30	84	0	75	135	57	26	0	80	87	86	66	54	55	70	15	85	64	50	60	67	73	26	61	78	57	0	65	37	73	36	83	74	19	65	51	61	54	37	40	87	55	56	0	84	75	0	71	59	0	0	28	97	66	52	58	106	15	75	59	37	61
species|1592105|Tellurimicrobium multivorans	24	25	30	19	0	0	25	15	28	0	19	0	0	0	0	16	0	0	10	0	0	0	0	14	37	22	16	13	0	0	0	18	0	0	27	21	28	21	17	22	13	0	19	0	0	17	27	30	0	0	0	0	0	0	0	17	0	0	21	0	13	15	29	21	0	17	18	0	0	0	29	20	0	18	21	0	0	0	17	0	0	15	33	0	0	21	16	0
species|332163|Candidatus Solibacter usitatus	219	174	208	163	54	84	182	100	146	13	201	25	32	34	115	169	92	0	63	128	170	112	37	105	222	124	73	176	0	60	86	163	17	0	165	179	238	178	96	129	146	17	124	83	84	183	158	187	53	45	79	33	0	25	16	160	42	48	141	30	87	118	132	114	15	78	208	26	110	0	160	167	0	108	246	0	0	21	216	30	49	112	257	15	61	122	110	52
species|768535|Acidipila rosea	21	0	16	0	0	0	0	0	0	0	0	0	0	0	0	22	0	0	0	0	0	0	0	0	22	0	0	0	0	0	0	13	0	0	20	43	22	17	0	0	0	0	0	0	0	0	0	0	0	0	0	0	0	0	0	19	0	0	19	0	0	16	0	0	0	0	25	0	0	0	0	0	0	0	21	0	0	0	0	0	0	0	18	0	0	0	17	0
species|2053591|Planctomycetales bacterium	62	76	63	27	26	35	74	38	64	0	71	0	14	0	34	43	0	0	0	19	57	19	26	0	65	46	29	50	0	13	0	45	0	0	51	63	84	55	32	49	36	0	41	41	23	56	66	69	28	0	27	23	0	0	0	35	0	18	65	0	28	25	50	34	0	21	72	0	33	0	45	70	0	35	54	0	0	0	52	0	0	31	56	0	0	29	31	0
species|1052257|Aquihabitans daechungensis	66	24	34	38	12	22	41	33	38	0	60	0	0	0	30	39	21	0	0	23	54	17	0	18	50	35	22	39	0	17	0	24	0	0	35	19	32	38	29	33	33	0	20	0	22	39	56	35	0	0	19	0	0	0	0	41	0	0	40	0	25	28	34	26	0	28	45	0	24	0	33	33	0	31	44	0	0	0	61	0	0	17	51	0	0	29	19	14
species|380628|Lysobacter niabensis	28	33	34	0	59	0	27	36	22	88	52	80	52	49	0	19	56	71	36	55	0	45	115	48	42	21	21	0	0	75	56	21	45	59	29	0	30	0	30	33	37	105	22	62	0	20	43	29	0	53	77	75	49	103	36	29	39	62	36	51	25	0	0	0	115	0	20	48	0	27	47	19	59	37	20	27	36	79	27	59	51	0	24	70	55	0	0	40
species|1837343|Paenibacillus qinlingensis	59	66	65	38	0	46	82	34	59	0	54	0	0	0	41	54	0	0	0	0	55	0	0	0	89	37	24	48	108	0	0	30	0	0	65	69	76	52	27	36	39	0	67	0	30	67	65	54	33	0	0	0	0	0	0	57	0	0	45	0	46	37	35	39	0	24	65	0	38	0	33	55	0	35	66	0	0	0	54	0	0	37	57	0	0	52	43	0
species|869555|Paenibacillus aceris	37	0	33	0	0	0	0	0	39	0	0	0	0	0	0	0	0	0	0	0	0	0	0	0	0	0	0	0	103	0	0	22	0	0	0	0	30	37	0	0	0	0	0	0	0	0	0	0	0	0	0	0	0	0	0	0	0	0	30	0	0	0	0	0	0	0	25	0	0	0	0	0	0	0	0	0	0	0	0	0	0	0	0	0	0	0	22	0
species|1229157|Tumebacillus soli	29	18	29	0	0	0	25	0	0	0	23	41	0	325	0	0	27	17	556	21	13	45	12	52	0	14	0	13	239	0	0	16	52	0	0	32	0	19	0	0	0	79	14	65	0	13	0	15	0	73	186	0	0	24	32	0	11	19	13	0	0	0	0	0	15	0	19	0	18	0	20	18	20	16	17	0	0	27	21	0	0	0	20	0	0	0	19	16
species|388466|Edaphobacter modestus	21	22	28	22	0	0	29	20	18	0	0	0	0	0	0	24	0	0	0	0	25	0	0	0	36	22	0	19	0	0	0	23	0	0	17	28	36	23	0	0	17	0	14	0	0	0	26	0	0	0	0	0	0	0	0	0	0	0	25	0	0	0	0	0	0	0	23	0	0	0	0	26	0	0	0	0	0	0	0	0	0	0	17	0	0	0	0	0
species|1592106|Terriglobus albidus	25	22	25	0	0	0	26	0	29	0	32	0	0	0	0	23	0	0	0	0	25	0	0	0	36	0	0	27	0	0	17	22	0	0	21	25	27	34	0	30	21	0	20	0	0	23	0	30	0	0	0	0	0	0	0	0	0	0	18	0	0	0	19	0	0	0	33	0	0	0	35	18	0	0	33	0	0	0	32	0	0	0	23	0	0	36	32	0
species|1969806|Acidibrevibacterium fodinaquatile	113	47	89	53	0	38	66	36	73	0	37	0	0	0	41	65	0	0	0	0	58	0	0	0	71	43	25	59	0	0	0	64	0	0	68	78	82	46	44	33	32	0	59	0	38	69	48	56	19	0	0	0	0	0	0	51	0	0	52	0	32	38	54	25	0	25	75	0	36	0	46	43	0	24	70	0	0	0	49	0	0	31	75	0	0	47	55	0
species|504468|Rhodovastum atsumiense	21	15	16	22	0	0	25	0	0	0	19	0	0	0	0	23	0	0	0	0	18	0	0	0	21	17	0	17	0	0	0	0	0	0	0	30	23	20	0	20	0	0	0	0	0	23	0	14	0	0	0	0	0	0	0	14	0	0	0	0	0	14	0	0	0	0	19	0	0	0	0	0	0	0	0	0	0	0	29	0	0	0	0	0	0	0	0	0
species|1071|Rhodopila globiformis	47	16	26	19	0	0	29	22	21	0	17	0	0	0	0	25	0	0	0	0	24	0	0	0	30	18	0	22	0	0	0	20	0	0	32	16	25	24	19	0	17	0	20	0	0	26	27	17	0	0	0	0	0	0	0	0	0	0	24	0	24	19	0	0	0	22	27	0	16	0	19	0	0	16	30	0	0	0	21	0	0	0	31	0	0	19	13	0
species|768533|Chelativorans composti	18	0	0	0	0	0	0	0	0	0	0	0	0	0	0	0	0	0	0	0	0	0	0	0	0	0	0	0	0	0	0	0	0	0	0	0	0	0	0	0	0	0	0	0	0	0	0	0	0	0	0	0	0	0	0	0	0	0	0	0	0	0	0	0	0	0	0	0	0	0	0	0	0	0	0	0	0	0	0	0	0	0	0	0	0	0	0	0
species|1231|Nitrosospira multiformis	50	33	42	40	0	40	42	43	53	0	32	0	0	0	0	27	0	0	24	30	46	0	0	0	77	26	0	30	0	0	30	49	0	0	34	64	68	26	30	36	40	0	34	0	0	38	34	19	28	0	0	0	0	0	0	41	0	0	49	0	29	0	45	0	0	27	52	0	30	0	47	45	0	34	40	0	0	0	53	0	0	0	50	0	0	39	36	20
species|35799|Nitrosospira briensis	26	22	30	0	0	0	16	24	32	0	0	0	0	0	0	17	0	0	0	0	0	0	0	0	39	21	0	15	0	14	0	27	0	0	26	34	40	0	17	17	25	0	0	0	0	30	16	23	0	0	0	0	0	0	0	0	0	0	22	0	25	0	17	0	0	0	24	0	15	0	0	0	0	0	0	0	0	0	25	0	0	0	0	0	0	0	15	0
species|1473598|Paludibaculum fermentans	20	16	14	14	14	0	23	0	17	0	22	0	0	0	0	17	15	0	12	14	19	13	12	18	16	17	0	15	0	0	20	16	0	0	14	0	19	0	0	16	0	0	0	20	0	14	11	18	0	0	16	0	0	0	0	0	0	0	0	0	12	0	0	0	0	0	15	0	0	0	15	12	0	19	19	0	0	0	24	0	0	0	16	0	12	0	0	0
species|670293|Segetibacter aerophilus	14	0	0	0	140	0	0	0	14	266	0	320	127	190	0	0	205	116	121	244	0	207	250	183	0	0	0	0	0	134	230	0	291	224	0	20	20	0	0	0	12	178	18	99	0	17	0	0	0	316	201	243	316	274	187	0	67	109	0	264	0	0	0	0	325	0	0	244	0	74	0	0	269	0	0	304	88	203	24	414	155	0	0	179	114	0	0	133
species|694315|Kofleria flava	14	0	16	14	0	0	0	0	0	0	13	0	0	0	0	0	13	0	0	15	0	16	0	0	0	0	0	0	0	0	0	0	0	0	13	0	16	0	0	15	0	0	0	0	0	17	0	0	0	0	17	0	0	0	0	0	0	0	0	0	0	0	0	0	0	0	0	0	0	0	14	0	0	0	0	0	0	0	0	0	0	0	0	0	0	0	0	0
species|80816|Haliangium ochraceum	22	22	19	0	0	12	27	13	0	0	24	0	0	0	0	14	0	0	0	17	12	0	0	14	19	15	0	15	0	0	16	15	0	0	20	0	15	17	11	20	0	0	0	0	0	0	0	0	0	0	16	0	0	0	0	15	0	0	0	0	18	0	0	0	0	0	17	0	0	0	25	0	0	0	20	0	0	0	18	0	0	0	21	0	0	16	0	0
species|2056494|Candidatus Saccharibacteria bacterium YM_S32_TM7_50_20	48	18	44	14	43	15	22	18	53	138	20	141	36	79	15	25	42	67	47	81	0	99	69	61	40	26	0	24	0	70	87	24	86	84	33	36	49	11	0	10	29	85	20	40	0	21	25	28	0	93	30	69	140	79	56	23	20	37	13	119	16	0	17	0	146	0	34	74	19	37	20	12	131	0	24	103	41	120	28	62	33	15	31	73	35	12	18	31
species|685828|Armatimonas rosea	23	12	14	0	0	0	22	14	15	15	14	0	0	14	0	15	0	0	0	13	0	13	0	17	18	18	0	26	0	0	0	15	15	0	14	0	22	0	0	14	11	0	0	14	0	14	0	20	0	0	0	13	0	0	0	18	0	0	17	0	0	0	0	0	0	0	18	0	0	0	14	18	0	0	21	0	0	0	20	0	0	0	16	0	0	15	0	0
species|351604|Geobacter uraniireducens	26	0	21	0	0	0	0	0	0	0	41	0	0	0	0	18	0	0	0	0	0	0	0	0	0	0	0	0	0	0	0	0	0	0	0	0	0	36	0	23	0	0	0	0	0	28	0	0	0	0	0	0	0	0	0	0	0	0	0	0	0	0	19	27	0	0	23	0	0	0	37	23	0	31	0	0	0	0	44	0	0	0	23	0	0	44	0	0
species|1114878|Geobacter luticola	37	38	0	0	0	0	0	0	32	0	31	0	0	0	0	23	0	0	0	0	0	0	0	0	25	0	0	0	0	0	0	0	0	0	0	32	27	24	0	0	0	0	0	0	0	25	0	26	0	0	0	0	0	0	0	0	0	0	0	0	0	0	29	0	0	0	25	0	0	0	0	24	0	27	0	0	0	0	31	0	0	0	0	0	0	0	0	0
species|1560324|Arenimicrobium luteum	53	51	74	26	0	32	84	31	51	0	64	0	0	0	28	57	0	0	0	0	43	0	0	0	102	43	22	43	0	0	0	27	0	0	59	49	96	58	32	43	21	0	52	0	28	41	36	56	24	0	0	0	0	0	0	42	0	0	33	0	30	26	52	34	0	23	55	0	38	0	37	47	0	29	68	0	0	0	52	0	0	34	74	0	0	32	42	0
species|311182|Denitratisoma oestradiolicum	41	34	38	0	0	0	35	0	39	0	32	0	0	0	0	38	0	0	0	24	29	18	0	0	49	29	0	27	0	17	0	24	0	0	36	35	35	30	26	0	0	0	0	0	0	32	28	35	0	0	0	0	0	0	0	34	0	0	27	0	24	0	29	0	0	0	22	0	0	0	0	29	0	25	28	0	0	0	28	0	0	0	29	0	0	0	31	0
species|940139|Terriglobus aquaticus	25	0	0	0	0	0	21	0	23	0	21	0	0	0	0	0	0	0	0	0	0	0	0	0	22	0	0	0	0	0	0	0	0	0	15	22	19	0	0	0	0	0	18	0	0	26	21	19	0	0	0	0	0	0	0	0	0	0	0	0	0	25	22	0	0	0	23	0	22	0	0	14	0	0	17	0	0	0	0	0	0	0	20	0	0	0	0	0
species|732238|Povalibacter uvarum	141	85	108	65	14	90	175	83	126	0	106	0	0	0	47	70	26	0	24	19	81	20	20	24	147	71	45	106	0	21	26	47	0	0	96	88	166	73	89	66	108	0	88	25	39	93	125	91	48	0	47	16	0	0	0	89	0	24	111	0	72	46	84	50	0	53	86	0	68	0	92	67	0	74	88	0	0	0	125	0	25	48	120	0	24	68	43	22
species|2662614|Terrimonas suqianensis	32	55	34	32	0	37	66	34	53	0	44	0	0	0	31	43	20	0	17	0	48	0	0	0	47	40	35	52	0	0	0	26	0	0	41	23	53	38	38	32	32	0	37	23	31	49	44	60	0	0	0	0	0	0	0	42	21	0	47	0	32	58	38	36	0	25	57	0	33	0	59	58	0	31	56	0	0	0	52	0	0	21	29	0	0	27	31	0
species|1038693|Terrimonas pekingensis	18	12	11	0	0	0	21	20	0	0	12	0	0	0	0	0	0	0	0	0	0	0	0	0	18	0	0	0	0	0	0	0	0	0	0	11	24	0	0	0	19	0	0	0	0	0	0	0	0	0	0	0	0	0	0	0	0	0	0	0	0	0	0	0	0	0	0	0	0	0	0	0	0	0	0	0	0	0	0	0	0	15	14	0	0	0	0	0
species|1867851|Terrimonas crocea	13	17	0	0	0	0	0	0	0	0	0	0	0	0	0	0	0	0	0	0	0	0	0	14	19	0	0	0	0	0	0	0	0	0	0	0	0	0	0	0	0	0	0	0	0	0	16	0	0	0	0	0	0	0	0	0	0	0	0	0	0	0	0	0	0	0	0	0	0	0	19	0	0	0	0	0	0	0	0	0	0	0	0	0	0	0	0	0
species|1176646|Sphingomonas daechungensis	30	24	19	25	18	31	26	19	24	21	25	28	15	16	0	0	26	0	21	25	22	31	16	17	22	22	0	25	0	0	41	22	0	0	23	15	39	15	17	34	15	0	27	17	0	16	24	23	0	20	41	15	0	28	17	14	0	18	28	19	0	0	0	0	0	0	27	19	18	0	17	16	0	22	16	0	0	19	26	20	14	0	28	0	0	17	0	22
species|1045317|Sphingomonas lutea	56	23	59	33	30	0	34	29	42	33	25	66	28	44	34	35	34	0	46	58	25	33	44	87	39	41	24	33	0	21	102	55	33	18	49	54	49	29	36	0	30	25	34	43	28	23	28	52	0	51	45	40	23	46	45	39	37	36	28	28	33	0	27	26	32	31	53	49	24	0	27	18	25	26	19	24	0	36	50	40	22	28	57	0	31	20	22	73
species|940133|Sphingomonas limnosediminicola	22	0	0	0	0	0	0	0	0	0	0	16	0	19	0	0	19	0	0	15	0	16	0	15	12	13	0	0	0	0	15	0	0	0	0	12	13	0	0	0	0	0	0	0	0	0	0	0	0	13	0	0	15	0	0	12	0	0	0	20	0	0	0	0	0	0	0	15	0	0	0	0	0	0	0	0	0	0	0	15	0	0	0	0	0	0	0	16
species|670292|Microvirga aerilata	23	20	28	24	36	25	29	0	0	34	0	59	44	28	0	0	35	17	49	46	0	61	49	43	32	20	0	0	0	33	42	0	46	46	0	24	23	0	33	22	0	54	26	53	0	0	22	27	0	48	41	54	32	43	42	0	40	25	0	50	0	0	0	0	47	0	0	37	0	25	0	0	66	26	0	30	37	59	23	38	26	0	0	29	42	0	0	41
species|349313|Krasilnikovia cinnamomea	47	0	0	0	0	0	0	0	0	0	0	0	0	0	0	0	0	0	0	0	0	0	0	0	0	0	0	0	0	0	0	0	0	0	0	0	0	0	0	0	0	0	0	0	0	0	0	0	0	0	0	0	0	0	0	0	0	0	0	0	0	0	0	0	0	0	0	0	0	0	0	0	0	0	0	0	0	0	0	0	0	0	0	0	0	0	0	0
species|690879|Terrimicrobium sacchariphilum	289	200	238	154	40	123	268	123	182	30	193	37	54	28	126	256	56	0	40	102	218	106	34	84	278	204	113	226	0	64	87	175	27	0	143	263	259	254	145	155	136	25	156	36	132	241	210	209	87	33	79	38	0	26	0	182	24	62	196	28	154	139	157	131	27	135	270	40	116	0	204	257	0	156	274	0	0	25	257	34	29	112	260	21	71	177	153	36
species|2578113|Bradyrhizobium sp. KBS0725	75	21	28	45	16	33	71	38	69	0	50	0	0	30	26	48	0	0	0	20	61	0	0	22	59	31	27	44	0	0	24	42	0	0	36	56	41	51	32	21	47	0	0	20	28	34	58	71	54	0	30	0	0	0	0	32	0	31	45	0	38	12	89	40	0	38	48	0	17	0	17	45	0	38	44	0	0	0	109	0	0	34	52	0	0	47	27	0
species|2578114|Bradyrhizobium sp. KBS0727	73	47	82	30	16	33	25	38	19	0	51	0	0	29	27	48	47	0	0	22	34	55	0	21	59	32	27	35	0	0	24	38	0	0	26	20	55	34	31	64	34	0	85	16	28	33	55	0	0	0	31	0	0	0	0	32	0	30	61	0	39	50	0	13	0	21	51	0	17	0	37	42	0	39	44	0	0	0	27	0	0	22	52	0	0	23	24	0
species|376|Bradyrhizobium sp.	27	0	0	0	34	0	23	0	17	0	22	0	0	35	0	0	20	0	0	27	0	0	0	24	20	0	0	28	0	0	0	31	0	0	24	0	21	0	0	0	35	0	20	0	0	0	18	0	0	0	0	0	0	22	0	0	0	0	0	0	0	0	0	0	0	0	27	0	0	0	0	0	0	0	16	0	0	0	0	0	0	0	42	0	0	0	0	0
species|167468|Bradyrhizobium sp. ORS 3257	22	0	25	15	0	0	23	0	0	0	0	0	0	0	0	29	0	0	31	0	0	0	0	15	0	0	0	17	0	0	0	0	0	0	0	0	0	0	0	0	0	0	18	0	0	0	0	0	0	0	0	0	0	0	0	0	0	0	26	0	0	0	0	0	0	0	23	0	0	0	0	0	0	0	26	0	0	0	22	0	0	0	16	0	0	0	0	0
species|375|Bradyrhizobium japonicum	95	33	67	75	85	60	94	42	70	0	65	85	129	102	58	99	76	0	111	127	73	73	99	90	101	65	48	105	0	94	57	57	64	0	83	124	143	70	39	50	199	81	148	45	58	54	102	54	137	0	83	59	0	106	80	68	82	74	88	60	0	68	106	0	88	59	89	100	63	0	51	47	0	61	77	0	0	71	59	118	73	63	122	0	69	52	56	83
species|1324935|Limisphaera ngatamarikiensis	155	187	134	96	59	92	206	86	118	14	153	0	65	30	48	130	65	0	60	129	129	136	38	133	206	100	65	104	0	80	81	80	25	0	126	136	208	111	92	114	85	0	95	59	67	125	103	115	52	41	71	40	0	33	21	101	25	78	113	19	62	84	120	78	17	47	120	30	93	0	177	111	0	92	143	0	0	14	146	27	46	95	155	14	92	81	96	42
species|2602016|Hypericibacter adhaerens	33	23	29	0	0	0	0	0	22	0	0	0	0	0	0	23	0	0	0	0	0	0	0	0	28	0	0	30	0	0	0	0	0	0	30	25	33	0	19	29	23	0	0	0	0	28	27	22	0	0	0	0	0	0	0	26	0	0	25	0	0	0	0	19	0	0	25	0	0	0	0	0	0	0	28	0	0	0	18	0	0	0	25	0	0	0	0	0
species|1789672|Skermanella mucosa	35	19	19	16	0	15	20	21	24	0	21	0	0	0	0	13	0	0	0	0	0	0	0	0	25	0	0	0	0	0	0	22	0	0	30	22	22	15	0	0	0	0	17	0	0	0	17	22	0	0	0	0	0	0	0	21	0	0	24	0	0	0	17	25	0	0	17	0	0	0	19	18	0	32	18	0	0	0	27	0	0	14	27	0	0	17	0	0
species|1817965|Skermanella rosea	42	45	44	33	0	28	47	38	56	0	68	0	0	0	31	33	0	0	0	0	37	0	0	0	60	47	26	51	0	0	0	31	0	0	55	46	61	34	45	39	54	14	42	0	44	59	47	55	39	0	29	0	0	0	0	30	0	0	45	0	43	40	39	27	0	29	52	0	35	0	41	37	0	53	37	0	0	0	52	0	0	24	43	0	0	35	36	0
species|1897628|Rhodoplanes azumiensis	55	19	38	24	0	27	54	26	41	0	27	0	0	34	48	38	41	0	0	29	48	34	24	33	56	26	29	41	0	0	37	31	0	0	38	40	61	39	22	40	48	0	40	25	24	20	33	45	0	23	45	0	0	28	0	46	0	32	31	0	33	31	28	19	0	47	39	25	54	0	34	37	0	17	56	0	0	0	63	22	31	24	43	0	0	33	30	26
species|29408|Rhodoplanes elegans	37	27	31	23	0	21	20	26	0	0	22	0	0	0	0	19	0	0	0	18	19	0	0	0	27	16	21	31	0	0	0	24	0	0	32	15	20	28	17	18	21	0	0	0	22	25	29	0	0	0	0	0	0	0	0	22	0	0	29	0	24	16	25	18	0	0	22	0	0	0	0	21	0	24	25	0	0	0	30	0	0	0	37	0	0	0	0	0
species|2562284|Pseudolabrys sp. FHR47	103	83	103	62	12	42	77	34	93	0	85	0	0	19	41	94	25	0	18	25	66	22	12	23	150	56	35	64	0	20	31	93	0	0	84	86	124	63	40	58	42	0	42	21	33	76	79	80	29	23	32	13	0	0	0	76	18	21	75	0	45	48	80	31	0	34	124	24	53	0	65	73	0	56	81	0	0	0	64	0	16	63	93	0	20	55	63	18
species|1897629|Rhodoplanes tepidicaeni	27	27	40	20	0	0	34	0	27	0	17	0	0	0	0	31	0	0	0	0	26	0	0	0	27	22	0	23	0	0	0	21	0	0	21	20	23	19	30	26	32	0	21	0	0	23	28	28	0	0	0	0	0	0	0	26	0	0	32	0	25	27	19	22	0	0	40	0	0	0	33	22	0	24	44	0	0	0	22	0	0	20	22	0	0	40	0	0
species|29409|Rhodoplanes roseus	21	17	27	0	0	0	14	18	17	0	15	0	0	0	0	21	0	0	0	0	12	0	0	0	18	14	0	20	0	0	0	0	0	0	19	17	23	0	14	0	0	0	0	0	0	16	20	15	0	0	0	0	0	0	0	0	0	0	19	0	0	0	12	0	0	0	22	0	0	0	0	0	0	0	0	0	0	0	12	0	0	0	24	0	0	0	25	0
species|200615|Rhodoplanes serenus	31	20	31	0	0	0	26	17	30	0	21	0	0	0	0	25	0	0	0	0	16	0	0	0	38	16	0	25	0	0	17	24	0	0	23	29	38	20	19	21	0	0	18	0	18	19	33	29	0	0	0	0	0	0	0	19	0	0	30	0	0	0	29	17	0	0	31	0	0	0	22	17	0	0	28	0	0	0	19	0	0	20	23	0	0	15	0	0
species|1235591|Pseudorhodoplanes sinuspersici	45	31	28	32	0	24	40	27	31	0	30	0	0	0	32	38	17	0	0	0	40	0	0	0	42	18	20	34	0	0	0	30	0	0	39	24	49	22	36	19	36	0	33	0	15	37	42	25	20	0	0	0	0	0	0	28	0	0	25	0	28	39	30	27	0	0	30	0	0	0	29	32	0	19	40	0	0	0	36	0	0	18	48	0	0	0	28	0
species|2170729|Methyloceanibacter sp. wino2	43	36	46	22	0	20	54	25	28	0	46	0	0	0	20	40	0	0	0	0	30	0	0	0	53	25	0	40	0	0	0	21	0	0	33	42	41	41	26	41	30	0	45	0	26	41	40	42	0	0	0	0	0	0	0	36	0	0	32	0	28	21	28	22	0	18	65	0	31	0	29	35	0	25	45	0	0	0	34	0	0	14	43	0	0	35	26	0
species|1384459|Methyloceanibacter caenitepidi	125	118	156	88	0	62	135	70	117	0	135	0	0	0	70	112	0	0	0	0	114	0	0	0	151	94	55	116	0	0	0	90	0	0	109	154	153	160	68	92	93	0	103	0	45	118	134	117	59	0	16	0	0	0	0	114	0	0	97	0	68	103	96	87	0	46	165	0	49	0	130	126	0	85	121	0	0	0	156	0	0	68	161	0	0	112	106	0
species|1002691|Occallatibacter savannae	73	58	64	64	0	48	30	48	68	0	49	0	0	0	57	75	0	0	0	26	55	0	0	21	74	62	36	72	0	0	0	92	0	0	72	100	92	61	51	32	45	0	41	0	44	63	44	60	36	0	0	0	0	0	0	60	0	0	45	0	57	59	68	72	0	54	86	17	43	0	47	59	0	54	71	0	0	0	62	0	0	65	67	0	0	57	66	0
species|1002689|Occallatibacter riparius	33	21	28	35	0	0	26	0	21	0	32	0	0	0	0	36	0	0	0	0	39	0	0	0	31	28	0	34	0	0	0	22	0	0	38	25	29	30	21	0	20	0	0	0	0	19	22	34	0	0	0	0	0	0	0	28	0	0	23	0	0	0	38	0	0	21	38	0	24	0	18	28	0	21	34	0	0	0	26	0	0	0	29	0	0	30	28	0
species|1229656|Acidibacter ferrireducens	69	59	51	35	29	42	76	44	80	0	72	0	0	17	29	45	38	0	19	25	64	28	0	19	92	58	33	50	0	17	33	36	0	0	58	56	73	38	37	48	57	0	46	27	24	53	59	57	0	16	25	24	0	14	0	42	0	16	50	0	33	34	44	31	0	33	53	14	35	0	56	39	0	64	43	0	0	13	93	16	21	37	64	0	13	34	37	20
species|927083|Sandaracinus amylolyticus	22	38	20	0	0	13	22	17	23	0	32	0	0	0	0	0	0	0	0	31	13	0	0	17	24	27	12	0	0	0	21	22	0	0	17	20	30	13	13	22	20	16	17	18	0	23	27	20	0	0	12	0	0	0	0	25	0	16	30	0	17	0	0	27	0	19	16	0	14	0	24	24	0	29	0	0	0	0	45	0	0	0	0	0	0	0	15	0
species|1867774|Aliidongia dinghuensis	35	0	26	25	0	0	0	0	24	0	0	0	0	0	0	31	0	0	0	0	30	0	0	0	43	0	0	0	0	0	0	0	0	0	0	31	28	36	0	0	27	0	0	0	0	20	33	19	0	0	0	0	0	0	0	0	0	0	33	0	26	20	25	0	0	0	36	0	0	0	0	0	0	0	24	0	0	0	0	0	0	0	23	0	0	22	20	0
species|398045|Flavisolibacter ginsengiterrae	24	28	16	25	36	15	33	25	48	37	36	51	20	27	28	18	33	29	34	30	15	24	48	48	34	30	0	25	0	20	46	0	36	64	33	29	45	33	24	36	20	53	26	25	24	26	23	29	0	30	24	33	49	50	20	28	14	32	23	46	27	0	38	35	37	31	44	46	40	18	30	25	40	0	44	38	32	47	31	22	14	21	32	33	0	25	44	35
species|249|Terrimonas ferruginea	18	18	17	0	0	17	23	0	16	0	20	0	0	0	0	0	0	0	0	0	0	0	0	0	0	0	0	20	0	0	0	0	0	0	0	14	26	0	18	15	11	0	0	12	0	21	24	28	0	0	0	0	0	0	0	24	0	0	0	0	0	0	0	0	0	0	13	0	0	0	26	0	0	19	18	0	0	0	18	0	0	0	14	0	0	0	0	0
species|462367|Flavisolibacter ginsengisoli	31	18	23	19	41	15	28	36	25	66	0	60	40	23	0	26	44	31	47	61	16	50	124	55	23	23	29	25	0	32	125	28	25	34	26	25	30	18	32	0	26	45	16	48	0	15	27	33	0	52	27	32	36	86	40	20	21	51	17	80	0	0	0	0	59	27	16	67	0	22	19	19	50	19	0	33	36	47	23	40	35	14	29	16	39	0	0	87
species|940145|Flavisolibacter rigui	22	21	30	27	18	16	18	0	0	22	26	23	0	0	0	21	17	0	15	17	23	21	15	21	31	24	0	0	0	19	26	0	14	23	27	22	27	25	0	25	0	26	21	13	0	27	17	19	0	13	18	20	29	23	21	0	0	23	22	22	0	0	0	0	33	0	0	25	0	0	13	20	26	24	21	13	0	18	31	27	15	0	27	14	0	24	0	34
species|2024524|Terrimonas soli	40	53	65	27	28	35	67	42	43	0	59	0	0	20	31	47	36	0	16	35	50	19	32	24	65	38	0	52	0	32	29	42	0	0	42	32	62	51	40	33	28	0	47	38	24	58	54	40	57	32	28	38	20	15	0	34	0	0	47	22	34	0	43	39	24	33	48	29	36	0	51	53	18	44	54	0	0	20	68	18	0	36	50	0	40	27	53	0
species|661481|Flavisolibacter ginsenosidimutans	25	23	23	0	59	20	25	0	0	121	0	124	44	62	0	0	62	106	75	72	19	83	97	90	20	0	0	21	0	38	90	22	64	170	0	28	25	0	0	0	20	104	0	56	0	0	0	0	0	102	55	69	150	125	63	0	24	45	14	109	20	0	0	0	106	0	0	93	0	65	15	0	172	23	0	121	91	75	25	74	60	0	0	66	33	0	0	55
species|1546155|Tepidisphaera mucosa	68	57	87	40	41	21	62	38	60	46	80	34	30	48	38	70	101	0	41	126	60	70	55	74	93	75	32	62	0	47	103	44	22	11	60	53	97	70	49	44	44	39	45	53	32	57	62	82	14	54	36	53	10	49	34	56	29	57	63	34	39	47	35	34	43	40	66	56	31	0	57	65	0	51	86	0	0	29	99	60	39	21	109	29	45	68	33	56
species|363869|Bacillus pocheonensis	27	18	31	21	0	0	62	0	24	0	23	19	22	0	0	33	0	18	0	0	20	0	0	0	32	28	18	32	55	0	0	20	0	0	29	38	28	37	21	0	0	0	0	0	0	39	14	19	19	29	0	0	0	0	0	28	0	0	22	0	28	24	0	0	0	0	26	0	0	0	0	35	0	24	31	0	28	40	36	0	0	0	28	0	26	0	0	0
species|352858|Bacillus sp. Y1	34	22	27	0	0	19	47	26	18	0	28	0	0	0	21	36	0	0	0	0	29	0	0	0	34	25	0	27	25	0	0	25	0	0	29	26	30	36	15	22	20	0	26	0	17	19	28	30	0	0	0	0	0	0	0	24	0	0	23	0	21	15	0	26	0	19	23	0	17	0	27	36	0	21	36	0	0	0	36	0	0	0	33	0	0	22	17	0
species|1456|Bacillus benzoevorans	16	22	16	19	0	0	41	17	0	0	19	0	0	0	0	0	0	0	0	0	15	0	0	0	26	0	0	18	0	0	0	0	0	0	0	30	32	27	0	0	0	0	15	0	16	26	0	16	0	0	0	0	0	0	0	0	0	0	21	0	0	19	0	0	0	0	21	0	0	0	0	20	0	17	25	0	0	0	33	0	0	0	35	0	0	21	22	0
species|2527995|Planctomycetes bacterium Mal52	21	21	17	0	0	0	20	0	19	0	19	0	0	0	0	21	0	0	0	0	0	19	0	19	23	0	0	20	0	16	0	13	0	0	0	17	17	28	19	18	15	0	0	0	0	0	0	17	0	0	0	0	0	0	0	0	0	12	16	0	0	0	22	0	0	0	17	0	0	0	0	14	0	16	19	0	0	0	12	0	0	0	18	0	0	0	0	0
species|114|Gemmata obscuriglobus	36	20	15	20	0	18	22	22	19	0	14	0	0	16	13	24	15	0	0	26	15	15	0	15	19	18	12	14	0	0	16	22	0	0	16	22	35	15	19	0	20	0	15	0	13	22	25	13	0	11	19	0	0	0	0	0	0	15	18	0	0	15	16	13	12	14	30	0	0	0	18	25	0	17	27	0	0	0	28	11	0	0	27	0	0	14	14	0
species|2014610|Roseisolibacter agri	41	15	30	37	31	24	32	17	20	47	26	27	30	37	0	32	31	0	30	100	19	61	40	91	39	33	0	27	0	42	82	35	30	27	30	14	38	38	20	25	26	34	31	21	24	37	32	44	0	44	34	38	0	46	28	35	19	29	15	21	23	27	29	13	23	17	46	39	31	0	21	19	0	22	30	24	0	24	37	35	20	15	40	20	42	19	24	38
species|1379270|Gemmatimonas phototrophica	45	24	52	22	24	22	32	23	32	33	38	18	23	20	23	33	22	0	16	80	25	39	25	58	49	27	17	37	0	20	50	36	24	0	36	45	45	35	26	16	29	18	20	14	20	23	30	33	0	22	19	13	0	17	19	32	0	24	30	16	20	15	27	14	20	14	36	25	19	0	21	34	0	27	29	0	0	15	37	32	20	16	32	0	21	11	23	31
species|861299|Gemmatirosa kalamazoonesis	122	54	116	65	29	57	79	66	99	28	118	26	29	33	73	83	58	0	35	111	90	59	37	85	131	75	36	96	0	31	99	76	26	0	105	80	124	82	66	78	60	18	62	39	48	85	83	93	76	34	46	34	0	34	35	89	27	40	85	22	51	58	79	46	16	44	124	33	42	0	66	69	0	63	105	0	0	17	82	41	26	44	133	24	37	66	56	34
species|1274631|Bradyrhizobium icense	76	50	80	49	20	40	59	54	59	0	73	0	0	0	21	34	48	0	0	24	69	0	24	0	84	42	23	61	0	30	22	63	0	0	32	42	69	67	40	40	58	0	87	48	33	48	45	39	53	0	0	28	0	0	0	83	0	0	52	0	40	37	0	24	0	0	66	0	33	0	40	41	0	38	83	0	0	0	56	0	0	32	24	0	42	31	22	0
species|190148|Bradyrhizobium paxllaeri	86	18	14	70	19	30	59	18	61	0	48	0	0	0	21	66	0	0	0	22	46	0	24	31	68	40	22	47	0	29	23	31	0	0	46	56	69	26	46	42	60	0	0	0	33	45	90	39	0	0	42	33	0	0	0	0	0	0	59	0	45	37	84	29	0	52	66	0	34	0	41	47	0	38	45	0	0	0	26	0	47	34	104	0	0	31	42	0
species|1518501|Bradyrhizobium valentinum	36	0	0	0	0	25	14	0	0	0	0	0	0	0	0	16	0	0	0	0	0	0	0	0	24	0	0	14	0	0	0	0	0	0	0	19	23	0	0	0	13	0	0	0	0	22	18	0	0	0	21	0	0	0	0	0	0	0	12	0	0	0	0	15	0	0	0	0	0	0	0	0	0	0	0	0	0	0	26	0	0	0	33	0	0	20	0	0
species|255045|Bradyrhizobium canariense	22	0	0	0	0	0	0	0	20	0	0	0	0	0	0	0	0	0	0	0	0	0	0	0	0	0	0	0	0	0	0	0	0	0	0	0	0	0	0	0	0	0	0	0	0	0	0	0	0	0	0	0	0	0	0	0	0	0	0	0	0	0	0	0	0	0	0	0	0	0	0	0	0	0	0	0	0	0	0	0	0	0	0	0	0	0	0	0
species|151414|Afipia birgiae	28	0	0	22	19	0	26	0	0	0	23	0	0	0	26	29	23	0	0	24	29	0	27	0	25	21	0	30	0	0	0	0	0	0	21	0	27	20	27	24	27	0	0	0	0	22	22	19	0	0	0	0	0	0	0	0	0	0	32	0	0	0	0	0	0	19	26	0	21	0	0	25	0	0	20	0	0	0	29	0	0	0	27	0	0	22	0	0
species|244734|Bradyrhizobium betae	19	0	0	0	0	0	0	0	0	0	0	30	0	0	0	0	19	0	0	0	0	0	0	0	0	0	0	0	0	0	0	0	0	0	0	0	0	0	0	0	0	0	0	0	0	0	0	0	0	0	0	0	0	0	0	0	0	0	0	0	0	0	0	0	0	0	0	0	0	0	0	0	0	0	0	0	0	0	0	0	0	0	0	0	0	0	0	0
species|465721|Steroidobacter denitrificans	64	42	53	35	0	44	86	44	56	0	61	0	0	19	14	37	0	0	16	0	40	18	0	13	66	32	24	45	0	0	16	26	0	0	48	38	76	56	44	31	44	0	52	20	23	47	46	55	25	0	28	19	0	0	0	36	0	0	54	0	36	30	50	21	0	25	28	0	26	0	46	33	0	40	52	0	0	0	50	0	0	19	61	0	0	30	19	0
species|268404|Steroidobacter agariperforans	36	30	37	14	16	28	47	23	29	0	30	0	0	0	16	19	0	0	0	17	30	16	0	18	32	24	0	26	0	15	19	0	0	0	30	33	43	23	0	21	15	0	16	21	0	17	21	34	15	0	22	0	0	13	0	16	0	0	29	0	16	11	26	21	0	13	23	0	15	0	14	20	0	29	20	0	0	0	37	0	0	13	19	0	0	0	17	0
species|279810|Thiobacter subterraneus	64	76	68	53	0	49	84	0	55	0	70	0	0	0	59	62	0	0	0	0	52	0	0	0	89	50	0	0	0	0	0	46	0	0	69	79	94	74	55	61	0	0	50	29	41	56	65	62	0	0	0	0	0	0	0	66	0	0	42	0	0	59	77	42	0	0	57	0	37	0	74	64	0	54	79	0	0	0	53	0	0	57	57	0	0	52	0	0
species|467091|Ilumatobacter fluminis	69	37	61	44	0	28	59	50	51	0	69	0	0	0	41	52	0	0	0	18	43	0	0	0	61	63	39	66	0	0	0	30	0	0	68	31	45	42	41	58	56	0	47	14	28	44	61	47	25	0	35	0	0	0	0	35	0	0	43	0	47	46	44	19	0	41	51	0	31	0	50	42	0	47	42	0	0	0	67	0	0	19	69	0	0	41	0	0
species|2528023|Planctomycetes bacterium ETA_A1	51	21	34	27	33	13	38	24	25	30	28	22	26	23	14	43	50	0	29	103	28	34	25	43	36	20	18	39	0	26	51	20	30	0	30	26	28	32	31	22	48	26	27	29	22	24	28	43	21	31	29	26	0	19	20	17	16	43	36	22	25	30	20	16	24	0	35	35	22	0	18	29	0	25	24	0	0	18	34	48	22	10	47	16	23	25	0	28
species|2051552|Mycobacterium sp. PYR15	66	0	0	0	0	0	0	0	0	0	0	0	0	0	0	0	0	0	0	0	0	0	0	0	0	0	0	0	0	0	0	0	0	0	0	0	0	0	0	0	0	0	0	0	0	0	0	0	0	0	0	0	0	0	0	0	0	0	0	0	0	0	0	0	0	0	0	0	0	0	0	0	0	0	0	0	0	0	0	0	0	0	0	0	0	0	0	0
species|2528021|Planctomycetes bacterium ETA_A8	85	136	105	58	35	69	168	67	96	11	130	0	35	18	41	115	91	0	36	49	90	50	32	50	142	78	49	55	0	37	27	77	0	0	94	74	119	78	68	76	71	0	66	61	46	90	87	81	43	24	54	52	0	15	12	77	34	39	78	0	45	56	97	59	12	38	90	18	46	0	89	106	0	82	113	0	0	0	83	24	33	49	82	0	39	49	49	29
species|1736675|Devosia sp. A16	15	0	0	0	36	0	0	0	0	31	0	43	36	52	0	0	48	25	30	67	0	41	70	49	0	0	0	0	0	36	56	0	33	37	0	0	0	0	0	0	0	41	0	31	0	0	0	0	0	79	28	37	55	34	30	0	0	34	0	48	0	0	0	0	49	0	0	45	0	0	0	0	31	0	0	23	0	37	0	62	43	0	0	42	42	0	0	46
species|1391653|Vulgatibacter incomptus	26	0	0	0	0	0	18	0	0	0	0	0	0	0	0	0	0	0	0	0	0	0	0	0	0	0	0	0	0	0	0	0	0	0	0	0	0	0	0	0	0	0	0	0	0	0	18	15	0	0	0	0	0	0	0	0	0	0	0	0	0	0	0	0	0	0	0	0	0	0	15	0	0	0	0	0	0	0	0	0	0	0	13	0	0	0	0	0
species|41|Stigmatella aurantiaca	31	46	38	22	66	27	32	0	31	77	60	77	46	81	21	31	157	17	63	145	29	137	103	139	47	43	19	32	0	74	158	27	50	0	45	33	27	35	37	38	21	103	26	88	27	25	39	39	0	160	87	71	0	102	70	30	64	133	29	85	28	34	28	36	76	0	38	73	25	0	26	22	0	34	44	0	0	78	43	163	77	22	43	33	102	36	16	85
species|447217|Anaeromyxobacter sp. K	33	18	26	0	0	41	25	0	27	0	19	0	0	0	0	22	0	0	0	0	23	0	0	0	30	23	0	0	0	0	0	24	0	0	25	0	25	35	44	24	28	0	0	0	32	24	22	25	0	0	0	0	0	0	0	0	0	19	26	0	0	0	0	0	0	0	18	0	0	0	17	33	0	21	23	0	0	0	29	0	0	0	20	0	34	24	21	0
species|466153|Singulisphaera acidiphila	44	13	26	14	14	0	17	0	22	19	26	24	0	33	0	19	24	0	0	21	20	17	15	25	33	16	0	31	0	18	19	27	18	0	17	35	17	0	13	0	18	0	22	0	13	28	17	0	0	18	0	23	0	21	19	0	0	0	15	0	0	0	17	0	19	0	24	25	13	0	0	0	0	16	25	0	0	14	26	20	25	0	26	0	0	0	0	15
species|748857|Roseimicrobium gellanilyticum	80	60	75	36	28	53	83	38	54	0	74	0	27	17	28	66	33	0	38	54	58	53	28	42	72	64	44	53	0	49	35	51	15	0	59	60	65	58	44	49	41	18	38	37	37	70	49	51	44	26	41	20	0	27	0	37	0	31	72	18	37	33	57	54	0	32	73	31	41	0	56	64	0	55	65	0	0	0	71	22	35	40	79	0	35	34	49	0
species|2736|Verrucomicrobium spinosum	37	22	20	22	13	20	36	21	18	0	28	0	0	0	0	21	14	0	0	14	18	0	12	12	29	22	0	28	0	0	15	0	11	0	15	25	21	17	13	14	24	13	15	0	0	23	20	16	0	0	0	0	0	0	0	21	0	15	18	0	0	0	23	20	22	0	19	0	15	0	31	26	12	34	23	0	0	0	30	0	0	0	32	13	0	0	0	0
species|330214|Nitrospira defluvii	25	29	24	0	0	25	30	18	34	0	35	0	0	0	0	13	0	0	0	0	21	0	0	0	34	23	0	0	0	0	0	20	0	0	23	13	38	0	15	18	22	0	0	0	0	21	20	17	0	0	0	0	0	0	0	21	0	0	26	0	19	0	0	18	0	0	19	0	0	0	16	0	0	19	15	0	0	0	29	0	0	0	0	0	0	0	22	0
species|1076|Rhodopseudomonas palustris	43	0	25	22	0	0	21	0	0	0	0	0	0	0	0	0	26	0	0	0	0	0	27	0	0	0	0	21	0	0	0	0	0	0	0	0	26	0	0	0	19	0	0	0	0	21	21	0	0	34	0	0	0	0	0	24	0	0	0	0	0	0	0	0	0	0	0	0	0	0	16	0	0	0	0	0	0	0	0	28	0	0	22	0	0	0	0	0
species|1442381|Dankookia rubra	22	24	29	21	21	0	17	21	18	31	29	25	0	25	16	0	0	0	0	27	17	0	16	26	40	32	0	23	0	0	31	23	0	0	25	0	27	20	20	20	30	23	17	0	0	23	25	25	0	25	31	27	16	19	18	0	16	0	20	19	18	0	0	15	26	19	26	21	0	0	18	0	26	21	14	19	0	16	20	22	0	0	22	14	18	18	15	17
species|77675|Paracraurococcus ruber	21	0	0	0	0	0	0	0	0	0	0	0	0	0	0	0	0	0	0	0	0	0	0	0	0	0	0	0	0	0	0	0	0	0	0	0	0	0	0	0	0	0	0	0	0	20	0	0	0	0	0	0	0	0	0	0	0	0	0	0	0	0	0	0	0	0	0	0	0	0	0	0	0	0	0	0	0	0	0	0	0	0	0	0	0	0	0	0
species|1397|Bacillus circulans	105	86	105	85	0	79	180	72	74	0	97	0	0	0	58	125	0	18	0	0	94	0	0	29	96	92	40	85	149	0	0	52	0	0	63	141	84	129	80	88	79	0	85	0	47	123	98	100	54	0	0	0	0	0	0	67	0	0	100	0	67	69	72	62	0	68	95	0	52	0	62	95	0	75	116	0	0	0	127	0	0	41	104	0	0	102	65	0
species|1428|Bacillus thuringiensis	63	56	114	52	0	40	56	47	55	0	54	0	0	0	0	44	0	0	0	0	40	0	0	0	161	36	22	56	72	0	0	54	0	0	83	75	121	78	41	53	33	0	60	0	40	49	71	46	30	0	0	0	0	0	0	57	0	0	46	0	60	36	61	48	0	38	83	0	30	0	29	60	0	44	51	0	0	0	58	0	0	27	50	0	0	49	64	0
species|1396|Bacillus cereus	56	45	71	24	0	25	48	0	43	0	52	0	0	0	34	36	0	0	0	0	33	0	0	0	108	25	23	27	57	0	0	18	0	0	54	46	84	49	25	23	36	0	31	0	0	38	27	37	26	0	0	0	0	0	0	33	0	0	50	0	0	35	28	24	0	0	43	0	26	0	31	34	0	27	30	0	0	0	27	0	0	39	45	0	0	21	49	0
species|1737571|Bacillus oryzisoli	152	125	154	98	0	107	231	98	101	0	142	0	0	0	89	156	0	0	0	0	123	0	0	0	160	137	59	117	511	0	0	96	0	0	87	188	162	183	75	106	107	0	111	0	67	175	121	125	71	0	0	0	0	0	0	93	0	0	137	0	87	115	81	78	0	86	130	0	80	0	93	154	0	89	196	0	0	0	183	0	0	64	155	0	0	138	111	0
species|1223566|Bradyrhizobium sp. CCGE-LA001	21	0	0	0	0	0	0	0	25	0	0	0	0	0	0	0	0	0	0	0	19	0	0	0	0	0	0	0	0	0	0	0	0	0	24	0	0	0	0	0	17	0	0	0	0	0	19	0	0	0	0	0	0	0	0	0	0	0	0	0	0	0	0	0	0	0	26	0	0	0	0	0	0	0	0	0	0	0	0	0	0	0	15	0	0	0	0	0
species|1300045|Bradyrhizobium americanum	13	0	0	0	0	0	0	0	0	0	0	0	0	0	0	0	0	0	0	0	0	0	0	0	0	0	0	0	0	0	0	0	0	0	0	0	0	21	0	0	15	0	0	0	0	0	0	0	0	0	0	0	0	0	0	0	0	0	0	0	0	0	0	0	0	0	0	0	0	0	0	0	0	0	19	0	0	0	0	0	0	0	20	0	0	0	0	0
species|1355477|Bradyrhizobium diazoefficiens	26	0	0	0	0	0	0	0	0	0	0	0	0	0	0	0	0	0	0	0	0	0	0	0	0	0	0	0	0	0	0	0	0	0	0	0	0	0	0	0	14	0	0	0	0	0	0	0	0	0	0	0	0	0	0	0	0	0	0	0	0	0	0	0	0	0	0	0	0	0	0	0	0	0	0	0	0	0	0	0	0	0	0	0	0	0	0	0
species|1759536|Friedmanniella endophytica	35	26	17	33	0	26	41	27	21	0	26	0	0	0	20	22	0	0	0	0	25	0	0	0	32	23	0	22	0	0	0	15	0	0	0	42	22	28	15	20	30	0	21	0	19	27	24	34	24	0	0	0	0	0	0	26	0	0	30	0	0	0	17	15	0	19	31	0	14	0	22	20	0	19	24	0	0	0	26	0	0	0	23	0	0	0	25	0
species|2038343|Jatrophihabitans telluris	35	0	20	0	0	0	0	0	0	0	0	0	0	0	0	21	0	0	0	0	0	0	0	0	18	41	0	26	0	0	0	0	0	0	0	0	0	28	20	0	27	0	29	0	0	27	26	0	0	0	0	0	0	0	0	0	0	0	0	0	0	0	0	0	0	0	22	0	0	0	24	0	0	0	29	0	0	0	26	0	0	0	24	0	0	0	0	0
species|2507935|Cohnella abietis	37	0	0	0	0	0	38	0	0	0	0	0	0	0	0	0	0	0	0	0	0	0	0	0	0	0	0	0	0	0	0	28	0	0	26	45	55	0	0	0	0	0	0	0	0	0	0	0	0	0	0	0	0	0	0	0	0	0	0	0	0	0	0	0	0	0	40	0	0	0	0	0	0	0	0	0	0	0	0	0	0	0	0	0	0	0	0	0
species|661485|Marmoricola pocheonensis	24	0	37	0	0	0	42	0	0	17	0	26	19	22	0	0	0	0	0	32	0	0	0	0	0	24	0	31	0	13	0	31	0	0	34	0	35	0	0	0	0	0	0	0	0	0	25	0	0	0	0	0	0	0	0	0	0	0	0	0	0	0	0	0	0	0	0	0	0	0	0	0	0	0	0	0	0	0	24	18	0	0	36	0	0	0	0	14
species|1542737|Marmoricola solisilvae	24	0	0	0	0	0	0	0	0	0	26	0	0	0	0	0	0	0	0	0	0	0	0	0	40	19	0	0	0	0	0	0	0	0	23	0	0	0	0	0	32	0	0	0	0	29	0	0	0	0	0	0	0	0	0	0	0	0	0	18	0	0	0	0	0	0	32	0	0	0	0	0	0	28	0	0	0	0	16	0	0	0	0	0	0	0	0	0
species|1882682|Microvirga ossetica	32	36	37	28	39	33	46	47	35	46	37	48	38	45	0	0	28	39	52	60	33	65	64	50	33	22	36	18	0	41	59	0	38	23	22	34	34	0	35	26	37	50	23	59	0	38	30	33	36	62	65	58	37	76	37	29	17	40	36	49	0	29	0	0	55	30	29	39	42	25	40	0	22	28	16	18	22	34	40	66	40	27	35	34	47	29	0	34
species|1402137|Microvirga zambiensis	20	33	26	0	45	27	38	0	33	41	33	64	40	38	0	0	40	20	39	65	0	58	63	54	29	20	0	28	0	35	67	47	26	32	28	0	22	0	0	21	42	64	24	72	0	35	30	17	0	63	42	40	40	82	33	20	38	27	42	52	0	0	0	0	70	23	28	55	0	20	30	43	49	38	26	38	18	55	34	76	36	0	33	31	62	0	0	41
species|1325564|Nitrospira japonica	238	191	262	140	0	138	328	120	228	0	216	0	0	0	106	198	0	0	0	0	183	0	0	0	340	159	65	151	0	0	0	139	0	0	173	212	370	169	132	176	183	0	208	0	78	195	216	204	105	0	24	13	0	0	0	150	0	0	202	0	117	128	143	107	0	100	214	0	136	0	182	149	0	151	198	0	0	0	203	0	0	116	237	0	0	135	182	0
species|1325107|Bradyrhizobium zhanjiangense	100	35	54	68	31	47	81	54	43	0	48	0	0	20	32	53	36	0	0	35	60	0	0	29	48	41	34	68	0	0	34	53	0	0	53	85	68	49	41	28	104	0	79	29	38	52	88	48	60	0	41	0	0	0	24	50	0	22	69	0	58	31	51	37	0	39	85	26	29	0	34	57	0	44	81	0	0	0	67	0	27	30	99	0	31	44	35	33
species|193|Azospirillum lipoferum	42	0	37	38	0	0	59	0	35	0	0	0	0	0	0	0	0	0	0	0	0	0	0	0	29	49	36	0	0	0	0	0	0	0	0	50	44	50	0	0	0	0	0	0	0	0	42	23	0	0	0	0	0	0	0	0	0	0	33	0	0	0	0	0	0	0	0	0	0	0	45	0	0	0	31	0	0	0	33	0	0	0	27	0	0	0	0	0
species|1458337|Stenotrophobacter terrae	75	56	62	24	24	52	73	44	70	0	69	0	0	33	46	45	0	0	13	29	49	35	30	31	81	55	26	44	0	0	36	33	0	0	53	71	82	43	40	48	51	15	59	26	37	45	57	77	27	32	42	30	15	30	17	26	0	24	53	0	30	33	62	41	0	40	40	31	47	0	73	47	0	59	54	0	0	0	64	0	19	32	43	0	22	58	42	0
species|254247|Aquicella siphonis	64	46	73	48	25	35	80	19	73	12	57	27	17	36	21	59	41	0	43	41	31	45	36	63	85	33	17	42	0	27	34	48	0	0	54	70	79	46	25	34	36	0	56	41	23	45	33	48	22	29	29	32	0	20	20	48	16	31	34	28	16	30	45	46	16	14	67	40	46	0	53	51	0	36	46	0	0	0	42	20	32	37	63	15	36	32	39	31
species|1033741|Microvirga massiliensis	16	14	0	0	0	0	0	0	0	0	20	0	0	0	0	0	0	0	0	0	12	0	0	0	0	0	0	0	0	0	0	0	0	0	0	0	14	0	0	0	0	0	0	0	0	0	12	20	0	0	0	0	0	0	0	0	0	0	0	0	0	0	0	0	0	0	15	0	0	0	0	17	0	0	0	0	0	0	0	0	0	0	0	0	0	0	0	0
species|1636152|Planctomyces sp. SH-PL62	20	0	18	0	0	0	0	0	0	0	0	0	0	11	0	15	0	0	0	0	16	0	0	0	17	0	0	13	0	0	0	0	0	0	0	0	13	0	16	0	0	0	14	0	0	0	16	0	0	0	0	0	0	0	0	16	0	0	10	0	0	0	0	0	0	12	0	0	0	0	0	0	0	0	0	0	0	0	17	13	0	0	16	0	0	0	0	0
species|1391654|Labilithrix luteola	34	34	45	33	0	17	48	25	35	0	43	0	0	16	30	41	19	0	0	31	28	24	0	18	34	40	30	40	0	16	41	29	0	0	31	36	46	28	26	22	33	0	19	23	25	33	33	34	21	20	27	0	0	0	0	38	0	0	34	0	21	21	28	21	0	0	41	0	32	0	35	21	0	23	32	0	0	0	48	18	0	26	41	0	0	28	20	16
species|441950|Bradyrhizobium iriomotense	17	0	0	0	0	0	0	0	0	0	0	0	0	0	0	0	21	0	0	0	0	0	0	14	18	0	0	0	0	0	0	0	0	0	0	0	0	0	0	0	0	0	0	0	0	0	15	0	0	0	0	0	0	0	0	0	0	0	0	0	0	0	0	0	0	0	0	0	0	0	0	0	0	0	15	0	0	0	0	0	0	0	0	0	0	0	0	0
species|239935|Akkermansia muciniphila	31	22	27	0	0	0	38	0	0	0	20	0	0	0	0	33	0	0	0	0	25	0	0	0	30	24	0	31	0	0	0	0	0	0	33	27	36	39	0	0	18	0	25	0	0	20	26	29	0	0	0	0	0	0	0	23	0	0	0	0	0	19	0	22	0	0	29	0	25	0	29	32	0	0	30	0	0	0	33	0	0	0	30	0	0	23	15	0
species|445931|Prosthecobacter fluviatilis	50	52	41	32	16	22	58	30	30	0	60	20	16	0	27	60	16	0	0	25	28	36	16	22	58	42	0	39	0	19	15	40	0	0	36	36	57	48	27	40	35	26	32	18	26	39	33	51	25	0	21	0	0	0	0	27	0	28	44	0	31	38	41	28	0	0	39	0	37	0	49	48	0	20	56	0	0	0	50	0	0	36	49	0	19	37	43	0
species|182640|Kribbella flavida	27	0	0	0	0	0	34	0	0	0	0	0	0	0	0	20	0	0	0	0	0	0	0	0	24	0	0	0	0	0	0	0	0	0	0	34	23	0	0	0	0	0	0	0	0	0	0	0	0	0	0	0	0	0	0	0	0	0	0	0	0	0	0	0	0	0	0	0	0	0	0	0	0	0	0	0	0	0	0	0	0	0	0	0	0	0	0	0
species|33075|Acidobacterium capsulatum	15	17	0	0	0	0	16	0	0	0	0	0	0	0	0	0	0	0	0	0	0	0	0	0	25	0	0	0	0	0	0	0	0	0	0	16	17	16	0	0	0	0	0	0	0	0	19	0	0	0	0	0	0	0	0	0	0	0	14	0	0	0	0	0	0	0	16	0	0	0	0	0	0	0	18	0	0	0	14	0	0	0	20	0	0	0	0	0
species|2211140|Acidisarcina polymorpha	20	19	24	0	0	0	21	0	21	0	23	0	0	0	0	23	0	0	0	0	26	0	0	0	22	0	0	25	0	0	0	18	0	0	23	23	20	0	0	0	0	0	16	0	0	27	0	33	0	0	0	0	0	0	0	20	0	0	14	0	20	19	0	0	0	0	27	0	0	0	0	20	0	0	32	0	0	0	22	0	0	0	18	0	0	24	19	0
species|1035|Afipia felis	49	25	17	23	0	0	32	22	21	0	30	0	0	21	0	27	19	0	0	0	31	0	0	0	31	22	0	26	0	0	13	18	0	0	36	36	30	19	16	0	20	0	22	0	22	26	36	22	0	0	17	0	0	0	0	0	0	21	27	0	0	19	24	0	0	23	29	0	15	0	20	28	0	18	19	0	0	0	38	0	0	0	28	0	0	20	23	0
species|94|Stella humosa	40	31	40	27	0	32	28	0	32	0	0	0	0	0	18	35	0	0	0	0	36	0	0	0	31	29	18	41	0	0	0	26	0	0	52	29	29	33	37	0	0	0	45	0	19	38	30	21	21	0	0	0	0	0	0	30	0	0	27	0	0	29	26	0	0	22	37	0	25	0	0	32	0	28	26	0	0	0	39	0	0	31	22	0	0	39	0	0
species|913326|Skermanella stibiiresistens	42	23	26	22	0	18	33	22	20	0	45	0	0	0	22	21	0	0	0	0	31	0	0	0	38	35	25	33	0	0	0	23	0	0	34	23	37	21	29	35	31	0	28	0	12	28	31	32	0	0	0	0	0	0	0	28	0	0	28	0	22	0	0	23	0	33	27	0	19	0	29	27	0	30	20	0	0	0	37	0	0	13	25	0	0	0	18	0
species|340221|Alsobacter metallidurans	12	0	0	0	19	0	0	0	0	45	0	28	18	40	0	0	26	0	16	37	0	17	29	26	0	0	0	0	0	30	39	0	21	23	0	0	0	0	0	0	0	32	0	17	0	0	0	0	0	17	17	17	14	36	30	0	0	16	0	25	0	0	0	0	34	0	0	29	0	11	0	0	26	0	0	20	16	39	0	45	0	0	0	19	0	0	0	18
species|1650658|Actinobacteria bacterium IMCC26256	79	28	85	44	0	29	47	38	55	0	52	0	0	0	28	55	18	0	0	0	43	0	0	0	71	61	32	62	0	0	0	38	0	0	55	41	53	76	28	51	31	0	27	17	19	63	68	47	24	0	17	0	0	0	0	59	0	0	37	0	54	36	37	34	0	31	77	0	16	0	45	35	0	42	57	0	0	0	61	0	0	36	73	0	0	43	31	0
species|667306|Aciditerrimonas ferrireducens	145	75	142	95	22	61	122	83	89	0	142	12	13	31	101	140	29	0	17	47	65	34	19	26	166	92	71	156	0	33	32	97	0	0	121	72	102	107	76	91	88	0	104	29	57	93	145	100	42	14	57	0	0	22	0	97	19	25	101	0	85	84	77	49	0	60	151	13	37	0	110	93	0	89	143	0	0	0	132	24	20	48	180	0	18	88	67	35
species|1204385|Litorilinea aerophila	14	18	36	0	0	0	20	0	35	0	25	0	0	0	0	24	0	0	0	0	0	0	0	0	20	27	0	18	0	0	0	0	0	0	0	0	34	0	0	0	0	0	0	0	0	24	20	0	0	0	0	0	0	0	0	0	0	0	0	0	0	0	0	0	0	0	0	0	0	0	30	0	0	0	0	0	0	0	0	0	0	0	23	0	0	0	0	0
species|133453|Caldilinea aerophila	17	15	0	0	0	0	22	0	0	0	21	0	0	0	0	0	0	0	0	0	0	0	0	0	24	0	0	0	0	0	0	0	0	0	0	0	0	0	0	0	0	0	0	0	0	0	0	0	0	0	0	0	0	0	0	0	0	0	0	0	0	0	0	0	0	0	0	0	0	0	0	0	0	0	17	0	0	0	18	0	0	0	0	0	0	0	0	0
species|1177755|Methyloligella halotolerans	23	0	29	0	0	0	27	0	19	0	21	0	0	0	0	24	0	0	0	0	0	0	0	0	30	0	0	0	0	0	0	22	0	0	0	21	27	21	17	0	0	0	14	0	0	21	23	0	0	0	0	0	0	0	0	19	0	0	0	0	0	0	0	0	0	0	14	0	13	0	0	25	0	0	17	0	0	0	22	0	0	0	31	0	0	0	0	0
species|1230389|Reyranella soli	26	0	20	22	0	0	21	0	21	0	28	0	15	30	0	25	26	0	22	21	22	19	0	30	39	0	20	24	0	18	28	12	0	0	25	22	15	20	22	17	31	0	16	0	16	16	31	25	0	0	28	15	0	0	13	12	0	14	0	0	23	34	26	0	0	0	27	0	18	0	0	19	0	14	18	0	0	0	27	0	0	11	25	0	18	0	0	13
species|1368237|Reyranella graminifolii	19	0	0	0	0	0	17	0	20	0	0	0	0	0	0	16	26	0	0	21	16	16	0	19	20	24	0	14	0	16	21	16	0	0	19	27	17	19	0	15	0	0	16	0	0	15	20	16	0	0	0	0	0	0	0	14	0	18	15	0	0	0	0	0	0	0	19	0	15	0	18	0	0	0	17	0	0	0	17	0	0	11	27	0	0	14	0	19
species|445220|Reyranella massiliensis	14	0	20	14	0	19	17	0	0	0	0	0	0	0	0	16	12	0	0	0	0	17	0	0	0	0	0	12	0	0	0	13	0	0	0	0	12	0	18	0	0	0	0	18	0	0	12	0	0	18	0	13	0	0	0	10	0	0	15	0	0	0	0	0	0	0	0	0	0	0	19	0	0	17	12	0	0	0	0	0	0	15	28	0	0	18	0	16
species|64104|Bacillus pseudomycoides	21	0	46	12	0	0	13	0	18	0	0	0	0	0	0	0	0	0	0	0	0	0	0	0	34	0	0	0	34	0	0	19	0	0	32	16	24	18	0	0	0	0	15	0	0	0	0	19	0	0	0	0	0	0	0	0	0	0	0	0	0	0	14	0	0	0	20	0	0	0	0	0	0	0	0	0	0	0	12	0	0	0	0	0	0	0	0	0
species|1707785|Massilia sp. WG5	25	0	22	0	257	0	0	21	0	922	20	1654	459	501	0	0	498	777	255	710	0	346	337	771	0	0	0	0	0	147	626	25	912	1039	0	0	0	0	18	0	0	602	0	161	0	0	0	0	0	607	277	421	1685	639	580	0	198	409	0	639	0	0	0	0	1275	0	21	1082	0	656	0	0	2283	0	0	1571	967	1193	27	876	192	0	26	452	372	0	30	456
species|446|Legionella pneumophila	44	0	0	34	45	25	53	0	47	0	0	30	36	52	0	49	77	0	48	44	0	55	41	53	76	28	0	0	0	30	45	32	0	0	40	45	54	28	0	31	28	0	0	47	0	0	35	38	0	42	33	75	0	35	34	0	39	40	23	0	0	0	0	0	0	0	37	50	0	0	0	0	0	0	0	0	0	0	34	0	42	34	45	0	45	0	0	0
species|217070|Stella vacuolata	25	0	0	0	0	0	0	0	0	0	22	0	0	0	22	0	0	0	0	0	0	0	0	0	16	0	0	0	0	0	0	16	0	0	0	0	15	0	0	0	0	0	0	0	0	0	0	0	0	0	0	0	0	0	0	14	0	0	0	0	0	0	0	0	0	0	19	0	0	0	0	0	0	0	13	0	0	0	0	0	0	0	12	0	0	0	0	0
species|51|Chondromyces apiculatus	15	0	0	0	0	0	0	0	0	0	19	0	0	0	0	0	0	0	0	0	0	34	0	0	0	17	0	0	0	0	0	0	0	0	0	0	0	0	0	0	0	0	0	0	0	21	13	0	0	0	0	0	0	0	0	0	0	0	0	0	0	0	0	0	0	0	0	0	0	0	0	0	0	0	0	0	0	0	0	0	0	0	0	0	0	0	0	0
species|56|Sorangium cellulosum	49	55	39	40	0	45	31	31	32	0	40	0	0	0	22	32	0	0	0	0	36	0	0	0	38	37	0	34	0	0	0	34	0	0	33	21	30	24	46	23	31	0	35	0	0	28	20	32	30	0	32	0	0	0	0	0	0	0	28	0	0	25	31	38	0	26	20	0	40	0	25	0	0	35	24	0	0	0	32	0	0	0	25	0	0	39	36	0
species|1885912|Racemicystis persica	15	0	0	0	0	0	0	0	21	0	21	0	0	0	0	0	0	0	0	0	21	0	0	0	18	0	0	0	0	0	0	0	0	0	0	0	0	0	0	19	0	0	0	0	0	0	0	0	0	0	0	0	0	0	0	23	0	0	16	0	0	20	23	0	0	0	13	0	0	0	19	23	0	20	0	0	0	0	14	0	0	0	22	0	0	0	0	0
species|888845|Minicystis rosea	32	29	27	0	0	0	26	0	0	0	24	0	0	0	19	27	0	0	0	25	0	0	0	0	31	24	0	22	0	0	0	20	0	0	32	0	21	17	0	0	0	0	20	0	0	17	19	18	0	0	0	0	0	0	0	25	0	0	21	0	0	21	19	0	0	0	26	0	0	0	25	16	0	14	0	0	0	0	20	0	0	0	23	0	23	20	0	0
species|52|Chondromyces crocatus	17	0	26	0	0	0	23	22	0	0	26	0	0	0	0	30	0	0	0	23	0	0	0	20	26	25	0	0	0	0	0	0	0	0	0	34	22	24	0	21	0	0	0	0	0	0	24	19	0	0	0	0	0	0	0	0	0	0	24	0	0	0	0	0	0	0	18	0	0	0	23	21	0	24	28	0	0	0	24	0	0	0	18	0	21	0	0	0
species|1387353|Paludisphaera borealis	18	0	15	17	0	0	11	0	12	0	0	0	0	0	0	14	0	0	0	0	0	0	0	0	14	0	0	0	0	0	0	0	0	0	13	18	14	0	0	0	0	0	0	0	0	0	14	0	0	0	0	0	0	0	0	0	0	0	12	0	0	0	0	0	0	0	21	0	0	0	0	14	0	0	13	0	0	0	0	0	0	0	11	0	0	0	0	0
species|386874|Sphingomonas sediminicola	26	13	25	0	31	0	26	21	26	28	20	25	13	30	0	0	22	28	34	43	0	32	23	39	37	24	0	0	0	27	52	16	0	25	0	18	42	11	22	0	26	26	0	38	0	14	17	27	0	43	23	30	30	37	32	19	25	13	0	23	29	0	0	0	38	0	18	24	16	0	0	0	19	17	13	0	0	35	34	44	17	0	0	0	30	0	0	26
species|138336|Blastococcus saxobsidens	30	0	0	0	0	0	0	0	0	0	0	0	0	0	0	25	0	0	0	0	0	0	0	0	0	0	0	0	0	0	0	22	0	0	17	0	0	0	0	0	0	0	0	0	0	0	0	0	0	0	0	0	0	0	0	0	0	0	0	0	0	0	0	0	0	0	0	0	0	0	0	0	0	0	0	0	0	0	0	0	0	0	0	0	0	0	0	0
species|1859|Frankia alni	39	0	38	35	0	0	39	37	0	0	0	0	0	0	0	23	0	0	0	0	35	0	0	0	30	0	0	39	0	0	0	19	0	0	26	0	0	0	0	37	31	0	0	0	0	0	31	0	0	0	0	0	0	0	0	0	0	0	36	0	0	0	0	0	0	0	26	0	0	0	0	38	0	0	0	0	0	0	0	0	0	0	37	0	0	0	0	0
species|35751|Sporichthya polymorpha	43	22	38	36	0	0	35	31	32	0	33	0	0	0	33	27	0	0	0	0	0	0	0	0	31	0	18	34	0	0	0	33	0	0	28	33	27	32	21	0	43	0	28	0	0	25	31	33	0	0	0	0	0	0	0	50	0	0	25	0	18	28	0	0	0	0	25	0	0	0	0	23	0	0	26	0	0	0	36	0	0	0	25	0	0	31	0	0
species|349316|Luedemannella flava	60	0	49	0	0	0	0	0	0	0	59	0	0	0	38	0	0	0	0	0	56	0	0	0	52	0	0	43	0	0	0	0	0	0	71	41	57	42	0	0	0	0	0	0	0	37	60	27	0	0	0	0	0	0	0	42	0	0	0	0	0	40	0	0	0	0	40	0	0	0	44	0	0	0	39	0	0	0	0	0	0	0	55	0	0	0	0	0
species|1813878|Sphingomonas agri	36	12	34	14	0	0	0	0	31	0	15	0	0	0	0	19	21	0	17	23	16	0	0	25	31	25	0	30	0	0	30	34	0	0	37	39	26	17	0	0	26	0	30	0	0	22	12	29	0	0	0	0	0	0	0	24	0	17	26	0	0	0	20	0	0	0	41	16	19	0	0	32	0	0	11	0	0	0	26	12	0	0	23	0	0	17	20	13
species|186651|Microvirga subterranea	23	0	19	23	31	0	0	28	32	0	24	20	33	24	0	0	0	19	43	40	0	43	30	51	0	22	0	22	0	22	31	0	22	0	25	28	30	0	26	26	22	29	0	36	0	21	0	23	0	31	25	28	18	52	29	26	0	23	0	37	0	0	0	0	28	30	0	30	0	0	18	0	22	0	0	0	25	45	32	32	19	0	0	29	36	0	0	25
species|1615681|Acidicapsa acidisoli	20	16	34	16	0	0	0	0	0	0	16	0	0	0	0	17	0	0	0	0	19	0	0	0	22	0	0	0	0	0	0	16	0	0	0	0	28	0	0	20	0	0	0	0	0	17	19	0	0	0	0	0	0	0	0	16	0	0	17	0	0	0	0	0	0	0	32	0	0	0	15	14	0	0	15	0	0	0	20	0	0	0	16	0	0	0	13	0
species|360054|Bryobacter aggregatus	17	14	12	0	0	0	20	0	15	0	0	0	0	0	0	21	14	0	0	0	0	10	0	13	18	14	0	15	0	15	0	0	0	0	0	18	13	16	0	0	0	0	14	18	0	0	11	16	0	13	0	0	0	0	0	15	0	0	12	0	0	16	0	0	0	0	21	0	0	0	0	0	0	0	17	0	0	0	15	0	0	0	18	0	0	0	16	0
species|796384|Flavitalea populi	19	0	0	0	122	0	33	0	25	59	0	49	74	88	0	0	183	0	148	195	27	143	116	151	23	23	0	0	0	99	140	0	46	24	0	19	22	0	0	22	15	66	18	153	0	0	0	26	0	84	128	114	29	75	65	0	83	101	0	39	0	0	20	21	63	0	0	82	0	20	0	0	23	0	0	0	0	61	27	79	88	0	0	45	121	19	0	116
species|529703|Adhaeribacter terreus	37	43	31	0	0	20	42	25	0	0	23	0	0	0	18	21	0	0	0	0	29	0	0	0	38	35	0	17	0	0	0	0	0	0	27	0	37	30	18	34	27	0	24	0	16	25	29	36	0	0	19	0	0	0	0	20	0	15	26	0	0	15	12	28	0	0	16	0	22	0	29	20	0	33	0	0	0	0	23	0	0	28	32	0	0	0	0	0
species|467976|Iamia majanohamensis	14	0	11	0	0	0	0	0	0	0	0	0	0	0	0	0	0	0	0	0	0	0	0	0	13	0	0	13	0	0	0	0	0	0	0	0	0	0	0	0	0	0	0	0	0	0	15	0	0	0	0	0	0	0	0	0	0	0	0	0	0	0	0	0	0	0	0	0	0	0	0	0	0	0	0	0	0	0	0	0	0	0	20	0	0	0	0	0
species|53635|Acidimicrobium ferrooxidans	20	0	13	0	0	0	0	0	15	0	0	0	0	0	0	26	0	0	0	0	0	0	0	0	17	0	0	0	0	0	0	0	0	0	0	0	25	0	0	0	0	0	0	0	0	0	17	0	0	0	0	0	0	0	0	0	0	0	0	0	0	0	0	0	0	0	0	0	0	0	0	0	0	0	0	0	0	0	22	0	0	0	0	0	0	0	0	0
species|407159|Knoellia remsis	32	0	31	0	0	0	0	24	0	0	0	0	0	0	0	0	0	0	0	0	0	0	0	0	0	19	0	0	0	0	0	0	0	0	0	37	0	0	0	0	36	0	0	0	0	0	44	0	0	0	0	0	0	0	0	0	0	0	0	0	33	0	0	0	0	24	0	0	0	0	0	0	0	0	0	0	0	0	28	0	0	0	0	0	0	0	0	0
species|1310417|Ferruginibacter paludis	29	51	16	17	15	29	37	23	21	17	35	24	16	16	21	13	16	0	20	29	40	17	20	27	24	34	0	20	0	17	17	0	16	16	26	17	33	20	15	23	40	17	29	21	21	26	22	29	24	21	28	24	29	17	0	18	0	20	22	16	0	18	19	18	0	27	23	0	24	0	21	10	12	32	25	15	14	17	25	15	0	21	28	16	16	19	22	0
species|1892851|Flavitalea flava	23	22	23	0	0	0	43	21	26	0	24	0	0	16	16	25	20	0	16	23	25	17	13	18	33	14	0	0	0	15	21	0	11	0	25	29	35	21	0	17	23	16	30	19	0	21	20	24	0	0	19	16	0	13	0	23	0	0	23	0	0	0	0	0	25	16	27	17	19	0	15	19	0	23	26	0	0	0	25	21	0	20	30	16	0	18	20	18
species|58107|Pseudonocardia yunnanensis	45	0	0	0	0	0	0	0	0	0	0	0	0	0	0	0	0	0	0	0	0	0	0	0	0	0	0	0	0	0	0	0	0	0	0	0	0	0	0	0	0	0	0	0	0	0	0	0	0	0	0	0	0	0	0	0	0	0	0	0	0	0	0	0	0	0	0	0	0	0	0	0	0	0	0	0	0	0	0	0	0	0	0	0	0	0	0	0
species|1792502|Puia dinghuensis	17	15	0	0	0	0	19	0	0	0	0	0	0	0	0	18	0	0	0	0	0	0	0	11	23	0	0	24	0	0	0	19	0	0	0	18	23	0	0	0	0	0	0	0	0	0	0	25	0	0	0	0	0	0	0	0	0	0	13	0	0	0	19	0	0	0	20	0	0	0	0	0	0	0	0	0	0	0	0	0	0	0	0	0	0	0	0	0
species|360412|Longilinea arvoryzae	27	43	33	0	0	31	31	29	26	0	38	0	0	0	0	15	49	0	0	38	19	42	0	23	31	45	0	34	0	41	0	0	0	0	30	31	44	39	0	46	0	0	0	0	0	46	23	29	0	0	0	0	0	0	0	27	0	22	24	0	0	0	0	29	0	0	23	0	0	0	43	45	0	34	25	0	0	0	50	0	0	0	25	0	48	23	25	0
species|1081799|Thermomarinilinea lacunifontana	26	18	29	0	0	0	29	0	0	0	24	0	0	0	0	21	20	0	0	0	16	0	0	14	23	0	0	30	0	23	0	0	0	0	0	0	25	26	0	18	0	0	0	35	0	20	25	23	0	0	0	0	0	0	0	0	0	0	0	0	26	0	34	0	0	0	21	0	0	0	22	0	0	23	19	0	0	0	22	0	0	0	27	0	21	0	0	0
species|2601677|Tepidiforma bonchosmolovskayae	33	15	24	20	0	19	34	22	18	0	19	0	0	0	0	21	0	0	0	0	15	0	0	0	29	25	0	22	0	0	0	24	0	0	20	0	29	18	22	17	24	0	19	0	0	0	26	0	0	0	0	0	0	0	0	28	0	0	19	0	0	0	13	0	0	0	19	0	15	0	0	26	0	0	21	0	0	0	28	0	0	0	34	0	0	14	17	0
species|2598579|Limnoglobus roseus	18	18	30	21	0	0	17	14	16	0	22	0	0	0	0	24	0	0	0	0	24	0	0	0	25	19	11	19	0	0	0	0	0	0	19	0	23	21	17	18	28	0	14	0	0	18	15	25	0	0	13	0	0	0	0	14	0	0	17	0	17	22	23	19	0	0	20	0	0	0	15	25	0	19	26	0	0	0	27	0	0	18	33	0	0	14	15	0
species|2321403|Chryseolinea soli	21	11	18	0	27	0	19	0	20	0	0	18	40	24	0	0	59	0	20	68	0	93	23	102	0	26	0	0	0	47	66	0	14	0	26	0	0	0	0	0	0	12	0	41	0	0	0	0	0	24	20	39	0	21	0	0	19	64	0	19	0	0	0	0	0	0	0	51	0	0	0	0	0	0	0	0	0	0	0	35	30	0	0	16	63	0	0	20
species|1843|Nocardioides jensenii	23	0	0	0	0	0	0	0	0	0	0	0	0	0	0	0	0	0	0	0	0	0	0	0	21	0	0	0	0	0	0	0	0	0	0	0	23	0	0	0	0	0	0	0	0	0	0	0	0	0	0	0	0	0	0	0	0	0	0	0	0	0	0	0	0	0	0	0	0	0	0	0	0	0	0	0	0	0	0	0	0	0	0	0	0	0	0	0
species|254246|Aquicella lusitana	29	20	25	16	0	0	32	0	0	0	0	0	0	0	0	0	21	0	0	0	19	15	0	15	21	0	0	14	0	0	13	0	0	0	15	18	20	0	0	0	0	0	0	0	0	21	15	24	0	0	0	12	0	0	0	25	0	13	0	0	0	0	0	0	0	0	0	0	0	0	0	15	0	0	18	0	0	0	0	0	0	0	20	0	0	0	16	0
species|413882|[Polyangium] brachysporum	45	0	33	31	30	0	49	0	42	32	42	57	36	45	0	27	49	23	0	63	34	46	48	60	58	49	0	26	0	42	43	0	54	31	51	0	47	0	0	0	40	38	0	42	0	52	43	40	0	41	40	32	36	42	35	0	0	42	0	46	30	0	40	0	40	0	44	44	0	0	39	0	20	43	44	32	0	34	42	32	30	0	40	25	32	40	0	0
species|1796922|Piscinibacter defluvii	36	0	20	0	0	0	0	32	0	0	31	0	0	0	0	0	0	0	0	19	0	0	0	16	0	0	0	21	0	0	0	0	0	0	33	0	29	0	0	0	23	0	0	0	0	0	30	0	0	0	23	0	0	0	0	0	0	0	0	0	0	0	0	0	0	0	0	18	0	0	0	0	0	0	0	0	0	0	0	0	0	0	17	0	0	0	0	0
species|28049|Acidothermus cellulolyticus	63	25	53	40	0	33	40	41	32	0	54	0	0	0	40	51	0	0	0	0	47	0	0	0	69	48	34	58	0	0	0	46	0	0	57	56	39	63	33	43	51	0	42	0	37	52	69	50	20	0	0	0	0	0	0	47	0	0	43	0	49	57	49	26	0	39	53	0	30	0	34	39	0	44	44	0	0	0	65	0	0	28	60	0	0	43	25	0
species|173480|Gemmatimonas aurantiaca	32	24	29	22	0	11	20	19	19	0	30	20	0	17	14	25	14	0	19	49	20	33	13	32	40	18	0	18	0	21	34	18	12	0	30	28	22	0	0	27	17	0	23	15	0	18	23	24	0	25	25	14	0	20	0	29	0	22	26	0	18	16	22	14	0	14	27	0	0	0	21	0	0	12	20	0	0	0	34	22	0	15	47	0	18	15	16	15
species|152268|Metabacillus litoralis	34	21	25	0	0	28	37	0	31	0	20	0	0	0	20	29	0	0	0	0	19	0	0	0	33	0	0	0	0	0	0	21	0	0	0	29	32	39	0	20	19	0	18	0	0	28	21	32	0	0	0	0	0	0	0	19	0	0	37	0	0	0	0	26	0	0	28	0	19	0	18	31	0	17	28	0	0	0	38	0	0	0	38	0	0	30	23	0
species|1469502|Burkholderiales bacterium GJ-E10	47	27	56	33	0	18	44	24	47	0	44	0	0	0	0	42	0	0	0	17	38	0	0	0	60	28	0	27	0	0	0	41	0	0	40	41	58	41	24	39	37	0	29	0	25	38	37	47	0	0	0	0	0	0	0	28	0	0	36	0	27	0	37	33	0	0	48	0	20	0	40	34	0	0	45	0	0	0	30	0	0	0	44	0	0	33	30	0
species|106592|Ensifer adhaerens	21	0	0	0	82	20	0	0	0	77	0	72	56	58	0	0	81	80	58	66	0	46	100	88	33	0	0	0	0	68	92	0	95	46	0	0	0	0	0	0	0	94	0	44	0	0	0	0	0	47	73	47	39	82	43	0	46	60	0	61	0	0	0	0	71	0	0	46	0	77	0	0	132	0	0	51	61	83	0	77	56	0	0	42	68	0	0	32
species|363888|Tumebacillus ginsengisoli	27	47	84	21	146	29	45	23	68	267	52	411	140	690	21	44	254	135	1142	466	28	846	145	473	60	24	0	23	371	197	76	30	181	22	56	41	103	23	19	42	34	1041	39	795	14	27	34	39	0	461	363	242	642	374	407	33	146	166	12	706	20	17	27	26	289	0	46	232	23	216	40	20	693	41	42	193	388	315	96	55	227	21	44	148	210	30	34	197
species|2058136|Planococcus sp. MB-3u-03	26	0	0	0	0	0	0	0	0	0	0	0	0	0	0	0	0	0	0	0	0	0	0	0	0	0	0	0	0	0	0	0	0	0	0	0	0	0	0	0	0	0	0	0	0	0	0	0	0	0	0	0	0	0	0	0	0	0	0	0	0	0	0	0	0	0	0	0	0	0	0	0	0	0	0	0	0	0	0	0	0	0	0	0	0	0	0	0
species|1465489|Chujaibacter soli	14	0	0	0	0	0	0	0	0	0	0	0	0	0	0	0	0	0	0	0	0	0	0	0	0	0	0	0	0	0	0	0	0	0	0	39	0	0	0	0	0	0	0	0	0	0	0	0	0	0	0	0	0	0	0	0	0	0	0	0	0	0	0	0	0	0	0	0	0	0	0	0	0	0	0	0	0	0	0	0	0	0	0	0	0	0	0	0
species|238834|Clostridium estertheticum	28	0	0	14	0	0	29	0	37	0	25	0	0	0	0	0	0	0	0	0	0	0	0	0	34	0	0	0	0	0	0	0	0	0	32	30	37	0	0	0	21	0	37	0	0	0	31	0	0	0	0	0	0	0	0	16	0	0	0	0	0	0	28	0	0	0	18	0	32	0	0	0	0	0	0	0	0	0	0	0	0	19	16	0	0	0	0	0
species|1052258|Arenimonas daechungensis	25	16	36	0	162	24	22	33	29	250	38	236	156	311	0	0	232	70	99	308	22	152	167	194	36	32	0	25	0	180	282	0	196	143	31	21	32	39	24	33	52	162	31	124	0	21	30	25	21	178	164	223	138	236	199	31	115	160	18	196	0	31	0	20	205	0	0	187	23	39	0	28	93	36	0	101	57	199	44	240	92	0	36	96	120	24	0	142
species|1892865|Allostreptomyces psammosilenae	34	17	25	0	0	0	0	0	0	0	0	0	0	0	0	29	0	0	0	0	0	0	0	0	0	0	0	28	0	0	0	0	0	0	22	0	0	26	23	0	0	0	0	0	0	0	38	0	0	0	0	0	0	0	0	0	0	0	0	0	0	22	0	0	0	0	20	0	0	0	0	0	0	0	29	0	0	0	27	0	0	0	41	0	0	20	0	0
species|1864941|Terrimonas terrae	17	23	0	0	0	0	21	0	24	0	30	0	0	0	0	15	0	0	14	0	0	17	0	0	20	23	0	0	0	0	0	0	0	0	0	18	24	0	0	17	14	0	0	17	0	22	0	19	0	0	0	0	0	16	0	0	0	0	0	0	0	0	0	0	0	0	15	0	0	0	0	0	0	0	15	0	0	0	0	0	19	0	0	0	24	0	0	0
species|2057|Sphaerobacter thermophilus	18	0	0	0	0	0	0	0	0	0	15	0	0	0	0	0	0	0	0	0	0	0	0	0	17	0	0	0	0	0	0	0	0	0	0	0	14	0	0	0	0	0	0	0	0	0	18	0	0	0	0	0	0	0	0	0	0	0	0	0	0	0	0	0	0	0	14	0	0	0	0	0	0	0	0	0	0	0	0	0	0	0	0	0	0	0	0	0
species|424218|Georgfuchsia toluolica	26	0	0	0	22	0	0	0	22	0	24	16	0	0	0	0	0	0	0	0	0	0	17	28	23	0	0	0	0	0	24	0	16	0	27	0	0	0	0	0	0	20	25	30	0	22	0	0	0	0	22	0	0	0	0	26	0	25	0	0	0	0	0	0	0	0	0	0	0	0	0	0	22	32	0	0	0	0	28	12	0	0	23	0	0	0	0	0
species|1005039|Fimbriimonas ginsengisoli	15	11	26	13	22	0	15	0	12	45	19	71	16	44	15	14	30	29	37	61	0	23	48	26	33	0	0	24	0	28	53	0	32	29	18	0	22	0	12	0	0	37	0	20	0	15	0	13	0	49	28	32	58	19	21	16	15	17	0	43	0	12	17	0	51	0	16	26	11	14	12	24	79	0	18	32	18	56	18	29	15	0	16	26	39	0	0	18
species|2315862|Paraflavitalea soli	29	24	25	0	0	0	34	0	17	0	0	0	0	0	0	17	19	0	0	0	24	20	21	15	38	23	0	0	0	0	0	0	0	0	22	24	15	0	0	0	0	0	0	0	0	22	0	20	0	0	0	19	0	0	0	0	0	0	23	0	0	0	18	0	0	0	18	15	18	0	21	22	0	0	28	0	0	0	24	0	0	0	33	0	0	0	20	0
species|1963835|Arboricoccus pini	17	0	0	0	0	0	0	0	0	0	13	0	0	0	0	0	0	0	0	0	11	0	0	0	0	0	0	13	0	0	0	0	0	0	0	0	0	0	0	0	0	0	0	0	0	0	0	0	0	0	0	0	0	0	0	11	0	0	0	0	0	0	0	0	0	0	12	0	0	0	0	0	0	11	14	0	0	0	12	0	0	0	0	0	0	0	0	0
species|540746|Rudaea cellulosilytica	19	0	0	0	0	0	0	0	0	0	0	22	0	28	0	0	17	0	0	39	0	0	0	18	0	0	0	0	0	0	19	0	0	0	0	23	0	0	0	0	0	0	0	0	0	0	0	0	0	0	0	0	0	0	0	0	0	0	0	0	0	0	0	0	0	0	18	21	0	0	0	0	0	0	0	0	0	0	0	33	0	0	0	0	0	0	0	19
species|125|Pirellula staleyi	32	52	34	22	18	27	64	33	32	0	49	0	0	0	19	33	43	0	42	22	28	27	25	32	36	30	0	26	0	16	21	0	0	0	42	26	39	24	28	35	30	0	21	21	13	33	34	34	20	18	40	16	0	15	0	24	0	22	27	0	17	16	33	29	0	0	19	0	33	0	59	36	0	44	33	0	0	0	44	0	19	30	42	0	22	22	13	21
species|2511995|Pseudolysobacter antarcticus	47	23	36	39	0	0	23	17	36	0	21	16	0	41	0	22	28	0	28	57	16	27	0	33	38	0	19	26	0	0	39	40	22	0	27	30	27	17	30	0	27	0	29	0	0	26	35	33	0	19	18	0	0	14	22	22	0	23	29	20	0	22	25	0	0	0	41	38	16	0	21	17	0	0	26	0	0	0	23	53	0	0	52	0	0	24	15	20
species|1122256|Arenimonas subflava	17	0	0	0	56	0	0	0	0	80	0	76	53	118	0	0	71	35	35	132	0	50	68	59	15	0	0	19	0	68	86	0	71	41	0	16	0	0	0	0	0	44	0	34	0	0	0	15	0	73	63	71	60	77	60	0	42	65	0	45	0	0	0	0	78	0	0	76	0	0	0	0	28	0	0	28	24	56	0	100	36	0	15	38	35	0	0	48
species|153721|Sporocytophaga myxococcoides	22	13	0	0	0	13	15	16	0	0	22	0	0	0	0	0	0	0	0	0	0	0	0	0	20	0	0	0	0	0	0	0	0	0	0	11	16	0	0	0	0	0	11	0	0	15	12	22	0	0	0	0	0	0	0	0	0	0	18	0	0	0	0	0	0	0	0	0	0	0	0	0	0	25	0	0	0	0	17	0	0	0	13	0	0	0	0	0
species|1333996|Variibacter gotjawalensis	24	0	16	14	0	0	14	0	15	0	17	0	0	0	0	0	0	0	0	18	15	0	0	0	0	0	0	0	0	0	0	0	0	0	0	0	16	15	0	0	0	0	0	16	0	0	0	0	0	0	0	17	0	0	0	0	0	0	12	0	0	0	0	0	0	0	18	0	0	0	0	0	0	17	24	0	0	0	20	15	0	0	20	0	0	0	0	0
species|2578107|Arthrobacter sp. KBS0702	39	0	0	0	0	39	40	0	0	18	23	0	0	0	0	0	0	0	0	22	0	0	0	0	42	29	0	42	0	0	0	0	26	0	0	37	0	38	0	0	25	0	0	0	0	37	39	0	0	0	0	0	0	0	0	22	0	0	0	0	38	33	0	0	0	0	0	0	0	0	34	0	0	31	0	0	0	0	29	0	0	0	67	0	0	35	0	0
species|1742688|Hamadaea flava	24	0	0	0	0	0	0	0	0	0	0	0	0	0	0	0	0	0	0	0	0	0	0	0	0	0	0	0	0	0	0	0	0	0	0	0	0	0	0	0	0	0	0	0	0	0	0	0	0	0	0	0	0	0	0	0	0	0	0	0	0	0	0	0	0	0	0	0	0	0	0	0	0	0	0	0	0	0	0	0	0	0	0	0	0	0	0	0
species|92644|Streptomyces malaysiensis	35	0	0	0	0	0	0	0	0	0	0	0	0	0	0	38	0	0	0	0	0	0	0	0	0	0	0	0	0	0	0	0	0	0	0	0	0	0	0	0	0	0	0	0	0	0	44	0	0	0	0	0	0	0	0	0	0	0	0	0	0	0	0	0	0	0	0	0	0	0	0	0	0	0	39	0	0	0	0	0	0	0	51	0	0	0	0	0
species|228899|Peribacillus asahii	53	54	76	39	0	49	92	40	41	0	61	0	0	0	28	68	0	0	0	0	45	0	0	0	67	70	20	50	135	0	0	33	0	0	38	108	68	85	25	43	47	0	50	0	39	87	43	41	30	0	14	0	0	0	0	44	0	0	61	0	36	39	27	33	0	36	39	0	24	0	42	78	0	31	57	0	0	0	78	0	0	24	68	0	0	58	29	0
species|1214604|Tumebacillus algifaecis	13	0	0	0	0	0	0	0	0	0	0	110	0	55	0	0	0	0	175	0	0	47	0	17	0	0	0	0	23	0	0	0	0	0	0	0	0	0	0	0	0	20	0	21	0	0	0	0	0	11	141	24	21	0	17	0	0	0	0	26	0	0	0	0	0	0	0	0	0	0	0	0	39	0	0	0	0	0	0	20	19	0	0	0	43	0	0	0
species|1778678|Paenibacillus psychroresistens	24	0	18	0	0	17	36	0	23	0	0	0	0	0	0	0	0	0	0	0	22	0	0	0	30	0	0	19	322	0	0	20	0	0	15	37	37	20	0	0	28	0	34	0	0	0	0	21	0	0	0	0	0	0	0	0	0	0	0	0	0	20	16	0	0	0	0	0	0	0	0	0	0	14	25	0	0	0	22	0	0	18	31	0	0	0	22	0
species|1082276|Hydrogenispora ethanolica	17	0	0	0	0	0	0	0	0	0	15	0	0	0	0	0	0	0	0	0	0	0	0	0	15	13	0	0	88	0	0	0	0	0	0	0	0	0	0	15	0	0	0	0	0	15	0	0	0	0	0	0	0	0	0	0	0	0	0	0	0	0	0	0	0	0	0	0	0	0	16	0	0	0	15	0	0	0	13	0	0	0	22	0	0	15	0	0
species|590609|Rhodanobacter soli	21	0	0	0	0	0	0	0	0	0	0	0	0	33	0	0	57	0	0	0	0	0	0	0	0	0	0	0	0	0	0	0	0	0	0	22	0	0	0	0	0	0	0	0	0	0	0	0	0	0	0	0	0	0	0	0	0	0	0	0	0	0	0	0	0	0	0	0	0	0	0	0	0	0	0	0	0	0	0	0	0	0	0	0	0	0	0	0
species|2527975|Planctomycetes bacterium Pan216	12	19	0	0	0	0	20	0	19	0	16	0	0	0	0	0	0	0	0	0	16	0	0	0	16	17	0	21	0	0	0	0	0	0	0	0	15	0	0	0	0	0	0	0	0	0	0	18	0	0	0	0	0	0	0	0	0	0	15	0	0	0	0	13	0	14	0	0	0	0	15	0	0	21	0	0	0	0	14	0	0	0	17	0	0	0	0	0
species|unmapped|nan	0	0	0	0	0	0	0	0	0	0	0	0	0	0	0	0	0	0	0	0	0	0	0	0	0	0	0	0	0	0	0	0	0	0	0	0	0	0	0	0	0	0	0	0	0	0	0	0	0	0	0	0	0	0	0	0	0	0	0	0	0	0	0	0	0	0	0	0	0	0	0	0	0	0	0	0	0	0	0	0	0	0	0	0	0	0	0	0
species|mapped_unclassified|nan	0	0	0	0	0	0	0	0	0	0	0	0	0	0	0	0	0	0	0	0	0	0	0	0	0	0	0	0	0	0	0	0	0	0	0	0	0	0	0	0	0	0	0	0	0	0	0	0	0	0	0	0	0	0	0	0	0	0	0	0	0	0	0	0	0	0	0	0	0	0	0	0	0	0	0	0	0	0	0	0	0	0	0	0	0	0	0	0
species|673862|Candidatus Babela massiliensis	0	19	27	0	0	13	23	0	23	0	19	0	0	12	0	20	0	0	0	0	0	0	0	0	34	0	0	18	0	0	0	0	0	0	21	20	21	16	0	0	0	0	0	0	0	0	19	20	0	0	0	0	0	0	0	15	0	0	0	0	0	12	16	0	0	0	20	0	0	0	18	15	0	0	15	0	0	0	11	0	0	0	22	0	0	0	0	0
species|1743261|Lysobacter terricola	0	15	0	0	0	0	0	0	0	16	0	29	0	32	0	0	19	13	0	27	0	22	40	26	0	0	0	0	0	28	57	0	28	22	0	0	14	0	0	0	0	30	0	20	0	0	0	0	0	31	0	39	16	25	30	0	22	51	0	27	0	0	0	0	61	0	0	18	0	0	0	0	23	0	0	15	18	29	0	36	16	0	0	17	0	0	0	28
species|1492898|Flavisolibacter tropicus	0	17	0	0	58	0	16	0	0	73	0	86	85	35	0	0	48	91	51	39	0	46	141	85	0	0	0	15	0	36	48	0	40	53	0	0	0	0	0	0	16	77	0	79	0	0	0	0	0	104	34	49	92	152	50	0	40	72	0	132	0	0	0	0	85	0	0	80	0	50	0	0	117	0	0	37	55	135	20	31	45	0	0	55	49	0	0	56
species|570279|Terrimonas aquatica	0	15	0	0	0	0	0	0	0	0	0	0	0	0	0	0	0	0	0	0	0	0	0	0	0	0	0	0	0	0	0	0	0	0	0	0	0	0	0	0	0	0	0	0	0	0	0	0	0	0	0	0	0	0	0	0	0	0	0	0	0	0	0	0	0	0	0	0	0	0	0	0	0	0	0	0	0	0	0	0	0	0	0	0	0	0	0	0
species|2528028|Planctomycetes bacterium Pan110	0	23	0	0	0	0	0	0	0	0	0	0	0	0	0	0	22	0	0	0	0	0	0	0	0	0	0	0	0	0	0	0	0	0	0	0	0	0	0	0	0	0	0	0	0	0	0	23	0	0	17	0	0	0	0	0	0	0	0	0	0	0	0	0	0	0	17	0	0	0	0	0	0	0	0	0	0	0	0	0	0	0	0	0	0	0	0	0
species|404589|Anaeromyxobacter sp. Fw109-5	0	18	19	0	0	17	0	17	0	0	27	0	0	0	0	0	0	0	0	17	0	20	0	0	21	18	0	0	0	0	14	0	0	0	0	0	16	19	0	18	0	0	0	0	0	23	0	14	0	0	0	0	0	0	0	0	0	0	0	0	0	0	0	16	0	0	18	0	0	0	19	24	0	0	0	0	0	0	25	0	0	0	16	0	0	0	0	0
species|1213358|Microbacterium saccharophilum	0	26	26	28	0	0	0	0	33	0	0	0	0	0	0	0	0	0	0	0	0	0	0	0	38	21	0	0	0	0	0	0	0	0	28	0	27	0	0	24	59	0	0	0	0	0	28	0	0	0	0	0	0	0	0	0	0	0	21	0	17	0	0	0	0	20	0	0	0	0	0	0	0	0	0	0	0	0	35	0	0	0	31	0	0	23	0	0
species|161493|Anaeromyxobacter dehalogenans	0	32	25	0	0	0	19	33	17	0	26	0	0	33	29	17	41	0	0	38	23	34	0	29	31	34	0	31	0	25	27	18	0	0	29	0	21	48	0	21	0	0	0	0	0	26	17	17	0	0	0	0	0	0	0	0	0	21	26	0	41	0	0	39	0	25	25	0	0	0	29	37	0	23	25	0	0	18	46	0	0	0	28	0	0	35	16	0
species|947013|Chryseolinea serpens	0	10	0	0	47	0	13	0	0	18	30	0	25	14	0	0	30	0	14	29	0	56	33	42	0	0	0	0	0	39	27	0	19	0	0	0	0	0	0	30	0	16	0	27	0	0	0	0	0	16	18	16	0	13	0	0	13	26	0	15	0	0	0	0	22	0	0	17	0	0	0	0	0	34	0	0	0	23	23	30	18	0	0	21	30	0	0	0
species|688867|Ohtaekwangia koreensis	0	22	0	0	66	0	0	0	21	21	23	26	109	37	0	0	67	0	38	113	0	125	61	168	0	0	0	0	0	82	119	0	49	0	0	0	0	0	0	0	0	37	0	43	0	0	0	0	0	35	46	47	0	34	34	0	23	69	0	41	0	0	0	0	30	0	0	35	0	0	0	0	0	18	0	0	0	26	22	83	44	0	0	34	78	0	0	20
species|777|Coxiella burnetii	0	33	30	23	0	0	19	0	32	0	29	0	0	0	0	0	24	0	0	0	18	15	0	23	46	0	0	23	0	21	21	20	0	0	18	0	45	0	0	19	0	0	16	24	0	26	21	20	0	0	19	19	0	0	16	30	0	18	22	0	17	0	35	21	0	0	26	0	0	0	22	31	0	14	18	0	0	0	30	0	0	21	0	0	22	21	23	0
species|454153|Luteolibacter pohnpeiensis	0	17	0	0	0	0	0	0	0	0	0	0	0	0	0	0	0	0	0	0	0	0	0	0	0	0	0	0	0	0	0	0	0	0	0	0	14	22	0	0	0	0	0	0	0	0	0	0	0	0	0	0	0	0	0	0	0	0	0	0	0	0	0	0	0	0	0	0	0	0	0	0	0	0	0	0	0	0	0	0	0	0	0	0	0	0	0	0
species|139808|Shimazuella kribbensis	0	35	24	0	0	0	0	15	0	0	18	0	0	0	0	12	0	0	0	0	0	0	0	0	15	0	0	0	24	0	0	15	0	0	0	10	18	22	0	17	0	0	0	0	0	0	0	21	0	0	0	0	0	0	0	17	0	0	15	0	0	0	14	15	0	0	27	0	0	0	0	18	0	0	15	0	0	0	12	0	0	0	0	0	0	16	22	0
species|136996|Bradyrhizobium lupini	0	43	25	27	0	0	0	26	0	0	0	0	0	0	0	0	21	0	0	0	31	50	0	0	28	0	43	0	0	0	39	0	0	0	0	32	0	0	26	0	33	0	0	54	0	30	22	26	0	95	29	55	0	35	0	0	0	0	0	28	0	0	0	54	0	0	21	0	20	0	0	26	0	0	0	0	0	0	37	0	0	0	0	0	0	0	0	62
species|1704307|Candidatus Xiphinematobacter sp. Idaho Grape	0	14	16	0	0	0	20	0	0	0	16	0	0	0	0	19	0	0	0	0	17	0	0	0	20	0	0	0	0	0	0	0	0	0	0	0	23	18	17	0	0	0	0	0	0	0	0	0	0	0	0	0	0	0	0	18	0	0	15	0	0	0	0	0	0	13	20	0	0	0	0	24	0	0	17	0	0	0	17	0	0	0	15	0	0	0	18	0
species|1703345|Niastella vici	0	13	0	0	0	0	0	0	19	0	23	0	0	0	0	15	0	0	0	0	0	0	0	12	26	0	0	0	0	0	0	0	0	0	0	0	22	22	0	0	0	0	0	0	0	0	0	18	0	0	0	0	0	0	0	0	0	0	18	0	0	20	0	0	0	0	0	0	0	0	0	0	0	0	19	0	0	0	0	0	0	0	0	0	0	0	0	0
species|483547|Geoalkalibacter subterraneus	0	25	0	0	0	0	28	0	0	0	0	0	0	0	0	23	0	0	0	0	0	0	0	0	18	0	0	0	0	0	0	0	0	0	0	0	26	0	0	0	0	0	0	0	0	0	0	0	0	0	0	0	0	0	0	0	0	0	0	0	0	0	0	0	0	0	22	0	0	0	0	0	0	0	0	0	0	0	0	0	0	0	0	0	0	0	0	0
species|543615|Solitalea koreensis	0	20	0	0	0	16	27	0	0	0	19	0	0	0	0	0	0	0	0	0	0	0	0	0	19	0	0	0	0	0	0	0	0	0	0	0	13	0	0	18	0	0	0	0	0	0	0	0	0	0	0	0	0	0	0	0	0	0	0	0	0	0	13	0	0	0	0	0	13	0	23	0	0	0	0	0	0	0	0	0	0	0	0	0	0	0	0	0
species|28232|Geobacter metallireducens	0	16	0	0	0	0	0	0	0	0	0	0	0	0	0	0	0	0	0	0	0	0	0	0	0	0	0	0	0	0	0	0	0	0	0	0	0	0	0	0	0	0	0	0	0	0	0	0	0	0	0	0	0	0	0	0	0	0	0	0	0	0	0	0	0	0	0	0	0	0	0	0	0	0	0	0	0	0	0	0	0	0	0	0	0	0	0	0
species|443144|Geobacter sp. M21	0	19	0	0	0	0	0	0	0	0	17	0	0	0	0	0	0	0	0	0	0	0	0	0	0	0	0	0	0	0	0	0	0	0	0	0	0	0	0	0	0	0	0	0	0	17	0	0	0	0	0	0	0	0	0	0	0	0	0	0	0	0	28	0	0	0	0	0	0	0	17	0	0	0	0	0	0	0	0	0	0	0	0	0	0	0	0	0
species|225194|Geobacter bemidjiensis	0	23	25	0	0	0	32	0	0	0	27	0	0	0	0	0	0	0	0	0	0	0	0	0	0	0	0	0	0	0	0	0	0	0	38	0	0	39	0	27	0	0	0	0	0	21	0	0	0	0	0	0	0	0	0	0	0	0	0	0	0	49	0	27	0	0	17	0	0	0	26	29	0	20	0	0	0	0	44	0	0	0	34	0	0	0	0	0
species|192|Azospirillum brasilense	0	30	0	25	0	0	0	0	0	0	42	0	0	0	0	32	0	0	0	0	0	0	0	0	23	0	0	31	0	0	0	0	0	0	0	0	27	0	0	0	0	0	0	0	0	28	27	22	0	0	0	0	0	0	0	0	0	0	27	0	0	31	0	0	0	0	23	0	0	0	0	0	0	0	28	0	0	0	27	0	0	0	27	0	0	0	0	0
species|1603869|Stenotrophobacter roseus	0	26	17	0	0	18	24	13	0	0	19	0	0	0	0	0	0	0	0	0	0	0	0	0	29	0	0	0	0	0	0	0	0	0	0	22	14	0	0	0	17	0	0	0	0	17	0	0	0	0	0	0	0	0	0	0	0	0	0	0	0	0	0	0	0	0	19	0	0	0	0	15	0	19	0	0	0	0	18	0	0	0	0	0	0	0	0	0
species|392409|Sphingomonas jaspsi	0	21	24	0	32	0	0	0	28	24	24	29	26	35	0	0	0	0	26	47	0	29	31	42	23	0	0	0	0	37	45	0	28	0	0	18	29	0	17	0	21	24	0	0	0	20	17	0	0	25	20	45	17	38	18	17	19	29	0	18	0	0	0	0	21	0	17	33	0	0	17	0	13	0	0	0	0	20	27	33	17	0	0	26	25	0	0	39
species|1520|Clostridium beijerinckii	0	25	0	0	0	0	0	0	0	0	0	0	0	0	0	0	0	0	0	0	0	0	0	0	14	0	0	0	0	0	0	0	0	0	0	0	24	16	0	0	0	0	0	0	0	19	0	0	0	0	0	0	0	0	0	0	0	0	0	0	0	0	0	17	0	0	0	0	0	0	16	0	0	0	0	0	0	0	0	0	0	0	0	0	0	0	0	0
species|443143|Geobacter sp. M18	0	35	0	0	0	0	0	0	0	0	45	0	0	0	0	0	0	0	0	0	0	0	0	0	0	37	0	0	0	0	0	0	0	0	0	0	0	24	0	36	0	0	0	0	0	20	0	0	0	0	0	0	0	0	0	0	0	0	0	0	0	0	0	20	0	0	15	0	0	0	19	19	0	26	0	0	0	0	24	0	0	0	0	0	0	0	0	0
species|1892554|Adhaeribacter terrae	0	12	0	0	0	15	26	0	0	0	17	0	0	0	0	0	0	0	0	0	0	0	0	0	19	14	0	0	0	0	0	0	0	0	0	0	11	0	0	17	0	0	0	0	0	11	0	0	0	0	0	0	0	0	0	0	0	0	0	0	0	0	0	0	0	0	0	0	0	0	17	0	0	15	0	0	0	0	17	0	0	0	0	0	0	0	0	0
species|454151|Luteolibacter algae	0	13	0	0	0	0	0	0	0	0	0	0	0	0	0	0	0	0	0	0	0	0	0	0	0	0	0	0	0	0	0	0	0	0	0	0	0	0	0	0	0	0	0	0	0	0	0	0	0	0	0	0	0	0	0	0	0	0	0	0	0	0	0	0	0	0	0	0	0	0	0	0	0	0	0	0	0	0	0	0	0	0	0	0	0	0	0	0
species|1886782|Flavobacterium olei	0	39	0	0	0	0	0	33	0	0	0	0	0	0	0	0	0	0	0	0	15	0	0	0	0	0	0	0	0	0	0	0	0	0	0	0	22	0	0	0	0	0	0	0	0	0	0	0	0	0	0	0	0	0	0	0	0	0	0	0	0	0	0	0	0	0	0	0	0	0	0	0	0	0	0	0	0	0	0	0	0	0	31	0	0	0	0	0
species|869279|Thermanaerothrix daxensis	0	15	0	0	0	0	13	0	0	0	0	0	0	0	0	0	0	0	0	0	0	0	0	0	15	0	0	0	0	0	0	0	0	0	0	0	0	0	0	20	0	0	0	0	0	0	0	0	0	0	0	0	0	0	0	0	0	0	0	0	0	0	0	0	0	0	0	0	0	0	0	0	0	0	0	0	0	0	0	0	0	0	0	0	0	0	0	0
species|169056|Nordella oligomobilis	0	16	16	0	30	14	18	0	21	19	15	19	20	37	0	0	38	0	27	52	17	46	34	54	36	0	0	0	0	20	48	0	22	0	18	0	24	17	0	14	19	16	0	44	0	14	0	16	0	36	28	21	0	31	25	16	0	22	0	15	0	0	0	0	19	0	0	43	0	0	0	18	0	0	17	0	0	0	19	29	25	0	0	13	23	0	0	34
species|45056|Legionella adelaidensis	0	0	35	0	0	0	0	0	0	0	0	0	0	0	0	0	33	0	0	33	0	26	0	25	44	0	0	0	0	21	41	0	0	0	0	0	51	0	0	0	0	0	0	0	0	0	0	0	0	0	0	21	0	0	0	0	0	0	0	0	0	0	0	32	0	0	27	0	0	0	0	0	0	0	0	0	0	0	0	0	0	0	0	0	23	0	0	0
species|1176535|Lysobacter hankyongensis	0	0	22	0	49	0	0	0	0	61	0	60	20	67	0	0	38	0	21	53	0	35	32	33	26	0	0	0	0	26	63	0	33	28	0	0	0	0	0	0	0	33	0	23	0	0	0	0	0	44	49	45	33	61	51	0	28	45	0	30	0	0	0	0	54	0	0	50	0	0	0	0	31	0	0	19	0	44	0	47	34	0	0	30	25	0	0	57
species|467093|Ilumatobacter nonamiensis	0	0	17	0	0	14	14	12	0	0	18	0	0	0	0	13	0	0	0	0	0	0	0	0	0	0	0	0	0	0	0	0	0	0	13	0	16	0	0	0	0	0	0	0	0	0	13	0	0	0	0	0	0	0	0	0	0	0	0	0	0	0	0	0	0	0	0	0	0	0	11	0	0	0	0	0	0	0	15	0	0	0	23	0	0	0	0	0
species|1670641|Bacillus ciccensis	0	0	23	0	0	0	0	0	0	0	0	0	0	0	0	0	0	0	0	0	19	0	0	0	18	0	0	0	0	0	0	0	0	0	0	26	19	25	0	0	0	0	22	0	0	0	0	0	0	0	0	0	0	0	0	0	0	0	0	0	0	19	0	0	0	0	19	0	0	0	0	0	0	0	29	0	0	0	0	0	0	0	20	0	0	0	23	0
species|298654|Frankia inefficax	0	0	32	0	0	0	0	0	0	0	36	0	0	0	0	22	0	0	0	0	0	0	0	0	0	0	0	33	0	0	0	27	0	0	24	0	0	39	0	0	0	0	0	0	0	0	36	0	0	0	0	0	0	0	0	0	0	0	0	0	0	0	0	0	0	0	29	0	0	0	0	31	0	0	36	0	0	0	0	0	0	0	29	0	0	0	0	0
species|655015|Methylocystis bryophila	0	0	24	0	0	0	0	0	26	0	0	0	0	0	0	0	0	0	0	0	0	0	0	0	0	0	0	0	0	0	0	22	0	0	18	0	0	0	0	0	0	0	0	0	0	0	0	0	0	0	0	0	0	0	0	0	0	0	0	0	0	0	0	0	0	0	0	0	0	0	0	0	0	0	0	0	0	0	0	0	0	0	0	0	0	0	0	0
species|29539|Thermoleophilum album	0	0	24	0	0	0	0	0	0	0	21	0	0	0	0	0	0	0	0	0	0	0	0	0	29	0	0	21	0	0	0	0	0	0	15	0	0	0	0	0	0	0	21	0	0	0	0	0	0	0	0	0	0	0	0	0	0	0	0	0	0	0	0	0	0	0	0	0	0	0	16	0	0	0	0	0	0	0	0	0	0	0	21	0	0	0	0	0
species|1206085|Jatrophihabitans endophyticus	0	0	15	0	0	0	0	0	0	0	0	0	0	0	0	0	0	0	0	0	0	0	0	0	0	0	0	0	0	0	0	28	0	0	0	31	0	0	0	0	0	0	0	0	0	0	0	0	0	0	0	0	0	0	0	0	0	0	0	0	0	0	0	0	0	0	0	0	0	0	0	0	0	0	0	0	0	0	0	0	0	0	0	0	0	0	0	0
species|1610748|Jatrophihabitans soli	0	0	11	0	0	0	0	0	0	0	0	0	0	0	0	22	0	0	0	0	0	0	0	0	27	0	0	0	0	0	0	0	0	0	0	0	0	0	0	0	0	0	0	0	0	0	0	0	0	0	0	0	0	0	0	0	0	0	0	0	0	0	0	0	0	0	24	0	0	0	0	0	0	0	0	0	0	0	0	0	0	0	26	0	0	21	0	0
species|1392|Bacillus anthracis	0	0	11	0	0	0	0	0	0	0	0	0	0	0	0	0	0	0	0	0	0	0	0	0	14	0	0	0	0	0	0	0	0	0	0	14	0	0	0	0	0	0	0	0	0	0	0	0	0	0	0	0	0	0	0	0	0	0	0	0	0	0	0	0	0	0	0	0	0	0	0	0	0	0	0	0	0	0	0	0	0	0	0	0	0	0	0	0
species|1603871|Stenotrophobacter namibiensis	0	0	13	0	0	0	13	17	0	0	0	0	0	0	0	21	0	0	0	0	0	0	0	0	0	0	0	0	0	0	0	0	0	0	0	0	12	0	0	0	0	0	0	0	0	0	0	0	0	0	0	0	0	0	0	15	0	0	0	0	0	0	0	0	0	0	0	0	0	0	20	0	0	0	0	0	0	0	17	0	0	0	20	0	0	0	0	0
species|1654716|Bradyrhizobium viridifuturi	0	0	14	0	0	0	25	0	0	0	0	0	0	0	0	0	34	0	0	0	0	0	0	22	0	0	0	0	0	0	0	0	0	0	0	0	0	0	0	0	0	0	0	0	0	0	0	0	0	0	0	0	0	0	0	0	0	0	17	0	0	0	0	0	0	0	0	0	0	0	0	0	0	0	0	0	0	0	0	0	0	0	0	0	0	0	0	0
species|2528019|Planctopirus ephydatiae	0	0	12	0	0	0	0	0	0	0	0	0	0	0	0	0	0	0	0	0	0	0	0	0	0	0	0	0	0	0	0	0	0	0	0	0	0	0	0	0	0	0	0	0	0	0	0	0	0	0	14	0	0	0	0	0	0	0	0	0	0	0	0	0	0	0	0	0	0	0	0	0	0	0	0	0	0	0	0	0	0	0	0	0	0	0	0	0
species|1930276|Planctomycetes bacterium HG15A2	0	0	15	0	0	0	0	0	0	0	0	0	0	0	0	0	0	0	0	0	0	0	0	0	0	0	0	0	0	0	0	0	0	0	0	0	0	0	0	0	0	0	0	0	0	0	0	0	0	0	0	0	0	0	0	0	0	0	0	0	0	0	0	0	0	0	0	0	0	0	0	0	0	0	0	0	0	0	0	0	0	0	0	0	0	0	0	0
species|2496847|Sterolibacteriaceae bacterium M52	0	0	37	0	0	0	0	0	25	0	31	0	0	0	0	0	0	0	0	0	0	0	0	0	30	0	0	24	0	0	0	0	0	0	0	0	35	0	0	0	0	0	0	0	0	20	0	0	0	0	0	0	0	0	0	0	0	0	31	0	0	0	0	0	0	0	0	0	0	0	0	0	0	0	29	0	0	0	23	0	0	0	30	0	0	0	0	0
species|28068|Rubrivivax gelatinosus	0	0	30	0	35	0	0	0	0	21	0	38	0	38	0	0	0	0	0	31	0	25	0	21	0	0	0	23	0	0	28	0	19	19	0	0	0	0	0	0	0	24	0	0	0	0	0	0	0	23	0	21	0	0	0	0	0	20	0	22	0	0	0	0	0	0	0	0	0	0	0	0	21	0	0	0	0	0	0	23	0	0	0	0	25	0	0	0
species|105560|Methylibium petroleiphilum	0	0	28	29	0	0	0	0	0	0	0	0	0	0	0	0	25	0	0	24	0	22	0	17	0	0	0	0	0	0	0	0	23	23	0	0	0	0	0	0	0	0	0	0	0	0	26	27	0	29	0	0	23	0	0	0	0	25	0	0	0	0	0	0	0	0	0	0	0	0	0	0	0	0	0	18	0	0	0	0	0	0	0	0	0	0	0	0
species|670291|Microvirga aerophila	0	0	18	0	0	0	0	0	0	0	0	0	0	0	0	0	0	0	0	18	0	0	0	21	0	18	0	0	0	0	29	0	0	0	0	0	0	0	0	0	22	0	0	0	0	0	28	0	0	0	25	16	0	18	0	0	0	0	0	19	0	0	0	0	19	0	0	0	0	0	17	0	0	0	0	0	0	0	0	0	0	0	0	0	0	34	0	0
species|1577686|Silvibacterium bohemicum	0	0	14	0	0	0	0	0	0	0	0	0	0	0	0	0	0	0	0	0	0	0	0	0	0	0	0	0	0	0	0	0	0	0	0	0	0	0	0	0	0	0	0	0	0	0	0	0	0	0	0	0	0	0	0	0	0	0	0	0	0	0	0	0	0	0	0	0	0	0	0	0	0	0	0	0	0	0	0	0	0	0	0	0	0	0	0	0
species|1507286|Terrimonas arctica	0	0	23	0	0	21	14	0	0	0	0	0	0	0	0	18	20	0	0	0	0	13	0	0	16	0	0	0	0	0	0	0	0	0	0	0	0	0	0	0	0	0	0	0	0	0	0	0	0	0	0	0	0	0	0	0	0	0	0	0	0	0	0	0	0	0	0	0	0	0	0	0	0	0	0	0	0	0	0	0	0	0	0	0	0	0	0	0
species|760012|Phenylobacterium muchangponense	0	0	21	16	27	0	0	0	0	41	0	37	0	47	0	20	0	19	22	37	0	21	38	45	26	0	0	0	0	22	29	0	40	29	21	0	17	0	0	0	0	52	0	17	0	0	23	0	0	28	22	33	40	56	19	0	0	31	0	24	0	14	0	0	37	0	27	27	0	0	0	0	39	0	22	31	32	40	0	43	0	0	30	23	23	0	0	20
species|393310|Skermanella aerolata	0	0	16	0	0	0	12	16	15	0	13	0	0	0	0	0	0	0	0	0	19	0	0	0	16	0	0	0	0	0	0	0	0	0	17	0	27	0	0	0	0	0	0	0	0	0	0	0	0	0	0	0	0	0	0	0	0	0	0	0	0	0	0	0	0	0	0	0	14	0	0	0	0	16	0	0	0	0	16	0	0	0	0	0	0	0	0	0
species|864828|Massilia umbonata	0	0	37	0	82	0	0	0	0	326	0	415	90	146	0	0	105	531	51	222	0	112	170	171	0	0	0	0	0	97	128	0	417	545	0	0	0	0	0	0	0	329	0	56	0	0	0	0	0	138	103	140	858	218	101	0	46	106	0	238	0	0	0	0	359	0	0	152	0	293	0	0	663	0	0	711	320	184	0	270	66	0	0	159	62	0	0	61
species|1490|Paraclostridium bifermentans	0	0	14	0	0	0	0	0	0	0	0	0	0	0	0	0	0	0	0	0	0	0	0	0	0	0	0	0	0	0	0	0	0	0	0	0	0	0	0	0	0	0	0	0	0	0	0	0	0	0	0	0	0	0	0	0	0	0	0	0	0	0	0	0	0	0	0	0	0	0	0	0	0	0	0	0	0	0	0	0	0	0	0	0	0	0	0	0
species|349315|Luedemannella helvata	0	0	29	0	0	0	0	0	0	0	0	0	0	0	0	49	0	0	0	0	0	0	0	0	0	34	0	38	0	0	0	0	0	0	0	0	0	26	0	0	0	0	0	0	0	0	30	24	0	0	0	0	0	0	0	0	0	0	0	0	0	31	0	0	0	0	29	0	0	0	0	0	0	0	30	0	0	0	0	0	0	0	37	0	0	0	0	0
species|371036|Bacillus acidiceler	0	0	19	0	0	0	0	0	18	0	0	0	0	0	0	0	0	0	0	0	0	0	0	0	21	0	0	0	0	0	0	0	0	0	0	0	21	0	0	0	0	0	0	0	0	0	0	0	0	0	0	0	0	0	0	0	0	0	0	0	0	0	0	0	0	0	16	0	0	0	0	0	0	0	0	0	0	0	20	0	0	0	0	0	0	0	0	0
species|2358|Desulfomonile tiedjei	0	0	27	0	0	0	26	0	0	0	35	0	0	0	0	22	0	0	0	0	0	0	0	0	34	0	0	26	0	0	0	0	0	0	0	0	34	0	0	0	0	0	26	0	29	21	28	20	0	0	0	0	0	0	0	40	0	0	0	0	0	0	0	0	0	0	24	0	0	0	0	0	0	0	39	0	0	0	19	0	0	0	35	0	0	0	0	0
species|616952|Bauldia consociata	0	0	11	0	0	0	0	0	0	0	0	0	0	0	0	0	0	0	0	0	0	0	0	0	19	0	0	0	0	0	0	0	0	0	0	0	21	18	0	0	0	0	0	0	0	0	0	0	0	0	0	0	0	0	0	0	0	0	0	0	0	0	0	0	0	0	0	0	0	0	0	16	0	0	16	0	0	0	0	0	0	0	14	0	0	0	0	0
species|1549638|Quisquiliibacterium transsilvanicum	0	0	23	0	0	0	0	0	0	0	0	0	0	0	0	0	0	0	0	0	0	0	0	0	22	0	0	0	0	0	0	0	0	0	0	0	0	0	0	0	0	0	0	0	0	0	0	0	0	0	0	0	0	0	0	0	0	0	0	0	0	0	0	0	0	0	25	0	0	0	0	0	0	0	0	0	0	0	20	0	0	0	0	0	0	0	0	0
species|334736|Sporosarcina soli	0	0	34	0	0	0	0	0	33	0	0	0	0	0	0	0	0	0	0	0	0	0	0	0	18	0	0	0	0	0	0	0	0	0	0	0	29	0	0	0	0	0	0	0	0	0	0	0	0	0	0	0	0	0	0	0	0	0	0	0	0	0	0	0	0	0	0	0	0	0	0	0	0	0	0	0	0	0	0	0	0	0	0	0	0	0	0	0
species|293387|Bacillus altitudinis	0	0	15	0	0	0	0	0	0	0	0	0	0	0	0	0	0	0	0	0	0	0	0	0	0	0	0	0	0	0	0	0	0	0	0	0	0	0	0	0	0	0	0	0	0	0	0	0	0	0	0	0	0	0	0	0	0	0	0	0	0	0	0	0	0	0	0	0	0	0	0	0	0	0	0	0	0	0	0	0	0	0	0	0	0	0	0	0
species|561879|Bacillus safensis	0	0	14	0	0	0	0	0	0	0	0	0	0	0	0	0	0	0	0	0	0	0	0	0	0	0	0	0	0	0	0	0	0	0	0	0	0	0	0	0	0	0	0	0	0	0	0	0	0	0	0	0	0	0	0	0	0	0	0	0	0	0	0	0	0	0	0	0	0	0	0	0	0	0	0	0	0	0	16	0	0	0	0	0	0	0	0	0
species|103816|Rhodococcus pyridinivorans	0	0	15	0	0	0	25	0	0	0	0	0	0	0	0	0	0	0	0	0	0	0	0	0	0	0	0	16	0	0	0	21	0	0	0	0	22	0	0	0	0	0	0	0	0	0	0	0	0	0	0	0	0	0	0	0	0	0	0	0	0	0	0	0	0	0	22	0	0	0	21	0	0	0	0	0	0	0	21	0	0	0	24	0	0	0	0	0
species|1928661|Bradyrhizobium cajani	0	0	0	13	0	0	0	0	0	0	0	0	0	0	0	0	0	0	0	0	17	0	0	0	0	0	0	0	0	0	0	0	0	0	0	0	0	0	0	0	14	0	22	0	0	0	0	0	0	0	0	0	0	0	0	0	0	0	0	0	0	0	0	0	0	0	0	0	0	0	0	0	0	0	0	0	0	0	0	0	0	0	0	0	0	0	0	0
species|48|Archangium gephyra	0	0	0	27	267	0	32	0	25	212	36	197	142	197	0	36	260	99	373	597	0	327	264	215	0	34	0	0	0	161	163	0	440	96	0	35	29	30	0	0	26	278	32	221	0	38	0	29	0	484	199	351	172	242	158	0	167	203	23	383	0	0	0	0	402	0	0	191	0	52	0	0	56	0	26	66	59	212	30	384	211	0	0	320	238	0	0	101
species|384|Rhizobium leguminosarum	0	0	0	0	57	0	0	0	0	37	0	81	31	100	0	0	117	43	43	58	0	43	71	71	23	0	0	0	0	48	45	0	53	28	0	0	21	0	0	0	0	29	0	45	0	0	0	0	0	59	62	77	40	64	37	0	46	46	0	59	0	0	0	0	39	0	0	66	0	23	0	0	81	0	0	56	43	37	19	45	50	0	0	37	39	0	0	44
species|396|Rhizobium phaseoli	0	0	0	0	68	0	0	0	0	40	0	26	21	16	0	0	33	31	29	23	0	38	58	65	0	0	0	0	0	19	32	0	40	25	21	0	25	0	0	0	0	44	0	29	0	0	0	0	0	15	44	30	19	16	0	0	24	17	0	29	0	0	0	0	32	0	0	50	0	19	0	0	41	0	0	32	0	37	0	18	37	0	0	17	16	0	0	16
species|29449|Rhizobium etli	0	0	0	0	31	0	0	0	0	0	0	45	0	35	0	0	46	0	0	34	0	43	17	0	0	0	0	0	0	23	0	0	0	0	0	0	0	0	0	0	0	42	0	26	0	0	0	0	0	33	0	24	20	19	37	0	20	21	0	21	0	0	0	0	37	0	0	0	0	24	0	0	19	0	0	0	0	34	0	22	0	0	0	30	29	0	0	23
species|394096|Hyalangium minutum	0	0	0	0	23	0	0	0	0	35	0	38	28	26	0	0	38	0	29	62	0	42	50	61	0	0	0	0	0	35	44	0	41	0	0	0	0	0	0	0	0	38	0	30	0	15	0	0	0	42	32	23	0	46	30	0	30	26	0	69	0	0	0	0	52	0	0	58	0	0	0	0	0	0	0	0	0	50	16	51	30	0	0	37	20	0	0	24
species|38|Archangium disciforme	0	0	0	0	99	0	0	0	0	68	0	162	74	142	0	0	164	49	163	240	0	173	158	129	0	0	0	0	0	91	103	0	141	36	0	0	0	0	0	0	0	120	0	127	0	0	0	0	0	129	126	123	47	122	77	0	69	122	0	128	0	0	0	0	129	0	0	51	0	17	0	0	0	0	0	36	0	76	25	184	117	0	0	98	130	0	0	88
species|83450|Archangium minus	0	0	0	0	52	0	0	0	0	30	0	82	26	71	0	0	69	0	76	87	0	61	36	41	0	0	0	0	0	30	44	0	54	15	0	0	0	0	0	0	0	37	0	48	0	0	0	0	0	48	39	46	19	42	30	0	17	53	0	45	0	0	0	0	50	0	0	20	0	0	0	0	0	0	0	0	0	54	0	56	38	0	0	49	40	0	0	24
species|83451|Archangium violaceum	0	0	0	0	40	0	0	0	0	31	0	52	29	42	0	0	53	0	91	103	0	80	42	27	0	0	0	0	0	20	53	0	101	18	0	0	0	0	0	0	0	30	0	36	0	0	0	0	0	86	55	55	22	63	30	0	22	47	0	72	0	0	0	0	43	0	0	13	0	21	0	0	0	0	0	0	0	30	0	61	45	0	0	50	51	0	0	25
species|184914|Corallococcus coralloides	0	0	0	0	12	0	0	0	0	0	0	17	16	14	0	0	0	0	19	33	0	0	0	13	0	0	0	0	0	0	18	0	0	0	0	0	0	0	0	0	0	0	0	18	0	0	0	0	0	17	18	13	0	0	0	0	0	15	0	0	0	0	0	0	14	0	0	0	0	0	0	0	0	0	0	0	0	0	0	0	0	0	0	0	17	0	0	0
species|442526|Massilia brevitalea	0	0	0	0	30	0	0	0	0	69	0	174	32	70	0	0	54	112	35	104	0	57	61	59	0	0	0	0	0	42	76	0	170	74	0	0	0	0	0	0	0	103	0	32	0	0	0	0	0	89	70	62	305	54	70	0	29	47	0	103	0	0	0	0	163	0	0	97	0	101	0	0	162	0	0	194	93	102	0	144	31	0	0	70	39	0	0	32
species|2045208|Massilia violaceinigra	0	0	0	0	40	45	0	0	0	251	0	276	53	92	0	0	69	373	43	213	30	70	122	54	28	0	0	0	0	72	90	0	339	511	0	0	0	0	0	0	28	298	22	60	0	28	0	25	25	136	95	172	951	122	74	0	22	58	0	222	0	0	0	0	253	0	0	71	0	226	0	0	353	30	0	614	303	116	0	215	28	0	33	165	41	0	0	44
species|945844|Massilia oculi	0	0	0	0	18	0	0	0	0	43	0	58	22	18	0	0	24	53	0	28	0	20	40	33	0	0	0	0	0	22	23	0	68	55	0	0	0	0	0	0	0	38	0	16	0	0	0	0	0	34	19	32	85	29	35	0	0	18	0	42	0	0	0	0	79	0	0	20	0	52	0	0	73	0	0	57	48	23	0	43	0	0	0	38	0	0	0	17
species|55508|Janthinobacterium agaricidamnosum	0	0	0	0	21	0	0	0	0	51	0	51	0	25	0	0	0	59	0	45	0	20	40	0	0	0	0	0	0	0	32	0	32	96	0	0	0	0	0	0	0	49	0	0	0	0	0	0	0	36	27	29	76	31	27	0	0	0	0	39	0	0	0	0	57	0	0	25	0	41	0	0	96	0	0	58	29	38	0	36	0	0	0	38	0	0	0	0
species|1164594|Massilia yuzhufengensis	0	0	0	0	23	0	0	0	0	44	0	58	20	14	0	0	12	63	0	27	0	0	31	16	0	0	0	0	0	0	19	0	48	82	0	0	0	0	0	0	0	32	0	0	0	0	0	0	0	22	14	30	104	39	18	0	0	0	0	38	0	0	0	0	52	0	0	19	0	30	0	0	34	0	0	63	43	25	0	53	0	0	0	24	0	0	0	0
species|2675388|Flavisolibacter galbus	0	0	0	0	25	0	0	0	0	53	0	82	30	25	0	0	30	34	47	34	0	33	44	42	0	0	0	0	0	18	63	0	40	45	0	0	0	0	0	0	14	39	0	33	0	0	0	0	0	52	18	32	35	89	32	0	23	36	0	78	0	0	0	0	53	0	0	46	0	35	0	0	72	0	0	28	35	52	0	24	25	0	0	36	29	0	0	33
species|1639646|Flavisolibacter metallilatus	0	0	0	0	20	0	0	0	0	39	0	33	18	12	0	0	0	19	18	29	0	25	26	27	0	0	0	0	0	16	30	0	16	40	0	0	0	0	0	0	0	41	0	0	0	0	0	0	0	28	14	16	32	33	18	0	14	0	0	30	0	0	0	0	18	0	0	26	0	20	0	0	35	0	0	15	11	32	0	16	0	0	0	19	12	0	0	23
species|363847|Lysobacter ginsengisoli	0	0	0	0	55	0	0	0	0	91	0	64	37	65	0	0	78	27	66	80	0	46	67	66	0	0	0	0	0	54	79	0	36	39	0	0	0	0	0	0	0	36	0	49	0	0	0	0	0	55	53	77	68	86	62	0	39	61	0	62	0	0	0	0	76	0	0	33	0	23	0	0	38	0	0	23	22	43	0	61	43	0	0	34	48	0	0	72
species|1165507|Luteimonas vadosa	0	0	0	0	24	0	0	0	0	0	0	0	0	15	0	0	0	0	0	21	0	0	0	0	0	0	0	0	0	0	17	0	0	0	0	0	0	0	0	0	0	0	0	0	0	0	0	0	0	0	0	0	0	13	0	0	0	0	0	0	0	0	0	0	0	0	0	0	0	0	0	0	0	0	0	0	0	0	0	0	0	0	0	0	0	0	0	0
species|398037|Segetibacter koreensis	0	0	0	0	42	0	0	0	0	51	0	69	25	36	0	0	41	22	28	57	0	47	53	45	0	0	0	0	0	34	45	0	69	40	0	0	0	0	0	0	0	26	0	24	0	0	0	0	0	77	40	49	50	62	34	0	0	28	0	58	0	0	0	0	68	0	0	49	0	17	0	0	64	0	0	51	16	45	0	59	23	0	0	27	21	0	0	26
species|33|Myxococcus fulvus	0	0	0	0	33	0	0	0	0	0	0	0	0	12	0	0	23	0	0	24	0	18	0	36	0	0	0	0	0	0	15	0	0	0	0	0	0	0	0	0	0	0	0	0	0	0	0	0	0	0	18	0	0	20	23	0	0	12	0	17	0	0	0	0	0	0	0	0	0	0	0	0	0	0	0	0	0	0	0	35	13	0	0	0	13	0	0	16
species|394095|Pyxidicoccus fallax	0	0	0	0	30	0	0	0	0	28	0	29	0	37	0	0	27	0	23	74	0	34	23	36	0	0	0	0	0	17	41	0	19	0	0	0	0	0	0	0	0	27	0	33	0	0	0	0	0	40	30	24	0	18	0	0	0	26	0	35	0	0	0	0	26	0	0	0	0	0	0	0	0	0	0	0	0	27	0	86	23	0	0	19	24	0	0	18
species|321983|Massilia albidiflava	0	0	0	0	66	0	0	0	0	202	0	192	54	89	0	0	82	216	23	199	0	61	92	123	0	0	0	0	0	48	70	0	272	376	0	0	0	0	0	0	0	122	0	34	0	0	0	0	0	80	42	66	397	148	81	0	28	86	0	131	0	0	0	0	182	0	0	101	0	130	0	0	383	0	0	260	229	108	0	111	43	0	0	70	48	0	0	34
species|1224511|Noviherbaspirillum suwonense	0	0	0	0	41	0	0	0	0	39	0	35	32	26	0	0	22	25	0	46	0	28	48	34	0	0	0	0	0	29	27	0	14	42	0	0	0	0	0	0	0	38	0	28	0	0	0	0	0	32	40	50	29	50	21	0	26	26	0	24	0	0	0	0	33	0	0	28	0	34	0	0	65	0	0	30	24	46	0	34	26	0	0	24	29	0	0	25
species|1811226|Massilia agilis	0	0	0	0	87	0	0	0	0	351	0	306	75	96	0	0	106	326	61	168	0	101	158	132	0	0	0	0	0	54	176	0	238	471	0	0	0	0	0	0	0	214	0	34	0	0	0	0	0	111	22	86	447	292	151	0	55	79	0	222	0	0	0	0	424	0	0	200	0	153	0	0	662	0	0	284	545	195	0	88	54	0	0	84	66	0	0	98
species|1822381|Massilia chloroacetimidivorans	0	0	0	0	91	0	0	0	0	170	0	64	60	21	0	0	21	232	23	52	0	30	113	45	0	0	0	0	0	56	68	0	104	209	0	0	0	0	0	0	0	160	0	20	0	0	0	0	0	41	23	47	166	120	45	0	22	33	0	151	0	0	0	0	192	0	0	34	0	87	0	0	214	0	0	95	216	44	0	40	29	0	0	43	34	0	0	46
species|1811225|Massilia solisilvae	0	0	0	0	23	0	0	0	0	49	0	49	0	30	0	0	20	28	15	23	0	32	20	54	0	0	0	0	0	0	60	0	31	74	0	0	0	0	0	0	0	44	0	13	0	0	0	0	0	20	0	17	68	82	34	0	0	28	0	43	0	0	0	0	54	0	0	49	0	18	0	0	235	0	0	23	124	64	0	31	16	0	0	25	13	0	0	34
species|1811224|Massilia terrae	0	0	0	0	19	0	0	0	0	45	0	21	14	22	0	0	13	35	0	27	0	12	25	21	0	0	0	0	0	0	24	0	32	39	0	0	0	0	0	0	0	24	0	0	0	0	0	0	0	18	0	13	42	31	26	0	0	0	0	21	0	0	0	0	39	0	0	24	0	0	0	0	40	0	0	26	74	30	0	12	11	0	0	14	16	0	0	19
species|1886785|Massilia agri	0	0	0	0	88	0	0	0	0	370	0	329	120	65	0	0	62	651	40	141	0	71	177	100	0	0	0	0	0	56	111	0	265	739	0	0	0	0	0	0	0	305	0	43	0	0	0	0	0	97	56	141	720	286	115	0	29	61	0	207	0	0	0	0	495	0	0	140	0	239	0	0	462	0	0	585	496	211	0	226	70	0	0	127	68	0	0	71
species|2039631|Ramlibacter alkalitolerans	0	0	0	0	27	0	0	0	0	19	0	29	20	56	0	0	49	0	25	65	0	36	41	82	0	0	0	0	0	27	45	0	20	0	0	0	0	0	0	0	0	24	0	27	0	0	0	0	0	36	24	18	0	28	21	0	22	38	0	18	0	0	0	0	13	0	0	31	0	0	0	0	18	0	0	0	0	22	0	37	37	0	0	0	27	0	0	17
species|317|Pseudomonas syringae	0	0	0	0	58	0	0	0	0	51	0	35	0	26	0	0	37	45	0	31	0	17	52	43	0	0	0	0	0	25	33	0	23	51	0	0	0	0	0	0	0	36	0	38	0	0	0	0	0	28	27	30	40	45	27	0	31	31	0	20	0	0	0	0	62	0	0	23	0	45	0	0	74	0	0	33	31	37	0	28	41	0	0	36	0	0	0	35
species|294|Pseudomonas fluorescens	0	0	0	0	45	0	0	0	0	155	0	173	65	119	0	0	131	299	132	148	0	104	151	131	0	0	0	0	0	125	94	0	179	221	0	0	0	0	0	0	0	171	0	81	0	0	0	0	0	127	90	112	255	251	76	0	60	75	0	167	0	0	0	0	135	0	0	74	0	175	0	0	216	0	0	53	97	69	0	107	101	0	0	142	65	0	0	59
species|587753|Pseudomonas chlororaphis	0	0	0	0	18	0	0	0	0	35	0	21	21	18	0	0	0	28	0	31	0	25	42	32	0	0	0	0	0	0	19	0	34	31	0	0	0	0	0	0	0	20	0	18	0	0	25	0	0	36	0	24	27	37	17	0	0	0	0	40	0	0	0	0	35	0	0	21	0	19	0	0	31	0	0	0	34	19	0	23	34	0	0	20	17	0	0	0
species|47883|Pseudomonas synxantha	0	0	0	0	17	0	0	0	0	47	0	21	20	15	0	0	25	23	20	0	0	21	29	0	0	0	0	0	0	19	0	0	14	15	0	0	0	0	0	0	0	21	0	0	0	0	0	0	0	30	0	25	27	55	0	0	0	20	0	19	0	0	0	0	23	0	0	0	0	14	0	0	30	0	0	0	0	20	0	16	18	0	0	17	0	0	0	0
species|303|Pseudomonas putida	0	0	0	0	94	0	0	0	0	68	0	29	29	22	0	0	42	35	51	28	0	29	66	103	0	0	0	0	0	35	112	0	25	63	0	0	0	0	0	0	0	39	0	24	115	0	0	0	0	80	0	52	33	35	101	0	39	0	0	22	0	0	0	0	190	0	0	52	0	94	0	0	53	0	0	0	79	115	0	76	58	0	0	41	45	0	0	21
species|2527968|Planctomycetes bacterium Q31a	0	0	0	0	27	0	0	0	0	0	0	11	15	17	0	0	28	0	41	32	0	22	35	20	0	0	0	0	0	23	39	0	0	0	0	0	0	0	0	0	0	13	0	41	0	0	0	0	0	52	17	37	0	21	13	0	0	21	0	17	0	0	0	0	13	0	0	0	0	0	0	0	0	0	0	0	0	0	0	32	24	0	0	0	20	0	0	20
species|1854496|Microvirga soli	0	0	0	0	21	0	0	0	0	20	0	0	0	0	0	0	0	0	13	34	0	27	22	23	0	0	0	0	0	14	15	0	0	0	0	0	0	0	0	0	0	14	0	0	0	0	0	0	0	26	16	0	14	23	21	0	0	17	0	17	0	0	0	0	16	16	0	0	0	14	0	0	15	0	0	0	0	0	0	17	13	0	0	19	28	0	0	15
species|659595|Chiayiivirga flava	0	0	0	0	28	0	0	0	0	31	0	31	20	30	0	0	23	0	0	40	0	0	29	27	0	0	0	0	0	23	35	0	42	19	0	0	0	0	0	0	0	18	0	0	0	0	0	0	0	22	29	30	26	31	19	0	0	0	0	20	0	0	0	0	33	0	0	45	0	0	0	0	0	0	0	0	0	25	0	30	0	0	0	26	0	0	0	22
species|1176534|Lysobacter sediminicola	0	0	0	0	33	0	0	0	0	32	0	32	28	32	0	0	38	0	0	60	0	25	21	24	0	0	0	0	0	25	47	0	19	0	0	0	0	0	0	0	0	26	0	27	0	0	0	0	0	25	28	36	0	37	33	0	18	34	0	19	0	0	0	0	40	0	0	26	0	0	0	0	0	0	0	0	0	20	0	30	26	0	25	0	0	0	0	34
species|1789691|Flaviaesturariibacter luteus	0	0	0	0	23	0	0	0	0	56	0	33	28	16	0	0	0	112	0	23	0	11	33	17	0	0	0	0	0	13	16	0	35	142	0	0	0	0	0	0	0	66	0	0	0	0	0	0	0	24	0	25	84	65	13	0	0	0	0	50	0	0	0	0	55	0	0	32	0	30	0	0	156	0	0	55	37	58	0	20	0	0	0	30	0	0	0	0
species|708199|Flavitalea gansuensis	0	0	0	0	65	0	0	0	0	25	0	15	26	34	0	0	71	0	77	62	0	71	52	66	0	0	0	0	0	36	61	0	22	0	0	0	0	0	0	0	0	0	0	62	0	0	0	0	0	57	56	47	0	31	31	0	28	39	0	23	0	0	0	0	36	0	0	32	0	0	0	0	0	0	0	0	0	19	0	38	61	0	0	25	66	0	0	42
species|688913|Ohtaekwangia kribbensis	0	0	0	0	27	0	0	0	0	14	0	0	26	0	0	0	18	0	22	68	0	83	17	41	0	0	0	0	0	27	51	0	24	0	0	0	0	0	0	0	0	0	0	19	0	0	0	0	0	34	15	27	0	16	0	0	12	19	0	22	0	0	0	0	0	0	0	18	0	0	0	0	0	0	0	0	0	0	0	35	20	0	0	0	35	0	0	0
species|796007|Massilia tieshanensis	0	0	0	0	36	0	0	0	0	199	0	266	34	78	0	0	53	259	31	102	0	43	90	69	0	0	0	0	0	37	71	0	157	448	0	0	0	0	0	0	0	119	0	21	0	0	0	0	0	80	18	65	520	121	64	0	24	76	0	108	0	0	0	0	258	0	0	106	0	138	0	0	438	0	0	289	207	149	0	104	28	0	0	62	35	0	0	27
species|2072590|Massilia armeniaca	0	0	0	0	76	0	0	0	0	304	0	238	85	110	0	0	83	332	40	172	0	83	138	80	0	0	0	0	0	102	81	0	269	372	0	0	0	0	0	0	0	297	0	45	0	0	0	0	0	96	68	90	522	184	82	0	26	108	0	182	0	0	0	0	216	0	0	110	0	183	0	0	353	0	0	409	212	162	0	166	48	0	0	114	49	0	0	43
species|1867797|Vitiosangium subalbum	0	0	0	0	352	0	0	0	0	320	0	841	236	767	0	0	684	92	544	1037	0	480	484	411	0	0	0	0	0	265	396	0	609	134	0	0	0	0	0	0	0	485	0	503	0	0	0	0	0	477	446	584	164	441	288	0	227	596	0	482	0	0	0	0	310	0	0	160	0	46	0	0	62	0	0	90	35	215	43	654	485	0	0	419	420	0	0	259
species|1867796|Vitiosangium cumulatum	0	0	0	0	109	0	0	0	0	129	0	247	79	198	0	0	175	36	155	253	0	162	177	119	0	0	0	0	0	90	143	0	155	37	0	0	0	0	0	0	0	155	0	156	0	0	0	0	0	160	125	174	50	151	87	0	69	154	0	139	0	0	0	0	136	0	0	50	0	0	0	0	0	0	0	34	18	109	24	214	102	0	0	123	110	0	0	77
species|43|Cystobacter fuscus	0	0	0	0	28	0	0	0	0	24	0	18	0	28	0	0	18	0	56	62	0	37	0	37	0	0	0	0	0	24	35	0	46	0	0	0	0	0	0	0	0	40	0	45	0	0	0	0	0	27	31	31	0	46	27	0	0	32	0	25	0	0	0	0	0	0	0	0	0	0	0	0	0	0	0	0	0	14	0	27	20	0	0	19	0	0	0	0
species|578943|Dongia mobilis	0	0	0	0	16	0	0	0	0	12	0	18	16	24	0	0	71	0	31	60	0	49	23	65	0	0	0	0	0	39	55	0	13	0	0	0	0	0	0	0	0	0	0	48	0	0	0	0	0	0	31	39	0	15	15	0	21	42	0	15	0	0	0	0	17	0	0	25	0	0	0	0	0	0	0	0	0	17	0	0	35	0	0	14	40	0	0	28
species|940149|Dongia rigui	0	0	0	0	24	0	0	0	0	11	0	0	27	25	0	0	45	0	0	47	0	36	51	58	0	0	0	0	0	59	37	0	20	0	0	0	0	0	0	0	0	46	0	23	0	0	0	0	0	43	25	27	0	22	0	0	15	34	0	13	0	0	0	0	13	0	0	20	0	0	0	0	0	0	0	0	0	17	0	26	33	0	0	27	29	0	0	15
species|1776165|Pseudoduganella eburnea	0	0	0	0	39	0	0	0	0	135	0	123	60	79	0	0	79	331	16	125	0	51	96	166	0	0	0	0	0	62	51	0	262	366	0	0	0	0	0	0	0	146	0	32	0	0	0	0	0	56	60	61	270	106	39	0	24	69	0	125	0	0	0	0	101	0	0	97	0	91	0	0	341	0	0	222	89	103	0	141	65	0	0	77	39	0	0	14
species|1678028|Massilia sp. NR 4-1	0	0	0	0	17	0	0	0	0	35	0	50	16	15	0	0	0	30	16	32	0	0	19	25	0	0	0	0	0	14	17	0	40	38	0	0	0	0	0	0	0	33	0	0	0	0	0	0	0	20	12	15	52	30	12	0	0	16	0	24	0	0	0	0	31	0	0	0	0	30	0	0	67	0	0	57	23	44	0	23	0	0	0	19	0	0	0	0
species|1324796|Lysobacter lycopersici	0	0	0	0	30	0	0	0	0	40	0	39	0	28	0	0	45	0	16	59	0	18	25	38	0	0	0	0	0	23	47	0	28	16	0	0	0	0	0	0	0	25	0	27	0	0	0	0	0	38	46	18	25	56	16	0	24	39	0	34	0	0	0	0	39	0	0	37	0	0	0	0	23	0	0	0	0	32	0	37	28	0	0	0	23	0	0	35
species|363885|Lysobacter panaciterrae	0	0	0	0	22	0	0	0	0	32	0	31	0	28	0	0	24	0	0	26	0	0	21	24	0	0	0	0	0	33	42	0	0	0	0	0	0	0	0	0	0	20	0	0	0	0	0	0	0	20	17	24	0	37	25	0	0	0	0	22	0	0	0	0	27	0	0	27	0	0	0	0	0	0	0	0	0	20	0	20	22	0	0	0	0	0	0	21
species|45|Melittangium lichenicola	0	0	0	0	25	0	0	0	0	33	0	15	13	13	0	0	13	0	16	25	0	18	42	11	0	0	0	0	0	28	15	0	17	0	0	0	0	0	0	0	0	30	0	27	0	0	0	0	0	23	23	30	0	44	14	0	0	0	0	28	0	0	0	0	23	0	0	0	0	0	0	0	0	0	0	0	0	18	0	44	0	0	0	25	22	0	0	21
species|1141883|Massilia putida	0	0	0	0	195	0	0	0	0	719	0	1390	268	433	0	0	422	615	195	640	0	247	251	444	44	0	0	0	0	131	442	0	906	1123	0	0	32	0	0	0	0	463	0	117	0	0	0	0	0	417	241	289	1790	478	412	0	159	324	0	620	0	0	0	0	936	0	21	720	0	522	0	0	1783	0	0	1619	733	802	46	787	124	0	0	322	218	0	0	245
species|2025949|Herbaspirillum sp. meg3	0	0	0	0	24	0	0	0	0	47	0	41	22	23	0	0	0	50	0	20	0	0	41	37	0	0	0	0	0	0	25	0	37	71	0	0	0	0	0	0	0	34	0	0	0	0	0	0	0	22	0	30	42	39	29	0	0	0	0	39	0	0	0	0	41	0	0	30	0	45	0	0	62	0	0	53	45	39	0	28	0	0	0	37	29	0	0	0
species|391953|Aquincola tertiaricarbonis	0	0	0	0	35	0	0	0	0	38	0	39	45	53	0	0	56	27	41	88	0	22	49	54	0	0	0	0	0	39	38	0	38	23	0	0	0	0	0	0	0	31	0	27	0	0	0	0	0	35	40	44	37	60	34	0	41	37	0	44	0	0	0	0	42	0	0	48	0	0	0	0	20	0	0	45	0	57	0	39	40	0	0	33	37	0	0	51
species|964|Herbaspirillum seropedicae	0	0	0	0	63	0	0	0	0	79	0	86	33	42	0	0	29	84	46	64	0	61	79	37	0	0	0	0	0	51	45	0	44	123	0	0	0	0	0	0	0	75	0	31	0	0	0	0	0	73	38	60	110	57	35	0	22	43	0	85	0	0	0	0	67	0	0	52	0	69	0	0	159	0	0	88	74	69	0	69	38	0	0	60	51	0	0	50
species|1064517|Noviherbaspirillum aurantiacum	0	0	0	0	32	0	0	0	0	87	0	82	25	39	0	0	25	88	0	43	0	25	48	29	0	0	0	0	0	33	30	0	81	148	0	0	0	0	0	0	0	50	0	20	0	0	0	0	0	69	33	58	183	67	36	0	0	21	0	67	0	0	0	0	94	0	0	39	0	70	0	0	190	0	0	85	67	60	0	62	20	0	0	55	0	0	0	0
species|1064518|Noviherbaspirillum soli	0	0	0	0	100	0	0	0	0	165	0	154	64	111	0	0	75	210	66	126	0	72	160	78	0	0	0	0	0	89	61	0	176	247	0	0	0	0	0	0	0	185	0	66	0	0	0	0	0	115	84	141	218	131	57	0	53	56	0	117	0	0	0	0	182	0	0	126	0	149	0	0	380	0	0	219	134	165	58	179	64	0	0	146	74	0	0	55
species|1854499|Noviherbaspirillum agri	0	0	0	0	35	0	0	0	0	49	0	27	25	36	0	0	32	32	26	36	0	34	47	30	0	0	0	0	0	19	29	0	28	62	0	0	0	0	0	0	0	38	0	22	0	0	0	0	0	48	24	31	32	66	22	0	17	36	0	37	0	0	0	0	48	0	0	30	0	14	0	0	77	0	0	38	25	28	0	33	29	0	0	21	32	0	0	0
species|709839|Noviherbaspirillum autotrophicum	0	0	0	0	33	0	0	0	0	84	0	64	26	28	0	0	23	59	29	44	0	23	51	40	0	0	0	0	0	30	38	0	34	86	0	0	25	0	0	0	0	51	0	24	0	0	0	0	0	29	26	37	76	70	45	0	15	36	0	65	0	0	0	0	70	0	0	41	0	47	0	0	106	0	0	61	65	46	0	31	38	0	0	36	22	0	0	29
species|1465823|Noviherbaspirillum massiliense	0	0	0	0	21	0	0	0	0	30	0	19	0	13	0	0	0	12	0	25	0	22	22	25	0	0	0	0	0	0	17	0	19	26	0	0	0	0	0	0	0	22	0	18	0	0	0	0	0	15	0	17	34	30	16	0	0	19	0	19	0	0	0	0	26	0	0	20	0	18	0	0	57	0	0	27	27	26	0	23	0	0	0	22	16	0	0	16
species|1968433|Noviherbaspirillum denitrificans	0	0	0	0	43	0	0	0	0	50	0	83	39	45	0	0	46	52	58	64	0	66	77	72	0	0	0	0	0	25	57	0	36	58	0	0	0	0	0	0	0	47	0	32	0	0	0	0	0	64	37	38	70	64	49	0	28	67	0	78	0	0	0	0	53	0	0	48	0	37	0	0	126	0	0	43	68	59	0	36	41	0	0	50	65	0	0	37
species|2603856|Lacisediminimonas profundi	0	0	0	0	40	0	0	0	0	68	0	107	44	51	0	0	52	50	25	97	0	49	69	74	0	0	0	0	0	39	60	0	59	104	0	0	0	0	0	0	0	81	0	38	0	0	0	0	0	52	55	64	113	58	43	0	24	34	0	59	0	0	0	0	99	0	0	62	0	62	0	0	127	0	0	68	58	46	0	83	41	0	0	66	38	0	0	38
species|69280|Oxalicibacterium solurbis	0	0	0	0	31	0	0	0	0	37	0	35	22	28	0	0	23	28	23	28	0	29	49	39	0	0	0	0	0	39	23	0	47	41	0	0	0	0	0	0	0	46	0	36	0	0	0	0	0	34	32	38	56	45	28	0	0	21	0	35	0	0	0	0	41	0	0	39	0	21	0	0	53	0	0	32	21	35	0	22	0	0	0	32	19	0	0	12
species|1806200|Ensifer collicola	0	0	0	0	32	0	0	0	0	31	0	63	24	35	0	0	21	0	0	31	0	24	29	45	0	0	0	0	0	22	36	0	20	24	0	0	0	0	0	0	0	21	0	0	0	0	0	0	0	48	0	25	27	39	47	0	0	0	0	42	0	0	0	0	47	0	0	46	0	0	0	0	57	0	0	22	38	54	0	25	26	0	0	16	0	0	0	29
species|394094|Cystobacter velatus	0	0	0	0	13	0	0	0	0	0	0	0	0	0	0	0	0	0	0	0	0	19	0	0	0	0	0	0	0	0	15	0	0	0	0	0	0	0	0	0	0	0	0	0	0	0	0	0	0	31	13	0	0	0	0	0	0	0	0	0	0	0	0	0	0	0	0	0	0	0	0	0	0	0	0	0	0	0	0	0	13	0	0	0	0	0	0	0
species|1157490|Tumebacillus flagellatus	0	0	0	0	13	0	0	0	0	46	0	466	47	329	0	0	729	73	571	302	0	126	329	89	19	0	0	0	22	144	15	0	200	0	0	0	0	0	0	0	0	195	0	241	0	0	0	0	0	160	296	126	669	30	44	0	508	737	0	42	0	0	0	0	24	0	0	41	0	371	0	0	110	0	0	573	19	907	0	95	72	0	0	562	24	0	0	28
species|1260987|Noviherbaspirillum malthae	0	0	0	0	22	0	0	0	0	46	0	12	21	17	0	0	0	30	0	19	0	15	39	29	0	0	0	0	0	14	24	0	15	46	0	0	0	0	0	0	0	24	0	0	0	0	0	0	0	14	17	19	34	24	17	0	0	0	0	38	0	0	0	0	25	0	0	30	0	21	0	0	49	0	0	0	35	18	0	0	0	0	0	13	25	0	0	0
species|1166683|Rhizobium cauense	0	0	0	0	82	0	0	0	0	60	0	57	31	74	0	0	106	41	54	70	0	54	101	113	0	0	0	0	0	57	47	0	58	29	0	0	0	0	0	0	0	72	0	49	0	0	0	0	0	61	54	58	32	61	25	0	42	45	0	54	0	0	0	0	47	0	0	58	0	36	0	0	86	0	0	39	28	60	0	55	55	0	0	37	56	0	0	22
species|1450165|Aggregicoccus edonensis	0	0	0	0	42	0	0	0	0	46	0	70	30	23	0	0	64	0	33	77	0	60	71	64	0	0	0	0	0	53	81	0	41	0	0	0	0	0	0	0	0	64	0	60	0	0	0	0	0	105	44	44	0	71	35	0	21	46	0	66	0	0	0	0	36	0	0	71	0	0	0	0	0	0	0	0	0	54	0	130	22	0	0	30	45	0	0	56
species|83453|Melittangium boletus	0	0	0	0	40	0	0	0	0	33	0	45	32	47	0	0	41	0	48	99	0	56	64	54	0	0	0	0	0	44	65	0	48	0	0	0	0	0	0	0	0	41	0	45	0	0	0	0	0	61	39	49	0	43	26	0	25	43	0	43	0	0	0	0	31	0	0	20	0	0	0	0	0	0	0	0	0	26	0	46	56	0	0	29	35	0	0	26
species|1777134|Caballeronia turbans	0	0	0	0	48	0	0	0	0	45	0	84	34	65	0	0	126	40	46	82	0	69	82	97	0	0	0	0	0	31	55	0	43	28	0	0	0	0	0	0	0	68	0	56	0	0	0	0	0	82	48	57	24	61	48	0	38	57	0	62	0	0	0	0	69	0	0	83	0	31	0	0	98	0	0	45	13	75	0	64	66	0	0	77	53	0	0	66
species|550982|Parasegetibacter luojiensis	0	0	0	0	13	0	0	0	0	28	0	0	16	0	0	0	0	51	0	0	0	0	38	0	12	0	0	0	0	21	0	0	0	30	0	0	10	0	0	0	0	36	0	0	0	0	0	0	0	0	0	0	0	37	0	0	0	0	0	0	0	0	0	0	29	0	0	0	0	0	0	0	15	0	0	0	18	0	10	13	0	0	0	0	0	0	0	0
species|758823|Vampirovibrio chlorellavorus	0	0	0	0	15	0	0	0	0	21	0	17	0	0	0	0	0	33	0	0	0	15	23	16	12	0	0	0	0	14	21	0	12	39	0	0	13	0	0	0	0	17	0	13	0	0	0	0	0	0	0	0	36	0	0	0	0	12	0	15	0	0	0	0	19	0	13	13	0	16	0	0	78	0	0	23	21	15	0	0	14	0	0	17	20	0	0	0
species|1892855|Sphingosinicella sp. BN140058	0	0	0	0	39	0	0	0	0	52	0	29	21	37	0	0	28	0	25	47	0	30	42	61	0	0	0	0	0	42	63	0	39	19	0	0	0	0	0	0	0	29	0	21	0	0	0	0	0	42	20	34	0	53	39	0	22	22	0	31	0	0	0	0	31	0	0	18	0	0	0	0	0	0	0	12	0	19	0	41	24	0	0	15	32	0	0	40
species|959|Bdellovibrio bacteriovorus	0	0	0	0	24	0	0	0	0	19	0	41	24	25	0	0	22	0	20	24	0	27	35	35	0	0	0	0	0	21	33	0	21	16	0	0	0	0	0	0	0	34	0	39	0	0	0	0	0	24	18	42	16	40	0	0	0	22	0	48	0	0	0	0	32	0	17	55	0	15	0	0	27	0	0	15	13	21	0	21	0	0	0	32	28	0	0	0
species|1864509|Rhizobium altiplani	0	0	0	0	28	0	0	0	0	0	0	21	0	0	0	0	27	0	0	0	0	0	43	26	0	0	0	0	0	24	0	0	0	0	0	0	0	0	0	0	0	17	0	0	0	0	0	0	0	0	0	0	0	26	0	0	13	0	0	0	0	0	0	0	0	0	0	0	0	0	0	0	29	0	0	0	0	23	0	0	20	0	0	0	0	0	0	0
species|960|Bacteriovorax stolpii	0	0	0	0	24	0	0	0	0	74	0	79	0	34	0	0	22	50	20	32	0	32	47	25	0	0	0	0	0	19	24	0	50	99	0	0	0	0	0	0	0	49	0	20	0	0	0	0	0	31	0	34	126	27	34	0	0	21	0	80	0	0	0	0	100	0	0	29	0	59	0	0	185	0	0	52	93	50	0	28	0	0	0	49	25	0	0	0
species|399|Neorhizobium galegae	0	0	0	0	37	0	0	0	0	39	0	52	0	0	0	0	0	34	0	0	0	0	30	0	0	0	0	0	0	0	30	0	24	26	0	0	0	0	0	0	0	37	0	0	0	0	0	0	0	0	0	0	0	41	0	0	0	0	0	26	0	0	0	0	37	0	0	0	0	0	0	0	40	0	0	24	0	0	0	0	25	0	0	0	0	0	0	0
species|106590|Cupriavidus necator	0	0	0	0	58	0	0	0	0	51	0	39	52	20	0	0	63	74	26	50	0	27	87	106	32	0	0	0	0	39	28	0	49	40	0	0	0	0	0	0	0	83	0	74	0	0	0	0	0	61	43	48	43	115	39	0	72	44	0	28	0	0	17	0	52	0	0	71	0	23	0	0	109	0	0	61	48	97	0	41	33	0	0	52	51	0	0	29
species|2493668|Mesorhizobium sp. M9A.F.Ca.ET.002.03.1.2	0	0	0	0	34	0	0	0	0	0	0	0	0	27	0	0	48	0	28	32	0	23	23	21	0	0	0	0	0	0	27	0	0	0	0	0	0	0	0	0	0	0	0	31	0	0	0	0	0	29	0	27	0	0	0	0	15	20	0	0	0	0	0	0	35	0	0	0	0	0	0	0	0	0	0	0	0	0	0	26	23	0	0	0	0	0	0	34
species|381|Mesorhizobium loti	0	0	0	0	45	0	0	0	0	0	0	50	40	70	0	25	77	0	39	79	0	33	26	55	0	0	0	0	0	31	42	0	61	0	0	0	44	0	0	0	0	46	0	43	0	0	35	0	0	49	58	22	0	47	0	0	28	50	0	45	0	0	0	0	0	0	0	67	0	0	0	0	0	0	0	0	0	0	0	47	32	0	41	0	52	0	0	0
species|563170|Ferruginibacter alkalilentus	0	0	0	0	15	0	23	0	0	17	0	0	13	0	0	0	0	0	15	17	0	17	19	0	20	0	0	0	0	0	14	0	12	23	0	12	0	0	0	0	23	0	0	22	0	0	0	0	0	0	0	18	13	0	0	0	0	13	0	0	0	0	0	0	0	0	0	0	0	0	0	0	17	0	0	0	0	0	0	0	0	0	18	0	13	0	0	0
species|151783|Cupriavidus campinensis	0	0	0	0	26	0	0	0	0	12	0	25	31	14	0	0	30	22	16	0	0	0	21	33	0	0	0	0	0	23	32	0	0	0	0	0	0	0	0	0	0	26	0	0	0	0	0	0	0	90	0	15	0	23	15	0	37	0	0	0	0	0	0	0	73	0	0	0	0	0	0	0	40	0	0	0	32	129	0	0	0	0	0	0	0	0	0	15
species|1656888|Flavisolibacter aluminii	0	0	0	0	29	0	21	0	0	21	0	36	0	21	0	0	20	0	10	17	0	12	25	24	0	0	0	0	0	14	27	0	16	0	0	0	21	0	0	0	0	12	0	13	0	0	0	0	0	28	21	22	0	38	25	0	19	16	0	17	0	0	0	0	21	0	0	20	0	0	0	0	21	0	0	0	0	20	0	24	22	0	0	13	17	0	0	33
species|48465|Prosthecobacter dejongeii	0	0	0	0	11	0	0	0	0	0	0	0	16	0	0	0	17	0	0	28	0	24	0	33	0	0	0	0	0	17	29	0	0	0	0	0	0	0	0	0	0	0	0	0	0	0	0	0	0	0	0	0	0	0	0	0	0	22	0	0	0	0	0	0	0	0	0	0	0	0	0	0	0	0	0	0	0	0	0	0	17	0	0	0	20	0	0	0
species|990371|Daejeonella rubra	0	0	0	0	30	0	0	0	0	61	0	38	0	0	0	0	0	86	0	0	0	25	30	25	0	0	0	0	0	0	23	0	34	151	0	0	0	0	0	0	0	54	0	0	0	0	0	0	0	0	0	26	113	42	30	0	0	0	0	32	0	0	0	0	39	0	0	30	0	59	0	0	124	0	0	66	50	46	0	30	0	0	0	30	0	0	0	0
species|1781165|Lysobacter rhizophilus	0	0	0	0	23	0	0	0	0	33	0	14	0	14	0	0	0	12	0	26	0	25	32	24	0	0	0	0	0	30	18	0	12	0	0	0	0	0	0	0	0	42	0	0	0	0	0	0	0	0	0	15	0	34	12	0	24	22	0	0	0	0	0	0	22	0	0	0	0	0	0	0	25	0	0	0	0	20	0	23	14	0	0	0	0	0	0	12
species|346182|Lysobacter yangpyeongensis	0	0	0	0	21	0	0	0	0	27	0	14	24	15	0	0	17	16	0	22	0	0	33	36	0	0	0	0	0	31	18	0	13	18	0	0	0	0	0	0	0	36	0	0	0	0	0	0	0	27	0	25	21	0	17	0	0	0	0	0	0	0	0	0	29	0	0	0	0	0	0	0	15	0	0	14	0	31	0	15	29	0	0	21	25	0	0	12
species|1842534|Sinorhizobium sp. RAC02	0	0	0	0	33	0	0	0	0	44	0	33	0	36	0	0	29	0	0	28	0	29	53	40	0	0	0	0	0	0	30	0	27	0	0	0	0	0	0	0	0	39	0	24	0	0	0	0	0	45	0	29	24	32	0	0	0	0	0	21	0	0	0	0	31	0	0	31	0	0	0	0	30	0	0	0	0	28	0	38	21	0	0	35	24	0	0	0
species|1446479|Arenimonas maotaiensis	0	0	0	0	30	0	0	0	0	83	0	59	50	67	0	0	30	19	19	95	0	41	51	40	0	0	0	0	0	52	67	0	75	55	0	0	0	0	0	0	0	37	0	18	0	0	0	0	0	45	47	52	32	60	48	0	35	47	0	35	0	0	0	0	55	0	0	55	0	0	0	0	31	0	0	41	15	46	0	72	27	0	0	35	30	0	0	42
species|363854|Brevibacillus ginsengisoli	0	0	0	0	15	0	0	0	0	0	0	0	0	0	0	0	0	0	0	0	0	0	0	0	0	0	0	0	51	0	0	0	0	0	0	0	0	0	0	0	0	0	0	0	0	0	0	0	0	0	0	0	0	0	0	0	15	0	0	0	0	0	0	0	0	0	0	16	0	0	0	0	0	0	0	0	0	14	0	0	0	0	0	0	0	0	0	0
species|1229971|Glaciimonas singularis	0	0	0	0	14	0	0	0	0	31	0	24	15	20	0	0	0	15	0	23	0	0	22	18	0	0	0	0	0	19	0	0	14	40	0	0	0	0	0	0	0	16	0	0	0	0	0	0	0	16	0	22	28	28	0	0	0	0	0	20	0	0	0	0	18	0	0	0	0	17	0	0	37	0	0	0	0	15	0	23	0	0	0	0	13	0	0	0
species|2201356|Pseudomonas sp. 31-12	0	0	0	0	20	0	0	0	0	29	0	12	17	0	0	0	0	16	0	0	0	0	0	0	0	0	0	0	0	0	0	0	0	14	0	0	0	0	0	0	0	0	0	0	0	0	0	0	0	13	0	0	0	24	0	0	0	0	0	0	0	0	0	0	21	0	0	0	0	0	0	0	41	0	0	16	22	19	0	0	14	0	0	0	0	0	0	0
species|864069|Microvirga lotononidis	0	0	0	0	17	0	0	0	0	0	0	19	0	0	0	0	19	0	0	16	0	0	14	30	0	0	0	0	0	0	19	0	0	0	0	0	0	0	0	0	0	0	0	17	0	0	0	0	0	0	20	0	0	16	20	0	0	0	0	0	0	0	0	0	0	0	0	27	0	0	0	0	31	0	0	0	0	24	0	13	0	0	0	0	0	0	0	22
species|107709|Opitutus terrae	0	0	0	0	14	13	0	0	0	0	0	0	23	0	0	0	0	0	0	25	18	32	14	28	0	19	0	0	0	17	33	0	14	0	0	0	0	0	0	0	0	0	0	16	0	0	0	0	0	15	0	0	0	0	0	0	0	29	0	0	0	0	0	0	0	0	0	0	0	0	0	0	0	0	0	0	0	0	0	0	13	0	13	0	30	0	0	0
species|370777|Arenimonas daejeonensis	0	0	0	0	36	0	0	0	0	45	0	26	17	27	0	0	18	0	0	33	0	18	20	29	0	0	0	0	0	21	30	0	38	19	0	0	0	0	0	0	0	0	0	0	0	0	0	0	0	23	25	31	40	39	25	0	0	25	0	33	0	0	0	0	30	0	0	19	0	0	0	0	0	0	0	0	27	24	0	23	18	0	0	0	0	0	0	22
species|2492394|Lysobacter segetis	0	0	0	0	42	0	0	0	0	64	0	111	31	71	0	0	33	36	0	62	0	36	73	84	0	0	0	0	0	53	124	0	53	118	0	0	0	0	0	0	0	97	0	0	0	0	0	0	0	53	0	75	79	69	68	0	26	55	0	52	0	0	0	0	139	0	0	76	0	39	0	0	102	0	0	53	50	115	0	62	29	0	0	50	30	0	0	49
species|2675059|Lysobacter helvus	0	0	0	0	25	0	0	0	0	80	0	102	27	82	0	0	32	50	0	35	0	34	51	43	0	0	0	0	0	37	78	0	28	69	0	0	0	0	0	0	0	80	0	33	0	0	0	0	0	53	0	66	56	52	55	0	18	34	0	31	0	0	0	0	81	0	0	53	0	33	0	0	75	0	0	26	32	69	0	28	24	0	0	39	26	0	0	39
species|1128670|Microvirga makkahensis	0	0	0	0	19	0	0	0	0	33	0	19	21	0	0	0	25	0	20	28	0	25	17	33	0	0	0	0	0	23	18	0	0	0	0	0	0	0	0	0	0	22	0	0	0	0	0	0	0	24	0	0	17	35	15	0	33	24	0	26	0	0	0	0	30	0	0	28	0	0	0	0	0	0	0	20	0	26	0	20	23	0	0	0	25	0	0	19
species|1547922|Ideonella sakaiensis	0	0	0	0	18	0	0	0	0	27	0	23	0	0	0	0	0	0	0	30	0	20	21	17	0	0	0	0	0	0	34	0	25	0	0	0	0	0	0	0	0	0	0	30	0	0	0	0	0	16	26	27	0	32	0	0	0	22	0	0	0	0	0	0	30	0	0	26	0	0	0	0	16	0	0	0	0	24	0	17	25	0	0	0	20	0	0	0
species|708132|Oligoflexus tunisiensis	0	0	0	0	37	0	0	0	0	44	0	47	34	53	0	0	58	19	62	76	0	69	65	83	0	0	0	0	0	57	73	0	35	35	0	0	0	0	0	0	0	51	0	51	0	0	0	0	0	51	36	62	33	41	38	0	29	35	0	46	0	0	0	0	55	0	0	41	0	17	0	0	47	0	0	19	20	41	0	27	30	0	0	45	46	0	0	21
species|2086471|Adhaeribacter swui	0	0	0	0	14	0	0	0	0	12	0	29	0	0	0	0	0	22	0	0	0	0	20	0	0	0	0	0	0	0	0	0	13	34	0	0	0	0	0	0	0	20	0	0	0	0	0	0	0	18	0	14	41	13	0	0	0	0	0	0	0	0	0	0	28	0	0	0	0	25	0	0	20	0	0	17	13	0	0	27	0	0	0	25	0	0	0	0
species|1639882|Longimicrobium terrae	0	0	0	0	26	0	0	0	0	15	0	19	15	29	0	0	29	0	29	61	0	45	36	56	0	0	0	0	0	41	49	0	17	0	0	0	0	0	0	0	0	20	0	30	0	0	0	0	0	20	24	41	0	34	15	0	20	11	0	14	0	0	0	0	50	0	0	16	0	0	0	0	0	0	0	0	0	21	0	28	77	0	0	25	35	0	0	30
species|651661|Dyadobacter psychrophilus	0	0	0	0	0	85	0	0	0	0	0	25	0	0	0	0	0	31	0	0	0	0	0	0	0	0	0	0	0	0	0	0	0	0	0	0	0	0	0	0	0	25	0	0	0	0	0	0	0	0	0	0	21	0	0	0	0	0	0	0	0	0	0	0	0	0	0	0	0	28	0	0	27	0	0	0	39	0	0	0	0	0	0	0	0	0	0	0
species|492736|Dyadobacter alkalitolerans	0	0	0	0	0	24	0	0	0	0	0	0	0	0	0	0	0	0	0	0	0	0	0	0	0	0	0	0	0	0	0	0	0	0	0	0	0	0	0	0	0	0	0	0	0	0	0	0	0	0	0	0	0	0	0	0	0	0	0	0	0	0	0	0	0	0	0	0	0	0	0	0	0	0	0	0	0	0	0	0	0	0	0	0	0	0	0	0
species|889272|Polyangium fumosum	0	0	0	0	0	30	20	26	22	0	27	0	0	0	0	15	0	0	0	0	0	0	0	18	16	0	0	0	0	0	0	0	0	0	23	0	19	0	0	18	0	0	0	0	0	21	16	17	0	0	0	0	0	0	0	0	0	0	0	0	0	0	0	0	0	0	17	0	0	0	19	0	0	0	19	0	0	0	31	0	0	0	19	0	0	0	0	0
species|363844|Variovorax ginsengisoli	0	0	0	0	0	28	0	0	0	0	0	0	0	24	0	0	0	0	0	0	0	0	0	0	0	0	0	0	0	0	0	0	0	0	0	0	0	0	0	0	0	0	0	0	0	0	0	0	0	0	0	0	0	0	0	0	0	0	0	0	0	0	0	0	0	0	0	0	0	0	0	0	0	0	0	0	0	0	0	0	0	0	0	0	0	0	0	0
species|254|Chryseobacterium indoltheticum	0	0	0	0	0	49	0	0	0	0	0	0	0	0	0	0	0	0	0	0	0	0	0	0	0	0	0	0	0	0	0	0	0	0	0	0	0	0	0	0	0	0	0	0	0	0	0	0	0	0	0	0	0	0	0	0	0	0	0	0	0	0	0	0	0	0	0	0	0	0	0	0	0	0	0	0	0	0	0	0	0	0	0	0	0	0	0	0
species|1436998|Nitrospira lenta	0	0	0	0	0	16	16	0	0	0	12	0	0	0	0	0	0	0	0	0	0	0	0	0	23	0	0	0	0	0	0	0	0	0	19	0	0	0	0	19	0	0	18	0	0	0	0	0	0	0	0	0	0	0	0	0	0	0	0	0	0	0	23	0	0	0	0	0	0	0	13	0	0	0	0	0	0	0	0	0	0	0	0	0	0	0	0	0
species|29320|Paenarthrobacter nicotinovorans	0	0	0	0	0	26	0	0	0	0	0	0	0	0	0	0	0	0	0	0	0	0	0	0	0	0	0	0	0	0	0	0	0	0	0	0	0	0	0	0	0	0	0	0	0	0	0	0	0	0	0	0	0	0	0	0	0	0	0	0	0	0	0	0	0	0	0	0	0	0	0	0	0	0	0	0	0	0	0	0	0	0	0	0	0	0	0	0
species|1805970|Deinococcus oregonensis	0	0	0	0	0	14	0	0	0	0	0	0	0	0	0	0	0	0	0	0	0	0	0	0	0	0	0	0	0	0	0	0	0	0	0	0	0	0	0	0	0	0	0	0	0	0	0	0	0	0	0	0	0	0	0	0	0	0	0	0	0	0	0	0	0	0	0	0	0	0	0	0	0	0	0	0	0	0	0	0	0	0	0	0	0	0	0	0
species|2082386|Methylibium sp. Pch-M	0	0	0	0	0	39	0	0	0	0	0	0	0	31	0	0	21	0	0	0	27	0	0	15	0	0	0	23	0	29	30	0	0	0	0	0	0	45	0	0	32	26	0	0	0	0	0	0	0	0	0	25	0	0	0	0	0	0	0	0	0	0	0	0	0	0	0	0	0	0	0	0	25	0	0	0	0	0	0	0	0	0	0	0	0	0	0	0
species|1730526|Naumannella huperziae	0	0	0	0	0	0	21	0	0	0	0	0	0	0	0	0	0	0	0	0	0	0	0	0	0	0	0	0	0	0	0	0	0	0	0	0	0	0	0	0	0	0	0	0	0	0	0	0	0	0	0	0	0	0	0	0	0	0	0	0	0	0	0	0	0	0	0	0	0	0	0	0	0	0	0	0	0	0	0	0	0	0	0	0	0	0	0	0
species|86664|Bacillus flexus	0	0	0	0	0	0	16	0	0	0	0	0	0	0	0	0	0	0	0	0	0	0	0	0	0	0	0	0	0	0	0	0	0	0	0	0	0	0	0	0	0	0	0	0	0	0	0	0	0	0	0	0	0	0	0	0	0	0	0	0	0	0	0	0	0	0	0	0	0	0	0	0	0	0	0	0	0	0	0	0	0	0	0	0	0	0	0	0
species|360411|Bellilinea caldifistulae	0	0	0	0	0	0	17	12	0	0	0	0	0	0	0	0	0	0	0	0	0	0	0	0	16	0	0	0	0	0	0	0	0	0	0	0	0	0	0	0	0	0	0	0	0	0	0	0	0	0	0	0	0	0	0	0	0	0	0	0	0	0	0	0	0	0	0	0	0	0	0	0	0	0	0	0	0	0	0	0	0	0	0	0	0	0	0	0
species|115979|Bacillus nealsonii	0	0	0	0	0	0	14	0	0	0	0	0	0	0	0	0	0	0	0	0	0	0	0	0	0	0	0	0	0	0	0	0	0	0	0	0	0	0	0	0	0	0	0	0	0	0	0	0	0	0	0	0	0	0	0	0	0	0	0	0	0	0	0	0	0	0	0	0	0	0	0	0	0	0	0	0	0	0	0	0	0	0	0	0	0	0	0	0
species|75385|Micropruina glycogenica	0	0	0	0	0	0	19	0	0	0	0	0	0	0	0	0	0	0	0	0	0	0	0	0	0	0	0	0	0	0	0	0	0	0	0	0	0	0	0	0	0	0	0	0	0	0	0	0	0	0	0	0	0	0	0	0	0	0	0	0	0	0	0	0	0	0	0	0	0	0	0	0	0	0	0	0	0	0	0	0	0	0	0	0	0	0	0	0
species|48466|Prosthecobacter vanneervenii	0	0	0	0	0	0	12	0	0	0	0	0	0	0	0	0	0	0	0	0	0	0	0	0	0	0	0	0	0	0	0	0	0	0	0	0	0	0	0	0	0	0	0	0	0	0	0	0	0	0	0	0	0	0	0	0	0	0	0	0	0	0	0	0	0	0	0	0	0	0	0	0	0	0	0	0	0	0	0	0	0	0	0	0	0	0	0	0
species|1781166|Niastella hibisci	0	0	0	0	0	0	27	0	0	26	0	0	0	0	0	0	0	0	0	23	0	0	20	12	0	0	0	0	0	0	22	0	16	0	0	0	11	0	0	0	0	25	0	0	0	0	0	14	0	0	0	0	0	25	0	0	0	18	0	0	0	0	0	0	24	0	0	0	0	0	0	0	22	0	0	0	0	18	0	0	0	0	0	26	0	0	0	0
species|1402861|Bacillus filamentosus	0	0	0	0	0	0	18	0	0	0	0	0	0	0	0	0	0	0	0	0	0	0	0	0	0	0	0	0	0	0	0	0	0	0	0	0	0	0	0	0	0	0	0	0	0	0	0	0	0	0	0	0	0	0	0	0	0	0	0	0	0	0	0	0	0	0	0	0	0	0	0	0	0	0	0	0	0	0	0	0	0	0	0	0	0	0	0	0
species|1476|Sporosarcina psychrophila	0	0	0	0	0	0	22	0	29	0	0	0	0	0	0	17	0	0	0	0	0	0	0	0	20	0	0	0	0	0	0	0	0	0	0	24	0	0	0	0	0	0	19	0	0	0	18	0	0	0	0	0	0	0	0	0	0	0	0	0	0	0	0	0	0	0	0	0	0	0	0	0	0	0	17	0	0	0	0	0	0	0	23	0	0	0	0	0
species|546872|Friedmanniella lucida	0	0	0	0	0	0	22	0	0	0	0	0	0	0	0	0	0	0	0	0	0	0	0	0	0	0	0	0	0	0	0	0	0	0	0	0	0	0	0	0	0	0	0	0	0	0	0	0	0	0	0	0	0	0	0	0	0	0	0	0	0	0	0	0	0	0	0	0	0	0	0	0	0	0	0	0	0	0	0	0	0	0	0	0	0	0	0	0
species|630515|Microlunatus soli	0	0	0	0	0	0	22	0	16	0	15	0	0	0	0	20	0	0	0	0	0	0	0	0	0	0	0	0	0	0	0	0	0	0	0	21	0	0	0	0	0	0	16	0	0	0	18	0	0	0	0	0	0	0	0	0	0	0	0	0	0	0	0	0	0	0	16	0	0	0	0	18	0	15	0	0	0	0	24	0	0	0	14	0	0	0	0	0
species|1066|Rhodocyclus tenuis	0	0	0	0	0	0	52	0	0	0	0	0	0	0	0	25	0	0	0	0	0	0	0	0	24	0	0	0	0	0	0	0	0	0	0	0	0	0	0	0	0	0	0	0	0	0	0	0	0	0	0	0	0	0	0	0	0	0	0	0	0	0	0	0	0	0	0	0	0	0	0	0	0	0	0	0	0	0	0	0	0	0	0	0	0	0	0	0
species|1381557|Sulfurisoma sediminicola	0	0	0	0	0	0	23	0	0	0	0	0	0	0	0	21	0	0	0	0	0	0	0	0	22	0	0	0	0	0	0	0	0	0	19	0	0	0	0	0	0	0	0	0	0	0	0	0	0	0	0	0	0	0	0	0	0	0	0	0	0	0	0	0	0	0	0	0	0	0	0	0	0	0	0	0	0	0	0	0	0	0	0	0	0	0	0	0
species|421767|Peribacillus butanolivorans	0	0	0	0	0	0	18	0	0	0	0	0	0	0	0	0	0	0	0	0	0	0	0	0	0	0	0	0	0	0	0	0	0	0	0	0	0	0	0	0	0	0	0	0	0	0	0	0	0	0	0	0	0	0	0	0	0	0	0	0	0	0	0	0	0	0	0	0	0	0	0	0	0	0	0	0	0	0	0	0	0	0	0	0	0	0	0	0
species|220687|Neobacillus novalis	0	0	0	0	0	0	13	0	0	0	0	0	0	0	0	0	0	0	0	0	0	0	0	0	0	0	0	0	0	0	0	0	0	0	0	0	0	0	0	0	0	0	0	0	0	12	0	0	0	0	0	0	0	0	0	0	0	0	0	0	0	0	0	0	0	0	0	0	0	0	0	0	0	0	0	0	18	18	0	0	0	0	0	0	0	0	0	0
species|57664|Desulfuromonas thiophila	0	0	0	0	0	0	28	0	0	0	0	0	0	0	0	0	0	0	0	0	0	0	0	0	19	0	0	0	0	0	0	0	0	0	0	0	22	0	0	0	0	0	0	0	0	0	0	0	0	0	0	0	0	0	0	0	0	0	0	0	0	0	0	0	0	0	0	0	0	0	0	0	0	0	0	0	0	0	0	0	0	0	0	0	0	0	0	0
species|293647|Byssovorax cruenta	0	0	0	0	0	0	24	0	36	0	27	0	0	0	0	15	0	0	0	0	26	0	0	24	28	25	0	21	0	0	0	25	0	0	37	24	19	22	32	19	36	0	16	0	0	17	16	20	0	0	0	0	0	0	0	21	0	0	17	0	0	19	18	0	0	0	17	0	0	0	17	13	0	0	32	0	0	0	23	0	0	0	19	0	0	0	0	0
species|380392|Desulfomicrobium thermophilum	0	0	0	0	0	0	24	0	0	0	0	0	0	0	0	0	0	0	0	0	0	0	0	0	0	0	0	0	0	0	0	0	0	0	0	0	0	0	0	0	0	0	0	0	0	0	0	0	0	0	0	0	0	0	0	0	0	0	0	0	0	0	0	0	0	0	0	0	0	0	0	0	0	0	0	0	0	0	0	0	0	0	0	0	0	0	0	0
species|644383|Thermosporothrix hazakensis	0	0	0	0	0	0	21	0	0	0	0	0	0	0	0	0	0	0	0	0	29	0	0	0	22	0	0	0	0	0	0	0	0	0	25	0	21	0	0	0	0	0	0	0	0	0	0	19	0	0	0	0	0	0	0	26	0	0	0	0	0	0	0	0	0	0	30	0	0	0	0	21	0	0	19	0	0	0	0	0	0	0	14	0	0	0	0	0
species|2527984|Bremerella volcania	0	0	0	0	0	0	16	0	0	0	0	0	0	0	0	0	0	0	0	0	0	0	0	0	0	0	0	0	0	0	0	0	0	0	0	0	0	0	0	0	0	0	0	0	0	0	0	0	0	0	0	0	0	0	0	0	0	0	0	0	0	0	0	0	0	0	0	0	0	0	0	0	0	0	0	0	0	0	0	0	0	0	0	0	0	0	0	0
species|2678302|Mucibacter soli	0	0	0	0	0	0	16	0	0	0	0	0	0	0	0	0	0	0	0	0	0	0	17	0	12	0	0	0	0	0	0	0	0	0	0	0	28	0	0	0	0	0	0	0	0	0	0	0	0	0	24	0	0	0	0	0	0	0	0	0	0	0	0	0	0	0	12	0	0	0	0	0	0	0	0	0	0	0	0	0	24	0	0	0	0	0	0	0
species|2528012|Planctomycetes bacterium Pla86	0	0	0	0	0	0	14	0	0	0	15	0	0	0	0	0	0	0	0	0	0	0	0	0	0	0	0	0	0	0	0	0	0	0	0	0	0	0	0	0	0	0	0	0	0	0	0	0	0	0	0	0	0	0	0	0	0	0	0	0	0	0	0	0	0	0	21	0	0	0	0	0	0	0	0	0	0	0	0	0	0	0	0	0	0	0	0	0
species|29542|Pelobacter acetylenicus	0	0	0	0	0	0	30	0	0	0	29	0	0	0	0	0	0	0	0	0	0	0	0	0	20	0	0	0	0	0	0	0	0	0	0	0	0	0	0	0	0	0	0	0	0	0	0	22	0	0	0	0	0	0	0	0	0	0	0	0	0	0	0	0	0	0	0	0	0	0	0	0	0	0	0	0	0	0	0	0	0	0	0	0	0	0	0	0
species|529810|Dokdonella soli	0	0	0	0	0	0	16	0	0	0	0	0	0	17	0	0	25	0	0	17	0	0	0	0	0	0	0	0	0	0	17	0	0	0	0	0	0	0	0	0	0	0	0	0	0	0	0	0	0	20	0	0	0	0	0	0	0	0	0	0	0	0	0	0	29	0	0	12	0	0	0	0	0	0	0	0	0	0	0	16	0	0	0	0	0	0	0	0
species|71433|Mesorhizobium amorphae	0	0	0	0	0	0	27	0	0	0	0	35	0	25	0	19	59	0	21	41	0	22	17	37	43	0	0	0	0	28	24	0	0	0	0	0	0	0	0	0	22	0	0	36	0	0	0	0	0	19	0	19	0	0	30	0	25	24	0	0	0	0	0	0	0	0	0	0	0	0	0	0	0	0	0	0	0	0	0	0	0	0	0	0	0	0	0	0
species|2528035|Phycisphaerae bacterium RAS2	0	0	0	0	0	0	14	0	0	0	14	0	0	0	0	0	0	0	0	0	0	0	0	0	17	0	0	0	0	0	0	0	0	0	0	0	24	0	0	0	0	0	0	0	0	0	0	0	0	0	0	0	0	0	0	0	0	0	0	0	0	0	0	0	0	0	0	0	0	0	0	0	0	0	0	0	0	0	0	0	0	0	16	0	0	0	0	0
species|29421|Nitrobacter vulgaris	0	0	0	0	0	0	0	0	14	0	0	0	0	0	0	0	0	0	0	0	0	0	0	0	0	0	0	0	0	0	0	0	0	0	0	0	0	0	0	0	0	0	0	0	0	0	0	0	0	0	0	0	0	0	0	0	0	0	0	0	0	0	0	0	0	0	0	0	0	0	0	0	0	0	0	0	0	0	0	0	0	0	0	0	0	0	0	0
species|480070|Rhizomicrobium electricum	0	0	0	0	0	0	0	0	14	0	0	0	0	0	0	0	0	0	0	0	0	0	0	0	22	0	0	0	0	0	0	0	0	0	0	0	0	0	0	0	0	0	0	0	0	0	0	0	0	0	0	0	0	0	0	0	0	0	0	0	0	0	0	0	0	0	0	0	0	0	0	0	0	0	0	0	0	0	0	0	0	0	0	0	0	0	0	0
species|132925|Clostridium bowmanii	0	0	0	0	0	0	0	0	17	0	0	0	0	0	0	0	0	0	0	0	0	0	0	0	17	0	0	0	0	0	0	0	0	0	0	0	18	0	0	0	0	0	0	0	0	0	0	0	0	0	0	0	0	0	0	0	0	0	0	0	0	0	0	0	0	0	0	0	0	0	0	27	0	0	0	0	0	0	32	0	0	0	0	0	0	0	0	0
species|582850|Sporosarcina luteola	0	0	0	0	0	0	0	0	22	0	0	0	0	0	0	0	0	0	0	0	0	0	0	0	0	0	0	0	0	0	0	0	0	0	0	0	31	0	0	0	0	0	0	0	0	0	0	0	0	0	0	0	0	0	0	0	0	0	0	0	0	0	0	0	0	0	0	0	0	0	0	0	0	0	0	0	0	0	0	0	0	0	0	0	0	0	0	0
species|108015|Bradyrhizobium yuanmingense	0	0	0	0	0	0	0	0	17	0	0	0	0	0	0	0	0	0	0	0	0	0	0	0	18	0	0	0	0	0	0	0	0	0	0	0	0	0	0	0	19	0	27	0	0	0	0	0	0	0	0	0	0	0	0	0	0	0	0	0	0	0	0	0	0	0	0	0	13	0	0	0	0	0	0	0	0	0	0	0	0	0	0	0	0	0	0	0
species|1911421|Aridibacter nitratireducens	0	0	0	0	0	0	0	0	16	0	17	0	0	0	0	0	0	0	0	0	0	0	0	0	0	0	0	0	0	0	17	0	0	0	13	14	0	0	0	0	0	0	0	0	0	0	0	0	0	0	0	0	0	0	0	0	0	0	0	0	0	0	0	0	0	0	0	0	0	0	0	0	0	0	0	0	0	0	0	0	0	0	0	0	0	0	0	0
species|1494448|Chelatococcus reniformis	0	0	0	0	0	0	0	0	17	0	0	0	0	0	0	0	0	0	0	0	0	0	0	0	0	0	0	0	0	0	0	0	0	0	0	0	0	0	0	0	0	0	0	0	0	0	0	0	0	0	0	0	0	0	0	0	0	0	0	0	0	0	0	0	0	0	0	0	0	0	0	0	0	0	0	0	0	0	0	0	0	0	0	0	0	0	0	0
species|1329367|Arenimonas taoyuanensis	0	0	0	0	0	0	0	0	0	14	0	0	0	12	0	0	0	0	0	23	0	0	0	0	0	0	0	0	0	0	0	0	0	0	0	0	0	0	0	0	0	0	0	0	0	0	0	0	0	0	0	0	0	0	0	0	0	0	0	0	0	0	0	0	0	0	0	0	0	0	0	0	0	0	0	0	0	0	0	0	0	0	0	0	0	0	0	0
species|76759|Pseudomonas monteilii	0	0	0	0	0	0	0	0	0	19	0	13	0	0	0	0	15	16	14	0	0	16	17	14	0	0	0	0	0	14	20	0	20	29	0	0	0	0	0	0	0	19	0	16	0	0	0	0	0	18	0	0	28	18	18	0	15	0	0	0	0	0	0	0	23	0	0	0	0	16	0	0	22	0	0	0	0	16	0	18	0	0	0	0	0	0	0	0
species|47229|Massilia timonae	0	0	0	0	0	0	0	0	0	56	0	48	12	13	0	0	0	84	17	28	0	16	18	18	0	0	0	0	0	0	44	0	41	60	0	0	0	0	0	0	0	56	0	0	0	0	0	0	0	38	21	21	140	34	39	0	0	0	0	64	0	0	0	0	142	0	0	17	0	44	0	0	57	0	0	57	82	34	0	33	0	0	0	41	0	0	0	19
species|75659|Duganella zoogloeoides	0	0	0	0	0	0	0	0	0	22	0	30	0	14	0	0	0	24	0	22	0	16	0	0	0	0	0	0	0	0	0	0	20	44	0	0	0	0	0	0	0	16	0	0	0	0	0	0	0	0	0	0	50	17	0	0	0	0	0	24	0	0	0	0	16	0	0	0	0	0	0	0	32	0	0	33	12	13	0	14	0	0	0	13	0	0	0	0
species|1035707|Massilia namucuonensis	0	0	0	0	0	0	0	0	0	27	0	13	0	0	0	0	14	69	0	16	0	0	17	0	0	0	0	0	0	0	0	0	26	70	0	0	0	0	0	0	0	30	0	0	0	0	0	0	0	0	0	0	78	19	0	0	0	0	0	15	0	0	0	0	27	0	0	0	0	35	0	0	49	0	0	37	42	17	0	25	0	0	0	15	0	0	0	0
species|104087|Pseudomonas frederiksbergensis	0	0	0	0	0	0	0	0	0	35	0	29	21	14	0	0	26	66	21	0	0	17	49	29	0	0	0	0	0	29	24	0	27	43	0	0	0	0	0	0	0	33	0	0	0	0	0	0	0	37	0	29	43	35	16	0	0	0	0	20	0	0	0	0	47	0	0	0	0	0	0	0	57	0	0	17	40	15	0	26	20	0	0	17	0	0	0	0
species|930166|Pseudomonas brassicacearum	0	0	0	0	0	0	0	0	0	17	0	0	0	13	0	0	16	0	0	0	0	0	11	0	0	0	0	0	0	0	0	0	0	23	0	0	0	0	0	0	0	0	0	0	0	0	0	0	0	0	0	0	0	23	0	0	0	0	0	0	0	0	0	0	0	0	0	0	0	0	0	0	0	0	0	0	0	0	0	0	0	0	0	0	0	0	0	0
species|1772194|Massilia pinisoli	0	0	0	0	0	0	0	0	0	13	0	25	0	0	0	0	0	0	0	0	0	0	0	0	0	0	0	0	0	0	0	0	15	29	0	0	0	0	0	0	0	0	0	0	0	0	0	0	0	16	0	0	15	0	15	0	0	0	0	0	0	0	0	0	18	0	0	0	0	0	0	0	24	0	0	15	16	0	0	0	0	0	0	11	0	0	0	0
species|1084520|Flaviaesturariibacter amylovorans	0	0	0	0	0	0	0	0	0	11	0	0	0	0	0	0	0	0	0	0	0	0	0	0	0	0	0	0	0	0	0	0	0	13	0	0	0	0	0	0	0	0	0	0	0	0	0	0	0	0	0	0	0	11	0	0	0	0	0	0	0	0	0	0	0	0	0	0	0	0	0	0	0	0	0	0	0	0	0	0	0	0	0	0	0	0	0	0
species|373040|Massilia aurea	0	0	0	0	0	0	0	0	0	19	0	21	0	0	0	0	0	28	0	15	0	0	14	17	0	0	0	0	0	0	0	0	28	21	0	0	0	0	0	0	0	0	0	0	0	0	0	0	0	0	0	0	36	12	0	0	0	0	0	0	0	0	0	0	16	0	0	0	0	0	0	0	29	0	0	16	0	14	0	0	0	0	0	0	0	0	0	0
species|1484693|Rhodoferax saidenbachensis	0	0	0	0	0	0	0	0	0	37	0	18	0	0	0	0	0	0	0	28	0	0	19	0	0	0	0	0	0	0	26	0	24	0	0	0	0	0	0	0	0	30	0	0	0	0	0	0	0	28	0	0	23	23	0	0	0	0	0	15	0	0	0	0	0	0	0	0	0	0	0	0	26	0	0	21	30	0	0	0	0	0	0	0	0	0	0	0
species|367474|Caenimonas koreensis	0	0	0	0	0	0	0	0	0	32	0	26	26	13	0	0	37	0	0	32	0	26	16	37	0	0	0	0	0	25	31	0	28	0	0	0	0	0	0	0	0	30	0	33	0	0	0	0	0	26	30	0	10	26	17	0	19	23	0	27	0	0	0	0	22	0	0	21	0	0	0	0	0	0	0	0	0	0	0	28	0	0	0	28	0	0	0	0
species|1938606|Janthinobacterium sp. LM6	0	0	0	0	0	0	0	0	0	22	0	0	0	0	0	0	0	28	0	0	0	0	17	20	0	0	0	0	0	0	0	0	0	0	0	0	0	0	0	0	0	14	0	0	0	0	0	0	0	0	0	0	30	0	0	0	0	0	0	0	0	0	0	0	18	0	0	18	0	0	0	0	29	0	0	30	19	0	0	0	0	0	0	0	25	0	0	0
species|341045|Herbaspirillum hiltneri	0	0	0	0	0	0	0	0	0	21	0	37	17	18	0	0	36	22	0	18	0	0	26	0	0	0	0	0	0	29	20	0	21	0	0	0	0	0	0	0	0	34	0	0	0	0	0	0	0	23	0	0	28	22	0	0	0	0	0	20	0	0	0	0	24	0	0	22	0	0	0	0	32	0	0	0	0	27	0	18	0	0	0	0	0	0	0	0
species|321984|Massilia plicata	0	0	0	0	0	0	0	0	0	45	0	48	17	30	0	0	34	65	0	48	0	12	20	26	0	0	0	0	0	22	16	0	26	66	0	0	0	0	0	0	0	57	0	17	0	0	0	0	0	37	17	25	118	19	24	0	0	0	0	85	0	0	0	0	51	0	0	22	0	33	0	0	85	0	0	58	30	55	0	33	18	0	0	18	0	0	0	15
species|2202149|Thermomonas sp. SY21	0	0	0	0	0	0	0	0	0	26	0	0	0	0	0	0	14	17	0	0	0	0	18	15	0	0	0	0	0	0	0	0	0	0	0	0	0	0	0	0	0	28	0	0	0	0	0	0	0	0	0	0	13	0	0	0	0	0	0	0	0	0	0	0	0	0	0	0	0	0	0	0	0	0	0	0	0	0	0	0	0	0	0	0	0	0	0	0
species|74314|Brevundimonas alba	0	0	0	0	0	0	0	0	0	27	0	35	0	0	0	0	0	0	0	0	0	0	0	0	0	0	0	0	0	0	0	0	27	36	0	0	0	0	0	0	0	31	0	0	0	0	0	0	0	0	0	0	45	0	0	0	0	0	0	28	0	0	0	0	20	0	0	0	0	27	0	0	43	0	0	26	0	39	0	0	0	0	0	0	0	0	0	0
species|498055|Arenimonas oryziterrae	0	0	0	0	0	0	0	0	0	13	0	21	0	17	0	0	0	0	17	21	0	15	15	12	0	0	0	0	0	14	21	0	18	0	0	0	0	0	0	0	0	17	0	0	0	0	0	0	0	0	18	20	17	24	0	0	0	18	0	14	0	0	0	0	12	0	0	0	0	0	0	0	0	0	0	0	0	18	0	15	14	0	0	13	0	0	0	14
species|1302690|Cnuella takakiae	0	0	0	0	0	0	0	0	0	23	0	0	0	0	0	0	0	20	0	0	0	0	16	0	0	0	0	0	0	0	0	0	0	50	0	0	0	0	0	0	0	15	0	0	0	0	0	0	0	0	0	0	0	29	0	0	0	0	0	0	0	0	0	0	21	0	0	0	0	0	0	0	20	0	0	0	20	0	0	0	0	0	0	0	0	0	0	0
species|1720254|Lysobacter humi Lee et al. 2017	0	0	0	0	0	0	0	0	0	18	0	20	0	20	0	0	0	0	0	0	0	0	0	18	0	0	0	0	0	0	19	0	0	0	0	0	0	0	0	0	0	0	0	0	0	0	0	0	0	0	0	0	0	0	0	0	0	0	0	0	0	0	0	0	14	0	0	17	0	0	0	0	14	0	0	0	0	16	0	0	0	0	0	0	0	0	0	0
species|80879|Curvibacter delicatus	0	0	0	0	0	0	0	0	0	29	0	24	0	22	0	0	24	0	0	29	0	30	18	46	0	0	0	0	0	0	40	0	0	24	0	0	0	0	0	0	0	31	0	0	0	0	0	0	0	0	0	37	22	0	23	0	18	26	0	21	0	0	0	0	25	0	0	41	0	0	0	0	27	0	0	0	0	20	0	33	27	0	0	0	25	0	0	0
species|246602|Pseudoduganella violaceinigra	0	0	0	0	0	0	0	0	0	16	0	11	0	0	0	0	0	0	0	28	0	0	15	0	0	0	0	0	0	0	0	0	30	16	0	0	0	0	0	0	0	11	0	0	0	0	0	0	0	0	0	0	0	19	0	0	0	0	0	0	0	0	0	0	0	0	0	0	0	0	0	0	19	0	0	0	0	0	0	23	0	0	0	0	0	0	0	0
species|1781167|Ramlibacter rhizophilus	0	0	0	0	0	0	0	0	0	18	0	26	0	20	0	0	0	0	0	30	0	23	13	35	0	0	0	0	0	0	16	0	12	0	0	0	0	0	0	0	0	14	0	17	0	0	0	0	0	16	18	18	19	15	14	0	0	15	0	24	0	0	0	0	15	0	0	16	0	0	0	0	13	0	0	0	0	14	0	0	0	0	0	18	0	0	0	0
species|408174|Devosia insulae	0	0	0	0	0	0	0	0	0	20	0	41	0	24	0	0	16	0	0	26	0	20	32	39	0	0	0	0	0	23	29	0	35	0	0	0	0	0	0	0	0	28	0	0	0	0	0	0	0	0	21	25	0	39	26	0	0	17	0	44	0	0	0	0	39	0	0	33	0	0	0	0	15	0	0	0	23	23	0	24	16	0	0	0	0	0	0	0
species|1463158|Thermomonas carbonis	0	0	0	0	0	0	0	0	0	25	0	0	0	0	0	0	0	0	0	0	0	0	0	0	0	0	0	0	0	0	0	0	22	0	0	0	0	0	0	0	0	0	0	0	0	0	0	0	0	0	0	0	0	0	0	0	0	0	0	0	0	0	0	0	0	0	0	0	0	0	0	0	0	0	0	0	0	0	0	0	0	0	0	0	0	0	0	0
species|1385522|Lysobacter arseniciresistens	0	0	0	0	0	0	0	0	0	33	0	21	0	18	0	0	0	0	0	0	0	0	0	19	0	0	0	0	0	0	20	0	26	23	0	0	0	0	0	0	0	0	0	0	0	0	0	0	0	0	0	0	27	0	29	0	0	0	0	24	0	0	0	0	24	0	0	18	0	0	0	0	22	0	0	0	0	0	0	0	0	0	0	0	0	0	0	24
species|2290922|Lysobacter sp. TY2-98	0	0	0	0	0	0	0	0	0	17	0	27	0	13	0	0	0	0	0	14	0	16	11	41	0	0	0	0	0	13	18	0	0	22	0	0	0	0	0	0	0	15	0	0	0	0	0	0	0	17	0	32	25	16	19	0	0	0	0	0	0	0	0	0	14	0	0	35	0	0	0	0	41	0	0	0	0	40	0	0	0	0	0	0	0	0	0	15
species|2715290|Lysobacter terrigena	0	0	0	0	0	0	0	0	0	32	0	56	15	24	0	0	19	25	0	22	0	20	26	40	0	0	0	0	0	29	43	0	20	42	0	0	0	0	0	0	0	24	0	0	0	0	0	0	0	29	0	37	21	29	38	0	17	21	0	32	0	0	0	0	38	0	0	45	0	16	0	0	37	0	0	15	22	56	0	17	22	0	0	23	21	0	0	19
species|2675060|Lysobacter xanthus	0	0	0	0	0	0	0	0	0	104	0	64	26	52	0	0	22	46	30	34	0	18	20	47	0	0	0	0	0	17	48	0	49	93	0	0	0	0	0	0	0	48	0	0	0	0	0	0	0	29	26	44	91	54	50	0	20	0	0	41	0	0	0	0	97	0	0	62	0	56	0	0	116	0	0	65	57	82	0	42	23	0	0	35	18	0	0	32
species|380|Sinorhizobium fredii	0	0	0	0	0	0	0	0	0	19	0	0	0	19	0	0	19	0	0	31	0	32	33	0	0	0	0	0	0	0	0	0	0	0	0	0	0	0	0	0	0	0	0	0	0	0	0	0	0	26	0	16	0	24	0	0	0	0	0	0	0	0	0	0	0	0	0	0	0	0	0	0	0	0	0	0	0	0	0	18	0	0	0	0	0	0	0	0
species|380021|Pseudomonas protegens	0	0	0	0	0	0	0	0	0	22	0	0	0	13	0	0	15	0	0	0	0	0	12	0	0	0	0	0	0	0	0	0	0	20	0	0	0	0	0	0	0	0	0	0	0	0	0	0	0	16	0	14	23	0	12	0	0	16	0	13	0	0	0	0	16	0	0	0	0	0	0	0	16	0	0	13	16	0	0	0	0	0	0	0	0	0	0	0
species|56730|Rhizobium gallicum	0	0	0	0	0	0	0	0	0	19	0	30	23	25	0	0	21	22	18	20	0	0	27	25	0	0	0	0	0	20	18	0	0	0	0	0	0	0	0	0	0	17	0	18	0	0	0	0	0	22	0	24	24	22	0	0	0	19	0	14	0	0	0	0	30	0	0	25	0	0	0	0	37	0	0	18	27	0	0	19	24	0	0	0	0	0	0	0
species|1665|Arthrobacter globiformis	0	0	0	0	0	0	0	0	0	32	0	0	0	0	0	0	0	0	0	27	0	0	0	0	0	0	0	0	0	0	29	0	31	0	0	0	0	0	0	0	0	0	0	0	0	0	0	0	0	34	34	0	0	0	0	0	0	0	0	0	0	0	0	0	33	0	0	0	0	0	0	0	0	0	0	0	0	0	0	46	0	0	0	0	0	0	0	0
species|2590774|Pseudarthrobacter sp. NIBRBAC000502771	0	0	0	0	0	0	0	0	0	54	0	65	31	41	0	0	0	0	35	78	0	40	0	36	0	0	0	0	0	0	42	0	97	0	0	0	0	0	0	0	0	0	0	0	0	0	0	0	0	47	30	0	45	0	39	0	0	0	0	57	0	0	0	0	32	0	0	34	0	0	0	0	49	0	0	56	0	26	0	75	0	0	0	0	0	0	0	34
species|2100740|Pedobacter mongoliensis	0	0	0	0	0	0	0	0	0	24	0	21	0	18	0	0	0	37	0	0	0	0	17	0	0	0	0	0	0	0	0	0	27	81	0	0	0	0	0	0	0	30	0	0	0	0	0	0	0	25	0	20	58	24	0	0	0	0	0	18	0	0	0	0	23	0	0	0	0	35	0	0	67	0	0	33	27	33	0	0	0	0	0	23	0	0	0	0
species|1757089|Phenylobacterium panacis	0	0	0	0	0	0	0	0	0	13	0	0	0	0	0	0	0	0	0	0	0	0	0	0	0	0	0	0	0	0	0	0	0	0	0	0	0	0	0	0	0	0	0	0	0	0	0	0	0	0	0	0	0	0	0	0	0	0	0	0	0	0	0	0	0	0	0	0	0	0	0	0	0	0	0	0	0	0	0	0	0	0	0	0	0	0	0	0
species|2497863|Janthinobacterium sp. 17J80-10	0	0	0	0	0	0	0	0	0	20	0	23	0	24	0	0	0	0	0	21	0	0	22	0	0	0	0	0	0	18	0	0	24	17	0	0	0	0	0	0	0	23	0	0	0	0	0	0	0	16	0	16	23	0	0	0	0	0	0	19	0	0	0	0	18	0	0	24	0	0	0	0	19	0	0	0	0	14	0	25	0	0	0	0	0	0	0	0
species|391358|Caldimonas hydrothermale	0	0	0	0	0	0	0	0	0	21	0	0	0	20	0	0	0	0	0	27	0	32	0	44	0	0	0	0	0	26	21	0	0	20	0	0	0	0	0	0	0	0	0	0	0	0	0	0	0	0	0	24	19	0	21	0	0	0	0	0	0	0	0	0	26	0	0	0	0	0	0	0	13	0	0	0	0	0	0	0	0	0	32	0	0	0	0	0
species|36863|Ideonella dechloratans	0	0	0	0	0	0	0	0	0	16	0	0	0	0	0	0	0	0	0	21	0	0	0	16	0	0	0	0	0	0	0	0	18	16	0	0	0	0	0	0	0	16	0	0	0	0	0	0	0	0	0	0	0	0	0	0	0	16	0	0	0	0	0	0	0	0	0	16	0	0	0	0	18	0	0	0	0	0	0	14	0	0	0	0	0	0	0	0
species|180195|Herbaspirillum autotrophicum	0	0	0	0	0	0	0	0	0	20	0	0	0	0	0	0	0	13	0	0	0	0	0	0	0	0	0	0	0	0	0	0	0	0	0	0	0	0	0	0	0	12	0	0	0	0	0	0	0	0	0	0	20	0	0	0	0	0	0	0	0	0	0	0	13	0	0	0	0	0	0	0	14	0	0	0	0	0	0	0	0	0	0	0	0	0	0	0
species|266061|Pseudoxanthomonas koreensis	0	0	0	0	0	0	0	0	0	18	0	12	0	0	0	0	16	0	0	0	0	0	0	0	0	0	0	0	0	0	14	0	16	0	0	0	0	0	0	0	0	0	0	0	0	0	0	0	0	0	0	0	0	0	0	0	0	0	0	0	0	0	0	0	16	0	0	15	0	0	0	0	0	0	0	0	0	0	0	0	0	0	0	0	0	0	0	11
species|1605891|Lysobacter maris	0	0	0	0	0	0	0	0	0	26	0	26	0	20	0	0	0	0	0	25	0	27	22	17	0	0	0	0	0	0	22	0	0	0	0	0	0	0	0	0	0	0	0	0	0	0	0	0	0	27	0	0	0	20	0	0	0	38	0	0	0	0	0	0	17	0	0	19	0	0	0	0	0	0	0	0	0	18	0	0	0	0	0	0	0	0	0	18
species|1978412|Sediminibacterium roseum	0	0	0	0	0	0	0	0	0	16	0	15	0	0	0	0	0	0	0	0	0	0	0	0	0	0	0	0	0	0	0	0	0	0	0	0	0	0	0	0	0	17	0	0	0	0	0	0	0	0	0	0	20	13	0	0	0	0	0	0	0	0	0	0	14	0	0	0	0	0	0	0	0	0	0	0	0	0	0	0	0	0	0	0	0	0	0	0
species|1706829|Sediminibacterium aquarii	0	0	0	0	0	0	0	0	0	31	0	25	0	22	0	0	0	25	0	14	0	0	0	0	0	0	0	0	0	0	0	0	0	0	0	0	0	0	0	0	0	22	0	0	0	0	0	0	0	0	0	22	38	18	0	0	0	0	0	41	0	0	0	0	22	0	0	21	0	0	0	0	26	0	0	0	0	33	0	0	0	0	0	0	0	0	0	0
species|29443|Paucimonas lemoignei	0	0	0	0	0	0	0	0	0	25	0	28	15	19	0	0	0	13	0	20	0	16	0	14	0	0	0	0	0	0	14	0	14	26	0	0	0	0	0	0	0	0	0	0	0	0	0	0	0	0	13	0	22	23	0	0	0	0	0	24	0	0	0	0	21	0	0	21	0	17	0	0	34	0	0	34	17	24	0	17	0	0	0	0	0	0	0	0
species|533|Beijerinckia indica	0	0	0	0	0	0	0	0	0	39	0	41	0	46	0	0	47	37	19	34	0	0	54	50	0	0	0	0	0	33	46	0	41	36	0	0	0	0	0	0	0	30	0	23	0	0	0	0	0	0	34	0	32	35	0	0	0	33	0	44	0	0	0	0	39	0	0	37	0	0	0	0	33	0	0	0	20	45	0	42	0	0	0	0	34	0	0	29
species|426421|Sediminibacterium salmoneum	0	0	0	0	0	0	0	0	0	16	0	22	0	0	0	0	0	19	0	0	0	0	0	0	0	0	0	0	0	0	0	0	0	23	0	0	0	0	0	0	0	0	0	0	0	0	0	0	0	0	0	0	0	0	0	0	0	0	0	0	0	0	0	0	0	0	0	0	0	0	0	0	18	0	0	0	0	0	0	0	0	0	0	0	0	0	0	0
species|87645|Aquaspirillum arcticum	0	0	0	0	0	0	0	0	0	11	0	15	0	0	0	0	0	0	0	13	0	0	0	0	0	0	0	0	0	0	0	0	0	0	0	0	0	0	0	0	0	16	0	0	0	0	0	0	0	0	0	0	18	0	0	0	0	0	0	0	0	0	0	0	0	0	0	0	0	0	0	0	0	0	0	0	0	0	0	0	0	0	0	0	0	0	0	0
species|1443434|Brevundimonas denitrificans	0	0	0	0	0	0	0	0	0	25	0	0	0	0	0	0	0	0	0	0	0	0	0	0	0	0	0	0	0	0	0	0	0	0	0	0	0	0	0	0	0	32	0	0	0	0	0	0	0	0	0	0	21	0	0	0	0	0	0	0	0	0	0	0	0	0	0	0	0	0	0	0	20	0	0	19	0	0	0	0	0	0	0	0	0	0	0	0
species|1892555|Flaviaesturariibacter terrae	0	0	0	0	0	0	0	0	0	55	0	52	17	17	0	0	0	67	0	23	0	0	35	21	0	0	0	0	0	23	0	0	48	155	0	0	0	0	0	0	0	61	0	0	0	0	0	0	0	20	16	18	109	49	17	0	0	0	0	45	0	0	0	0	63	0	0	44	0	37	0	0	199	0	0	80	30	39	0	28	0	0	0	22	0	0	0	0
species|573739|Oxalicibacterium horti	0	0	0	0	0	0	0	0	0	24	0	13	0	0	0	0	0	13	0	15	0	21	15	0	0	0	0	0	0	0	13	0	17	15	0	0	0	0	0	0	0	16	0	0	0	0	0	0	0	0	0	24	12	15	0	0	0	0	0	15	0	0	0	0	16	0	0	0	0	0	0	0	25	0	0	0	16	0	0	0	0	0	0	19	0	0	0	0
species|179467|Oxalicibacterium flavum	0	0	0	0	0	0	0	0	0	14	0	0	0	0	0	0	0	17	0	0	0	0	16	0	0	0	0	0	0	0	0	0	0	21	0	0	0	0	0	0	0	15	0	0	0	0	0	0	0	0	0	0	0	16	0	0	0	0	0	0	0	0	0	0	0	0	0	0	0	0	0	0	20	0	0	0	0	0	0	13	0	0	0	0	0	0	0	0
species|354197|Arenimonas malthae	0	0	0	0	0	0	0	0	0	18	0	21	0	20	0	0	17	0	0	16	0	0	0	21	0	0	0	0	0	17	21	0	0	0	0	0	0	0	0	0	0	0	0	0	0	0	0	0	0	0	0	0	0	0	0	0	0	0	0	0	0	0	0	0	31	0	0	17	0	0	0	0	0	0	0	0	0	0	0	20	0	0	0	0	0	0	0	0
species|687525|Rubellimicrobium roseum	0	0	0	0	0	0	0	0	0	24	0	0	0	0	0	0	0	0	0	0	0	0	0	0	0	0	0	0	0	0	0	0	0	0	0	0	0	0	0	0	0	0	0	0	0	0	0	0	0	0	0	0	0	0	0	0	0	0	0	0	0	0	0	0	0	0	0	0	0	0	0	0	0	0	0	0	0	0	0	0	0	0	0	0	0	0	0	0
species|1813876|Phenylobacterium hankyongense	0	0	0	0	0	0	0	0	0	39	0	20	0	0	0	0	0	17	0	32	0	0	21	0	0	0	0	0	0	0	15	0	0	25	0	0	0	0	0	0	0	25	0	0	0	0	0	0	0	0	0	0	37	18	11	0	0	0	0	0	0	0	0	0	20	0	0	0	0	0	0	0	35	0	0	31	24	24	0	0	0	0	0	13	0	0	0	0
species|2502779|Flavisolibacter sp. 17J28-1	0	0	0	0	0	0	0	0	0	29	0	0	0	0	0	0	0	36	0	0	0	0	18	0	0	0	0	0	0	0	0	0	0	48	0	0	0	0	0	0	0	18	0	0	0	0	0	0	0	0	0	0	0	15	0	0	0	0	0	0	0	0	0	0	0	0	0	11	0	0	0	0	0	0	0	0	16	0	0	0	0	0	0	0	0	0	0	0
species|1658665|Mitsuaria sp. 7	0	0	0	0	0	0	0	0	0	20	0	56	23	38	0	0	27	47	0	21	0	21	33	0	0	0	0	0	0	34	0	0	77	18	0	0	0	0	0	0	0	33	0	0	0	0	0	0	0	19	0	28	34	35	0	0	0	0	0	25	0	0	0	0	0	0	0	0	0	0	0	0	67	0	0	0	0	0	0	16	0	0	0	24	0	0	0	0
species|304|Pelomonas saccharophila	0	0	0	0	0	0	0	0	0	19	0	25	0	0	0	0	0	17	0	34	0	0	0	21	0	0	0	0	0	0	0	0	28	14	0	0	0	0	0	0	0	23	0	0	0	0	0	0	0	0	0	0	28	0	0	0	0	23	0	0	0	0	0	0	18	0	0	0	0	0	0	0	31	0	0	25	0	25	0	12	0	0	0	13	0	0	0	0
species|95300|Pseudomonas vancouverensis	0	0	0	0	0	0	0	0	0	24	0	24	0	13	0	0	40	0	33	0	0	23	0	19	0	0	0	0	0	0	34	0	20	0	0	0	0	0	0	0	0	13	0	14	0	0	0	0	0	27	14	21	0	24	15	0	17	25	0	0	0	0	0	0	40	0	0	0	0	18	0	0	12	0	0	0	0	0	0	12	13	0	0	0	0	0	0	28
species|69284|Pseudoxanthomonas japonensis	0	0	0	0	0	0	0	0	0	23	0	0	0	0	0	0	0	0	0	0	0	0	0	0	0	0	0	0	0	0	21	0	0	0	0	0	0	0	0	0	0	0	0	0	0	0	0	0	0	0	0	0	0	0	0	0	0	0	0	0	0	0	0	0	0	0	0	33	0	0	0	0	0	0	0	0	0	0	0	0	0	0	0	0	0	0	0	0
species|453816|Bdellovibrio exovorus	0	0	0	0	0	0	0	0	0	21	0	12	0	0	0	0	0	18	0	17	0	0	0	0	0	0	0	0	0	0	0	0	20	22	0	0	0	0	0	0	0	16	0	0	0	0	0	0	0	10	0	20	36	11	0	0	0	0	0	17	0	0	0	0	11	0	0	0	0	19	0	0	24	0	0	23	0	18	0	0	0	0	0	19	0	0	0	0
species|56731|Rhizobium giardinii	0	0	0	0	0	0	0	0	0	20	0	0	0	0	0	0	0	0	0	0	0	0	0	0	0	0	0	0	0	0	0	0	20	0	0	0	0	0	0	0	0	0	0	0	0	0	0	0	0	0	0	0	0	16	0	0	0	0	0	17	0	0	0	0	0	0	0	0	0	0	0	0	0	0	0	12	0	0	0	0	0	0	0	14	0	0	0	0
species|358|Agrobacterium tumefaciens	0	0	0	0	0	0	0	0	0	50	0	34	26	31	0	0	50	24	30	0	0	0	36	0	0	0	0	0	0	0	0	0	0	59	0	0	0	0	0	0	0	27	0	0	0	0	0	0	0	0	0	0	29	29	0	0	0	39	0	59	0	0	0	0	21	0	0	0	0	29	0	0	60	0	0	0	0	32	0	0	26	0	0	29	0	0	0	22
species|1792846|Lysobacter firmicutimachus	0	0	0	0	0	0	0	0	0	57	0	29	29	20	0	0	19	0	0	35	0	0	24	0	0	0	0	0	0	0	34	0	19	44	0	0	0	0	0	0	0	27	0	0	0	0	0	0	0	25	25	0	0	31	0	0	0	0	0	0	0	0	0	0	33	0	0	39	0	0	0	0	26	0	0	32	23	32	0	36	0	0	0	0	0	0	0	26
species|1572859|Gellertiella hungarica	0	0	0	0	0	0	0	0	0	17	0	0	0	22	0	0	0	0	0	0	0	0	0	0	0	0	0	0	0	0	0	0	0	0	0	0	0	0	0	0	0	0	0	0	0	0	0	0	0	0	0	0	0	0	0	0	0	0	0	0	0	0	0	0	0	0	0	15	0	0	0	0	0	0	0	0	0	0	0	0	0	0	0	0	0	0	0	0
species|1708790|Altererythrobacter rigui	0	0	0	0	0	0	0	0	0	40	0	20	0	0	0	0	0	19	0	0	0	0	0	21	0	0	0	0	0	0	0	0	0	18	0	0	0	0	0	0	0	21	0	0	0	0	0	0	0	0	0	0	17	0	0	0	0	0	0	0	0	0	0	0	14	0	0	0	0	0	0	0	27	0	0	17	0	18	0	0	0	0	0	0	0	0	0	0
species|1036780|Bosea robiniae	0	0	0	0	0	0	0	0	0	38	0	38	0	32	0	0	31	25	0	0	0	0	19	0	0	0	0	0	0	0	0	0	34	25	0	0	0	0	0	0	0	40	0	0	0	0	0	0	0	0	0	0	45	24	0	0	0	0	0	30	0	0	0	0	46	0	0	0	0	0	0	0	20	0	0	25	0	15	0	21	0	0	0	0	0	0	0	0
species|2071607|Sphingomonas rhizophila	0	0	0	0	0	0	0	0	0	15	0	0	0	0	0	0	0	0	0	0	0	0	0	0	0	0	0	0	0	0	0	0	0	0	0	0	0	0	0	0	0	0	0	0	0	0	0	0	0	0	0	0	0	0	0	0	0	0	0	0	0	0	0	0	0	0	0	0	0	0	0	0	0	0	0	0	0	0	0	0	0	0	0	0	0	0	0	0
species|231434|Beijerinckia mobilis	0	0	0	0	0	0	0	0	0	38	0	30	0	0	0	0	0	0	0	26	0	0	19	0	0	0	0	0	0	0	0	0	27	26	0	0	0	0	0	0	0	21	0	0	0	0	0	0	0	39	0	0	27	21	0	0	0	0	0	0	0	0	0	0	33	0	0	27	0	0	0	0	29	0	0	38	13	0	0	0	0	0	0	0	0	0	0	19
species|1834519|Fibrella sp. ES10-3-2-2	0	0	0	0	0	0	0	0	0	37	0	20	0	0	0	0	0	11	0	0	0	0	18	0	0	0	0	0	0	0	12	0	0	56	0	0	0	0	0	0	0	22	0	0	0	0	0	0	0	12	0	0	54	16	16	0	0	0	0	18	0	0	0	0	23	0	0	19	0	26	0	0	40	0	0	17	22	26	0	0	0	0	0	17	0	0	0	0
species|378543|Tumebacillus permanentifrigoris	0	0	0	0	0	0	0	0	0	12	0	163	19	88	0	0	315	30	84	161	0	45	167	31	0	0	0	0	16	90	0	0	73	0	0	0	0	0	0	0	0	54	0	83	0	0	0	0	0	50	82	46	216	0	0	0	226	356	0	0	0	0	0	0	0	0	0	0	0	167	0	0	37	0	0	210	0	361	0	58	28	0	0	233	0	0	0	0
species|285|Comamonas testosteroni	0	0	0	0	0	0	0	0	0	24	0	0	0	0	0	0	0	0	0	0	0	0	0	0	0	0	0	0	0	0	0	0	0	0	0	0	0	0	0	0	0	0	0	0	0	0	0	0	0	0	0	0	0	13	0	0	0	0	0	0	0	0	0	0	0	0	0	0	0	0	0	0	0	0	0	0	0	0	0	0	0	0	0	0	0	0	0	0
species|1591085|Dyadobacter jiangsuensis	0	0	0	0	0	0	0	0	0	43	0	27	0	36	0	0	0	66	0	0	0	0	26	0	0	0	0	0	0	0	0	0	34	67	0	0	0	0	0	0	0	55	0	0	0	0	0	0	0	0	0	0	63	26	17	0	0	0	0	16	0	0	0	0	47	0	0	18	0	48	0	0	94	0	0	18	64	33	0	20	0	0	0	25	0	0	0	0
species|94254|Dyadobacter fermentans	0	0	0	0	0	0	0	0	0	19	0	25	0	0	0	0	0	69	0	0	0	0	21	0	0	0	0	0	0	0	0	0	23	59	0	0	0	0	0	0	0	47	0	0	0	0	0	0	0	0	0	0	38	0	0	0	0	0	0	22	0	0	0	0	28	0	0	0	0	37	0	0	137	0	0	32	43	0	0	0	0	0	0	0	0	0	0	0
species|2572087|Candidatus Saccharibacteria bacterium oral taxon 955	0	0	0	0	0	0	0	0	0	15	0	28	0	0	0	0	0	0	0	0	0	0	0	0	0	0	0	0	0	0	0	0	0	0	0	0	0	0	0	0	0	13	0	0	0	0	0	0	0	0	0	14	23	0	0	0	0	0	0	0	0	0	0	0	23	0	0	0	0	0	0	0	29	0	0	0	15	0	0	0	0	0	0	0	0	0	0	0
species|28202|Peredibacter starrii	0	0	0	0	0	0	0	0	0	26	0	35	0	24	0	0	24	35	15	13	0	23	23	22	0	0	0	0	0	29	17	0	24	35	0	0	0	0	0	0	0	45	0	12	0	0	0	0	0	26	0	27	63	15	21	0	0	0	0	49	0	0	0	0	52	0	0	22	0	27	0	0	78	0	0	25	30	32	0	0	0	0	0	26	15	0	0	0
species|217203|Achromobacter spanius	0	0	0	0	0	0	0	0	0	19	0	0	0	0	0	0	0	26	0	0	0	0	0	0	0	0	0	0	0	0	0	0	0	26	0	0	0	0	0	0	0	23	0	0	0	0	0	0	0	0	0	22	0	0	0	0	0	0	0	0	0	0	0	0	45	0	0	0	0	22	0	0	17	0	0	0	0	27	0	0	0	0	0	0	0	0	0	0
species|1084526|Nibrella saemangeumensis	0	0	0	0	0	0	0	0	0	17	0	0	0	0	0	0	0	0	0	0	0	0	14	0	0	0	0	0	0	0	0	0	0	0	0	0	0	0	0	0	0	12	0	0	0	0	0	0	0	0	0	0	0	0	0	0	0	0	0	0	0	0	0	0	0	0	0	0	0	0	0	0	0	0	0	0	0	0	0	0	0	0	0	0	0	0	0	0
species|365533|Belnapia moabensis	0	0	0	0	0	0	0	0	0	20	0	23	0	21	0	0	0	0	0	0	0	0	0	0	0	0	0	0	0	0	0	0	15	0	0	0	0	0	0	0	0	18	0	0	0	0	0	0	0	0	0	0	0	0	0	0	0	0	0	0	0	0	0	0	0	0	0	0	0	0	0	0	0	0	0	0	0	0	0	0	0	0	0	0	0	0	0	0
species|1233114|Azospirillum fermentarium	0	0	0	0	0	0	0	0	0	0	42	0	0	0	0	22	0	0	0	0	0	0	0	0	20	0	0	0	0	0	0	0	0	0	0	0	0	0	0	0	0	0	0	0	0	0	0	0	0	0	0	0	0	0	0	0	0	0	0	0	0	0	0	0	0	0	26	0	0	0	0	0	0	0	14	0	0	0	0	0	0	0	0	0	0	0	0	0
species|200616|Rhodoplanes tepidamans	0	0	0	0	0	0	0	0	0	0	16	0	0	0	0	0	0	0	0	0	0	0	0	0	0	0	0	0	0	0	0	0	0	0	0	0	0	0	0	0	0	0	0	0	0	0	0	0	0	0	0	0	0	0	0	0	0	0	0	0	0	0	0	0	0	0	12	0	0	0	0	0	0	0	0	0	0	0	0	0	0	0	14	0	0	0	0	0
species|428|Methylosinus sporium	0	0	0	0	0	0	0	0	0	0	16	0	0	0	0	0	0	0	0	0	0	0	0	0	0	0	0	18	0	0	0	0	0	0	17	0	0	0	0	0	0	0	0	0	0	0	0	0	0	0	0	0	0	0	0	0	0	0	0	0	0	0	0	0	0	0	0	0	0	0	0	0	0	0	0	0	0	0	0	0	0	0	0	0	0	0	0	0
species|29543|Pelobacter propionicus	0	0	0	0	0	0	0	0	0	0	26	0	0	0	0	0	0	0	0	0	0	0	0	0	0	0	0	0	0	0	0	0	0	0	0	0	0	0	0	0	0	0	0	0	0	0	0	0	0	0	0	0	0	0	0	0	0	0	0	0	0	0	0	0	0	0	0	0	0	0	0	0	0	0	0	0	0	0	35	0	0	0	0	0	0	0	0	0
species|203699|Derxia gummosa	0	0	0	0	0	0	0	0	0	0	21	0	0	0	0	0	0	0	0	0	0	0	0	0	19	0	0	0	0	0	0	0	0	0	0	0	0	20	0	0	0	0	0	0	0	0	0	0	0	0	0	0	0	0	0	0	0	0	0	0	0	0	0	0	0	0	0	0	0	0	0	0	0	0	0	0	0	0	0	0	0	0	0	0	0	0	0	0
species|120962|Roseiflexus castenholzii	0	0	0	0	0	0	0	0	0	0	20	0	0	0	0	0	0	0	0	0	0	0	0	0	0	0	0	0	0	0	0	0	0	0	0	0	0	0	0	0	0	0	0	0	0	16	0	19	0	0	0	0	0	0	0	0	0	0	0	0	0	0	0	0	0	0	0	0	0	0	0	0	0	0	0	0	0	0	0	0	0	0	21	0	0	0	0	0
species|1836198|Variovorax ureilyticus	0	0	0	0	0	0	0	0	0	0	24	32	34	36	0	0	0	31	0	41	23	28	29	30	0	22	0	0	0	30	40	0	34	0	35	0	0	0	0	26	0	31	0	0	0	0	0	0	0	46	40	41	19	32	23	0	29	48	0	31	0	0	0	0	33	0	0	42	0	0	0	0	26	0	0	32	19	46	31	25	0	0	0	0	0	0	0	0
species|2527972|Planctomycetes bacterium Pan181	0	0	0	0	0	0	0	0	0	0	10	0	0	0	0	0	0	0	0	0	0	0	0	0	0	0	0	0	0	0	0	0	0	0	0	0	0	0	0	0	0	0	0	0	0	0	0	0	0	0	0	0	0	0	0	0	0	0	0	0	0	0	0	0	0	0	0	0	0	0	0	0	0	0	0	0	0	0	0	0	0	0	0	0	0	0	0	0
species|310767|Zoogloea oryzae	0	0	0	0	0	0	0	0	0	0	24	0	0	0	0	0	0	0	0	0	0	0	0	0	0	0	0	0	0	0	0	0	0	0	0	0	0	0	0	0	0	0	0	0	0	0	0	0	0	0	0	0	0	0	0	0	0	0	0	0	0	0	0	0	0	0	0	0	0	0	0	0	0	0	0	0	0	0	0	0	0	0	24	0	0	0	0	0
species|1312852|Thermoanaerobaculum aquaticum	0	0	0	0	0	0	0	0	0	0	26	0	0	0	0	0	0	0	0	0	0	0	0	0	0	0	0	18	0	0	0	0	0	0	0	0	0	0	0	0	0	0	0	0	0	0	0	0	0	0	0	0	0	0	0	0	0	0	0	0	0	0	0	0	0	0	0	0	0	0	0	0	0	0	25	0	0	0	19	0	0	0	15	0	0	0	0	0
species|2528011|Planctomycetes bacterium Pla133	0	0	0	0	0	0	0	0	0	0	17	0	0	0	0	0	0	0	0	0	0	0	0	0	0	0	0	0	0	0	0	0	0	0	0	0	0	0	0	0	0	0	0	0	0	0	0	0	0	0	0	0	0	0	0	0	0	0	0	0	0	0	0	0	0	0	0	0	0	0	0	0	0	23	0	0	0	0	0	0	0	0	0	0	0	0	0	0
species|1983306|Edaphobaculum flavum	0	0	0	0	0	0	0	0	0	0	0	16	0	0	0	0	0	0	0	19	0	0	0	0	13	0	0	0	0	0	0	0	0	0	0	0	0	0	0	0	0	0	0	0	0	0	0	0	0	0	0	0	0	0	0	0	0	0	0	0	0	0	0	0	0	0	0	0	0	0	0	0	0	0	0	0	0	0	0	0	0	0	0	0	0	0	0	0
species|1890295|Pseudoduganella danionis	0	0	0	0	0	0	0	0	0	0	0	15	0	0	0	0	0	0	0	0	0	0	0	0	0	0	0	0	0	0	0	0	0	0	0	0	0	0	0	0	0	13	0	0	0	0	0	0	0	0	0	0	17	0	0	0	0	0	0	0	0	0	0	0	0	0	0	0	0	0	0	0	0	0	0	0	0	0	0	0	0	0	0	0	0	0	0	0
species|2590869|Janthinobacterium sp. SNU WT3	0	0	0	0	0	0	0	0	0	0	0	14	0	0	0	0	0	0	0	0	0	0	0	0	0	0	0	0	0	0	0	0	0	17	0	0	0	0	0	0	0	0	0	0	0	0	0	0	0	0	0	16	31	0	0	0	0	0	0	0	0	0	0	0	0	0	0	0	0	0	0	0	16	0	0	35	0	0	0	0	0	0	0	0	0	0	0	0
species|2026176|Massilia phosphatilytica	0	0	0	0	0	0	0	0	0	0	0	16	0	0	0	0	0	0	0	0	0	0	0	0	0	0	0	0	0	0	0	0	16	0	0	0	0	0	0	0	0	14	0	0	0	0	0	0	0	0	0	0	18	0	0	0	0	0	0	0	0	0	0	0	0	0	0	0	0	0	0	0	0	0	0	19	12	21	0	0	0	0	0	0	0	0	0	0
species|427333|Herminiimonas saxobsidens	0	0	0	0	0	0	0	0	0	0	0	15	0	0	0	0	0	0	0	0	0	0	0	0	0	0	0	0	0	0	0	0	0	0	0	0	0	0	0	0	0	0	0	0	0	0	0	0	0	0	0	0	13	0	0	0	0	0	0	0	0	0	0	0	0	0	0	0	0	0	0	0	0	0	0	0	0	0	0	0	0	0	0	0	0	0	0	0
species|216778|Stenotrophomonas rhizophila	0	0	0	0	0	0	0	0	0	0	0	29	0	43	0	0	18	0	0	0	0	0	0	0	0	0	0	0	0	0	16	0	24	0	0	0	0	0	0	0	0	0	0	0	0	0	0	0	0	0	0	0	14	27	19	0	0	0	0	0	0	0	0	0	13	0	0	0	0	18	0	0	0	0	0	0	0	0	0	0	0	0	0	14	0	0	0	0
species|986|Flavobacterium johnsoniae	0	0	0	0	0	0	0	0	0	0	0	25	0	0	0	0	0	0	0	0	0	0	0	0	0	0	0	0	0	0	0	0	0	0	0	0	0	0	0	0	0	0	0	0	0	0	0	0	0	0	0	0	23	0	0	0	0	0	0	23	0	0	0	0	23	0	0	0	0	0	0	0	0	0	0	0	165	0	0	0	0	0	0	0	0	0	0	0
species|394093|Cystobacter miniatus	0	0	0	0	0	0	0	0	0	0	0	22	0	16	0	0	25	0	21	47	0	13	14	22	0	0	0	0	0	18	13	0	0	0	0	0	0	0	0	0	0	0	0	13	0	0	0	0	0	12	20	17	0	0	17	0	0	25	0	11	0	0	0	0	12	0	0	0	0	0	0	0	0	0	0	0	0	0	0	23	15	0	0	0	16	0	0	0
species|83449|Cystobacter ferrugineus	0	0	0	0	0	0	0	0	0	0	0	28	23	44	0	0	22	0	37	59	0	26	17	0	0	0	0	0	0	0	0	0	40	0	0	0	0	0	0	0	0	0	0	20	0	0	0	0	0	30	15	12	0	27	13	0	0	18	0	24	0	0	0	0	17	0	0	0	0	0	0	0	0	0	0	0	0	12	0	29	0	0	0	30	0	0	0	0
species|648895|Massilia suwonensis	0	0	0	0	0	0	0	0	0	0	0	14	0	0	0	0	0	14	0	0	0	0	0	0	0	0	0	0	0	0	0	0	0	0	0	0	0	0	0	0	0	12	0	0	0	0	0	0	0	0	0	0	21	0	0	0	0	0	0	20	0	0	0	0	15	0	0	0	0	0	0	0	0	0	0	0	0	0	0	0	0	0	0	0	0	0	0	0
species|346179|Herbaspirillum rhizosphaerae	0	0	0	0	0	0	0	0	0	0	0	12	0	0	0	0	0	0	0	0	0	0	0	0	0	0	0	0	0	0	0	0	12	0	0	0	0	0	0	0	0	0	0	0	0	0	0	0	0	0	0	0	12	0	0	0	0	0	0	0	0	0	0	0	12	0	0	0	0	0	0	0	14	0	0	0	0	0	0	0	0	0	0	0	0	0	0	0
species|573741|Oxalicibacterium faecigallinarum	0	0	0	0	0	0	0	0	0	0	0	16	0	0	0	0	17	15	0	0	0	0	17	0	0	0	0	0	0	0	19	0	0	17	0	0	0	0	0	0	0	15	0	0	0	0	0	0	0	0	0	0	14	0	0	0	0	0	0	0	0	0	0	0	13	0	0	0	0	0	0	0	0	0	0	0	0	0	0	0	0	0	0	0	0	0	0	0
species|394092|Cystobacter gracilis	0	0	0	0	0	0	0	0	0	0	0	11	0	12	0	0	0	0	0	12	0	11	0	0	0	0	0	0	0	0	16	0	17	0	0	0	0	0	0	0	0	0	0	0	0	0	0	0	0	14	0	14	0	0	0	0	0	0	0	21	0	0	0	0	11	0	0	16	0	0	0	0	0	0	0	0	0	0	0	14	0	0	0	0	0	0	0	0
species|2220073|Bdellovibrio sp. NC01	0	0	0	0	0	0	0	0	0	0	0	11	0	0	0	0	0	0	0	11	0	0	0	0	0	0	0	0	0	0	0	0	0	0	0	0	0	0	0	0	0	17	0	0	0	0	0	0	0	0	0	0	0	0	0	0	0	0	0	0	0	0	0	0	0	0	0	14	0	0	0	0	0	0	0	0	0	0	0	0	0	0	0	0	0	0	0	0
species|1312183|Rhizobium jaguaris	0	0	0	0	0	0	0	0	0	0	0	13	0	0	0	0	0	0	0	0	0	0	0	0	0	0	0	0	0	0	0	0	0	0	0	0	0	0	0	0	0	0	0	0	0	0	0	0	0	0	0	0	0	0	0	0	0	0	0	0	0	0	0	0	0	0	0	0	0	0	0	0	0	0	0	0	0	0	0	0	0	0	0	0	0	0	0	0
species|436515|Variovorax boronicumulans	0	0	0	0	0	0	0	0	0	0	0	31	0	0	0	0	0	0	0	0	0	0	0	22	0	0	0	0	0	0	0	0	0	0	0	0	0	0	0	0	0	0	0	0	0	0	0	0	0	0	0	0	18	0	0	0	0	0	0	0	0	0	0	0	0	0	0	0	0	0	0	0	0	0	0	0	0	0	0	0	0	0	0	0	0	0	0	0
species|391905|Methylocystis heyeri	0	0	0	0	0	0	0	0	0	0	0	17	0	0	0	0	0	0	0	23	0	0	0	0	0	0	0	0	0	0	0	0	0	0	0	0	0	0	0	0	0	0	0	0	0	0	0	0	0	0	0	0	0	25	0	0	0	0	0	0	0	0	0	0	0	0	0	0	0	0	0	0	0	0	0	0	0	0	0	0	0	0	0	0	0	0	0	0
species|1280370|Tumebacillus lipolyticus	0	0	0	0	0	0	0	0	0	0	0	54	0	44	0	0	0	0	136	0	0	36	0	0	0	0	0	0	0	0	0	0	0	0	0	0	0	0	0	0	0	13	0	26	0	0	0	0	0	13	61	13	27	0	13	0	0	0	0	14	0	0	0	0	0	0	0	0	0	0	0	0	23	0	0	0	0	14	0	0	13	0	0	0	11	0	0	0
species|35|Corallococcus macrosporus	0	0	0	0	0	0	0	0	0	0	0	19	0	17	0	0	26	0	19	39	0	31	23	16	0	0	0	0	0	28	27	0	22	0	0	0	0	0	0	0	0	27	0	18	0	0	0	0	0	16	23	15	0	0	0	0	0	21	0	19	0	0	0	0	16	0	0	16	0	0	0	0	0	0	0	0	0	29	0	47	18	0	0	13	18	0	0	0
species|2249356|Flavobacterium sp. HYN0086	0	0	0	0	0	0	0	0	0	0	0	56	0	29	0	0	0	0	0	0	0	0	0	0	0	0	0	0	0	0	0	0	34	75	0	0	0	0	0	0	0	0	0	0	0	0	0	0	0	31	0	0	56	20	43	0	0	0	0	34	0	0	0	0	46	0	0	0	0	45	0	0	32	0	0	0	0	0	0	0	0	0	0	37	0	0	0	0
species|262323|Lysobacter brunescens	0	0	0	0	0	0	0	0	0	0	0	13	0	0	0	0	16	0	0	22	0	0	0	12	0	0	0	0	0	0	18	0	0	0	0	0	0	0	0	0	0	0	0	0	0	0	0	0	0	0	0	0	0	0	0	0	0	16	0	0	0	0	0	0	0	0	0	0	0	0	0	0	0	0	0	0	0	0	0	16	0	0	0	0	0	0	0	0
species|1244513|Luteimonas huabeiensis	0	0	0	0	0	0	0	0	0	0	0	19	0	14	0	0	0	0	0	0	0	0	0	17	0	0	0	0	0	0	17	0	17	0	0	0	0	0	0	0	0	14	0	0	0	0	0	0	0	0	0	0	0	0	0	0	0	0	0	0	0	0	0	0	0	0	0	12	0	0	0	0	0	0	0	0	0	0	0	0	0	0	0	0	0	0	0	16
species|2509614|Rhodoferax sediminis	0	0	0	0	0	0	0	0	0	0	0	19	0	0	0	0	0	0	0	0	0	0	0	0	0	0	0	0	0	0	0	0	16	26	0	0	0	0	0	0	0	21	0	0	0	0	0	0	0	0	0	0	17	19	0	0	0	0	0	17	0	0	0	0	29	0	0	0	0	0	0	0	23	0	0	0	0	24	0	0	0	0	0	0	0	0	0	0
species|2029860|Tundrisphaera lichenicola	0	0	0	0	0	0	0	0	0	0	0	13	0	17	0	0	0	0	0	0	0	0	0	0	0	0	0	0	0	0	0	0	0	0	0	0	0	0	0	0	0	0	0	0	0	0	0	0	0	0	0	0	0	0	0	0	0	0	0	0	0	0	0	0	0	0	0	0	0	0	0	0	0	0	0	0	0	0	0	0	0	0	0	0	0	0	0	0
species|352475|Shinella zoogloeoides	0	0	0	0	0	0	0	0	0	0	0	14	0	0	0	0	0	0	0	0	0	0	0	0	0	0	0	0	0	0	0	0	26	0	0	0	0	0	0	0	0	0	0	0	0	0	0	0	0	0	0	0	0	0	0	0	0	0	0	0	0	0	0	0	27	0	0	0	0	22	0	0	0	0	0	0	0	0	0	0	0	0	0	0	0	0	0	0
species|879274|Shinella sp. HZN7	0	0	0	0	0	0	0	0	0	0	0	28	0	0	0	0	0	0	0	0	0	0	20	0	0	0	0	0	0	0	0	0	0	0	0	0	0	0	0	0	0	0	0	0	0	0	0	0	0	0	0	0	0	23	0	0	0	0	0	0	0	0	0	0	27	0	0	0	0	0	0	0	0	0	0	26	0	26	0	0	0	0	0	0	0	0	0	0
species|31996|Beijerinckia derxii	0	0	0	0	0	0	0	0	0	0	0	24	0	0	0	0	0	0	0	17	0	0	0	0	0	0	0	0	0	0	0	0	0	0	0	0	0	0	0	0	0	0	0	0	0	0	0	0	0	0	0	0	0	0	0	0	0	0	0	0	0	0	0	0	0	0	0	0	0	0	0	0	0	0	0	0	0	0	0	0	0	0	0	0	0	0	0	0
species|21|Phenylobacterium immobile	0	0	0	0	0	0	0	0	0	0	0	12	0	0	0	0	0	12	0	0	0	0	11	0	0	0	0	0	0	0	0	0	0	0	0	0	0	0	0	0	0	18	0	0	0	0	0	0	0	0	0	0	0	14	0	0	0	0	0	0	0	0	0	0	0	0	0	0	0	0	0	0	0	0	0	0	0	0	0	0	0	0	0	0	0	0	0	0
species|1929097|Lysobacter solanacearum	0	0	0	0	0	0	0	0	0	0	0	18	0	0	0	0	14	0	0	17	0	17	0	13	0	0	0	0	0	0	18	0	0	0	0	0	0	0	0	0	0	0	0	0	0	0	0	0	0	0	0	0	0	0	0	0	0	0	0	0	0	0	0	0	0	0	0	0	0	0	0	0	0	0	0	0	0	0	0	0	0	0	0	0	0	0	0	14
species|1379159|Dyella jiangningensis	0	0	0	0	0	0	0	0	0	0	0	44	0	58	0	0	0	0	0	0	0	0	0	0	0	0	0	0	0	0	0	0	0	0	0	0	0	0	0	0	0	0	0	0	0	0	0	0	0	0	0	0	0	0	0	0	0	37	0	0	0	0	0	0	0	0	0	0	0	0	0	0	0	0	0	0	0	0	0	0	0	0	0	0	0	0	0	0
species|1673|Rhizobium viscosum	0	0	0	0	0	0	0	0	0	0	0	24	0	22	0	0	18	0	0	0	0	0	20	0	0	0	0	0	0	0	0	0	0	0	0	0	0	0	0	0	0	0	0	0	0	0	0	0	0	0	0	22	0	0	0	0	0	0	0	0	0	0	0	0	0	0	0	0	0	0	0	0	0	0	0	0	0	0	0	0	0	0	0	0	0	0	0	0
species|76731|Roseateles depolymerans	0	0	0	0	0	0	0	0	0	0	0	22	0	0	0	0	15	0	0	0	0	17	0	0	0	0	0	0	0	0	0	0	31	0	0	0	0	0	0	0	0	0	0	0	0	0	0	0	0	0	0	0	14	0	0	0	0	0	0	17	0	0	0	0	26	0	0	0	0	0	0	0	11	0	0	0	0	0	0	0	0	0	0	13	0	0	0	0
species|69|Lysobacter enzymogenes	0	0	0	0	0	0	0	0	0	0	0	19	0	14	0	0	0	0	0	20	0	0	0	0	0	0	0	0	0	0	30	0	0	0	0	0	0	0	0	0	0	0	0	0	0	0	0	0	0	0	0	0	0	23	23	0	0	0	0	0	0	0	0	0	14	0	0	0	0	0	0	0	0	0	0	0	0	0	0	0	0	0	0	0	0	0	0	0
species|2575867|Ilyomonas limi	0	0	0	0	0	0	0	0	0	0	0	20	0	0	0	0	0	0	0	14	0	17	0	11	0	0	0	0	0	0	0	0	0	0	0	0	0	0	0	0	0	0	0	0	0	0	0	0	0	20	0	0	0	16	0	0	0	0	0	0	0	0	0	0	0	0	0	16	0	0	0	0	13	0	0	0	0	16	0	0	0	0	0	0	0	0	0	0
species|2015316|Bosea sp. AS-1	0	0	0	0	0	0	0	0	0	0	0	18	0	0	0	0	0	0	0	0	0	0	0	0	0	0	0	0	0	0	0	0	0	0	0	0	0	0	0	0	0	0	0	0	0	0	0	0	0	0	0	0	0	0	0	0	0	0	0	0	0	0	0	0	0	0	0	0	0	0	0	0	0	0	0	0	0	15	0	0	0	0	0	0	0	0	0	0
species|1677|Arthrobacter pascens	0	0	0	0	0	0	0	0	0	0	0	35	0	0	0	0	0	0	0	0	0	0	0	0	0	0	0	0	0	0	0	0	0	0	0	0	0	0	0	0	38	0	0	0	0	0	0	0	0	0	0	0	0	0	0	0	0	0	0	0	0	0	0	0	0	0	0	0	0	0	0	0	0	0	0	33	0	0	0	0	0	0	0	0	0	0	0	0
species|247486|Curvibacter fontanus	0	0	0	0	0	0	0	0	0	0	0	19	0	0	0	0	0	0	0	0	0	0	0	0	0	0	0	0	0	0	0	0	0	0	0	0	0	0	0	0	0	0	0	0	0	0	0	0	0	0	0	0	0	0	0	0	0	0	0	0	0	0	0	0	0	0	0	0	0	0	0	0	0	0	0	0	0	0	0	0	0	0	0	0	0	0	0	0
species|529704|Frateuria terrea	0	0	0	0	0	0	0	0	0	0	0	32	0	25	0	0	26	0	0	0	0	0	0	0	0	0	0	0	0	0	18	0	0	0	0	0	0	0	0	0	0	0	0	0	0	0	0	0	0	26	0	0	23	0	0	0	0	0	0	0	0	0	0	0	0	0	0	0	0	0	0	0	0	0	0	0	0	0	0	0	0	0	0	0	0	0	0	0
species|96230|Legionella fallonii	0	0	0	0	0	0	0	0	0	0	0	21	0	22	0	0	0	0	0	0	0	0	0	25	0	0	0	0	0	0	0	0	0	0	0	0	0	0	0	0	0	0	0	0	0	0	0	0	0	25	0	28	0	0	0	0	0	0	0	0	0	0	0	0	0	0	0	0	0	0	0	0	0	0	0	0	0	0	0	0	0	0	0	0	0	0	0	0
species|520092|Tahibacter aquaticus	0	0	0	0	0	0	0	0	0	0	0	17	14	0	0	0	0	0	0	0	0	0	0	0	0	0	0	0	0	0	11	0	0	0	0	0	0	0	0	0	0	0	0	0	0	0	0	0	0	0	0	0	26	0	13	0	0	0	0	0	0	0	0	0	21	0	0	0	0	0	0	0	0	0	0	0	75	0	0	0	96	0	0	0	0	0	0	0
species|1859460|Luteolibacter flavescens	0	0	0	0	0	0	0	0	0	0	0	18	0	0	0	0	11	0	0	0	0	0	14	0	0	0	0	0	0	0	0	0	13	0	0	0	0	0	0	0	0	0	0	0	0	0	0	0	0	0	0	0	0	0	0	0	0	0	0	0	0	0	0	0	14	0	0	13	0	0	0	0	19	0	0	0	0	0	0	0	0	0	0	0	0	0	0	0
species|2527873|Paenibacillus thalictri	0	0	0	0	0	0	0	0	0	0	0	20	0	0	0	0	0	0	0	0	0	0	0	0	0	0	0	0	149	0	0	0	0	0	0	0	0	0	0	0	0	0	0	0	0	0	0	0	0	0	0	0	0	26	0	0	0	0	0	0	0	0	0	0	0	0	0	0	0	0	0	0	0	0	0	0	0	0	0	0	0	0	0	0	0	0	0	0
species|1341696|Rehaibacterium terrae	0	0	0	0	0	0	0	0	0	0	0	22	0	19	0	0	19	0	0	30	0	0	0	12	0	0	0	0	0	0	28	0	0	0	0	0	0	0	0	0	0	0	0	0	0	0	0	0	0	28	24	0	0	0	0	0	0	21	0	0	0	0	0	0	0	0	0	17	0	0	0	0	0	0	0	0	0	0	0	0	0	0	0	0	0	0	0	16
species|1055487|Methylotenera versatilis	0	0	0	0	0	0	0	0	0	0	0	20	0	0	0	0	0	0	0	0	0	18	0	0	0	0	0	0	0	0	0	0	0	0	0	0	0	0	0	0	0	0	0	0	0	0	0	0	0	21	0	0	0	0	0	0	0	0	0	0	0	0	0	0	0	0	0	0	0	0	0	0	0	0	0	0	0	0	0	0	0	0	0	0	0	0	0	0
species|2027860|Mucilaginibacter rubeus	0	0	0	0	0	0	0	0	0	0	0	20	0	0	0	0	0	15	0	0	0	0	17	0	0	0	0	0	0	0	0	0	0	19	0	0	0	0	0	0	0	0	0	0	0	0	0	0	0	0	0	0	34	0	0	0	0	0	0	0	0	0	0	0	0	0	0	0	0	0	0	0	47	0	0	44	0	0	0	0	0	0	0	0	0	0	0	0
species|502331|Mucilaginibacter panaciglaebae	0	0	0	0	0	0	0	0	0	0	0	32	0	0	0	0	0	36	0	0	0	0	0	0	0	0	0	0	0	0	0	0	0	55	0	0	0	0	0	0	0	0	0	0	0	0	0	0	0	0	0	0	62	0	0	0	0	0	0	0	0	0	0	0	31	0	0	0	0	29	0	0	88	0	0	56	37	0	0	0	0	0	0	0	0	0	0	0
species|1141845|Dokdonella kunshanensis	0	0	0	0	0	0	0	0	0	0	0	16	0	17	0	0	0	0	0	0	0	0	0	15	0	0	0	0	0	0	12	0	0	0	0	0	0	0	0	0	0	0	0	0	0	0	0	0	0	15	0	0	0	0	0	0	0	0	0	0	0	0	0	0	0	0	0	0	0	0	0	0	0	0	0	0	0	0	0	14	0	0	0	0	0	0	0	0
species|285983|Mesobacillus subterraneus	0	0	0	0	0	0	0	0	0	0	0	0	19	0	0	0	0	0	20	0	0	0	21	0	0	0	0	0	0	0	0	0	0	0	0	0	0	0	0	0	0	0	0	0	0	0	0	0	0	0	0	0	0	0	0	0	0	0	0	0	0	0	0	0	0	0	0	0	0	0	0	0	0	0	0	0	0	0	0	0	0	0	0	0	0	0	0	0
species|279826|Mesobacillus foraminis	0	0	0	0	0	0	0	0	0	0	0	0	33	0	0	0	0	33	20	0	0	0	0	0	0	0	0	0	0	0	0	0	0	0	0	0	0	0	0	0	0	0	0	0	0	0	0	0	0	0	0	0	0	0	0	0	0	0	0	0	0	0	0	0	0	0	0	0	0	0	0	0	28	0	0	0	37	0	0	0	0	0	0	0	20	0	0	0
species|1805474|Bacillus mediterraneensis	0	0	0	0	0	0	0	0	0	0	0	0	23	0	0	0	0	30	0	0	0	20	0	0	0	0	0	0	0	0	16	0	0	0	0	0	0	0	0	0	0	0	0	0	0	0	0	0	0	0	0	0	0	0	0	0	0	0	0	0	0	0	0	0	0	0	0	0	0	0	0	0	29	0	0	0	43	0	0	0	0	0	0	0	24	0	0	0
species|2054315|Nemorincola caseinilytica	0	0	0	0	0	0	0	0	0	0	0	0	12	0	0	0	0	0	0	0	0	24	0	22	0	0	0	0	0	0	16	0	0	0	0	0	0	0	0	0	0	0	0	0	0	0	0	0	0	0	0	0	0	0	0	0	0	0	0	0	0	0	0	0	0	0	0	0	0	0	0	0	0	0	0	0	0	0	0	0	0	0	0	0	0	0	0	0
species|34073|Variovorax paradoxus	0	0	0	0	0	0	0	0	0	0	0	0	0	28	0	0	44	0	0	29	0	23	33	20	0	0	0	0	0	0	0	0	0	0	0	0	0	0	0	0	0	0	0	0	0	0	0	0	0	0	0	0	30	34	0	0	0	0	0	0	0	0	0	0	0	0	0	0	0	0	0	0	31	0	0	33	25	0	0	40	0	0	0	0	0	0	0	0
species|311235|Dyella koreensis	0	0	0	0	0	0	0	0	0	0	0	0	0	33	0	0	33	0	0	31	0	0	0	0	0	0	0	0	0	0	31	0	0	0	0	0	0	0	0	0	0	0	0	0	0	0	0	0	0	0	0	0	0	0	0	0	0	26	0	0	0	0	0	0	0	0	0	0	0	0	0	0	0	0	0	0	0	0	0	29	0	0	0	0	0	0	0	25
species|1920170|Dyella flava	0	0	0	0	0	0	0	0	0	0	0	0	0	24	0	0	0	0	0	0	0	0	0	0	0	0	0	0	0	0	0	0	0	0	0	0	0	0	0	0	0	0	0	0	0	0	0	0	0	0	0	0	0	0	0	0	0	20	0	0	0	0	0	0	0	0	0	0	0	0	0	0	0	0	0	0	0	0	0	0	0	0	0	0	0	0	0	0
species|231455|Dyella japonica	0	0	0	0	0	0	0	0	0	0	0	0	0	20	0	0	0	0	0	0	0	0	0	0	0	0	0	0	0	0	0	0	0	0	0	0	0	0	0	0	0	0	0	0	0	0	0	0	0	0	0	0	0	0	0	0	0	31	0	0	0	0	0	0	0	0	0	0	0	0	0	0	0	0	0	0	0	0	0	15	0	0	0	0	0	0	0	0
species|381431|Panacagrimonas perspica	0	0	0	0	0	0	0	0	0	0	0	0	0	13	0	0	0	0	0	16	0	26	0	16	0	0	0	0	0	0	0	0	0	0	0	0	0	0	0	0	0	0	0	0	0	0	0	0	0	0	0	0	0	0	0	0	0	0	0	0	0	0	0	0	0	0	0	0	0	0	0	0	0	0	0	0	0	0	0	0	0	0	0	0	22	0	0	0
species|65048|Mitsuaria chitosanitabida	0	0	0	0	0	0	0	0	0	0	0	0	0	23	0	0	0	0	0	0	0	0	0	0	0	0	0	0	0	0	0	0	12	14	0	0	0	0	0	0	0	0	0	0	0	0	0	0	0	15	0	0	16	0	0	0	0	0	0	22	0	0	0	0	0	0	0	0	0	0	0	0	17	0	0	0	0	0	0	15	0	0	0	0	0	0	0	0
species|361575|Pseudarthrobacter phenanthrenivorans	0	0	0	0	0	0	0	0	0	0	0	0	0	34	0	0	0	0	0	0	0	0	0	0	0	0	0	0	0	0	0	0	21	0	0	0	0	0	0	0	0	0	0	0	0	0	0	0	0	0	0	0	36	0	0	0	0	0	0	33	0	0	0	0	33	0	0	0	0	0	0	0	0	0	0	30	0	0	0	0	0	0	0	0	0	0	0	0
species|2066070|Mesorhizobium japonicum	0	0	0	0	0	0	0	0	0	0	0	0	0	15	0	0	23	0	0	0	0	0	0	0	0	0	0	0	0	0	0	0	0	0	0	0	0	0	0	0	0	0	0	0	0	0	0	0	0	0	0	0	0	0	0	0	0	0	0	0	0	0	0	0	0	0	0	0	0	0	0	0	0	0	0	0	0	0	0	0	0	0	0	0	0	0	0	36
species|371145|Lysobacter daecheongensis	0	0	0	0	0	0	0	0	0	0	0	0	0	19	0	0	0	0	0	24	0	0	0	0	0	0	0	0	0	0	0	0	0	0	0	0	0	0	0	0	0	0	0	0	0	0	0	0	0	0	0	0	0	0	0	0	0	0	0	0	0	0	0	0	0	0	0	0	0	0	0	0	0	0	0	0	0	0	0	0	0	0	0	0	0	0	0	0
species|81475|Frateuria aurantia	0	0	0	0	0	0	0	0	0	0	0	0	0	16	0	0	14	0	0	0	0	0	0	0	0	0	0	0	0	0	16	0	0	0	0	0	0	0	0	0	0	0	0	0	0	0	0	0	0	0	0	0	0	0	0	0	0	0	0	0	0	0	0	0	0	0	0	0	0	0	0	0	0	0	0	0	0	0	0	0	0	0	0	0	0	0	0	0
species|84531|Lysobacter antibioticus	0	0	0	0	0	0	0	0	0	0	0	0	0	14	0	0	0	0	0	0	0	0	0	0	0	0	0	0	0	0	0	0	0	0	0	0	0	0	0	0	0	0	0	0	0	0	0	0	0	0	0	0	0	0	0	0	0	0	0	0	0	0	0	0	0	0	0	0	0	0	0	0	0	0	0	0	0	0	0	0	0	0	0	0	0	0	0	0
species|323415|Dokdonella koreensis	0	0	0	0	0	0	0	0	0	0	0	0	0	20	0	0	13	0	0	25	0	0	0	21	0	0	0	0	0	0	15	0	0	0	0	0	0	0	0	0	0	0	0	0	0	0	0	0	0	0	0	0	0	0	0	0	0	15	0	0	0	0	0	0	0	0	0	21	0	0	0	0	0	0	0	0	0	0	0	20	19	0	0	0	0	0	0	0
species|453783|Lysobacter soli	0	0	0	0	0	0	0	0	0	0	0	0	0	23	0	0	26	36	20	0	0	0	22	0	0	0	0	0	0	0	18	0	0	0	0	0	0	0	0	0	0	28	0	0	0	0	0	0	0	0	0	0	0	0	0	0	0	0	0	0	0	0	0	0	30	0	0	0	0	0	0	0	0	0	0	0	0	27	0	0	0	0	0	0	0	0	0	0
species|415996|Shinella yambaruensis	0	0	0	0	0	0	0	0	0	0	0	0	0	21	0	0	0	0	0	0	0	0	0	0	0	0	0	0	0	0	0	0	0	0	0	0	0	0	0	0	0	0	0	0	0	0	0	0	0	0	0	0	0	0	0	0	0	0	0	20	0	0	0	0	0	0	0	0	0	0	0	0	0	0	0	0	0	0	0	0	0	0	0	0	0	0	0	0
species|433654|Nocardioides tritolerans	0	0	0	0	0	0	0	0	0	0	0	0	0	17	0	0	0	0	0	0	0	0	0	0	0	0	0	0	0	0	13	0	0	0	0	0	0	0	0	0	0	0	0	0	0	0	0	0	0	0	0	0	0	0	0	0	0	0	0	0	0	0	0	0	0	0	0	0	0	0	0	0	0	0	0	0	0	0	0	0	0	0	0	0	0	0	0	0
species|556890|Patulibacter ginsengiterrae	0	0	0	0	0	0	0	0	0	0	0	0	0	0	0	11	0	0	0	0	0	0	0	0	0	0	0	0	0	0	0	0	0	0	0	0	0	0	0	0	0	0	0	0	0	0	0	0	0	0	0	0	0	0	0	0	0	0	0	0	0	0	0	0	0	0	0	0	0	0	0	0	0	0	19	0	0	0	0	0	0	0	15	0	0	0	0	0
species|1111115|Terriglobus tenax	0	0	0	0	0	0	0	0	0	0	0	0	0	0	0	20	0	0	0	0	0	0	0	0	0	0	0	0	0	0	0	0	0	0	0	0	0	0	0	0	0	0	0	0	0	0	0	0	0	0	0	0	0	0	0	0	0	0	0	0	0	0	0	0	0	0	0	0	0	0	0	0	0	0	0	0	0	0	0	0	0	0	0	0	0	0	0	0
species|2527962|Planctomycetes bacterium K2D	0	0	0	0	0	0	0	0	0	0	0	0	0	0	0	13	0	0	0	0	0	0	0	0	0	0	0	0	0	0	0	0	0	0	0	0	13	0	0	0	0	0	0	0	0	0	0	0	0	0	0	0	0	0	0	0	0	0	0	0	0	0	0	0	0	0	0	0	0	0	0	0	0	0	0	0	0	0	0	0	0	0	0	0	0	0	0	0
species|2528029|Planctomycetes bacterium Pan153	0	0	0	0	0	0	0	0	0	0	0	0	0	0	0	19	0	0	0	0	0	0	0	0	0	0	0	0	0	0	0	0	0	0	0	0	0	0	0	0	0	0	0	0	0	0	0	0	0	0	0	0	0	0	0	0	0	0	0	0	0	0	0	0	0	0	0	0	0	0	0	0	0	0	0	0	0	0	0	0	0	0	0	0	0	0	0	0
species|1120045|Rhizobium grahamii	0	0	0	0	0	0	0	0	0	0	0	0	0	0	0	0	23	0	0	0	0	0	0	0	0	0	0	0	0	0	0	0	0	0	0	0	0	0	0	0	0	0	0	0	0	0	0	0	0	0	0	0	0	0	0	0	0	0	0	0	0	0	0	0	0	0	0	0	0	0	0	0	0	0	0	0	0	0	0	0	0	0	0	0	0	0	0	0
species|120|Planctopirus limnophila	0	0	0	0	0	0	0	0	0	0	0	0	0	0	0	0	15	0	0	30	0	0	16	25	0	0	0	0	0	0	14	0	0	0	0	0	0	0	0	0	0	0	0	0	0	0	0	0	0	16	14	25	0	0	0	0	0	21	0	0	0	0	0	0	0	0	0	0	0	0	0	0	0	0	0	0	0	0	0	0	0	0	17	0	0	0	0	0
species|435289|Lysobacter spongiicola	0	0	0	0	0	0	0	0	0	0	0	0	0	0	0	0	20	0	0	0	0	0	0	0	0	0	0	0	0	0	0	0	0	0	0	0	0	0	0	0	0	0	0	0	0	0	0	0	0	0	0	0	0	0	0	0	0	0	0	0	0	0	0	0	0	0	0	0	0	0	0	0	0	0	0	0	0	0	0	0	0	0	0	0	0	0	0	0
species|394091|Cystobacter badius	0	0	0	0	0	0	0	0	0	0	0	0	0	0	0	0	16	0	0	0	0	0	14	0	0	0	0	0	0	0	0	0	12	0	0	0	0	0	0	0	0	0	0	0	0	0	0	0	0	0	0	17	0	0	0	0	0	0	0	0	0	0	0	0	16	0	0	0	0	0	0	0	0	0	0	0	0	0	0	0	15	0	0	0	28	0	0	0
species|1207075|Pseudomonas sp. UW4	0	0	0	0	0	0	0	0	0	0	0	0	0	0	0	0	34	0	0	0	0	0	16	0	0	0	0	0	0	22	0	0	0	0	0	0	0	0	0	0	0	0	0	0	0	0	0	0	0	0	0	0	0	27	14	0	0	0	0	0	0	0	0	0	32	0	0	0	0	0	0	0	0	0	0	0	23	0	0	0	15	0	0	0	0	0	0	25
species|395598|Pseudomonas reinekei	0	0	0	0	0	0	0	0	0	0	0	0	0	0	0	0	21	0	0	0	0	0	19	24	0	0	0	0	0	0	0	0	29	0	0	0	0	0	0	0	0	0	0	11	0	0	0	0	0	12	0	0	12	29	0	0	0	0	0	0	0	0	0	0	0	0	0	0	0	0	0	0	17	0	0	0	0	0	0	0	12	0	0	0	0	0	0	0
species|529705|Sphingomonas changbaiensis	0	0	0	0	0	0	0	0	0	0	0	0	0	0	0	0	14	0	0	22	0	0	0	0	0	0	0	0	0	0	0	0	0	0	0	0	0	0	0	0	0	0	0	0	0	0	0	0	0	0	0	0	0	0	0	0	0	16	0	0	0	0	0	0	0	0	0	0	0	0	0	0	0	0	0	0	0	0	0	0	0	0	0	0	0	0	0	0
species|83617|Stenotrophomonas nitritireducens	0	0	0	0	0	0	0	0	0	0	0	0	0	0	0	0	33	0	0	0	0	0	0	0	0	0	0	0	0	0	0	0	0	0	0	0	0	0	0	0	0	0	0	0	0	0	0	0	0	0	0	0	0	0	0	0	0	0	0	0	0	0	0	0	0	0	0	0	0	0	0	0	27	0	0	0	0	0	0	0	0	0	0	0	0	0	0	0
species|1156355|Paenibacillus taihuensis	0	0	0	0	0	0	0	0	0	0	0	0	0	0	0	0	16	0	0	0	0	0	0	0	0	0	0	0	82	0	0	0	0	0	0	0	0	0	0	0	0	0	0	0	0	0	0	0	0	0	0	0	0	0	0	0	0	0	0	0	0	0	0	0	0	0	0	0	0	0	0	0	0	0	0	0	0	0	0	0	0	0	0	0	0	0	0	0
species|40324|Stenotrophomonas maltophilia	0	0	0	0	0	0	0	0	0	0	0	0	0	0	0	0	18	0	0	0	0	0	0	0	0	0	0	0	0	0	0	0	0	33	0	0	0	0	0	0	0	0	0	0	0	0	0	0	0	0	0	0	33	0	0	0	0	0	0	0	0	0	0	0	27	0	0	0	0	27	0	0	40	0	0	0	21	0	0	0	0	0	0	0	0	0	0	0
species|169427|Paraburkholderia terricola	0	0	0	0	0	0	0	0	0	0	0	0	0	0	0	0	26	0	0	0	0	0	0	0	0	0	0	0	0	0	0	0	0	0	0	0	0	0	0	0	0	0	0	0	0	0	0	0	0	0	0	0	0	0	0	0	0	0	0	0	0	0	0	0	0	0	0	0	0	0	0	0	21	0	0	0	0	0	0	0	0	0	0	0	0	0	0	0
species|445710|Dyella thiooxydans	0	0	0	0	0	0	0	0	0	0	0	0	0	0	0	0	33	0	0	21	0	26	0	0	0	0	0	0	0	0	15	0	0	0	0	0	0	0	0	0	0	0	0	0	0	0	0	0	0	15	0	0	0	0	0	0	0	0	0	0	0	0	0	0	0	0	0	0	0	0	0	0	0	0	0	0	0	0	0	0	0	0	0	0	0	0	0	22
species|1634993|Reyranella terrae	0	0	0	0	0	0	0	0	0	0	0	0	0	0	0	0	11	0	0	0	0	0	0	15	0	0	0	0	0	0	0	0	0	0	0	0	0	0	0	0	0	0	0	0	0	0	0	0	0	0	0	0	0	0	0	0	0	0	0	0	0	0	0	0	0	0	0	0	0	0	0	0	0	0	0	0	0	0	0	14	0	0	0	0	0	0	0	0
species|217204|Achromobacter insolitus	0	0	0	0	0	0	0	0	0	0	0	0	0	0	0	0	32	0	0	0	0	0	0	0	0	0	0	0	0	0	0	0	0	0	0	0	0	0	0	0	0	0	0	0	0	0	0	0	0	0	0	0	0	0	0	0	0	0	0	0	0	0	0	0	0	0	0	0	0	0	0	0	0	0	0	0	0	0	0	0	0	0	0	0	0	0	0	0
species|600628|Dongia soli	0	0	0	0	0	0	0	0	0	0	0	0	0	0	0	0	15	0	0	14	0	0	0	0	0	0	0	0	0	0	0	0	0	0	0	0	0	0	0	0	0	0	0	0	0	0	0	0	0	0	0	0	0	0	0	0	0	0	0	0	0	0	0	0	0	0	0	0	0	0	0	0	0	0	0	0	0	0	0	0	0	0	0	0	0	0	0	0
species|1122261|Phreatobacter oligotrophus	0	0	0	0	0	0	0	0	0	0	0	0	0	0	0	0	20	0	0	0	0	0	0	0	0	0	0	0	0	0	0	0	0	0	0	0	0	0	0	0	0	0	0	0	0	0	0	0	0	0	0	0	0	0	0	0	0	0	0	0	0	0	0	0	0	0	0	0	0	0	0	0	0	0	0	0	0	0	0	0	0	0	0	0	0	0	0	0
species|449|Legionella hackeliae	0	0	0	0	0	0	0	0	0	0	0	0	0	0	0	0	17	0	24	0	0	0	0	0	0	0	0	0	0	0	0	0	0	0	0	0	0	0	0	0	0	0	0	0	0	0	0	0	0	0	0	0	0	0	0	0	0	0	0	0	0	0	0	0	0	0	0	0	0	0	0	0	0	0	0	0	0	0	0	0	0	0	0	0	0	0	0	0
species|863372|Herbaspirillum huttiense	0	0	0	0	0	0	0	0	0	0	0	0	0	0	0	0	0	16	0	0	0	0	0	0	0	0	0	0	0	0	0	0	0	0	0	0	0	0	0	0	0	0	0	0	0	0	0	0	0	0	0	0	0	0	0	0	0	0	0	0	0	0	0	0	0	0	0	0	0	0	0	0	0	0	0	0	0	0	0	0	0	0	0	0	0	0	0	0
species|198620|Pseudomonas koreensis	0	0	0	0	0	0	0	0	0	0	0	0	0	0	0	0	0	62	0	0	0	0	0	0	0	0	0	0	0	0	0	0	0	36	0	0	0	0	0	0	0	15	0	0	0	0	0	0	0	0	0	13	33	0	0	0	0	0	0	0	0	0	0	0	23	0	0	0	0	38	0	0	26	0	0	25	0	0	0	0	0	0	0	13	0	0	0	0
species|2559074|Pseudomonas sp. S150	0	0	0	0	0	0	0	0	0	0	0	0	0	0	0	0	0	14	0	0	0	0	0	0	0	0	0	0	0	0	0	0	0	0	0	0	0	0	0	0	0	0	0	0	0	0	0	0	0	13	0	12	20	0	0	0	0	0	0	0	0	0	0	0	0	0	0	0	0	0	0	0	0	0	0	0	0	0	0	0	0	0	0	0	0	0	0	0
species|1949069|Massilia buxea	0	0	0	0	0	0	0	0	0	0	0	0	0	0	0	0	0	45	0	0	0	0	13	0	0	0	0	0	0	0	0	0	19	19	0	0	0	0	0	0	0	24	0	0	0	0	0	0	0	0	0	0	35	0	0	0	0	0	0	14	0	0	0	0	0	0	0	0	0	0	0	0	32	0	0	22	0	0	0	0	0	0	0	13	0	0	0	0
species|1037680|Bacillus kyonggiensis	0	0	0	0	0	0	0	0	0	0	0	0	0	0	0	0	0	19	0	0	0	0	0	0	0	0	0	0	0	0	0	0	0	0	0	0	0	0	0	0	0	0	0	0	0	0	0	0	0	0	0	0	0	0	0	0	0	0	0	0	0	0	0	0	0	0	0	0	0	0	0	0	0	0	0	0	0	0	0	0	0	0	0	0	0	0	0	0
species|1547583|Mucilaginibacter ginsengisoli	0	0	0	0	0	0	0	0	0	0	0	0	0	0	0	0	0	24	0	0	0	0	0	0	0	0	0	0	0	0	0	0	0	0	0	0	0	0	0	0	0	0	0	0	0	0	0	0	0	0	0	0	0	0	0	0	0	0	0	0	0	0	0	0	0	0	0	0	0	0	0	0	0	0	0	0	0	0	0	0	0	0	0	0	0	0	0	0
species|1302352|Mucilaginibacter calamicampi	0	0	0	0	0	0	0	0	0	0	0	0	0	0	0	0	0	16	0	0	0	0	0	0	0	0	0	0	0	0	0	0	0	0	0	0	0	0	0	0	0	0	0	0	0	0	0	0	0	0	0	0	0	0	0	0	0	0	0	0	0	0	0	0	0	0	0	0	0	0	0	0	0	0	0	0	0	0	0	0	0	0	0	0	0	0	0	0
species|299767|Enterobacter ludwigii	0	0	0	0	0	0	0	0	0	0	0	0	0	0	0	0	0	76	0	0	0	0	0	0	0	0	0	0	0	0	0	0	0	0	0	0	0	0	0	0	0	0	0	0	0	0	0	0	0	0	0	0	0	0	0	0	0	0	0	0	0	0	0	0	0	0	0	0	0	0	0	0	0	0	0	0	0	0	0	0	0	0	0	0	0	0	0	0
species|398052|Daejeonella composti	0	0	0	0	0	0	0	0	0	0	0	0	0	0	0	0	0	16	0	0	0	0	0	0	0	0	0	0	0	0	0	0	25	28	0	0	0	0	0	0	0	0	0	0	0	0	0	0	0	0	0	0	21	0	0	0	0	0	0	0	0	0	0	0	17	0	0	0	0	19	0	0	22	0	0	0	0	0	0	0	0	0	0	22	0	0	0	0
species|1122943|Daejeonella oryzae	0	0	0	0	0	0	0	0	0	0	0	0	0	0	0	0	0	23	0	0	0	0	15	0	0	0	0	0	0	0	0	0	0	48	0	0	0	0	0	0	0	28	0	0	0	0	0	0	0	0	0	0	29	0	0	0	0	0	0	22	0	0	0	0	19	0	0	0	0	17	0	0	44	0	0	31	21	0	0	0	0	0	0	0	0	0	0	0
species|2231053|Bdellovibrio sp. ZAP7	0	0	0	0	0	0	0	0	0	0	0	0	0	0	0	0	0	22	13	0	0	0	0	0	0	0	0	0	0	0	0	0	0	0	0	0	0	0	0	0	0	0	0	0	0	0	0	0	0	0	0	12	0	0	0	0	0	0	0	0	0	0	0	0	0	0	0	0	0	0	0	0	0	0	0	0	0	0	0	0	0	0	0	0	14	0	0	0
species|1389922|Achromobacter mucicolens	0	0	0	0	0	0	0	0	0	0	0	0	0	0	0	0	0	12	0	0	0	0	0	0	0	0	0	0	0	0	0	0	0	0	0	0	0	0	0	0	0	0	0	0	0	0	0	0	0	0	0	0	0	0	0	0	0	0	0	0	0	0	0	0	0	0	0	0	0	0	0	0	0	0	0	0	0	0	0	0	0	0	0	0	0	0	0	0
species|299567|Adhaeribacter aquaticus	0	0	0	0	0	0	0	0	0	0	0	0	0	0	0	0	0	18	0	0	0	0	0	0	0	0	0	0	0	0	0	0	0	28	0	0	0	0	0	0	0	0	0	0	0	0	0	0	0	0	0	0	22	0	0	0	0	0	0	0	0	0	0	0	0	0	0	0	0	0	0	0	21	0	0	0	24	0	0	0	0	0	0	0	0	0	0	0
species|79329|Chitinophaga pinensis	0	0	0	0	0	0	0	0	0	0	0	0	0	0	0	0	0	26	0	0	0	0	0	0	0	0	0	0	0	0	0	0	0	0	0	0	0	0	0	0	0	0	0	0	0	0	0	0	0	0	0	0	0	0	0	0	0	0	0	21	0	0	0	0	35	0	0	26	0	0	0	0	0	0	0	0	0	56	0	0	0	0	0	0	0	0	0	0
species|572036|Daejeonella lutea	0	0	0	0	0	0	0	0	0	0	0	0	0	0	0	0	0	14	0	0	0	0	0	0	0	0	0	0	0	0	0	0	0	0	0	0	0	0	0	0	0	0	0	0	0	0	0	0	0	0	0	0	27	0	0	0	0	0	0	0	0	0	0	0	0	0	0	0	0	0	0	0	14	0	0	0	0	0	0	0	0	0	0	0	0	0	0	0
species|1196020|Mucilaginibacter puniceus	0	0	0	0	0	0	0	0	0	0	0	0	0	0	0	0	0	17	0	0	0	0	0	0	0	0	0	0	0	0	0	0	0	20	0	0	0	0	0	0	0	0	0	0	0	0	0	0	0	0	0	0	23	0	0	0	0	0	0	0	0	0	0	0	0	0	0	0	0	0	0	0	32	0	0	0	22	0	0	0	0	0	0	0	0	0	0	0
species|363852|Pedobacter ginsengisoli	0	0	0	0	0	0	0	0	0	0	0	0	0	0	0	0	0	28	0	0	0	0	0	0	0	0	0	0	0	0	0	0	0	30	0	0	0	0	0	0	0	17	0	0	0	0	0	0	0	0	0	0	36	0	0	0	0	0	0	0	0	0	0	0	0	0	0	0	0	0	0	0	52	0	0	22	37	0	0	0	0	0	0	0	0	0	0	0
species|1717229|Spirosoma aerophilum	0	0	0	0	0	0	0	0	0	0	0	0	0	0	0	0	0	22	0	0	0	0	0	0	0	0	0	0	0	0	0	0	0	18	0	0	0	0	0	0	0	0	0	0	0	0	0	0	0	0	0	0	27	0	0	0	0	0	0	0	0	0	0	0	0	0	0	0	0	0	0	0	31	0	0	0	19	0	0	0	0	0	0	0	0	0	0	0
species|995|Solitalea canadensis	0	0	0	0	0	0	0	0	0	0	0	0	0	0	0	0	0	11	0	0	0	0	0	0	0	0	0	0	0	0	0	0	0	0	0	0	0	0	0	0	0	24	0	0	0	0	0	0	0	0	0	0	0	0	0	0	0	0	0	0	0	0	0	0	0	0	0	0	0	0	0	0	0	0	0	0	0	0	0	0	0	0	0	0	0	0	0	0
species|996|Flavobacterium columnare	0	0	0	0	0	0	0	0	0	0	0	0	0	0	0	0	0	21	0	0	0	0	0	0	0	0	0	0	0	0	0	0	0	0	0	0	0	0	0	0	0	0	0	0	0	0	0	0	0	0	0	0	33	0	0	0	0	0	0	0	0	0	0	0	20	0	0	0	0	0	0	0	0	0	0	0	0	0	0	0	0	0	0	0	0	0	0	0
species|2685926|Siphonobacter intestinalis	0	0	0	0	0	0	0	0	0	0	0	0	0	0	0	0	0	13	0	0	0	0	0	0	0	0	0	0	0	0	0	0	0	0	0	0	0	0	0	0	0	0	0	0	0	0	0	0	0	0	0	0	0	0	0	0	0	0	0	0	0	0	0	0	0	0	0	0	0	0	0	0	22	0	0	0	0	0	0	0	0	0	0	0	0	0	0	0
species|549|Pantoea agglomerans	0	0	0	0	0	0	0	0	0	0	0	0	0	0	0	0	0	17	0	0	0	0	0	0	0	0	0	0	0	0	0	0	0	0	0	0	0	0	0	0	0	0	0	0	0	0	0	0	0	0	0	0	0	0	0	0	0	0	0	0	0	0	0	0	0	0	0	0	0	0	0	0	0	0	0	0	0	0	0	0	0	0	0	0	0	0	0	0
species|471|Acinetobacter calcoaceticus	0	0	0	0	0	0	0	0	0	0	0	0	0	0	0	0	0	14	0	0	0	0	0	0	0	0	0	0	0	0	0	0	0	0	0	0	0	0	0	0	0	0	0	0	15	0	0	0	0	0	0	0	0	0	0	0	0	0	0	0	0	0	0	0	0	0	0	0	0	0	0	0	36	0	0	0	0	0	0	0	0	0	0	0	0	0	0	0
species|1867846|Legionella clemsonensis	0	0	0	0	0	0	0	0	0	0	0	0	0	0	0	0	0	0	26	0	0	23	0	0	0	0	0	0	0	21	0	0	0	0	0	0	0	0	0	0	0	0	0	0	0	0	0	0	0	0	0	0	0	0	0	0	0	0	0	0	0	0	0	0	0	0	0	0	0	0	0	0	0	0	0	0	0	0	0	0	0	0	0	0	0	0	0	0
species|2082949|Microvirga sp. 17 mud 1-3	0	0	0	0	0	0	0	0	0	0	0	0	0	0	0	0	0	0	12	0	0	0	0	21	0	0	0	0	0	0	16	0	0	0	0	0	0	0	0	0	0	0	0	0	0	0	0	0	0	16	0	0	0	0	0	0	0	0	0	0	0	0	0	0	0	0	0	17	0	0	0	0	0	0	0	0	0	15	0	16	0	0	0	0	0	0	0	0
species|124798|Microbacterium phyllosphaerae	0	0	0	0	0	0	0	0	0	0	0	0	0	0	0	0	0	0	29	0	0	27	0	0	0	0	0	0	0	0	0	0	0	0	0	0	0	0	0	0	0	0	0	0	0	0	0	0	0	30	0	0	0	0	0	0	0	0	0	26	0	0	0	0	0	0	0	0	0	0	0	0	0	0	0	0	0	0	0	0	0	0	0	0	0	0	0	0
species|1836200|Variovorax rhizosphaerae	0	0	0	0	0	0	0	0	0	0	0	0	0	0	0	0	0	0	0	23	0	24	0	0	0	0	0	0	0	0	0	0	26	0	0	0	0	0	0	0	0	0	0	0	0	0	0	0	0	0	0	0	16	0	0	0	0	0	0	0	0	0	0	0	0	0	0	0	0	0	0	0	0	0	0	0	0	0	0	0	0	0	0	0	0	0	0	0
species|675609|Nevskia terrae	0	0	0	0	0	0	0	0	0	0	0	0	0	0	0	0	0	0	0	29	0	0	0	36	0	0	0	0	0	0	0	0	0	0	0	0	0	0	0	0	0	0	0	0	0	0	0	0	0	0	0	0	0	0	0	0	0	0	0	0	0	0	0	0	0	0	0	0	0	0	0	0	0	0	0	0	0	0	0	0	0	0	0	0	0	0	0	0
species|47994|Leptothrix mobilis	0	0	0	0	0	0	0	0	0	0	0	0	0	0	0	0	0	0	0	24	0	21	31	27	0	0	0	0	0	21	28	0	0	0	0	0	0	0	0	0	0	0	0	0	0	0	0	0	0	0	0	12	0	0	0	0	0	0	0	0	0	0	0	0	0	0	0	0	0	0	0	0	0	0	0	0	0	0	0	0	0	0	0	0	0	0	0	0
species|2014887|Herbaspirillum robiniae	0	0	0	0	0	0	0	0	0	0	0	0	0	0	0	0	0	0	0	15	0	0	0	0	0	0	0	0	0	0	0	0	14	0	0	0	0	0	0	0	0	0	0	0	0	0	0	0	0	0	0	0	0	0	0	0	0	0	0	0	0	0	0	0	0	0	0	0	0	0	0	0	19	0	0	0	0	0	0	0	0	0	0	0	0	0	0	0
species|85085|Pseudarthrobacter chlorophenolicus	0	0	0	0	0	0	0	0	0	0	0	0	0	0	0	0	0	0	0	22	0	0	0	0	0	0	0	0	0	0	0	0	0	0	0	0	0	0	0	0	0	0	0	0	0	0	0	0	0	0	0	0	0	0	0	0	0	0	0	0	0	0	0	0	0	0	0	0	0	0	0	0	0	0	0	0	0	0	0	0	0	0	0	0	0	0	0	0
species|1064516|Noviherbaspirillum canariense	0	0	0	0	0	0	0	0	0	0	0	0	0	0	0	0	0	0	0	11	0	0	0	0	0	0	0	0	0	0	0	0	12	17	0	0	0	0	0	0	0	0	0	0	0	0	0	0	0	0	0	0	11	0	0	0	0	0	0	0	0	0	0	0	0	0	0	0	0	0	0	0	15	0	0	11	0	11	0	22	0	0	0	0	0	0	0	0
species|29448|Bradyrhizobium elkanii	0	0	0	0	0	0	0	0	0	0	0	0	0	0	0	0	0	0	0	24	0	0	0	0	0	0	0	0	0	0	0	0	0	0	13	0	0	0	0	0	0	0	0	0	0	0	0	0	0	0	0	0	0	0	0	0	0	0	0	0	0	0	0	0	0	0	0	0	0	0	0	0	0	0	0	0	0	0	0	0	0	0	0	0	0	0	0	0
species|663610|Methylocapsa aurea	0	0	0	0	0	0	0	0	0	0	0	0	0	0	0	0	0	0	0	22	0	0	0	0	0	0	0	0	0	0	0	0	0	0	0	0	0	0	0	0	0	0	0	0	0	0	0	0	0	0	0	0	0	0	0	0	0	0	0	0	0	0	0	0	0	0	0	0	0	0	0	0	0	0	0	0	0	0	0	0	0	0	0	0	0	0	0	0
species|1452508|Zhizhongheella caldifontis	0	0	0	0	0	0	0	0	0	0	0	0	0	0	0	0	0	0	0	19	0	0	0	0	0	0	0	0	0	0	0	0	0	0	0	0	0	0	0	0	0	0	0	0	0	0	0	0	0	0	0	0	0	0	0	0	0	0	0	0	0	0	0	0	0	0	0	0	0	0	0	0	0	0	0	0	0	0	0	0	0	0	0	0	0	0	0	0
species|35839|Holophaga foetida	0	0	0	0	0	0	0	0	0	0	0	0	0	0	0	0	0	0	0	33	0	0	0	42	0	0	0	0	0	0	32	0	0	0	0	0	0	0	0	0	0	0	0	0	0	0	0	0	0	0	0	0	0	0	0	0	0	0	0	0	0	0	0	0	0	0	0	0	0	0	0	0	0	0	0	0	0	0	0	0	0	0	0	0	0	0	0	0
species|109465|Nocardioides pyridinolyticus	0	0	0	0	0	0	0	0	0	0	0	0	0	0	0	0	0	0	0	32	0	35	0	0	0	0	0	0	0	0	0	0	0	0	0	0	0	0	0	0	0	0	0	0	0	0	0	0	0	0	0	0	0	0	0	0	0	0	0	0	0	0	0	0	0	0	0	0	0	0	0	0	0	0	0	0	0	0	0	35	0	0	0	0	0	0	0	33
species|1708347|Arenimonas aestuarii	0	0	0	0	0	0	0	0	0	0	0	0	0	0	0	0	0	0	0	14	0	0	0	0	0	0	0	0	0	0	0	0	0	0	0	0	0	0	0	0	0	0	0	0	0	0	0	0	0	0	0	0	0	0	0	0	0	0	0	0	0	0	0	0	0	0	0	0	0	0	0	0	0	0	0	0	0	0	0	0	0	0	0	0	0	0	0	0
species|946333|Rhizobacter gummiphilus	0	0	0	0	0	0	0	0	0	0	0	0	0	0	0	0	0	0	0	28	0	0	0	0	0	0	0	0	0	0	0	0	35	27	0	0	0	0	0	0	0	23	0	30	0	0	0	0	0	31	0	21	36	0	0	0	0	0	0	32	0	0	0	0	45	0	0	0	0	44	0	0	39	0	0	29	0	31	0	29	0	0	34	35	0	0	0	0
species|511108|Ottowia pentelensis	0	0	0	0	0	0	0	0	0	0	0	0	0	0	0	0	0	0	0	19	0	20	0	0	0	0	0	0	0	0	15	0	0	0	0	0	0	0	0	0	0	0	0	0	0	0	0	0	0	0	0	0	0	0	0	0	0	0	0	0	0	0	0	0	0	0	0	0	0	0	0	0	0	0	0	0	0	0	0	0	0	0	0	0	0	0	0	0
species|1926870|Lysobacter olei	0	0	0	0	0	0	0	0	0	0	0	0	0	0	0	0	0	0	0	21	0	0	17	0	0	0	0	0	0	0	0	0	0	0	0	0	0	0	0	0	0	0	0	0	0	0	0	0	0	0	0	0	19	0	0	0	0	0	0	0	0	0	0	0	0	0	0	18	0	0	0	0	0	0	0	20	0	0	0	0	0	0	0	0	0	0	0	0
species|1495200|Fulvimonas yonginensis	0	0	0	0	0	0	0	0	0	0	0	0	0	0	0	0	0	0	0	30	0	0	0	0	0	0	0	0	0	0	0	0	0	0	0	0	0	0	0	0	0	0	0	0	0	0	0	0	0	0	0	0	0	0	0	0	0	0	0	0	0	0	0	0	32	0	0	0	0	0	0	0	0	0	0	0	0	0	0	17	0	0	0	0	0	0	0	0
species|435897|Lysobacter capsici	0	0	0	0	0	0	0	0	0	0	0	0	0	0	0	0	0	0	0	16	0	0	0	0	0	0	0	0	0	0	0	0	0	0	0	0	0	0	0	0	0	0	0	0	0	0	0	0	0	0	0	0	0	0	0	0	0	0	0	0	0	0	0	0	0	0	0	0	0	0	0	0	0	0	0	0	0	0	0	0	0	0	0	0	0	0	0	0
species|578942|Dokdonella immobilis	0	0	0	0	0	0	0	0	0	0	0	0	0	0	0	0	0	0	0	16	0	0	0	0	0	0	0	0	0	0	14	0	0	0	0	0	0	0	0	0	0	0	0	0	0	0	0	0	0	0	0	0	0	22	0	0	0	0	0	0	0	0	0	0	0	0	0	0	0	0	0	0	0	0	0	0	0	0	0	15	0	0	0	0	0	0	0	0
species|99117|Friedmanniella capsulata	0	0	0	0	0	0	0	0	0	0	0	0	0	0	0	0	0	0	0	0	18	0	0	0	0	0	0	0	0	0	0	0	0	0	0	0	0	0	0	0	0	0	0	0	0	0	0	0	0	0	0	0	0	0	0	0	0	0	20	0	0	0	0	0	0	0	21	0	0	0	0	0	0	0	0	0	0	0	0	0	0	0	0	0	0	0	0	0
species|83|Hyphomicrobium vulgare	0	0	0	0	0	0	0	0	0	0	0	0	0	0	0	0	0	0	0	0	16	0	0	0	15	0	0	0	0	0	0	0	0	0	0	0	0	0	0	0	0	0	0	0	0	0	0	0	0	0	0	0	0	0	0	0	0	0	0	0	0	0	0	0	0	0	0	0	0	0	0	0	0	0	0	0	0	0	0	0	0	0	18	0	0	0	0	0
species|319709|Mycobacterium barrassiae	0	0	0	0	0	0	0	0	0	0	0	0	0	0	0	0	0	0	0	0	34	0	0	0	0	0	0	0	0	0	0	0	0	0	0	0	0	0	0	0	0	0	0	0	0	0	0	0	0	0	0	0	0	0	0	0	0	0	0	0	0	0	0	0	0	0	0	0	0	0	0	0	0	0	0	0	0	0	0	0	0	0	0	0	0	0	0	0
species|652764|Azospirillum sp. TSH100	0	0	0	0	0	0	0	0	0	0	0	0	0	0	0	0	0	0	0	0	44	0	0	0	0	0	0	0	0	0	0	0	0	0	0	0	0	0	0	0	0	16	0	0	0	0	0	0	0	0	0	0	0	0	0	0	0	0	0	0	0	0	0	0	0	0	0	0	0	0	0	0	0	0	0	0	0	0	0	0	0	0	0	0	0	0	0	0
species|394090|Cystobacter armeniaca	0	0	0	0	0	0	0	0	0	0	0	0	0	0	0	0	0	0	0	0	0	12	0	0	0	0	0	0	0	0	0	0	0	0	0	0	0	0	0	0	0	0	0	0	0	0	0	0	0	0	0	0	0	0	0	0	0	0	0	0	0	0	0	0	0	0	0	0	0	0	0	0	0	0	0	0	0	0	0	0	0	0	0	0	0	0	0	0
species|1076937|Fontimonas thermophila	0	0	0	0	0	0	0	0	0	0	0	0	0	0	0	0	0	0	0	0	0	14	0	21	0	0	0	0	0	0	0	0	0	0	0	0	0	0	0	0	0	0	0	0	0	0	0	0	0	0	0	17	0	0	0	0	0	0	0	0	0	0	0	0	0	0	0	0	0	0	0	0	0	0	0	0	0	0	0	0	0	0	0	0	0	0	0	0
species|1235480|Blastocatella fastidiosa	0	0	0	0	0	0	0	0	0	0	0	0	0	0	0	0	0	0	0	0	0	12	0	0	0	0	0	0	0	0	0	0	0	0	0	0	0	0	0	0	0	0	0	0	0	0	0	0	0	0	0	0	0	0	0	0	0	0	0	0	0	0	0	0	0	0	0	0	0	0	0	0	0	0	0	0	0	0	0	0	0	0	0	0	0	0	0	0
species|2303750|Stenotrophomonas sp. G4	0	0	0	0	0	0	0	0	0	0	0	0	0	0	0	0	0	0	0	0	0	0	22	0	0	0	0	0	0	0	0	0	0	42	0	0	0	0	0	0	0	0	0	0	0	0	0	0	0	0	0	0	0	0	0	0	0	0	0	0	0	0	0	0	0	0	0	0	0	26	0	0	0	0	0	0	46	0	0	0	0	0	0	0	0	0	0	0
species|592317|[Empedobacter] haloabium	0	0	0	0	0	0	0	0	0	0	0	0	0	0	0	0	0	0	0	0	0	0	13	0	0	0	0	0	0	0	0	0	12	0	0	0	0	0	0	0	0	0	0	0	0	0	0	0	0	0	0	0	15	0	0	0	0	0	0	0	0	0	0	0	0	0	0	0	0	0	0	0	0	0	0	16	0	0	0	0	0	0	0	0	0	0	0	0
species|80842|Herbaspirillum rubrisubalbicans	0	0	0	0	0	0	0	0	0	0	0	0	0	0	0	0	0	0	0	0	0	0	13	0	0	0	0	0	0	0	0	0	0	0	0	0	0	0	0	0	0	0	0	0	0	0	0	0	0	0	0	0	0	0	0	0	0	0	0	0	0	0	0	0	0	0	0	0	0	0	0	0	0	0	0	0	0	0	0	0	0	0	0	0	0	0	0	0
species|380629|Lysobacter niastensis	0	0	0	0	0	0	0	0	0	0	0	0	0	0	0	0	0	0	0	0	0	0	12	0	0	0	0	0	0	0	0	0	0	0	0	0	0	0	0	0	0	22	0	0	0	0	0	0	0	21	0	0	0	0	0	0	0	0	0	0	0	0	0	0	15	0	0	0	0	0	0	0	0	0	0	0	0	0	0	0	0	0	0	0	0	0	0	0
species|1842727|Rhodoferax koreense	0	0	0	0	0	0	0	0	0	0	0	0	0	0	0	0	0	0	0	0	0	0	18	0	0	0	0	0	0	0	0	0	0	0	0	0	0	0	0	0	0	0	0	0	0	0	0	0	0	0	0	0	17	0	0	0	0	0	0	21	0	0	0	0	0	0	0	0	0	0	0	0	0	0	0	0	0	0	0	0	0	0	0	0	0	0	0	0
species|1259844|Pseudomonas sp. FGI182	0	0	0	0	0	0	0	0	0	0	0	0	0	0	0	0	0	0	0	0	0	0	19	0	0	0	0	0	0	0	0	0	0	0	0	0	0	0	0	0	0	0	0	0	0	0	0	0	0	0	0	0	0	0	0	0	16	0	0	0	0	0	0	0	0	0	0	0	0	0	0	0	0	0	0	0	0	0	0	0	14	0	0	0	0	0	0	0
species|1685901|Lysobacter cavernae	0	0	0	0	0	0	0	0	0	0	0	0	0	0	0	0	0	0	0	0	0	0	15	0	0	0	0	0	0	0	0	0	0	0	0	0	0	0	0	0	0	0	0	0	0	0	0	0	0	0	0	0	0	0	0	0	0	0	0	0	0	0	0	0	16	0	0	16	0	0	0	0	0	0	0	0	0	17	0	0	0	0	0	0	0	0	0	0
species|354355|Niastella yeongjuensis	0	0	0	0	0	0	0	0	0	0	0	0	0	0	0	0	0	0	0	0	0	0	21	0	0	0	0	0	0	0	0	0	0	0	0	0	0	0	0	0	0	0	0	0	0	0	0	0	0	0	0	0	0	0	0	0	0	0	0	0	0	0	0	0	0	0	0	0	0	0	0	0	0	0	0	0	0	0	0	0	0	0	0	0	0	0	0	0
species|53254|Bosea thiooxidans	0	0	0	0	0	0	0	0	0	0	0	0	0	0	0	0	0	0	0	0	0	0	23	0	0	0	0	0	0	0	0	0	0	0	0	0	0	0	0	0	0	0	0	0	0	0	0	0	0	0	0	0	0	0	0	0	0	0	0	0	0	0	0	0	0	0	0	0	0	0	0	0	0	0	0	0	0	0	0	0	0	0	0	0	0	0	0	0
species|359408|Methylotenera mobilis	0	0	0	0	0	0	0	0	0	0	0	0	0	0	0	0	0	0	0	0	0	0	25	0	0	0	0	0	0	0	0	0	0	0	0	0	0	0	0	0	0	0	0	0	0	0	0	0	0	0	0	0	19	0	0	0	0	0	0	0	0	0	0	0	0	0	0	0	0	0	0	0	0	0	0	0	0	0	0	0	0	0	0	0	0	0	0	0
species|1542731|Niastella gongjuensis	0	0	0	0	0	0	0	0	0	0	0	0	0	0	0	0	0	0	0	0	0	0	15	12	0	0	0	0	0	0	0	0	34	0	0	0	0	0	0	0	0	0	0	0	0	0	0	0	0	0	0	0	0	0	0	0	0	0	0	0	0	0	0	0	0	0	0	0	0	0	0	0	0	0	0	0	0	0	0	0	0	0	0	0	0	0	0	0
species|455078|Rhodocytophaga aerolata	0	0	0	0	0	0	0	0	0	0	0	0	0	0	0	0	0	0	0	0	0	0	14	0	0	0	0	0	0	0	0	0	0	0	0	0	0	0	0	0	0	0	0	0	0	0	0	0	0	0	0	0	0	0	0	0	0	0	0	0	0	0	0	0	0	0	0	0	0	0	0	0	0	0	0	0	0	0	0	0	0	0	0	0	0	0	0	0
species|34|Myxococcus xanthus	0	0	0	0	0	0	0	0	0	0	0	0	0	0	0	0	0	0	0	0	0	0	0	15	0	0	0	0	0	0	0	0	0	0	0	0	0	0	0	0	0	0	0	0	0	0	0	0	0	0	0	0	0	0	0	0	0	0	0	0	0	0	0	0	0	0	0	0	0	0	0	0	0	0	0	0	0	0	0	0	0	0	0	0	0	0	0	0
species|1325090|Bradyrhizobium guangdongense	0	0	0	0	0	0	0	0	0	0	0	0	0	0	0	0	0	0	0	0	0	0	0	17	0	0	0	0	0	0	0	0	0	0	0	0	0	0	0	0	0	0	0	0	0	0	0	0	0	0	0	0	0	0	0	0	0	0	0	0	0	0	0	0	0	0	0	0	0	0	0	0	0	0	0	0	0	0	0	0	0	0	0	0	0	0	0	0
species|2496871|Geomonas soli	0	0	0	0	0	0	0	0	0	0	0	0	0	0	0	0	0	0	0	0	0	0	0	20	0	0	0	0	0	0	0	0	0	0	0	0	0	0	0	0	0	0	0	0	0	0	0	0	0	0	0	0	0	0	0	0	0	0	0	0	0	0	0	0	0	0	0	0	0	0	0	0	0	0	0	0	0	0	0	0	0	0	0	0	0	0	0	0
species|354356|Niastella koreensis	0	0	0	0	0	0	0	0	0	0	0	0	0	0	0	0	0	0	0	0	0	0	0	20	21	0	0	0	0	0	0	0	0	0	0	0	23	0	0	0	0	23	0	0	0	0	0	0	0	0	0	0	0	20	0	0	0	0	0	0	0	0	0	0	0	0	0	0	0	0	0	0	0	0	0	0	0	23	0	0	0	0	26	0	0	0	0	0
species|1141882|Lysobacter mobilis	0	0	0	0	0	0	0	0	0	0	0	0	0	0	0	0	0	0	0	0	0	0	0	17	0	0	0	0	0	0	17	0	0	21	0	0	0	0	0	0	0	0	0	0	0	0	0	0	0	11	0	0	0	12	13	0	0	0	0	0	0	0	0	0	20	0	0	0	0	0	0	0	13	0	0	0	13	0	0	0	0	0	0	0	0	0	0	0
species|1740721|Neobacillus cucumis	0	0	0	0	0	0	0	0	0	0	0	0	0	0	0	0	0	0	0	0	0	0	0	19	0	0	0	0	0	0	0	0	0	0	0	0	13	0	0	0	0	0	0	0	0	0	0	0	0	0	0	0	0	13	0	0	0	0	0	0	0	0	0	0	0	0	0	20	0	0	0	0	0	0	0	0	0	0	0	0	23	0	0	0	0	0	0	0
species|54067|Xylophilus ampelinus	0	0	0	0	0	0	0	0	0	0	0	0	0	0	0	0	0	0	0	0	0	0	0	26	0	0	0	0	0	0	16	0	0	0	0	0	0	0	0	0	0	0	0	0	0	0	0	0	0	0	0	0	0	0	0	0	0	0	0	0	0	0	0	0	0	0	0	0	0	0	0	0	0	0	0	0	0	0	0	0	0	0	0	0	0	0	0	0
species|1742359|Bacillus dafuensis	0	0	0	0	0	0	0	0	0	0	0	0	0	0	0	0	0	0	0	0	0	0	0	12	0	0	0	0	0	0	0	0	0	0	0	0	0	0	0	0	0	0	0	0	0	0	0	0	0	0	0	0	0	0	0	0	0	0	0	0	0	0	0	0	0	0	0	0	0	0	0	0	0	0	0	0	0	0	0	0	0	0	0	0	0	0	0	0
species|2599640|Bosea sp. F3-2	0	0	0	0	0	0	0	0	0	0	0	0	0	0	0	0	0	0	0	0	0	0	0	35	0	0	0	0	0	0	0	0	0	0	0	0	0	0	0	0	0	0	0	0	0	0	0	0	0	0	0	0	0	19	0	0	0	0	0	0	0	0	0	0	0	0	0	0	0	0	0	0	23	0	0	0	0	0	0	0	0	0	0	0	0	0	0	0
species|61624|Paenibacillus mucilaginosus	0	0	0	0	0	0	0	0	0	0	0	0	0	0	0	0	0	0	0	0	0	0	0	42	0	0	0	0	272	0	0	0	0	0	0	0	0	0	0	0	0	0	0	0	0	0	0	0	0	0	0	0	0	0	0	0	0	0	0	0	0	0	0	0	0	0	0	0	0	0	0	0	0	0	0	0	0	0	0	0	0	0	0	0	0	0	0	0
species|28077|Nitrospirillum amazonense	0	0	0	0	0	0	0	0	0	0	0	0	0	0	0	0	0	0	0	0	0	0	0	34	0	0	0	14	0	0	0	0	0	0	0	0	25	0	0	0	0	0	0	0	0	0	0	0	0	0	0	0	0	0	0	0	0	0	0	0	0	0	0	0	0	0	0	0	0	0	0	0	0	0	0	0	0	0	0	0	0	0	0	0	0	0	0	0
species|1357915|Arthrobacter sp. QXT-31	0	0	0	0	0	0	0	0	0	0	0	0	0	0	0	0	0	0	0	0	0	0	0	27	0	0	0	0	0	0	0	0	0	0	0	0	0	0	0	0	0	0	0	0	0	0	0	0	0	0	0	0	25	0	0	0	0	0	0	0	0	0	0	0	0	0	0	0	0	0	0	0	0	0	0	0	0	0	0	0	0	0	0	0	0	0	0	0
species|1467|Bacillus lentus	0	0	0	0	0	0	0	0	0	0	0	0	0	0	0	0	0	0	0	0	0	0	0	0	24	0	0	0	0	0	0	0	0	0	0	0	0	0	0	0	0	0	0	0	0	0	0	0	0	0	0	0	0	0	0	0	0	0	0	0	0	0	0	0	0	0	0	0	0	0	0	0	0	0	0	0	0	0	0	0	0	0	0	0	0	0	0	0
species|580165|Bacillus cytotoxicus	0	0	0	0	0	0	0	0	0	0	0	0	0	0	0	0	0	0	0	0	0	0	0	0	22	0	0	0	0	0	0	0	0	0	16	0	0	0	0	0	0	0	0	0	0	0	0	0	0	0	0	0	0	0	0	0	0	0	0	0	0	0	0	0	0	0	0	0	0	0	0	0	0	0	0	0	0	0	0	0	0	0	0	0	0	0	0	0
species|888831|Aetherobacter rufus	0	0	0	0	0	0	0	0	0	0	0	0	0	0	0	0	0	0	0	0	0	0	0	0	12	0	0	0	0	0	0	0	0	0	0	0	0	0	0	0	0	0	0	0	0	0	0	0	0	0	0	0	0	0	0	0	0	0	0	0	0	0	0	0	0	0	0	0	0	0	0	0	0	0	0	0	0	0	0	0	0	0	17	0	0	0	0	0
species|1325095|Bradyrhizobium guangzhouense	0	0	0	0	0	0	0	0	0	0	0	0	0	0	0	0	0	0	0	0	0	0	0	0	16	0	0	0	0	0	0	0	0	0	0	0	0	0	0	0	0	0	0	0	0	0	0	0	0	0	0	0	0	0	0	0	0	20	0	0	0	0	0	0	0	0	0	0	0	0	0	0	0	0	0	0	0	0	0	0	0	0	0	0	0	0	0	0
species|1143711|Paenibacillus frigoriresistens	0	0	0	0	0	0	0	0	0	0	0	0	0	0	0	0	0	0	0	0	0	0	0	0	27	0	0	0	96	0	0	0	0	0	0	39	0	0	0	0	0	0	0	0	0	0	0	29	0	0	0	0	0	0	0	0	0	0	0	0	0	0	0	0	0	0	0	0	0	0	0	0	0	0	0	0	0	0	0	0	0	0	0	0	0	0	23	0
species|1619310|Paenibacillus marchantiophytorum	0	0	0	0	0	0	0	0	0	0	0	0	0	0	0	0	0	0	0	0	0	0	0	0	30	0	0	0	170	0	0	0	0	0	0	0	24	0	0	0	0	0	0	0	0	0	0	0	0	0	0	0	0	0	0	0	0	0	0	0	0	0	0	0	0	0	23	0	0	0	0	0	0	0	0	0	0	0	0	0	0	0	0	0	0	0	0	0
species|859143|Cytobacillus kochii	0	0	0	0	0	0	0	0	0	0	0	0	0	0	0	0	0	0	0	0	0	0	0	0	20	0	0	0	0	0	0	0	0	0	0	0	20	0	0	0	0	0	0	0	0	0	0	0	0	0	0	0	0	0	0	0	0	0	0	0	0	0	0	0	0	0	16	0	0	0	0	0	0	0	0	0	0	0	0	0	0	0	0	0	0	0	0	0
species|1577687|Terracidiphilus gabretensis	0	0	0	0	0	0	0	0	0	0	0	0	0	0	0	0	0	0	0	0	0	0	0	0	15	0	0	0	0	0	0	0	0	0	0	16	0	0	0	0	0	0	0	0	0	0	0	0	0	0	0	0	0	0	0	0	0	0	0	0	0	0	0	0	0	0	0	0	0	0	0	0	0	0	0	0	0	0	0	0	0	0	0	0	0	0	0	0
species|2303505|Psychrobacillus sp. AK 1817	0	0	0	0	0	0	0	0	0	0	0	0	0	0	0	0	0	0	0	0	0	0	0	0	12	0	0	0	0	0	0	0	0	0	0	28	0	0	0	0	0	0	0	0	0	0	0	0	0	0	0	0	0	0	0	0	0	0	0	0	0	0	0	0	0	0	0	0	0	0	0	0	0	0	0	0	0	0	0	0	0	0	0	0	0	0	0	0
species|1405|Bacillus mycoides	0	0	0	0	0	0	0	0	0	0	0	0	0	0	0	0	0	0	0	0	0	0	0	0	10	0	0	0	0	0	0	0	0	0	0	0	0	0	0	0	0	0	0	0	0	0	0	0	0	0	0	0	0	0	0	0	0	0	0	0	0	0	0	0	0	0	0	0	0	0	0	0	0	0	0	0	0	0	0	0	0	0	0	0	0	0	0	0
species|392333|Geoalkalibacter ferrihydriticus	0	0	0	0	0	0	0	0	0	0	0	0	0	0	0	0	0	0	0	0	0	0	0	0	24	0	0	0	0	0	0	0	0	0	0	0	0	0	0	0	0	0	0	0	0	0	0	16	0	0	0	0	0	0	0	0	0	0	0	0	0	0	0	0	0	0	0	0	0	0	0	0	0	0	0	0	0	0	0	0	0	0	0	0	0	0	0	0
species|357808|Roseiflexus sp. RS-1	0	0	0	0	0	0	0	0	0	0	0	0	0	0	0	0	0	0	0	0	0	0	0	0	26	0	0	0	0	0	0	0	0	0	0	0	0	0	0	0	0	0	0	0	0	12	0	0	0	0	0	0	0	0	0	0	0	0	0	0	0	0	0	0	0	0	20	0	0	0	0	0	0	0	0	0	0	0	0	0	0	0	0	0	0	0	0	0
species|48665|Streptomyces viridifaciens	0	0	0	0	0	0	0	0	0	0	0	0	0	0	0	0	0	0	0	0	0	0	0	0	30	0	0	0	0	0	0	0	0	0	0	0	0	0	0	0	0	0	0	0	0	0	0	0	0	0	0	0	0	0	0	0	0	0	0	0	0	0	0	0	0	0	0	0	0	0	0	0	0	0	0	0	0	0	0	0	0	0	0	0	0	0	0	0
species|911092|Caldanaerobacter subterraneus	0	0	0	0	0	0	0	0	0	0	0	0	0	0	0	0	0	0	0	0	0	0	0	0	26	0	0	0	0	0	0	0	0	0	0	0	0	0	0	0	0	0	0	0	0	0	0	0	0	0	0	0	0	0	0	0	0	0	0	0	0	0	0	0	0	0	0	0	0	0	0	0	0	0	0	0	0	0	0	0	0	0	0	0	0	0	0	0
species|169430|Paraburkholderia hospita	0	0	0	0	0	0	0	0	0	0	0	0	0	0	0	0	0	0	0	0	0	0	0	0	42	0	0	0	0	0	0	0	0	0	0	0	0	0	0	0	0	0	0	0	0	0	30	0	0	0	0	0	0	0	0	0	0	0	0	0	0	0	0	0	0	0	39	0	0	0	0	0	0	0	0	0	0	16	0	0	0	0	0	0	0	0	0	0
species|1203471|Geobacter daltonii	0	0	0	0	0	0	0	0	0	0	0	0	0	0	0	0	0	0	0	0	0	0	0	0	14	0	0	0	0	0	0	0	0	0	0	0	0	0	0	0	0	0	0	0	0	0	0	0	0	0	0	0	0	0	0	0	0	0	0	0	0	0	0	0	0	0	0	0	0	0	0	0	0	0	0	0	0	0	0	0	0	0	0	0	0	0	0	0
species|665467|Bauldia litoralis	0	0	0	0	0	0	0	0	0	0	0	0	0	0	0	0	0	0	0	0	0	0	0	0	17	0	0	0	0	0	0	0	0	0	0	0	0	0	0	0	0	0	0	0	0	0	0	0	0	0	0	0	0	0	0	0	0	0	0	0	0	0	0	0	0	0	0	0	0	0	0	0	0	0	0	0	0	0	0	0	0	0	0	0	0	0	0	0
species|676205|Streptomyces aomiensis	0	0	0	0	0	0	0	0	0	0	0	0	0	0	0	0	0	0	0	0	0	0	0	0	22	0	0	0	0	0	0	0	0	0	0	0	0	0	0	0	0	0	0	0	0	0	0	0	0	0	0	0	0	0	0	0	0	0	0	0	0	0	0	0	0	0	0	0	0	0	0	0	0	0	0	0	0	0	0	0	0	0	0	0	0	0	0	0
species|35830|Hungateiclostridium cellulolyticum	0	0	0	0	0	0	0	0	0	0	0	0	0	0	0	0	0	0	0	0	0	0	0	0	19	0	0	0	50	0	0	0	0	0	0	0	0	0	0	0	0	0	0	0	0	0	0	0	0	0	0	0	0	0	0	0	0	0	0	0	0	0	0	0	0	0	0	0	0	0	0	0	0	0	23	0	0	0	30	0	0	0	0	0	0	0	0	0
species|334735|Sporosarcina koreensis	0	0	0	0	0	0	0	0	0	0	0	0	0	0	0	0	0	0	0	0	0	0	0	0	29	0	0	0	0	0	0	0	0	0	0	0	0	0	0	0	0	0	0	0	0	0	0	27	0	0	0	0	0	0	0	0	0	0	0	0	0	0	0	0	0	0	0	0	0	0	0	0	0	0	0	0	0	0	0	0	0	0	0	0	0	0	0	0
species|1759059|Caulobacteraceae bacterium OTSz_A_272	0	0	0	0	0	0	0	0	0	0	0	0	0	0	0	0	0	0	0	0	0	0	0	0	13	0	0	0	0	0	0	0	0	0	0	0	13	0	0	0	0	0	0	0	0	0	0	0	0	0	0	0	0	0	0	0	0	0	0	0	0	0	0	0	0	0	0	0	0	0	0	0	0	0	0	0	0	0	0	0	0	0	0	0	0	0	0	0
species|482564|Oscillatoria nigro-viridis	0	0	0	0	0	0	0	0	0	0	0	0	0	0	0	0	0	0	0	0	0	0	0	0	0	18	0	0	0	0	0	0	0	0	0	12	0	0	0	0	0	0	0	0	0	0	0	0	0	0	0	0	0	0	0	0	0	0	0	0	0	0	0	0	0	0	0	0	0	0	0	0	0	0	0	0	0	0	0	0	0	0	0	0	0	0	0	0
species|349931|Clostridium cavendishii	0	0	0	0	0	0	0	0	0	0	0	0	0	0	0	0	0	0	0	0	0	0	0	0	0	17	0	0	0	0	0	0	0	0	0	0	0	0	0	0	0	0	0	0	0	0	0	0	0	0	0	0	0	0	0	0	0	0	0	0	0	0	0	0	0	0	0	0	0	0	0	0	0	0	0	0	0	0	0	0	0	0	0	0	0	0	0	0
species|1682150|Paenibacillus arcticus	0	0	0	0	0	0	0	0	0	0	0	0	0	0	0	0	0	0	0	0	0	0	0	0	0	0	0	0	161	0	0	0	0	0	0	0	0	0	0	0	0	0	0	0	0	0	0	0	0	0	0	0	0	0	0	0	0	0	0	0	0	0	0	0	0	0	0	0	0	0	0	0	0	0	0	0	0	0	0	0	0	0	0	0	0	0	0	0
species|1450019|Lysinibacillus alkaliphilus	0	0	0	0	0	0	0	0	0	0	0	0	0	0	0	0	0	0	0	0	0	0	0	0	0	0	0	0	56	0	0	0	0	0	0	0	0	0	0	0	0	0	0	0	0	0	0	0	0	0	0	0	0	0	0	0	0	0	0	0	0	0	0	0	0	0	0	0	0	0	0	0	0	0	0	0	0	0	0	0	0	0	0	0	0	0	0	0
species|1266064|Lysinibacillus manganicus	0	0	0	0	0	0	0	0	0	0	0	0	0	0	0	0	0	0	0	0	0	0	0	0	0	0	0	0	16	0	0	0	0	0	0	0	0	0	0	0	0	0	0	0	0	0	0	0	0	0	0	0	0	0	0	0	0	0	0	0	0	0	0	0	0	0	0	0	0	0	0	0	0	0	0	0	0	0	0	0	0	0	0	0	0	0	0	0
species|209080|Propionispora hippei	0	0	0	0	0	0	0	0	0	0	0	0	0	0	0	0	0	0	0	0	0	0	0	0	0	0	0	0	24	0	0	0	0	0	0	0	0	0	0	0	0	0	0	0	0	0	0	0	0	0	0	0	0	0	0	0	0	0	0	0	0	0	0	0	0	0	0	0	0	0	0	0	0	0	0	0	0	0	0	0	0	0	0	0	0	0	0	0
species|112903|Propionispora vibrioides	0	0	0	0	0	0	0	0	0	0	0	0	0	0	0	0	0	0	0	0	0	0	0	0	0	0	0	0	26	0	0	0	0	0	0	0	0	0	0	0	0	0	0	0	0	0	0	0	0	0	0	0	0	0	0	0	0	0	0	0	0	0	0	0	0	0	0	0	0	0	0	0	0	0	0	0	0	0	0	0	0	0	0	0	0	0	0	0
species|481743|Paenibacillus sp. Y412MC10	0	0	0	0	0	0	0	0	0	0	0	0	0	0	0	0	0	0	0	0	0	0	0	0	0	0	0	0	30	0	0	0	0	0	0	0	0	0	0	0	0	0	0	0	0	0	0	0	0	0	0	0	0	0	0	0	0	0	0	0	0	0	0	0	0	0	0	0	0	0	0	0	0	0	0	0	0	0	0	0	0	0	0	0	0	0	0	0
species|189691|Paenibacillus elgii	0	0	0	0	0	0	0	0	0	0	0	0	0	0	0	0	0	0	0	0	0	0	0	0	0	0	0	0	16	0	0	0	0	0	0	0	0	0	0	0	0	0	0	0	0	0	0	0	0	0	0	0	0	0	0	0	0	0	0	0	0	0	0	0	0	0	0	0	0	0	0	0	0	0	0	0	0	0	0	0	0	0	0	0	0	0	0	0
species|1501230|Paenibacillus tyrfis	0	0	0	0	0	0	0	0	0	0	0	0	0	0	0	0	0	0	0	0	0	0	0	0	0	0	0	0	37	0	0	0	0	0	0	0	0	0	0	0	0	0	0	0	0	0	0	0	0	0	0	0	0	0	0	0	0	0	0	0	0	0	0	0	0	0	0	0	0	0	0	0	0	0	0	0	0	0	0	0	0	0	0	0	0	0	0	0
species|1435645|Paenibacillus oenotherae	0	0	0	0	0	0	0	0	0	0	0	0	0	0	0	0	0	0	0	0	0	0	0	0	0	0	0	0	21	0	0	0	0	0	0	0	0	0	0	0	0	0	0	0	0	0	0	0	0	0	0	0	0	0	0	0	0	0	0	0	0	0	0	0	0	0	0	0	0	0	0	0	0	0	0	0	0	0	0	0	0	0	0	0	0	0	0	0
species|1126833|Paenibacillus beijingensis	0	0	0	0	0	0	0	0	0	0	0	0	0	0	0	0	0	0	0	0	0	0	0	0	0	0	0	0	20	0	0	0	0	0	0	0	0	0	0	0	0	0	0	0	0	0	0	0	0	0	0	0	0	0	0	0	0	0	0	0	0	0	0	0	0	0	0	0	0	0	0	0	0	0	0	0	0	0	0	0	0	0	0	0	0	0	0	0
species|1178515|Paenibacillus swuensis	0	0	0	0	0	0	0	0	0	0	0	0	0	0	0	0	0	0	0	0	0	0	0	0	0	0	0	0	151	0	0	0	0	0	0	0	0	0	0	0	0	0	0	0	0	0	0	0	0	0	0	0	0	0	0	0	0	0	0	0	0	0	0	0	0	0	0	0	0	0	0	0	0	0	0	0	0	0	0	0	0	0	0	0	0	0	0	0
species|2020716|Paenibacillus konkukensis	0	0	0	0	0	0	0	0	0	0	0	0	0	0	0	0	0	0	0	0	0	0	0	0	0	0	0	0	173	0	0	0	0	0	0	0	0	0	0	0	0	0	0	0	0	0	0	0	0	0	0	0	0	0	0	0	0	0	0	0	0	0	0	0	0	0	0	0	0	0	0	0	0	0	0	0	0	0	0	0	0	0	0	0	0	0	0	0
species|306542|Paenibacillus gansuensis	0	0	0	0	0	0	0	0	0	0	0	0	0	0	0	0	0	0	0	0	0	0	0	0	0	0	0	0	73	0	0	0	0	0	0	0	0	0	0	0	0	0	0	0	0	0	0	0	0	0	0	0	0	0	0	0	0	0	0	0	0	0	0	0	0	0	0	0	0	0	0	0	0	0	0	0	0	0	0	0	0	0	0	0	0	0	0	0
species|669464|Paenibacillus filicis	0	0	0	0	0	0	0	0	0	0	0	0	0	0	0	0	0	0	0	0	0	0	0	0	0	0	0	0	127	0	0	0	0	0	0	0	0	0	0	0	0	0	0	0	0	0	0	0	0	0	0	0	0	0	0	0	0	0	0	0	0	0	0	0	0	0	0	0	0	0	0	0	0	0	0	0	0	0	0	0	0	0	0	0	0	0	0	0
species|450362|Paenibacillus contaminans	0	0	0	0	0	0	0	0	0	0	0	0	0	0	0	0	0	0	0	0	0	0	0	0	0	0	0	0	32	0	0	0	0	0	0	0	0	0	0	0	0	0	0	0	0	0	0	0	0	0	0	0	0	0	0	0	0	0	0	0	0	0	0	0	0	0	0	17	0	0	0	0	0	0	0	0	0	0	0	0	0	0	0	0	0	0	0	0
species|554312|Paenibacillus rigui	0	0	0	0	0	0	0	0	0	0	0	0	0	0	0	0	0	0	0	0	0	0	0	0	0	0	0	0	26	0	0	0	0	0	0	0	0	0	0	0	0	0	0	0	0	0	0	0	0	0	0	0	0	0	0	0	0	0	0	0	0	0	0	0	0	0	0	0	0	0	0	0	0	0	0	0	0	0	0	0	0	0	0	0	0	0	0	0
species|361876|Paenibacillus soli	0	0	0	0	0	0	0	0	0	0	0	0	0	0	0	0	0	0	0	0	0	0	0	0	0	0	0	0	109	0	0	0	0	0	0	0	0	0	0	0	0	0	0	0	0	0	0	0	0	0	0	0	0	0	0	0	0	0	0	0	0	0	0	0	0	0	0	0	0	0	0	0	0	0	0	0	0	0	0	0	0	0	0	0	0	0	0	0
species|363860|Paenibacillus pocheonensis	0	0	0	0	0	0	0	0	0	0	0	0	0	0	0	0	0	0	0	0	0	0	0	0	0	0	0	0	25	0	0	0	0	0	0	0	0	0	0	0	0	0	0	0	0	0	0	0	0	0	0	0	0	0	0	0	0	0	0	0	0	0	0	0	0	0	0	0	0	0	0	0	25	0	0	0	0	0	0	0	0	0	0	0	0	0	0	0
species|1215385|Paenibacillus thermoaerophilus	0	0	0	0	0	0	0	0	0	0	0	0	0	0	0	0	0	0	0	0	0	0	0	0	0	0	0	0	39	0	0	0	0	0	0	0	0	0	0	0	0	0	0	0	0	0	0	0	0	0	0	0	0	0	0	0	0	0	0	0	0	0	0	0	0	0	0	0	0	0	0	0	0	0	0	0	0	0	0	0	0	0	0	0	0	0	0	0
species|253314|Hungateiclostridium straminisolvens	0	0	0	0	0	0	0	0	0	0	0	0	0	0	0	0	0	0	0	0	0	0	0	0	0	0	0	0	19	0	0	0	0	0	0	0	0	0	0	0	0	0	0	0	0	0	0	0	0	0	0	0	0	0	0	0	0	0	0	0	0	0	0	0	0	0	0	0	0	0	0	0	0	0	0	0	0	0	0	0	0	0	0	0	0	0	0	0
species|1280390|Gorillibacterium massiliense	0	0	0	0	0	0	0	0	0	0	0	0	0	0	0	0	0	0	0	0	0	0	0	0	0	0	0	0	114	0	0	0	0	0	0	0	0	0	0	0	0	0	0	0	0	0	0	0	0	0	0	0	0	0	0	0	0	0	0	0	0	0	0	0	0	0	0	0	0	0	0	0	0	0	0	0	0	0	0	0	0	0	0	0	0	0	0	0
species|1229154|Paenibacillus doosanensis	0	0	0	0	0	0	0	0	0	0	0	0	0	0	0	0	0	0	0	0	0	0	0	0	0	0	0	0	28	0	0	0	0	0	0	0	0	0	0	0	0	0	0	0	0	0	0	0	0	0	0	0	0	0	0	0	0	0	0	0	0	0	0	0	0	0	0	0	0	0	0	0	0	0	0	0	0	0	0	0	0	0	0	0	0	0	0	0
species|1930071|Methylomusa anaerophila	0	0	0	0	0	0	0	0	0	0	0	0	0	0	0	0	0	0	0	0	0	0	0	0	0	0	0	0	52	0	0	0	0	0	0	0	0	0	0	0	0	0	0	0	0	0	0	0	0	0	0	0	0	0	0	0	0	0	0	0	0	0	0	0	0	0	0	0	0	0	0	0	0	0	0	0	0	0	0	0	0	0	0	0	0	0	0	0
species|204936|Sporomusa aerivorans	0	0	0	0	0	0	0	0	0	0	0	0	0	0	0	0	0	0	0	0	0	0	0	0	0	0	0	0	56	0	0	0	0	0	0	0	0	0	0	0	0	0	0	0	0	0	0	0	0	0	0	0	0	0	0	0	0	0	0	0	0	0	0	0	0	0	0	0	0	0	0	0	0	0	0	0	0	0	0	0	0	0	0	0	0	0	0	0
species|47679|Sporomusa sphaeroides	0	0	0	0	0	0	0	0	0	0	0	0	0	0	0	0	0	0	0	0	0	0	0	0	0	0	0	0	34	0	0	0	0	0	0	0	0	0	0	0	0	0	0	0	0	0	0	0	0	0	0	0	0	0	0	0	0	0	0	0	0	0	0	0	0	0	0	0	0	0	0	0	0	0	0	0	0	0	0	0	0	0	0	0	0	0	0	0
species|112901|Sporomusa malonica	0	0	0	0	0	0	0	0	0	0	0	0	0	0	0	0	0	0	0	0	0	0	0	0	0	0	0	0	51	0	0	0	0	0	0	0	0	0	0	0	0	0	0	0	0	0	0	0	0	0	0	0	0	0	0	0	0	0	0	0	0	0	0	0	0	0	0	0	0	0	0	0	0	0	0	0	0	0	0	0	0	0	0	0	0	0	0	0
species|1355755|Paenibacillus eucommiae	0	0	0	0	0	0	0	0	0	0	0	0	0	0	0	0	0	0	0	0	0	0	0	0	0	0	0	0	97	0	0	0	0	0	0	0	0	0	0	0	0	0	0	0	0	0	0	0	0	0	0	0	0	0	0	0	0	0	0	0	0	0	0	0	0	0	0	0	0	0	0	0	0	0	0	0	0	0	0	0	0	0	0	0	0	0	0	0
species|59839|Paenibacillus alginolyticus	0	0	0	0	0	0	0	0	0	0	0	0	0	0	0	0	0	0	0	0	0	0	0	0	0	0	0	0	129	0	0	0	0	0	0	0	0	0	0	0	0	0	0	0	0	0	0	0	0	0	0	0	0	0	0	0	0	0	0	0	0	0	0	0	0	0	0	0	0	0	0	0	0	0	0	0	0	0	0	0	0	0	0	0	0	0	0	0
species|1464|Paenibacillus larvae	0	0	0	0	0	0	0	0	0	0	0	0	0	0	0	0	0	0	0	0	0	0	0	0	0	0	0	0	104	0	0	0	0	0	0	0	0	0	0	0	0	0	0	0	0	0	0	0	0	0	0	0	0	0	0	0	0	0	0	0	0	0	0	0	0	0	0	0	0	0	0	0	0	0	0	0	0	0	0	0	0	0	0	0	0	0	0	0
species|1173085|Paenibacillus profundus	0	0	0	0	0	0	0	0	0	0	0	0	0	0	0	0	0	0	0	0	0	0	0	0	0	0	0	0	20	0	0	0	0	0	0	0	0	0	0	0	0	0	0	0	0	0	0	0	0	0	0	0	0	0	0	0	0	0	0	0	0	0	0	0	0	0	0	0	0	0	0	0	0	0	0	0	0	0	0	0	0	0	0	0	0	0	0	0
species|103815|Paenibacillus chinjuensis	0	0	0	0	0	0	0	0	0	0	0	0	0	0	0	0	0	0	0	0	0	0	0	0	0	0	0	0	54	0	0	0	0	0	0	0	0	0	0	0	0	0	0	0	0	0	0	0	0	0	0	0	0	0	0	0	0	0	0	0	0	0	0	0	0	0	0	0	0	0	0	0	0	0	0	0	0	0	0	0	0	0	0	0	0	0	0	0
species|44253|Paenibacillus validus	0	0	0	0	0	0	0	0	0	0	0	0	0	0	0	0	0	0	0	0	0	0	0	0	0	0	0	0	37	0	0	0	0	0	0	0	0	0	0	0	0	0	0	0	0	0	0	0	0	0	0	0	0	0	0	0	0	0	0	0	0	0	0	0	0	0	0	0	0	0	0	0	0	0	0	0	0	0	0	0	0	0	0	0	0	0	0	0
species|2509456|Paenibacillus protaetiae	0	0	0	0	0	0	0	0	0	0	0	0	0	0	0	0	0	0	0	0	0	0	0	0	0	0	0	0	12	0	0	0	0	0	0	0	0	0	0	0	0	0	0	0	0	0	0	0	0	0	0	0	0	0	0	0	0	0	0	0	0	0	0	0	0	0	0	0	0	0	0	0	0	0	0	0	0	0	0	0	0	0	0	0	0	0	0	0
species|1538658|Paenibacillus yunnanensis	0	0	0	0	0	0	0	0	0	0	0	0	0	0	0	0	0	0	0	0	0	0	0	0	0	0	0	0	68	0	0	0	0	0	0	0	0	0	0	0	0	0	0	0	0	0	0	0	0	0	0	0	0	0	0	0	0	0	0	0	0	0	0	0	0	0	0	0	0	0	0	0	0	0	0	0	0	0	0	0	0	0	0	0	0	0	0	0
species|79263|Paenibacillus chitinolyticus	0	0	0	0	0	0	0	0	0	0	0	0	0	0	0	0	0	0	0	0	0	0	0	0	0	0	0	0	92	0	0	0	0	0	0	0	0	0	0	0	0	0	0	0	0	0	0	0	0	0	0	0	0	0	0	0	0	0	0	0	0	0	0	0	0	0	0	0	0	0	0	0	0	0	0	0	0	0	0	0	0	0	0	0	0	0	0	0
species|1761741|Paenibacillus periandrae	0	0	0	0	0	0	0	0	0	0	0	0	0	0	0	0	0	0	0	0	0	0	0	0	0	0	0	0	161	0	0	0	0	0	0	0	0	0	0	0	0	0	0	0	0	0	0	0	0	0	0	0	0	0	0	0	0	0	0	0	0	0	0	0	0	0	0	0	0	0	0	0	0	0	0	0	0	0	0	0	0	0	0	0	0	0	0	0
species|1393|Brevibacillus brevis	0	0	0	0	0	0	0	0	0	0	0	0	0	0	0	0	0	0	0	0	0	0	0	0	0	0	0	0	62	0	0	0	0	0	0	0	0	0	0	0	0	0	0	0	0	0	0	0	0	0	0	0	0	0	0	0	0	0	0	0	0	0	0	0	0	0	0	0	0	0	0	0	0	0	0	0	0	0	0	0	0	0	0	0	0	0	0	0
species|433293|Anaerotaenia torta	0	0	0	0	0	0	0	0	0	0	0	0	0	0	0	0	0	0	0	0	0	0	0	0	0	0	0	0	26	0	0	0	0	0	0	0	0	0	0	0	0	0	0	0	0	0	0	0	0	0	0	0	0	0	0	0	0	0	0	0	0	0	0	0	0	0	0	0	0	0	0	0	0	0	0	0	0	0	0	0	0	0	0	0	0	0	0	0
species|861532|Ammoniphilus resinae	0	0	0	0	0	0	0	0	0	0	0	0	0	0	0	0	0	0	0	0	0	0	0	0	0	0	0	0	63	0	0	0	0	0	0	0	0	0	0	0	0	0	0	0	0	0	0	0	0	0	0	0	0	0	0	0	0	0	0	0	0	0	0	0	0	0	0	0	0	0	0	0	0	0	0	0	0	0	0	0	0	0	0	0	0	0	0	0
species|1133364|Paenibacillus vulneris	0	0	0	0	0	0	0	0	0	0	0	0	0	0	0	0	0	0	0	0	0	0	0	0	0	0	0	0	12	0	0	0	0	0	0	0	0	0	0	0	0	0	0	0	0	0	0	0	0	0	0	0	0	0	0	0	0	0	0	0	0	0	0	0	0	0	0	0	0	0	0	0	0	0	0	0	0	0	0	0	0	0	0	0	0	0	0	0
species|2141|Spiroplasma ixodetis	0	0	0	0	0	0	0	0	0	0	0	0	0	0	0	0	0	0	0	0	0	0	0	0	0	0	0	0	107	0	0	0	0	0	0	0	0	0	0	0	0	0	0	0	0	0	0	0	0	0	0	0	0	0	0	0	0	0	0	0	0	0	0	0	0	0	0	0	0	0	0	0	0	0	0	0	0	0	0	0	0	0	0	0	0	0	0	0
species|1499685|Bacillus andreraoultii	0	0	0	0	0	0	0	0	0	0	0	0	0	0	0	0	0	0	0	0	0	0	0	0	0	0	0	0	62	0	0	0	0	0	0	0	0	0	0	0	0	0	0	0	0	0	0	0	0	0	0	0	0	0	0	0	0	0	0	0	0	0	0	0	0	0	0	0	0	0	0	0	0	0	0	0	0	0	0	0	0	0	0	0	0	0	0	0
species|35841|Bacillus thermoamylovorans	0	0	0	0	0	0	0	0	0	0	0	0	0	0	0	0	0	0	0	0	0	0	0	0	0	0	0	0	14	0	0	0	0	0	0	0	0	0	0	0	0	0	0	0	0	0	0	0	0	0	0	0	0	0	0	0	0	0	0	0	0	0	0	0	0	0	0	0	0	0	0	20	0	0	0	0	0	0	0	0	0	0	0	0	0	0	0	0
species|171404|Paenibacillus agaridevorans	0	0	0	0	0	0	0	0	0	0	0	0	0	0	0	0	0	0	0	0	0	0	0	0	0	0	0	0	56	0	0	0	0	0	0	0	0	0	0	0	0	0	0	0	0	0	0	0	0	0	0	0	0	0	0	0	0	0	0	0	0	0	0	0	0	0	0	0	0	0	0	0	0	0	0	0	0	0	0	0	0	0	0	0	0	0	0	0
species|1406|Paenibacillus polymyxa	0	0	0	0	0	0	0	0	0	0	0	0	0	0	0	0	0	0	0	0	0	0	0	0	0	0	0	0	29	0	0	0	0	0	0	0	0	0	0	0	0	0	0	0	0	0	0	0	0	0	0	0	0	0	0	0	0	0	0	0	0	0	0	0	0	0	0	0	0	0	0	0	0	0	0	0	0	0	0	0	0	0	0	0	0	0	0	0
species|1117041|Effusibacillus consociatus	0	0	0	0	0	0	0	0	0	0	0	0	0	0	0	0	0	0	0	0	0	0	0	0	0	0	0	0	37	0	0	0	0	0	0	0	0	0	0	0	0	0	0	0	0	0	0	0	0	0	0	0	0	0	0	0	0	0	0	0	0	0	0	0	0	0	0	0	0	0	0	0	0	0	0	0	0	0	0	0	0	0	0	0	0	0	0	0
species|948756|Paenibacillus macquariensis	0	0	0	0	0	0	0	0	0	0	0	0	0	0	0	0	0	0	0	0	0	0	0	0	0	0	0	0	53	0	0	0	0	0	0	0	0	0	0	0	0	0	0	0	0	0	0	0	0	0	0	0	0	0	0	0	0	0	0	0	0	0	0	0	0	0	0	0	0	0	0	0	0	0	0	0	0	0	0	0	0	0	0	0	0	0	0	0
species|253703|Paenibacillus antarcticus	0	0	0	0	0	0	0	0	0	0	0	0	0	0	0	0	0	0	0	0	0	0	0	0	0	0	0	0	22	0	0	0	0	0	0	0	0	0	0	0	0	0	0	0	0	0	0	0	0	0	0	0	0	0	0	0	0	0	0	0	0	0	0	0	0	0	0	0	0	0	0	0	0	0	0	0	0	0	0	0	0	0	0	0	0	0	0	0
species|1715347|Rhabdanaerobium thermarum	0	0	0	0	0	0	0	0	0	0	0	0	0	0	0	0	0	0	0	0	0	0	0	0	0	0	0	0	45	0	0	0	0	0	0	0	0	0	0	0	0	0	0	0	0	0	0	0	0	0	0	0	0	0	0	0	0	0	0	0	0	0	0	0	0	0	0	0	0	0	0	0	0	0	0	0	0	0	0	0	0	0	0	0	0	0	0	0
species|66347|Paenibacillus campinasensis	0	0	0	0	0	0	0	0	0	0	0	0	0	0	0	0	0	0	0	0	0	0	0	0	0	0	0	0	21	0	0	0	0	0	0	0	0	0	0	0	0	0	0	0	0	0	0	0	0	0	0	0	0	0	0	0	0	0	0	0	0	0	0	0	0	0	0	0	0	0	0	0	0	0	0	0	0	0	0	0	0	0	0	0	0	0	0	0
species|369333|Paenibacillus terrigena	0	0	0	0	0	0	0	0	0	0	0	0	0	0	0	0	0	0	0	0	0	0	0	0	0	0	0	0	30	0	0	0	0	0	0	0	0	0	0	0	0	0	0	0	0	0	0	0	0	0	0	0	0	0	0	0	0	0	0	0	0	0	0	0	0	0	0	0	0	0	0	0	0	0	0	0	0	0	0	0	0	0	0	0	0	0	0	0
species|1536774|Paenibacillus sp. FSL H7-0357	0	0	0	0	0	0	0	0	0	0	0	0	0	0	0	0	0	0	0	0	0	0	0	0	0	0	0	0	31	0	0	0	0	0	0	0	0	0	0	0	0	0	0	0	0	0	0	0	0	0	0	0	0	0	0	0	0	0	0	0	0	0	0	0	0	0	0	0	0	0	0	0	0	0	0	0	0	0	0	0	0	0	0	0	0	0	0	0
species|211146|Paenarthrobacter nitroguajacolicus	0	0	0	0	0	0	0	0	0	0	0	0	0	0	0	0	0	0	0	0	0	0	0	0	0	0	0	0	13	0	0	0	0	0	0	0	0	0	0	0	0	0	0	0	0	0	0	0	0	0	0	0	0	0	0	0	0	0	0	0	0	0	0	0	0	0	0	0	0	0	0	0	0	0	0	0	0	0	0	0	0	0	0	0	0	0	0	0
species|292806|Lysinibacillus massiliensis	0	0	0	0	0	0	0	0	0	0	0	0	0	0	0	0	0	0	0	0	0	0	0	0	0	0	0	0	35	0	0	0	0	0	0	0	0	0	0	0	0	0	0	0	0	0	0	0	0	0	0	0	0	0	0	0	0	0	0	0	0	0	0	0	0	0	0	0	0	0	0	0	0	0	0	0	0	0	0	0	0	0	0	0	0	0	0	0
species|2070463|Lysinibacillus sp. SGAir0095	0	0	0	0	0	0	0	0	0	0	0	0	0	0	0	0	0	0	0	0	0	0	0	0	0	0	0	0	18	0	0	0	0	0	0	0	0	0	0	0	0	0	0	0	0	0	0	0	0	0	0	0	0	0	0	0	0	0	0	0	0	0	0	0	0	0	0	0	0	0	0	0	0	0	0	0	0	0	0	0	0	0	0	0	0	0	0	0
species|1566358|Paenibacillus sp. IHBB 10380	0	0	0	0	0	0	0	0	0	0	0	0	0	0	0	0	0	0	0	0	0	0	0	0	0	0	0	0	27	0	0	0	0	0	0	0	0	0	0	0	0	0	0	0	0	0	0	0	0	0	0	0	0	0	0	0	0	0	0	0	0	0	0	0	0	0	0	0	0	0	0	0	0	0	0	0	0	0	0	0	0	0	0	0	0	0	0	0
species|225917|Paenibacillus massiliensis	0	0	0	0	0	0	0	0	0	0	0	0	0	0	0	0	0	0	0	0	0	0	0	0	0	0	0	0	52	0	0	0	0	0	0	0	0	0	0	0	0	0	0	0	0	0	0	0	0	0	0	0	0	0	0	0	0	0	0	0	0	0	0	0	0	0	0	0	0	0	0	0	0	0	0	0	0	0	0	0	0	0	0	0	0	0	0	0
species|1532905|Paenibacillus sp. CAA11	0	0	0	0	0	0	0	0	0	0	0	0	0	0	0	0	0	0	0	0	0	0	0	0	0	0	0	0	96	0	0	0	0	0	0	0	0	0	0	0	0	0	0	0	0	0	0	0	0	0	0	0	0	0	0	0	0	0	0	0	0	0	0	0	0	0	0	0	0	0	0	0	0	0	0	0	0	0	0	0	0	0	0	0	0	0	0	0
species|2496837|Brevibacillus sp. SCSIO 07484	0	0	0	0	0	0	0	0	0	0	0	0	0	0	0	0	0	0	0	0	0	0	0	0	0	0	0	0	182	0	0	0	0	0	0	0	0	0	0	0	0	0	0	0	0	0	0	0	0	0	0	0	0	0	0	0	0	0	0	0	0	0	0	0	0	0	0	0	0	0	0	0	0	0	0	0	0	0	0	0	0	0	0	0	0	0	0	0
species|1462996|Paenibacillus yonginensis	0	0	0	0	0	0	0	0	0	0	0	0	0	0	0	0	0	0	0	0	0	0	0	0	0	0	0	0	38	0	0	0	0	0	0	0	0	0	0	0	0	0	0	0	0	0	0	0	0	0	0	0	0	0	0	0	0	0	0	0	0	0	0	0	0	0	0	0	0	0	0	0	0	0	0	0	0	0	0	0	0	0	0	0	0	0	0	0
species|225915|Paenibacillus timonensis	0	0	0	0	0	0	0	0	0	0	0	0	0	0	0	0	0	0	0	0	0	0	0	0	0	0	0	0	31	0	0	0	0	0	0	0	0	0	0	0	0	0	0	0	0	0	0	0	0	0	0	0	0	0	0	0	0	0	0	0	0	0	0	0	0	0	0	0	0	0	0	0	0	0	0	0	0	0	0	0	0	0	0	0	0	0	0	0
species|221028|Paenibacillus favisporus	0	0	0	0	0	0	0	0	0	0	0	0	0	0	0	0	0	0	0	0	0	0	0	0	0	0	0	0	32	0	0	0	0	0	0	0	0	0	0	0	0	0	0	0	0	0	0	0	0	0	0	0	0	0	0	0	0	0	0	0	0	0	0	0	0	0	0	0	0	0	0	0	0	0	0	0	0	0	0	0	0	0	0	0	0	0	0	0
species|1776391|Romboutsia timonensis	0	0	0	0	0	0	0	0	0	0	0	0	0	0	0	0	0	0	0	0	0	0	0	0	0	0	0	0	43	0	0	0	0	0	0	0	0	0	0	0	0	0	0	0	0	0	0	0	0	0	0	0	0	0	0	0	0	0	0	0	0	0	0	0	0	0	0	0	0	0	0	0	0	0	0	0	0	0	0	0	0	0	0	0	0	0	0	0
species|747481|Paenibacillus chartarius	0	0	0	0	0	0	0	0	0	0	0	0	0	0	0	0	0	0	0	0	0	0	0	0	0	0	0	0	18	0	0	0	0	0	0	0	0	0	0	0	0	0	0	0	0	0	0	0	0	0	0	0	0	0	0	0	0	0	0	0	0	0	0	0	0	0	0	0	0	0	0	0	0	0	0	0	0	0	0	0	0	0	0	0	0	0	0	0
species|1172614|Paenibacillus hemerocallicola	0	0	0	0	0	0	0	0	0	0	0	0	0	0	0	0	0	0	0	0	0	0	0	0	0	0	0	0	114	0	0	0	0	0	0	0	0	0	0	0	0	0	0	0	0	0	0	0	0	0	0	0	0	0	0	0	0	0	0	0	0	0	0	0	0	0	0	0	0	0	0	0	0	0	0	0	0	0	0	0	0	0	0	0	0	0	0	0
species|863643|Thermincola potens	0	0	0	0	0	0	0	0	0	0	0	0	0	0	0	0	0	0	0	0	0	0	0	0	0	0	0	0	210	0	0	0	0	0	0	0	0	0	0	0	0	0	0	0	0	0	0	0	0	0	0	0	0	0	0	0	0	0	0	0	0	0	0	0	0	0	0	0	0	0	0	0	0	0	0	0	0	0	0	0	0	0	0	0	0	0	0	0
species|278994|Thermincola carboxydiphila	0	0	0	0	0	0	0	0	0	0	0	0	0	0	0	0	0	0	0	0	0	0	0	0	0	0	0	0	14	0	0	0	0	0	0	0	0	0	0	0	0	0	0	0	0	0	0	0	0	0	0	0	0	0	0	0	0	0	0	0	0	0	0	0	0	0	0	0	0	0	0	0	0	0	0	0	0	0	0	0	0	0	0	0	0	0	0	0
species|581036|Anoxybacillus vitaminiphilus	0	0	0	0	0	0	0	0	0	0	0	0	0	0	0	0	0	0	0	0	0	0	0	0	0	0	0	0	12	0	0	0	0	0	0	0	0	0	0	0	0	0	0	0	0	0	0	0	0	0	0	0	0	0	0	0	0	0	0	0	0	0	0	0	0	0	0	0	0	0	0	0	0	0	0	0	0	0	0	0	0	0	0	0	0	0	0	0
species|1555112|Limnochorda pilosa	0	0	0	0	0	0	0	0	0	0	0	0	0	0	0	0	0	0	0	0	0	0	0	0	0	0	0	0	25	0	0	0	0	0	0	0	0	0	0	0	0	0	0	0	0	0	0	0	0	0	0	0	0	0	0	0	0	0	0	0	0	0	0	0	0	0	0	0	0	0	0	0	0	0	0	0	0	0	0	0	0	0	0	0	0	0	0	0
species|1707527|Brevibacillus sediminis	0	0	0	0	0	0	0	0	0	0	0	0	0	0	0	0	0	0	0	0	0	0	0	0	0	0	0	0	15	0	0	0	0	0	0	0	0	0	0	0	0	0	0	0	0	0	0	0	0	0	0	0	0	0	0	0	0	0	0	0	0	0	0	0	0	0	0	0	0	0	0	0	0	0	0	0	0	0	0	0	0	0	0	0	0	0	0	0
species|2607911|Paenibacillus sp. 37	0	0	0	0	0	0	0	0	0	0	0	0	0	0	0	0	0	0	0	0	0	0	0	0	0	0	0	0	38	0	0	0	0	0	0	0	0	0	0	0	0	0	0	0	0	0	0	0	0	0	0	0	0	0	0	0	0	0	0	0	0	0	0	0	0	0	0	0	0	0	0	0	0	0	0	0	0	0	0	0	0	0	0	0	0	0	0	0
species|2495582|Paenibacillus albus	0	0	0	0	0	0	0	0	0	0	0	0	0	0	0	0	0	0	0	0	0	0	0	0	0	0	0	0	24	0	0	0	0	0	0	0	0	0	0	0	0	0	0	0	0	0	0	0	0	0	0	0	0	0	0	0	0	0	0	0	0	0	0	0	0	0	0	0	0	0	0	0	0	0	0	0	0	0	0	0	0	0	0	0	0	0	0	0
species|286803|Sporacetigenium mesophilum	0	0	0	0	0	0	0	0	0	0	0	0	0	0	0	0	0	0	0	0	0	0	0	0	0	0	0	0	14	0	0	0	0	0	0	0	0	0	0	0	0	0	0	0	0	0	0	0	0	0	0	0	0	0	0	0	0	0	0	0	0	0	0	0	0	0	0	0	0	0	0	0	0	0	0	0	0	0	0	0	0	0	0	0	0	0	0	0
species|418856|Nevskia soli	0	0	0	0	0	0	0	0	0	0	0	0	0	0	0	0	0	0	0	0	0	0	0	0	0	0	0	0	0	24	0	0	0	0	0	0	0	0	0	0	0	0	0	0	0	0	0	0	0	0	0	0	0	0	0	0	0	0	0	0	0	0	0	0	0	0	0	0	0	0	0	0	0	0	0	0	0	0	0	0	0	0	0	0	0	0	0	0
species|420324|Microvirga lupini	0	0	0	0	0	0	0	0	0	0	0	0	0	0	0	0	0	0	0	0	0	0	0	0	0	0	0	0	0	12	0	0	0	0	0	0	0	0	0	0	0	0	0	0	0	0	0	0	0	0	14	0	0	15	0	0	0	0	0	0	0	0	0	0	0	0	0	0	0	0	0	0	0	0	0	0	0	0	0	0	0	0	0	0	0	0	0	0
species|2594473|Sphingomonas sp. AE3	0	0	0	0	0	0	0	0	0	0	0	0	0	0	0	0	0	0	0	0	0	0	0	0	0	0	0	0	0	0	15	0	0	0	0	0	0	0	0	0	0	0	0	0	0	0	0	0	0	0	0	0	0	0	0	0	0	0	0	0	0	0	0	0	0	0	0	0	0	0	0	0	0	0	0	0	0	0	0	0	0	0	0	0	0	0	0	0
species|393003|Chitinophaga ginsengisegetis	0	0	0	0	0	0	0	0	0	0	0	0	0	0	0	0	0	0	0	0	0	0	0	0	0	0	0	0	0	0	19	0	0	0	0	0	0	0	0	0	0	0	0	0	0	0	0	0	0	0	0	0	0	0	0	0	0	0	0	0	0	0	0	0	0	0	0	0	0	0	0	0	22	0	0	0	0	0	0	0	0	0	0	0	0	0	0	0
species|993689|Metallibacterium scheffleri	0	0	0	0	0	0	0	0	0	0	0	0	0	0	0	0	0	0	0	0	0	0	0	0	0	0	0	0	0	0	15	0	0	0	0	0	0	0	0	0	0	0	0	0	0	0	0	0	0	0	0	0	0	0	0	0	0	0	0	0	0	0	0	0	0	0	0	0	0	0	0	0	0	0	0	0	0	0	0	0	0	0	0	0	0	0	0	0
species|2576891|Nibricoccus aquaticus	0	0	0	0	0	0	0	0	0	0	0	0	0	0	0	0	0	0	0	0	0	0	0	0	0	0	0	0	0	0	15	0	0	0	0	0	0	0	0	0	0	0	0	0	0	0	0	0	0	0	0	0	0	0	0	0	0	0	0	0	0	0	0	0	0	0	0	0	0	0	0	0	0	0	0	0	0	0	0	0	0	0	0	0	0	0	0	0
species|203799|Nocardioides aquiterrae	0	0	0	0	0	0	0	0	0	0	0	0	0	0	0	0	0	0	0	0	0	0	0	0	0	0	0	0	0	0	35	0	0	0	0	0	0	0	0	0	0	0	0	0	0	0	0	0	0	0	0	0	0	0	0	0	0	0	0	0	0	0	0	0	0	0	0	0	0	0	0	0	0	0	0	0	0	0	0	0	0	0	0	0	0	0	0	0
species|40137|Oligotropha carboxidovorans	0	0	0	0	0	0	0	0	0	0	0	0	0	0	0	0	0	0	0	0	0	0	0	0	0	0	0	0	0	0	0	16	0	0	0	0	0	0	0	0	0	0	0	0	0	0	0	0	0	0	0	0	0	0	0	0	0	0	0	0	0	0	0	0	0	0	0	0	0	0	0	0	0	0	0	0	0	0	0	0	0	0	0	0	0	0	0	0
species|363843|Rhizobacter fulvus	0	0	0	0	0	0	0	0	0	0	0	0	0	0	0	0	0	0	0	0	0	0	0	0	0	0	0	0	0	0	0	0	13	0	0	0	0	0	0	0	0	0	0	0	0	0	0	0	0	0	0	0	0	0	0	0	0	0	0	0	0	0	0	0	0	0	0	0	0	0	0	0	0	0	0	0	0	0	0	0	0	0	0	0	0	0	0	0
species|431677|Rhizobacter dauci	0	0	0	0	0	0	0	0	0	0	0	0	0	0	0	0	0	0	0	0	0	0	0	0	0	0	0	0	0	0	0	0	13	0	0	0	0	0	0	0	0	0	0	0	0	0	0	0	0	0	0	0	0	0	0	0	0	0	0	0	0	0	0	0	0	0	0	0	0	0	0	0	0	0	0	0	0	0	0	0	0	0	0	0	0	0	0	0
species|1644131|Janthinobacterium sp. 1_2014MBL_MicDiv	0	0	0	0	0	0	0	0	0	0	0	0	0	0	0	0	0	0	0	0	0	0	0	0	0	0	0	0	0	0	0	0	28	0	0	0	0	0	0	0	0	0	0	0	0	0	0	0	0	0	0	0	0	0	0	0	0	0	0	0	0	0	0	0	0	0	0	0	0	0	0	0	0	0	0	0	0	0	0	0	0	0	0	0	0	0	0	0
species|564064|Spirosoma rigui	0	0	0	0	0	0	0	0	0	0	0	0	0	0	0	0	0	0	0	0	0	0	0	0	0	0	0	0	0	0	0	0	12	0	0	0	0	0	0	0	0	11	0	0	0	0	0	0	0	0	0	0	23	0	0	0	0	0	0	0	0	0	0	0	0	0	0	0	0	0	0	0	19	0	0	15	0	0	0	0	0	0	0	0	0	0	0	0
species|2079227|Arthrobacter sp. PGP41	0	0	0	0	0	0	0	0	0	0	0	0	0	0	0	0	0	0	0	0	0	0	0	0	0	0	0	0	0	0	0	0	20	0	0	0	0	0	0	0	0	0	0	0	0	0	0	0	0	0	0	0	0	0	0	0	0	0	0	0	0	0	0	0	0	0	0	0	0	0	0	0	0	0	0	0	0	0	0	0	0	0	0	0	0	0	0	0
species|69396|Caulobacter fusiformis	0	0	0	0	0	0	0	0	0	0	0	0	0	0	0	0	0	0	0	0	0	0	0	0	0	0	0	0	0	0	0	0	12	0	0	0	0	0	0	0	0	0	0	0	0	0	0	0	0	0	0	0	0	0	0	0	0	0	0	0	0	0	0	0	0	0	0	0	0	0	0	0	0	0	0	0	0	0	0	0	0	0	0	0	0	0	0	0
species|2021234|Ahniella affigens	0	0	0	0	0	0	0	0	0	0	0	0	0	0	0	0	0	0	0	0	0	0	0	0	0	0	0	0	0	0	0	0	11	0	0	0	0	0	0	0	0	0	0	0	0	0	0	0	0	0	0	0	0	0	0	0	0	0	0	0	0	0	0	0	0	0	0	0	0	0	0	0	0	0	0	0	0	0	0	0	0	0	0	0	0	0	0	0
species|1462440|Duganella ginsengisoli	0	0	0	0	0	0	0	0	0	0	0	0	0	0	0	0	0	0	0	0	0	0	0	0	0	0	0	0	0	0	0	0	0	22	0	0	0	0	0	0	0	0	0	0	0	0	0	0	0	0	0	0	19	0	0	0	0	0	0	0	0	0	0	0	12	0	0	0	0	0	0	0	0	0	0	12	0	0	0	0	0	0	0	0	0	0	0	0
species|862126|Mucilaginibacter ginsenosidivorax	0	0	0	0	0	0	0	0	0	0	0	0	0	0	0	0	0	0	0	0	0	0	0	0	0	0	0	0	0	0	0	0	0	20	0	0	0	0	0	0	0	0	0	0	0	0	0	0	0	0	0	0	0	0	0	0	0	0	0	0	0	0	0	0	0	0	0	0	0	0	0	0	25	0	0	0	0	0	0	0	0	0	0	0	0	0	0	0
species|502330|Mucilaginibacter hankyongensis	0	0	0	0	0	0	0	0	0	0	0	0	0	0	0	0	0	0	0	0	0	0	0	0	0	0	0	0	0	0	0	0	0	25	0	0	0	0	0	0	0	0	0	0	0	0	0	0	0	0	0	0	45	0	0	0	0	0	0	0	0	0	0	0	0	0	0	0	0	0	0	0	33	0	0	25	0	0	0	0	0	0	0	0	0	0	0	0
species|85698|Achromobacter xylosoxidans	0	0	0	0	0	0	0	0	0	0	0	0	0	0	0	0	0	0	0	0	0	0	0	0	0	0	0	0	0	0	0	0	0	38	0	0	0	0	0	0	0	0	0	0	0	0	0	0	0	0	0	0	0	0	0	0	0	0	0	0	0	0	0	0	0	0	0	0	0	0	0	0	24	0	0	0	0	0	0	0	0	0	0	0	0	0	0	0
species|180282|Delftia tsuruhatensis	0	0	0	0	0	0	0	0	0	0	0	0	0	0	0	0	0	0	0	0	0	0	0	0	0	0	0	0	0	0	0	0	0	17	0	0	0	0	0	0	0	0	0	0	0	0	0	0	0	0	0	0	27	0	0	0	0	0	0	0	0	0	0	0	0	0	0	0	0	0	0	0	42	0	0	0	19	0	0	0	0	0	0	0	0	0	0	0
species|392413|Deinococcus misasensis	0	0	0	0	0	0	0	0	0	0	0	0	0	0	0	0	0	0	0	0	0	0	0	0	0	0	0	0	0	0	0	0	0	35	0	0	0	0	0	0	0	0	0	0	0	0	0	0	0	0	0	0	16	0	0	0	0	0	0	0	0	0	0	0	0	0	0	0	0	0	0	0	20	0	0	20	0	0	0	0	0	0	0	0	0	0	0	0
species|1004|Chitinophaga sancti	0	0	0	0	0	0	0	0	0	0	0	0	0	0	0	0	0	0	0	0	0	0	0	0	0	0	0	0	0	0	0	0	0	32	0	0	0	0	0	0	0	0	0	0	0	0	0	0	0	0	0	0	0	0	0	0	0	0	0	0	0	0	0	0	0	0	0	0	0	0	0	0	0	0	0	0	0	0	0	0	0	0	0	0	0	0	0	0
species|1827305|Stenotrophomonas sp. MYb57	0	0	0	0	0	0	0	0	0	0	0	0	0	0	0	0	0	0	0	0	0	0	0	0	0	0	0	0	0	0	0	0	0	64	0	0	0	0	0	0	0	0	0	0	0	0	0	0	0	0	0	0	0	0	0	0	0	0	0	0	0	0	0	0	18	0	0	0	0	34	0	0	0	0	0	0	18	0	0	0	0	0	0	0	0	0	0	0
species|1237077|Cellvibrio zantedeschiae	0	0	0	0	0	0	0	0	0	0	0	0	0	0	0	0	0	0	0	0	0	0	0	0	0	0	0	0	0	0	0	0	0	18	0	0	0	0	0	0	0	0	0	0	0	0	0	0	0	0	0	0	36	0	0	0	0	0	0	0	0	0	0	0	0	0	0	0	0	0	0	0	42	0	0	29	0	0	0	0	0	0	0	0	0	0	0	0
species|80866|Delftia acidovorans	0	0	0	0	0	0	0	0	0	0	0	0	0	0	0	0	0	0	0	0	0	0	0	0	0	0	0	0	0	0	0	0	0	21	0	0	0	0	0	0	0	0	0	0	0	0	0	0	0	0	0	0	0	0	0	0	0	0	0	0	0	0	0	0	0	0	0	0	0	0	0	0	0	0	0	0	17	0	0	0	0	0	0	0	0	0	0	0
species|126348|Cellvibrio gandavensis	0	0	0	0	0	0	0	0	0	0	0	0	0	0	0	0	0	0	0	0	0	0	0	0	0	0	0	0	0	0	0	0	0	13	0	0	0	0	0	0	0	0	0	0	0	0	0	0	0	0	0	0	0	0	0	0	0	0	0	0	0	0	0	0	0	0	0	0	0	13	0	0	25	0	0	0	0	0	0	0	0	0	0	0	0	0	0	0
species|454662|Cellvibrio sp. KY-YJ-3	0	0	0	0	0	0	0	0	0	0	0	0	0	0	0	0	0	0	0	0	0	0	0	0	0	0	0	0	0	0	0	0	0	23	0	0	0	0	0	0	0	0	0	0	0	0	0	0	0	0	0	0	0	0	0	0	0	0	0	0	0	0	0	0	0	0	0	0	0	23	0	0	0	0	0	0	0	0	0	0	0	0	0	0	0	0	0	0
species|363849|Pedobacter panaciterrae	0	0	0	0	0	0	0	0	0	0	0	0	0	0	0	0	0	0	0	0	0	0	0	0	0	0	0	0	0	0	0	0	0	21	0	0	0	0	0	0	0	0	0	0	0	0	0	0	0	0	0	0	0	0	0	0	0	0	0	0	0	0	0	0	0	0	0	0	0	0	0	0	0	0	0	0	0	0	0	0	0	0	0	0	0	0	0	0
species|89968|Hymenobacter gelipurpurascens	0	0	0	0	0	0	0	0	0	0	0	0	0	0	0	0	0	0	0	0	0	0	0	0	0	0	0	0	0	0	0	0	0	16	0	0	0	0	0	0	0	0	0	0	0	0	0	0	0	0	0	0	0	0	0	0	0	0	0	0	0	0	0	0	0	0	0	0	0	0	0	0	0	0	0	0	0	0	0	0	0	0	0	0	0	0	0	0
species|1007098|Deinococcus daejeonensis	0	0	0	0	0	0	0	0	0	0	0	0	0	0	0	0	0	0	0	0	0	0	0	0	0	0	0	0	0	0	0	0	0	26	0	0	0	0	0	0	0	0	0	0	0	0	0	0	0	0	0	0	0	0	0	0	0	0	0	0	0	0	0	0	0	0	0	0	0	0	0	0	0	0	0	0	0	0	0	0	0	0	0	0	0	0	0	0
species|1678728|Flavobacterium kingsejongi	0	0	0	0	0	0	0	0	0	0	0	0	0	0	0	0	0	0	0	0	0	0	0	0	0	0	0	0	0	0	0	0	0	0	126	0	0	0	0	0	0	0	0	0	0	0	0	0	0	0	0	0	0	0	0	0	0	0	0	0	0	0	0	0	0	0	0	0	0	0	0	0	0	0	0	0	0	0	0	0	0	0	0	0	0	0	0	0
species|245|Flavobacterium aquatile	0	0	0	0	0	0	0	0	0	0	0	0	0	0	0	0	0	0	0	0	0	0	0	0	0	0	0	0	0	0	0	0	0	0	31	0	0	0	0	0	0	0	0	0	0	0	0	0	0	0	0	0	0	0	0	0	0	0	0	0	0	0	0	0	0	0	0	0	0	0	0	0	0	0	0	0	0	0	0	0	0	0	0	0	0	0	0	0
species|1648146|Flavobacterium buctense	0	0	0	0	0	0	0	0	0	0	0	0	0	0	0	0	0	0	0	0	0	0	0	0	0	0	0	0	0	0	0	0	0	0	26	0	0	0	0	0	0	0	0	0	0	0	0	0	0	0	0	0	0	0	0	0	0	0	0	0	0	0	0	0	0	0	0	0	0	0	0	0	0	0	0	0	0	0	0	0	0	0	0	0	0	0	0	0
species|61652|Serratia rubidaea	0	0	0	0	0	0	0	0	0	0	0	0	0	0	0	0	0	0	0	0	0	0	0	0	0	0	0	0	0	0	0	0	0	0	21	0	0	0	0	0	0	0	0	0	0	0	0	0	0	0	0	0	0	0	0	0	0	0	0	0	0	0	0	0	0	0	0	0	0	0	0	0	0	0	0	0	0	0	0	0	0	0	0	0	0	0	0	0
species|1550|Clostridium subterminale	0	0	0	0	0	0	0	0	0	0	0	0	0	0	0	0	0	0	0	0	0	0	0	0	0	0	0	0	0	0	0	0	0	0	21	0	24	25	0	0	0	0	0	0	0	0	0	0	0	0	0	0	0	0	0	0	0	0	0	0	0	0	0	21	0	0	16	0	0	0	0	0	0	0	0	0	0	0	0	0	0	0	0	0	0	0	0	0
species|1560006|Acidipila dinghuensis	0	0	0	0	0	0	0	0	0	0	0	0	0	0	0	0	0	0	0	0	0	0	0	0	0	0	0	0	0	0	0	0	0	0	0	12	0	0	0	0	0	0	0	0	0	0	0	0	0	0	0	0	0	0	0	0	0	0	0	0	0	0	0	0	0	0	0	0	0	0	0	0	0	0	0	0	0	0	0	0	0	0	0	0	0	0	0	0
species|1560005|Edaphobacter dinghuensis	0	0	0	0	0	0	0	0	0	0	0	0	0	0	0	0	0	0	0	0	0	0	0	0	0	0	0	0	0	0	0	0	0	0	0	28	0	0	0	0	0	0	0	0	0	0	0	0	0	0	0	0	0	0	0	0	0	0	0	0	0	0	0	0	0	0	0	0	0	0	0	0	0	0	0	0	0	0	0	0	0	0	0	0	0	0	0	0
species|1421|Lysinibacillus sphaericus	0	0	0	0	0	0	0	0	0	0	0	0	0	0	0	0	0	0	0	0	0	0	0	0	0	0	0	0	0	0	0	0	0	0	0	19	0	0	0	0	0	0	0	0	0	0	0	0	0	0	0	0	0	0	0	0	0	0	0	0	0	0	0	0	0	0	0	0	0	0	0	0	0	0	0	0	0	0	0	0	0	0	0	0	0	0	0	0
species|1475481|Mizugakiibacter sediminis	0	0	0	0	0	0	0	0	0	0	0	0	0	0	0	0	0	0	0	0	0	0	0	0	0	0	0	0	0	0	0	0	0	0	0	37	0	0	0	0	20	0	0	0	0	0	0	0	0	0	0	0	0	0	0	0	0	0	0	0	0	0	0	0	0	0	0	0	0	0	0	0	0	0	0	0	0	0	0	0	0	0	0	0	0	0	0	0
species|913|Nitrobacter winogradskyi	0	0	0	0	0	0	0	0	0	0	0	0	0	0	0	0	0	0	0	0	0	0	0	0	0	0	0	0	0	0	0	0	0	0	0	0	21	0	0	0	0	0	0	0	0	0	0	0	0	0	0	0	0	0	0	0	0	0	0	0	18	0	0	0	0	0	0	0	0	0	0	0	0	0	0	0	0	0	0	0	0	0	0	0	0	0	0	0
species|425677|Labrys wisconsinensis	0	0	0	0	0	0	0	0	0	0	0	0	0	0	0	0	0	0	0	0	0	0	0	0	0	0	0	0	0	0	0	0	0	0	0	0	12	0	0	0	0	0	0	0	0	0	0	0	0	0	0	0	0	0	0	0	0	0	0	0	0	13	0	0	0	0	0	0	0	0	0	0	0	0	0	0	0	0	16	0	0	0	0	0	0	0	0	0
species|1765737|Dissulfurirhabdus thermomarina	0	0	0	0	0	0	0	0	0	0	0	0	0	0	0	0	0	0	0	0	0	0	0	0	0	0	0	0	0	0	0	0	0	0	0	0	0	0	0	19	0	0	0	0	0	0	0	0	0	0	0	0	0	0	0	0	0	0	0	0	0	0	0	0	0	0	0	0	0	0	0	0	0	0	0	0	0	0	0	0	0	0	0	0	0	0	0	0
species|345632|Geobacter pickeringii	0	0	0	0	0	0	0	0	0	0	0	0	0	0	0	0	0	0	0	0	0	0	0	0	0	0	0	0	0	0	0	0	0	0	0	0	0	0	0	20	0	0	0	0	0	0	0	0	0	0	0	0	0	0	0	0	0	0	0	0	0	0	0	0	0	0	0	0	0	0	0	0	0	0	0	0	0	0	17	0	0	0	0	0	0	0	0	0
species|2575374|Arthrobacter sp. 24S4-2	0	0	0	0	0	0	0	0	0	0	0	0	0	0	0	0	0	0	0	0	0	0	0	0	0	0	0	0	0	0	0	0	0	0	0	0	0	0	0	0	20	0	0	0	0	0	0	0	0	0	0	0	0	0	0	0	0	0	0	0	0	0	0	0	0	0	0	0	0	0	0	0	0	0	0	0	0	0	0	0	0	0	0	0	0	0	0	0
species|2572088|Candidatus Saccharibacteria bacterium oral taxon 957	0	0	0	0	0	0	0	0	0	0	0	0	0	0	0	0	0	0	0	0	0	0	0	0	0	0	0	0	0	0	0	0	0	0	0	0	0	0	0	0	0	26	0	0	0	0	0	0	0	0	0	0	0	0	0	0	0	0	0	0	0	0	0	0	0	0	0	0	0	0	0	0	0	0	0	0	0	0	0	0	0	0	0	0	0	0	0	0
species|1368430|Rhizobium rosettiformans	0	0	0	0	0	0	0	0	0	0	0	0	0	0	0	0	0	0	0	0	0	0	0	0	0	0	0	0	0	0	0	0	0	0	0	0	0	0	0	0	0	15	0	0	0	0	0	0	0	0	0	0	0	0	0	0	0	0	0	0	0	0	0	0	0	0	0	0	0	0	0	0	0	0	0	0	0	0	0	0	0	0	0	0	0	0	0	0
species|538966|Dyadobacter sp. 32	0	0	0	0	0	0	0	0	0	0	0	0	0	0	0	0	0	0	0	0	0	0	0	0	0	0	0	0	0	0	0	0	0	0	0	0	0	0	0	0	0	19	0	0	0	0	0	0	0	0	0	0	0	0	0	0	0	0	0	0	0	0	0	0	0	0	0	0	0	0	0	0	0	0	0	0	0	0	0	0	0	0	0	0	0	0	0	0
species|2010972|Caulobacter rhizosphaerae	0	0	0	0	0	0	0	0	0	0	0	0	0	0	0	0	0	0	0	0	0	0	0	0	0	0	0	0	0	0	0	0	0	0	0	0	0	0	0	0	0	13	0	0	0	0	0	0	0	0	0	0	0	0	0	0	0	0	0	0	0	0	0	0	0	0	0	0	0	0	0	0	0	0	0	0	0	0	0	0	0	0	0	0	0	0	0	0
species|1843099|Lacibacter nakdongensis	0	0	0	0	0	0	0	0	0	0	0	0	0	0	0	0	0	0	0	0	0	0	0	0	0	0	0	0	0	0	0	0	0	0	0	0	0	0	0	0	0	15	0	0	0	0	0	0	0	0	0	0	0	0	0	0	0	0	0	0	0	0	0	0	0	0	0	0	0	0	0	0	14	0	0	0	0	0	0	0	0	0	0	0	0	0	0	0
species|573737|Pandoraea oxalativorans	0	0	0	0	0	0	0	0	0	0	0	0	0	0	0	0	0	0	0	0	0	0	0	0	0	0	0	0	0	0	0	0	0	0	0	0	0	0	0	0	0	20	0	0	0	0	0	0	0	0	0	0	0	0	0	0	0	0	0	0	0	0	0	0	0	0	0	0	0	0	0	0	0	0	0	0	0	0	0	0	0	0	0	0	0	0	0	0
species|2202148|Azospirillum thermophilum	0	0	0	0	0	0	0	0	0	0	0	0	0	0	0	0	0	0	0	0	0	0	0	0	0	0	0	0	0	0	0	0	0	0	0	0	0	0	0	0	0	0	33	0	0	0	0	0	0	0	0	0	0	0	0	0	0	0	0	0	0	0	0	0	0	0	0	0	0	0	0	0	0	0	0	0	0	0	0	0	0	0	0	0	0	0	0	0
species|676517|Diplorickettsia massiliensis	0	0	0	0	0	0	0	0	0	0	0	0	0	0	0	0	0	0	0	0	0	0	0	0	0	0	0	0	0	0	0	0	0	0	0	0	0	0	0	0	0	0	0	29	0	0	0	0	0	0	0	0	0	0	0	0	0	0	0	0	0	0	0	0	0	0	0	0	0	0	0	0	0	0	0	0	0	0	0	0	0	0	0	0	0	0	0	0
species|546|Citrobacter freundii	0	0	0	0	0	0	0	0	0	0	0	0	0	0	0	0	0	0	0	0	0	0	0	0	0	0	0	0	0	0	0	0	0	0	0	0	0	0	0	0	0	0	0	0	24	0	0	0	0	0	0	0	0	0	0	0	0	0	0	0	0	0	0	0	0	0	0	0	0	0	0	0	0	0	0	0	0	0	0	0	0	0	0	0	0	0	0	0
species|121292|Pseudarthrobacter sulfonivorans	0	0	0	0	0	0	0	0	0	0	0	0	0	0	0	0	0	0	0	0	0	0	0	0	0	0	0	0	0	0	0	0	0	0	0	0	0	0	0	0	0	0	0	0	0	0	36	0	0	0	0	0	0	0	0	0	0	0	0	0	0	0	0	0	0	0	0	0	0	0	0	0	0	0	45	0	0	0	0	0	0	0	0	0	0	0	0	0
species|67774|Neorhizobium huautlense	0	0	0	0	0	0	0	0	0	0	0	0	0	0	0	0	0	0	0	0	0	0	0	0	0	0	0	0	0	0	0	0	0	0	0	0	0	0	0	0	0	0	0	0	0	0	0	0	0	0	0	26	40	0	0	0	0	0	0	27	0	0	0	0	0	0	0	0	0	0	0	0	0	0	0	0	0	0	0	0	0	0	0	0	0	0	0	0
species|443612|Flavobacterium resistens	0	0	0	0	0	0	0	0	0	0	0	0	0	0	0	0	0	0	0	0	0	0	0	0	0	0	0	0	0	0	0	0	0	0	0	0	0	0	0	0	0	0	0	0	0	0	0	0	0	0	0	49	63	0	0	0	0	0	0	0	0	0	0	0	72	0	0	0	0	33	0	0	46	0	0	0	0	0	0	0	0	0	0	0	0	0	0	0
species|32013|Comamonas terrigena	0	0	0	0	0	0	0	0	0	0	0	0	0	0	0	0	0	0	0	0	0	0	0	0	0	0	0	0	0	0	0	0	0	0	0	0	0	0	0	0	0	0	0	0	0	0	0	0	0	0	0	0	18	0	0	0	0	0	0	0	0	0	0	0	0	0	0	0	0	0	0	0	0	0	0	0	0	0	0	0	0	0	0	0	0	0	0	0
species|105219|Ralstonia mannitolilytica	0	0	0	0	0	0	0	0	0	0	0	0	0	0	0	0	0	0	0	0	0	0	0	0	0	0	0	0	0	0	0	0	0	0	0	0	0	0	0	0	0	0	0	0	0	0	0	0	0	0	0	0	20	0	0	0	0	0	0	0	0	0	0	0	0	0	0	0	0	0	0	0	0	0	0	0	0	0	0	0	0	0	0	0	0	0	0	0
species|659014|Dyadobacter soli	0	0	0	0	0	0	0	0	0	0	0	0	0	0	0	0	0	0	0	0	0	0	0	0	0	0	0	0	0	0	0	0	0	0	0	0	0	0	0	0	0	0	0	0	0	0	0	0	0	0	0	0	12	0	0	0	0	0	0	0	0	0	0	0	12	0	0	0	0	0	0	0	25	0	0	0	0	0	0	0	0	0	0	0	0	0	0	0
species|363850|Dyadobacter ginsengisoli	0	0	0	0	0	0	0	0	0	0	0	0	0	0	0	0	0	0	0	0	0	0	0	0	0	0	0	0	0	0	0	0	0	0	0	0	0	0	0	0	0	0	0	0	0	0	0	0	0	0	0	0	19	0	0	0	0	0	0	19	0	0	0	0	23	0	0	18	0	0	0	0	25	0	0	0	0	0	0	0	0	0	0	0	0	0	0	0
species|86182|Curvibacter lanceolatus	0	0	0	0	0	0	0	0	0	0	0	0	0	0	0	0	0	0	0	0	0	0	0	0	0	0	0	0	0	0	0	0	0	0	0	0	0	0	0	0	0	0	0	0	0	0	0	0	0	0	0	0	19	0	0	0	0	0	0	0	0	0	0	0	0	0	0	0	0	0	0	0	0	0	0	0	0	0	0	0	0	0	0	0	0	0	0	0
species|742013|Delftia sp. Cs1-4	0	0	0	0	0	0	0	0	0	0	0	0	0	0	0	0	0	0	0	0	0	0	0	0	0	0	0	0	0	0	0	0	0	0	0	0	0	0	0	0	0	0	0	0	0	0	0	0	0	0	0	0	23	0	0	0	0	0	0	0	0	0	0	0	0	0	0	0	0	0	0	0	0	0	0	0	14	0	0	0	0	0	0	0	0	0	0	0
species|424798|Rhizobium soli	0	0	0	0	0	0	0	0	0	0	0	0	0	0	0	0	0	0	0	0	0	0	0	0	0	0	0	0	0	0	0	0	0	0	0	0	0	0	0	0	0	0	0	0	0	0	0	0	0	0	0	0	26	0	0	0	0	0	0	0	0	0	0	0	0	0	0	0	0	19	0	0	0	0	0	0	0	0	0	0	0	0	0	0	0	0	0	0
species|408657|Dyadobacter koreensis	0	0	0	0	0	0	0	0	0	0	0	0	0	0	0	0	0	0	0	0	0	0	0	0	0	0	0	0	0	0	0	0	0	0	0	0	0	0	0	0	0	0	0	0	0	0	0	0	0	0	0	0	13	0	0	0	0	0	0	0	0	0	0	0	0	0	0	0	0	0	0	0	15	0	0	0	0	0	0	0	0	0	0	0	0	0	0	0
species|538021|Mucilaginibacter ximonensis	0	0	0	0	0	0	0	0	0	0	0	0	0	0	0	0	0	0	0	0	0	0	0	0	0	0	0	0	0	0	0	0	0	0	0	0	0	0	0	0	0	0	0	0	0	0	0	0	0	0	0	0	14	0	0	0	0	0	0	0	0	0	0	0	0	0	0	0	0	0	0	0	21	0	0	0	0	0	0	0	0	0	0	0	0	0	0	0
species|564835|Pedobacter koreensis	0	0	0	0	0	0	0	0	0	0	0	0	0	0	0	0	0	0	0	0	0	0	0	0	0	0	0	0	0	0	0	0	0	0	0	0	0	0	0	0	0	0	0	0	0	0	0	0	0	0	0	0	34	0	0	0	0	0	0	0	0	0	0	0	0	0	0	0	0	18	0	0	23	0	0	0	20	0	0	0	0	0	0	0	0	0	0	0
species|392414|Deinococcus roseus	0	0	0	0	0	0	0	0	0	0	0	0	0	0	0	0	0	0	0	0	0	0	0	0	0	0	0	0	0	0	0	0	0	0	0	0	0	0	0	0	0	0	0	0	0	0	0	0	0	0	0	0	10	0	0	0	0	0	0	0	0	0	0	0	0	0	0	0	0	0	0	0	16	0	0	0	21	0	0	0	0	0	0	0	0	0	0	0
species|390242|Pedobacter soli	0	0	0	0	0	0	0	0	0	0	0	0	0	0	0	0	0	0	0	0	0	0	0	0	0	0	0	0	0	0	0	0	0	0	0	0	0	0	0	0	0	0	0	0	0	0	0	0	0	0	0	0	21	0	0	0	0	0	0	0	0	0	0	0	0	0	0	0	0	0	0	0	0	0	0	0	0	0	0	0	0	0	0	0	0	0	0	0
species|324057|Paenibacillus sp. JDR-2	0	0	0	0	0	0	0	0	0	0	0	0	0	0	0	0	0	0	0	0	0	0	0	0	0	0	0	0	0	0	0	0	0	0	0	0	0	0	0	0	0	0	0	0	0	0	0	0	0	0	0	0	0	25	0	0	0	0	0	0	0	0	0	0	0	0	0	0	0	0	0	0	0	0	0	0	0	0	0	0	0	0	0	0	0	0	0	0
species|1571470|Rhizobium sp. ACO-34A	0	0	0	0	0	0	0	0	0	0	0	0	0	0	0	0	0	0	0	0	0	0	0	0	0	0	0	0	0	0	0	0	0	0	0	0	0	0	0	0	0	0	0	0	0	0	0	0	0	0	0	0	0	16	0	0	0	0	0	15	0	0	0	0	0	0	0	0	0	0	0	0	0	0	0	0	0	0	0	0	0	0	0	0	0	0	0	0
species|637577|Luteibacter jiangsuensis	0	0	0	0	0	0	0	0	0	0	0	0	0	0	0	0	0	0	0	0	0	0	0	0	0	0	0	0	0	0	0	0	0	0	0	0	0	0	0	0	0	0	0	0	0	0	0	0	0	0	0	0	0	17	0	0	0	0	0	0	0	0	0	0	0	0	0	0	0	0	0	0	0	0	0	0	0	0	0	0	0	0	0	0	0	0	0	0
species|1327635|Sphingomonas sp. Cra20	0	0	0	0	0	0	0	0	0	0	0	0	0	0	0	0	0	0	0	0	0	0	0	0	0	0	0	0	0	0	0	0	0	0	0	0	0	0	0	0	0	0	0	0	0	0	0	0	0	0	0	0	0	22	0	0	0	0	0	0	0	0	0	0	0	0	0	0	0	0	0	0	0	0	0	0	0	0	0	0	0	0	0	0	0	0	0	0
species|659444|Flavobacterium banpakuense	0	0	0	0	0	0	0	0	0	0	0	0	0	0	0	0	0	0	0	0	0	0	0	0	0	0	0	0	0	0	0	0	0	0	0	0	0	0	0	0	0	0	0	0	0	0	0	0	0	0	0	0	0	0	24	0	0	0	0	0	0	0	0	0	0	0	0	0	0	0	0	0	0	0	0	0	0	0	0	0	0	0	0	0	0	0	0	0
species|1904807|Bradyrhizobium mercantei	0	0	0	0	0	0	0	0	0	0	0	0	0	0	0	0	0	0	0	0	0	0	0	0	0	0	0	0	0	0	0	0	0	0	0	0	0	0	0	0	0	0	0	0	0	0	0	0	0	0	0	0	0	0	0	24	0	0	0	0	0	0	0	0	0	0	0	0	0	0	0	0	0	0	0	0	0	0	0	0	0	0	0	0	0	0	0	0
species|50715|Acidisphaera rubrifaciens	0	0	0	0	0	0	0	0	0	0	0	0	0	0	0	0	0	0	0	0	0	0	0	0	0	0	0	0	0	0	0	0	0	0	0	0	0	0	0	0	0	0	0	0	0	0	0	0	0	0	0	0	0	0	0	14	0	0	0	0	0	0	0	0	0	0	0	0	0	0	0	0	0	0	0	0	0	0	0	0	0	0	23	0	0	0	0	0
species|1849581|Dyella caseinilytica	0	0	0	0	0	0	0	0	0	0	0	0	0	0	0	0	0	0	0	0	0	0	0	0	0	0	0	0	0	0	0	0	0	0	0	0	0	0	0	0	0	0	0	0	0	0	0	0	0	0	0	0	0	0	0	0	0	18	0	0	0	0	0	0	0	0	0	0	0	0	0	0	0	0	0	0	0	0	0	0	0	0	0	0	0	0	0	0
species|665099|Cytobacillus oceanisediminis	0	0	0	0	0	0	0	0	0	0	0	0	0	0	0	0	0	0	0	0	0	0	0	0	0	0	0	0	0	0	0	0	0	0	0	0	0	0	0	0	0	0	0	0	0	0	0	0	0	0	0	0	0	0	0	0	0	0	16	0	0	0	0	0	0	0	0	0	0	0	0	0	0	0	0	0	0	0	11	0	0	0	0	0	0	0	0	0
species|392597|Piscinibacter aquaticus	0	0	0	0	0	0	0	0	0	0	0	0	0	0	0	0	0	0	0	0	0	0	0	0	0	0	0	0	0	0	0	0	0	0	0	0	0	0	0	0	0	0	0	0	0	0	0	0	0	0	0	0	0	0	0	0	0	0	41	0	0	0	0	0	0	0	0	0	0	0	0	0	0	0	0	0	0	0	0	0	0	0	0	0	0	0	0	0
species|1805827|Rhodococcus sp. MTM3W5.2	0	0	0	0	0	0	0	0	0	0	0	0	0	0	0	0	0	0	0	0	0	0	0	0	0	0	0	0	0	0	0	0	0	0	0	0	0	0	0	0	0	0	0	0	0	0	0	0	0	0	0	0	0	0	0	0	0	0	0	0	25	0	0	0	0	0	0	0	0	0	0	0	0	0	0	0	0	0	0	0	0	0	0	0	0	0	0	0
species|415425|Flavobacterium terrae	0	0	0	0	0	0	0	0	0	0	0	0	0	0	0	0	0	0	0	0	0	0	0	0	0	0	0	0	0	0	0	0	0	0	0	0	0	0	0	0	0	0	0	0	0	0	0	0	0	0	0	0	0	0	0	0	0	0	0	0	0	0	0	0	24	0	0	0	0	0	0	0	0	0	0	0	19	0	0	0	0	0	0	0	0	0	0	0
species|1163398|Pseudomonas donghuensis	0	0	0	0	0	0	0	0	0	0	0	0	0	0	0	0	0	0	0	0	0	0	0	0	0	0	0	0	0	0	0	0	0	0	0	0	0	0	0	0	0	0	0	0	0	0	0	0	0	0	0	0	0	0	0	0	0	0	0	0	0	0	0	0	13	0	0	30	0	0	0	0	0	0	0	0	0	0	0	0	0	0	0	0	0	0	0	0
species|2183896|Flavobacterium crocinum	0	0	0	0	0	0	0	0	0	0	0	0	0	0	0	0	0	0	0	0	0	0	0	0	0	0	0	0	0	0	0	0	0	0	0	0	0	0	0	0	0	0	0	0	0	0	0	0	0	0	0	0	0	0	0	0	0	0	0	0	0	0	0	0	24	0	0	0	0	0	0	0	0	0	0	0	20	0	0	0	0	0	0	0	0	0	0	0
species|1123067|Rubellimicrobium mesophilum	0	0	0	0	0	0	0	0	0	0	0	0	0	0	0	0	0	0	0	0	0	0	0	0	0	0	0	0	0	0	0	0	0	0	0	0	0	0	0	0	0	0	0	0	0	0	0	0	0	0	0	0	0	0	0	0	0	0	0	0	0	0	0	0	16	0	0	0	0	0	0	0	0	0	0	0	0	0	0	0	0	0	0	0	0	0	0	0
species|1617283|Flavobacterium nitrogenifigens	0	0	0	0	0	0	0	0	0	0	0	0	0	0	0	0	0	0	0	0	0	0	0	0	0	0	0	0	0	0	0	0	0	0	0	0	0	0	0	0	0	0	0	0	0	0	0	0	0	0	0	0	0	0	0	0	0	0	0	0	0	0	0	0	29	0	0	0	0	0	0	0	0	0	0	0	70	0	0	0	0	0	0	0	0	0	0	0
species|1842536|Agrobacterium sp. RAC06	0	0	0	0	0	0	0	0	0	0	0	0	0	0	0	0	0	0	0	0	0	0	0	0	0	0	0	0	0	0	0	0	0	0	0	0	0	0	0	0	0	0	0	0	0	0	0	0	0	0	0	0	0	0	0	0	0	0	0	0	0	0	0	0	17	0	0	0	0	0	0	0	0	0	0	0	0	0	0	0	0	0	0	0	0	0	0	0
species|2603277|Rhizobium sp. WL3	0	0	0	0	0	0	0	0	0	0	0	0	0	0	0	0	0	0	0	0	0	0	0	0	0	0	0	0	0	0	0	0	0	0	0	0	0	0	0	0	0	0	0	0	0	0	0	0	0	0	0	0	0	0	0	0	0	0	0	0	0	0	0	0	23	0	0	0	0	0	0	0	0	0	0	0	0	0	0	0	0	0	0	0	0	0	0	0
species|2509675|Ktedonosporobacter rubrisoli	0	0	0	0	0	0	0	0	0	0	0	0	0	0	0	0	0	0	0	0	0	0	0	0	0	0	0	0	0	0	0	0	0	0	0	0	0	0	0	0	0	0	0	0	0	0	0	0	0	0	0	0	0	0	0	0	0	0	0	0	0	0	0	0	0	0	14	0	0	0	0	0	0	0	0	0	0	0	0	0	0	0	11	0	0	0	0	0
species|748247|Azoarcus sp. KH32C	0	0	0	0	0	0	0	0	0	0	0	0	0	0	0	0	0	0	0	0	0	0	0	0	0	0	0	0	0	0	0	0	0	0	0	0	0	0	0	0	0	0	0	0	0	0	0	0	0	0	0	0	0	0	0	0	0	0	0	0	0	0	0	0	0	0	32	0	0	0	0	23	12	0	16	0	0	0	0	0	0	0	0	0	0	0	0	0
species|2518644|Pseudomonas sp. SNU WT1	0	0	0	0	0	0	0	0	0	0	0	0	0	0	0	0	0	0	0	0	0	0	0	0	0	0	0	0	0	0	0	0	0	0	0	0	0	0	0	0	0	0	0	0	0	0	0	0	0	0	0	0	0	0	0	0	0	0	0	0	0	0	0	0	0	0	0	19	0	0	0	0	0	0	0	0	0	0	0	0	0	0	0	0	0	0	0	0
species|2546450|Stenotrophomonas sp. DAIF1	0	0	0	0	0	0	0	0	0	0	0	0	0	0	0	0	0	0	0	0	0	0	0	0	0	0	0	0	0	0	0	0	0	0	0	0	0	0	0	0	0	0	0	0	0	0	0	0	0	0	0	0	0	0	0	0	0	0	0	0	0	0	0	0	0	0	0	0	0	17	0	0	0	0	0	0	0	0	0	0	0	0	0	0	0	0	0	0
species|29534|Flavobacterium saccharophilum	0	0	0	0	0	0	0	0	0	0	0	0	0	0	0	0	0	0	0	0	0	0	0	0	0	0	0	0	0	0	0	0	0	0	0	0	0	0	0	0	0	0	0	0	0	0	0	0	0	0	0	0	0	0	0	0	0	0	0	0	0	0	0	0	0	0	0	0	0	31	0	0	0	0	0	53	0	0	0	0	0	0	0	0	0	0	0	0
species|1131567|Undibacterium squillarum	0	0	0	0	0	0	0	0	0	0	0	0	0	0	0	0	0	0	0	0	0	0	0	0	0	0	0	0	0	0	0	0	0	0	0	0	0	0	0	0	0	0	0	0	0	0	0	0	0	0	0	0	0	0	0	0	0	0	0	0	0	0	0	0	0	0	0	0	0	11	0	0	0	0	0	0	0	0	0	0	0	0	0	0	0	0	0	0
species|229921|Levilinea saccharolytica	0	0	0	0	0	0	0	0	0	0	0	0	0	0	0	0	0	0	0	0	0	0	0	0	0	0	0	0	0	0	0	0	0	0	0	0	0	0	0	0	0	0	0	0	0	0	0	0	0	0	0	0	0	0	0	0	0	0	0	0	0	0	0	0	0	0	0	0	0	0	0	19	0	0	0	0	0	0	0	0	0	0	17	0	0	0	0	0
species|1211324|Mucilaginibacter carri	0	0	0	0	0	0	0	0	0	0	0	0	0	0	0	0	0	0	0	0	0	0	0	0	0	0	0	0	0	0	0	0	0	0	0	0	0	0	0	0	0	0	0	0	0	0	0	0	0	0	0	0	0	0	0	0	0	0	0	0	0	0	0	0	0	0	0	0	0	0	0	0	39	0	0	0	0	0	0	0	0	0	0	0	0	0	0	0
species|1295612|Mucilaginibacter yixingensis	0	0	0	0	0	0	0	0	0	0	0	0	0	0	0	0	0	0	0	0	0	0	0	0	0	0	0	0	0	0	0	0	0	0	0	0	0	0	0	0	0	0	0	0	0	0	0	0	0	0	0	0	0	0	0	0	0	0	0	0	0	0	0	0	0	0	0	0	0	0	0	0	20	0	0	0	0	0	0	0	0	0	0	0	0	0	0	0
species|931629|Mucilaginibacter lutimaris	0	0	0	0	0	0	0	0	0	0	0	0	0	0	0	0	0	0	0	0	0	0	0	0	0	0	0	0	0	0	0	0	0	0	0	0	0	0	0	0	0	0	0	0	0	0	0	0	0	0	0	0	0	0	0	0	0	0	0	0	0	0	0	0	0	0	0	0	0	0	0	0	22	0	0	0	16	0	0	0	0	0	0	0	0	0	0	0
species|2492395|Mucilaginibacter terrigena	0	0	0	0	0	0	0	0	0	0	0	0	0	0	0	0	0	0	0	0	0	0	0	0	0	0	0	0	0	0	0	0	0	0	0	0	0	0	0	0	0	0	0	0	0	0	0	0	0	0	0	0	0	0	0	0	0	0	0	0	0	0	0	0	0	0	0	0	0	0	0	0	35	0	0	0	21	0	0	0	0	0	0	0	0	0	0	0
species|1399969|Caballeronia megalochromosomata	0	0	0	0	0	0	0	0	0	0	0	0	0	0	0	0	0	0	0	0	0	0	0	0	0	0	0	0	0	0	0	0	0	0	0	0	0	0	0	0	0	0	0	0	0	0	0	0	0	0	0	0	0	0	0	0	0	0	0	0	0	0	0	0	0	0	0	0	0	0	0	0	20	0	0	0	0	0	0	0	0	0	0	0	0	0	0	0
species|2173175|Pararcticibacter amylolyticus	0	0	0	0	0	0	0	0	0	0	0	0	0	0	0	0	0	0	0	0	0	0	0	0	0	0	0	0	0	0	0	0	0	0	0	0	0	0	0	0	0	0	0	0	0	0	0	0	0	0	0	0	0	0	0	0	0	0	0	0	0	0	0	0	0	0	0	0	0	0	0	0	19	0	0	0	0	0	0	0	0	0	0	0	0	0	0	0
species|292407|Dyadobacter crusticola	0	0	0	0	0	0	0	0	0	0	0	0	0	0	0	0	0	0	0	0	0	0	0	0	0	0	0	0	0	0	0	0	0	0	0	0	0	0	0	0	0	0	0	0	0	0	0	0	0	0	0	0	0	0	0	0	0	0	0	0	0	0	0	0	0	0	0	0	0	0	0	0	23	0	0	0	0	0	0	0	0	0	0	0	0	0	0	0
species|43263|Pseudomonas alcaligenes	0	0	0	0	0	0	0	0	0	0	0	0	0	0	0	0	0	0	0	0	0	0	0	0	0	0	0	0	0	0	0	0	0	0	0	0	0	0	0	0	0	0	0	0	0	0	0	0	0	0	0	0	0	0	0	0	0	0	0	0	0	0	0	0	0	0	0	0	0	0	0	0	17	0	0	0	0	0	0	0	0	0	0	0	0	0	0	0
species|2003121|Sphingobacterium sp. G1-14	0	0	0	0	0	0	0	0	0	0	0	0	0	0	0	0	0	0	0	0	0	0	0	0	0	0	0	0	0	0	0	0	0	0	0	0	0	0	0	0	0	0	0	0	0	0	0	0	0	0	0	0	0	0	0	0	0	0	0	0	0	0	0	0	0	0	0	0	0	0	0	0	17	0	0	0	0	0	0	0	0	0	0	0	0	0	0	0
species|634771|Chitinophaga eiseniae	0	0	0	0	0	0	0	0	0	0	0	0	0	0	0	0	0	0	0	0	0	0	0	0	0	0	0	0	0	0	0	0	0	0	0	0	0	0	0	0	0	0	0	0	0	0	0	0	0	0	0	0	0	0	0	0	0	0	0	0	0	0	0	0	0	0	0	0	0	0	0	0	18	0	0	0	0	0	0	0	0	0	0	0	0	0	0	0
species|2518599|Pandoraea sp. XY-2	0	0	0	0	0	0	0	0	0	0	0	0	0	0	0	0	0	0	0	0	0	0	0	0	0	0	0	0	0	0	0	0	0	0	0	0	0	0	0	0	0	0	0	0	0	0	0	0	0	0	0	0	0	0	0	0	0	0	0	0	0	0	0	0	0	0	0	0	0	0	0	0	21	0	0	0	0	0	0	0	0	0	0	0	0	0	0	0
species|1443800|Oryzihumus terrae	0	0	0	0	0	0	0	0	0	0	0	0	0	0	0	0	0	0	0	0	0	0	0	0	0	0	0	0	0	0	0	0	0	0	0	0	0	0	0	0	0	0	0	0	0	0	0	0	0	0	0	0	0	0	0	0	0	0	0	0	0	0	0	0	0	0	0	0	0	0	0	0	0	0	17	0	0	0	19	0	0	0	0	0	0	0	0	0
species|877464|Flavobacterium chungbukense	0	0	0	0	0	0	0	0	0	0	0	0	0	0	0	0	0	0	0	0	0	0	0	0	0	0	0	0	0	0	0	0	0	0	0	0	0	0	0	0	0	0	0	0	0	0	0	0	0	0	0	0	0	0	0	0	0	0	0	0	0	0	0	0	0	0	0	0	0	0	0	0	0	0	0	0	18	0	0	0	0	0	0	0	0	0	0	0
species|283877|Leucobacter chromiireducens	0	0	0	0	0	0	0	0	0	0	0	0	0	0	0	0	0	0	0	0	0	0	0	0	0	0	0	0	0	0	0	0	0	0	0	0	0	0	0	0	0	0	0	0	0	0	0	0	0	0	0	0	0	0	0	0	0	0	0	0	0	0	0	0	0	0	0	0	0	0	0	0	0	0	0	0	60	0	0	0	0	0	0	0	0	0	0	0
species|878220|Chryseobacterium sp. StRB126	0	0	0	0	0	0	0	0	0	0	0	0	0	0	0	0	0	0	0	0	0	0	0	0	0	0	0	0	0	0	0	0	0	0	0	0	0	0	0	0	0	0	0	0	0	0	0	0	0	0	0	0	0	0	0	0	0	0	0	0	0	0	0	0	0	0	0	0	0	0	0	0	0	0	0	0	27	0	0	0	0	0	0	0	0	0	0	0
species|414048|Pedobacter insulae	0	0	0	0	0	0	0	0	0	0	0	0	0	0	0	0	0	0	0	0	0	0	0	0	0	0	0	0	0	0	0	0	0	0	0	0	0	0	0	0	0	0	0	0	0	0	0	0	0	0	0	0	0	0	0	0	0	0	0	0	0	0	0	0	0	0	0	0	0	0	0	0	0	0	0	0	16	0	0	0	0	0	0	0	0	0	0	0
species|379895|Comamonas odontotermitis	0	0	0	0	0	0	0	0	0	0	0	0	0	0	0	0	0	0	0	0	0	0	0	0	0	0	0	0	0	0	0	0	0	0	0	0	0	0	0	0	0	0	0	0	0	0	0	0	0	0	0	0	0	0	0	0	0	0	0	0	0	0	0	0	0	0	0	0	0	0	0	0	0	0	0	0	23	0	0	0	0	0	0	0	0	0	0	0
species|1823759|Desulfuromonas sp. DDH964	0	0	0	0	0	0	0	0	0	0	0	0	0	0	0	0	0	0	0	0	0	0	0	0	0	0	0	0	0	0	0	0	0	0	0	0	0	0	0	0	0	0	0	0	0	0	0	0	0	0	0	0	0	0	0	0	0	0	0	0	0	0	0	0	0	0	0	0	0	0	0	0	0	0	0	0	0	0	22	0	0	0	0	0	0	0	0	0
species|2527988|Planctomycetes bacterium CA11	0	0	0	0	0	0	0	0	0	0	0	0	0	0	0	0	0	0	0	0	0	0	0	0	0	0	0	0	0	0	0	0	0	0	0	0	0	0	0	0	0	0	0	0	0	0	0	0	0	0	0	0	0	0	0	0	0	0	0	0	0	0	0	0	0	0	0	0	0	0	0	0	0	0	0	0	0	0	16	0	0	0	0	0	0	0	0	0
species|1765049|Azospira sp. I09	0	0	0	0	0	0	0	0	0	0	0	0	0	0	0	0	0	0	0	0	0	0	0	0	0	0	0	0	0	0	0	0	0	0	0	0	0	0	0	0	0	0	0	0	0	0	0	0	0	0	0	0	0	0	0	0	0	0	0	0	0	0	0	0	0	0	0	0	0	0	0	0	0	0	0	0	0	0	25	0	0	0	0	0	0	0	0	0
species|2597769|Geobacter sp. FeAm09	0	0	0	0	0	0	0	0	0	0	0	0	0	0	0	0	0	0	0	0	0	0	0	0	0	0	0	0	0	0	0	0	0	0	0	0	0	0	0	0	0	0	0	0	0	0	0	0	0	0	0	0	0	0	0	0	0	0	0	0	0	0	0	0	0	0	0	0	0	0	0	0	0	0	0	0	0	0	20	0	0	0	0	0	0	0	0	0
species|1836199|Variovorax robiniae	0	0	0	0	0	0	0	0	0	0	0	0	0	0	0	0	0	0	0	0	0	0	0	0	0	0	0	0	0	0	0	0	0	0	0	0	0	0	0	0	0	0	0	0	0	0	0	0	0	0	0	0	0	0	0	0	0	0	0	0	0	0	0	0	0	0	0	0	0	0	0	0	0	0	0	0	0	0	0	22	0	0	0	0	0	0	0	0
species|274593|Paenibacillus phyllosphaerae	0	0	0	0	0	0	0	0	0	0	0	0	0	0	0	0	0	0	0	0	0	0	0	0	0	0	0	0	0	0	0	0	0	0	0	0	0	0	0	0	0	0	0	0	0	0	0	0	0	0	0	0	0	0	0	0	0	0	0	0	0	0	0	0	0	0	0	0	0	0	0	0	0	0	0	0	0	0	0	24	0	0	0	0	0	0	0	0
species|70775|Pseudomonas plecoglossicida	0	0	0	0	0	0	0	0	0	0	0	0	0	0	0	0	0	0	0	0	0	0	0	0	0	0	0	0	0	0	0	0	0	0	0	0	0	0	0	0	0	0	0	0	0	0	0	0	0	0	0	0	0	0	0	0	0	0	0	0	0	0	0	0	0	0	0	0	0	0	0	0	0	0	0	0	0	0	0	0	16	0	0	0	0	0	0	0
