_feature_id	SRR26147154	SRR26147165	SRR26147176	SRR26147181	SRR26147182	SRR26147183	SRR26147184	SRR26147185	SRR26147186	SRR26147187	SRR26147188	SRR26147189	SRR26147190	SRR26147191	SRR26147192	SRR26147193	SRR26147194	SRR26147195	SRR26147196	SRR26147197	SRR26147198	SRR26147199	SRR26147200	SRR26147201	SRR26147202	SRR26147203	SRR26147216	SRR26147217	SRR26147228	SRR26147239	SRR26147265	SRR26147276	SRR26147286	SRR26147287	SRR26147288	SRR26147289	SRR26147290	SRR26147292	SRR26147303	SRR26147314	SRR26147329	SRR26147340	SRR26147351	SRR26147365	SRR26147376	SRR26147387	SRR26147388	SRR26147389	SRR26147390	SRR26147391	SRR26147392	SRR26147393	SRR26147394	SRR26147395	SRR26147396	SRR26147397	SRR26147398	SRR26147399	SRR26147400	SRR26147401	SRR26147402	SRR26147403	SRR26147404	SRR26147405	SRR26147406	SRR26147407	SRR26147408	SRR26147409	SRR26147410	SRR26147411	SRR26147412	SRR26147413	SRR26147414	SRR26147415	SRR26147416	SRR26147417	SRR26147418	SRR26147421	SRR26147432	SRR26147443	SRR26147458	SRR26147469	SRR26147470	SRR26147481	SRR26147483	SRR26147494	SRR26147505	SRR26147516
species|1867796|Vitiosangium cumulatum	0.0108882275960114	0.0	0.0	0.0	0.0	0.0	0.0	0.0	0.0013936610753636	0.0	0.0138032127971632	0.0	0.0095992726850074	0.0039522722576684	0.0142437353343229	0.0118516433040032	0.0121161121243757	0.0099545594724871	0.0146420679483157	0.0	0.0	0.0	0.0	0.0	0.0	0.0	0.0105427013917763	0.0	0.0106049894207872	0.0088186351396176	0.0017632396727125	0.0	0.0	0.0	0.0	0.0	0.0	0.0	0.0	0.0130857827003909	0.0	0.0	0.0	0.0	0.0025390400547146	0.0	0.0	0.0	0.0	0.0113158957664371	0.0088426473343134	0.0110047444285642	0.0	0.0150593333453602	0.0135328697875484	0.0117667172107484	0.0110885574681318	0.0102199038348736	0.0	0.0	0.0	0.0	0.0	0.0	0.0	0.0	0.0	0.0129286464698826	0.0089619843963234	0.0068980735080685	0.0120424377901261	0.0117008500664318	0.0092267657886692	0.0099091770066778	0.0	0.0119253006659524	0.0	0.0079609134902626	0.0077309400441637	0.0138456600372989	0.0	0.0	0.0	0.0	0.0032276570319718	0.0025337206104081	0.0025585722258526	0.0
species|1867797|Vitiosangium subalbum	0.0428757230773036	0.0	0.0	0.0	0.0	0.0	0.0	0.0	0.0025450110911056	0.0	0.0533239322044645	0.0	0.0316192056448967	0.0126247773771928	0.0476829383300777	0.0352758623829785	0.0331849244442965	0.0291062226132772	0.0448665542815384	0.0	0.0	0.0	0.0	0.0	0.0	0.0	0.0366845387984814	0.0	0.0331920999749051	0.0218541866317938	0.0035104923157799	0.0030942397317266	0.0	0.0	0.0	0.0	0.0	0.0	0.0	0.0445847868452234	0.0	0.0	0.0	0.0063170477124524	0.0083439169340549	0.0	0.0	0.0	0.0	0.0442477934382897	0.0299481697651526	0.036386405722307	0.0	0.04865133051212	0.0475223456183259	0.0557798292308968	0.0357289726496544	0.0365311406133897	0.0	0.0	0.0	0.0	0.0	0.0	0.0	0.0	0.0	0.0501457618548811	0.0248606613035649	0.0238782451610648	0.0460409779925079	0.03473716177855	0.0271625497440532	0.029666570569354	0.0	0.0489708130401845	0.0	0.0181130238949884	0.01523215096453	0.0470283370432163	0.0	0.0	0.0	0.0	0.0081315683056124	0.0092486501100399	0.0067429413279479	0.0
species|48|Archangium gephyra	0.0310199732199454	0.0	0.0	0.0	0.0	0.0019387847656042	0.002400572062101	0.0022504135591294	0.0017585842594436	0.0017039719874209	0.0137114642639591	0.0	0.0173490615439571	0.0150840014726809	0.0286712143663066	0.0358081709756274	0.0180980643263342	0.0159758713266078	0.0263490688684409	0.0	0.0	0.0	0.0021945311299672	0.0015843902881864	0.0028588262768327	0.0	0.0291885232842997	0.0	0.0190172016077931	0.0144960875261268	0.0058865334448474	0.0027950038959138	0.0	0.0	0.0018468601816406	0.0	0.0	0.0028342186468322	0.0	0.0104359057453068	0.0	0.0	0.002234110281252	0.0071063358110743	0.0087396457562643	0.0017478045614083	0.0	0.0	0.0024590586405505	0.0167947342913008	0.0116496445273117	0.0267547723211604	0.0022457525190888	0.0213959521817449	0.0325414797849048	0.024303992649052	0.0271111304272309	0.0162974253800622	0.0026521109643931	0.0	0.0	0.0	0.0	0.0	0.0	0.0029742740912594	0.0	0.0170989916368691	0.0102599702062635	0.0125157622831251	0.0261725108673954	0.023617183257252	0.0165242522972674	0.0178574843103386	0.0	0.0282052030821368	0.0	0.0234273470713786	0.0150191963143452	0.0359048978829439	0.0	0.0	0.0	0.0	0.0088036691818719	0.0066608869521754	0.0049645496661026	0.0
species|83451|Archangium violaceum	0.0071446506375821	0.0	0.0	0.0	0.0	0.0	0.0	0.0	0.0	0.0	0.0029313435257294	0.0	0.0032653798454802	0.0010544640056492	0.0044980341719733	0.0063709734405554	0.0028609995720081	0.0041425783183379	0.0041812775800231	0.0	0.0	0.0	0.0	0.0	0.0	0.0	0.005492436045343	0.0	0.0020319077773814	0.0021512457547249	0.0	0.0	0.0	0.0	0.0	0.0	0.0	0.0	0.0	0.0027474362351838	0.0	0.0	0.0	0.0029360321518168	0.0010993438773875	0.0	0.0	0.0	0.0	0.0034369082764717	0.0028847416283381	0.0034788954512156	0.0	0.0034602801567192	0.0079318670401995	0.0051284424704657	0.0041041925423127	0.0045190582612702	0.0	0.0	0.0	0.0	0.0	0.0	0.0	0.0	0.0	0.0039176591689472	0.0033066944640095	0.0015852425482731	0.0056090732939	0.005753539793008	0.0020046540838243	0.0036981857349409	0.0	0.004852192324089	0.0	0.0024808855687018	0.0021412771330565	0.005652960334044	0.0	0.0	0.0	0.0	0.0	0.0012462006787656	0.0	0.0
species|83450|Archangium minus	0.0037868250025019	0.0	0.0	0.0	0.0	0.0	0.0	0.0	0.0	0.0	0.0049359077664008	0.0	0.0032866838564845	0.0015811896017899	0.0037333633582442	0.0035668442887566	0.0024881439877759	0.002782953823487	0.0038067161949478	0.0	0.0	0.0	0.0	0.0	0.0	0.0	0.0034271020521108	0.0	0.0025511845416757	0.0020654885236185	0.0	0.0	0.0	0.0	0.0	0.0	0.0	0.0	0.0	0.0043743995266908	0.0	0.0	0.0	0.0	0.0009522078777318	0.0	0.0	0.0	0.0	0.0044359525478797	0.0027731734914549	0.0027376726064734	0.0	0.0046014038895472	0.006647289266726	0.0043529122344301	0.0052838622342293	0.0031866092250666	0.0	0.0	0.0	0.0	0.0	0.0	0.0	0.0	0.0	0.004459189639761	0.0027413196069376	0.0023624662905532	0.0043832873851464	0.0044370592376189	0.0030310998914217	0.0032426279206395	0.0	0.0040962728072141	0.0	0.0029418148863641	0.0038303281052679	0.0055413238192539	0.0	0.0	0.0	0.0	0.0	0.0010569450358499	0.0	0.0
species|1141883|Massilia putida	0.0638334340334131	0.0	0.0	0.0	0.0	0.0	0.0	0.0	0.002702610485864	0.0	0.0300833352080168	0.0	0.0452632603252106	0.0568780839658202	0.0236076274875575	0.0308251910079334	0.017186643267786	0.031593140948263	0.0539471775374445	0.0	0.0	0.0	0.0	0.0017845476021759	0.0	0.0	0.0471644456732901	0.0	0.0316702741252551	0.0491730571448804	0.0736726110979163	0.0883349900860311	0.0	0.0	0.0	0.001287101796822	0.0	0.0	0.0	0.0737223423016181	0.0	0.0021623991566345	0.0	0.0720172058782339	0.0910488103286984	0.0	0.0	0.0	0.0	0.027297445870686	0.028255682488531	0.0255784257985794	0.0	0.0112771778986758	0.0170404443738913	0.0143077701345226	0.0197980269434627	0.0197441055139443	0.0	0.0	0.0	0.0	0.0	0.0	0.0	0.0	0.0	0.0273199465093934	0.0277112175452148	0.0257981357274649	0.0238983611018558	0.0178661852972484	0.0134454123400658	0.0337693009911698	0.0	0.0302479735389247	0.0	0.0546267062831696	0.0568651554906087	0.036100732980902	0.0	0.0	0.0	0.0	0.0546143041590307	0.0775346545503185	0.1215518671392072	0.0
species|1707785|Massilia sp. WG5	0.0642511941950236	0.0	0.002306867347989	0.0	0.0013286637216384	0.0	0.0	0.0012261286388959	0.0015710265197836	0.0	0.0348239562075505	0.0	0.0636539782964062	0.0855522625447666	0.0344030743417772	0.0448710685599495	0.0230654107125331	0.0421915045065642	0.0600711289597585	0.0013128781460599	0.0	0.0	0.0	0.0	0.0	0.0	0.0486306545880575	0.0	0.0411632221354994	0.0630471980412835	0.0972249167898455	0.1131318116537012	0.0	0.0	0.0	0.0013152499709814	0.0	0.0	0.0	0.0877254170790994	0.0039202778156196	0.0	0.0	0.0905174722566931	0.0857159270867195	0.0	0.0	0.0	0.0	0.0322297307266074	0.052657024953888	0.0317173271783041	0.0	0.0155640504119781	0.0222524430083056	0.0221325819593924	0.0260346418580976	0.0226645585815388	0.0	0.0020115301217212	0.0025333125727482	0.0	0.0	0.0	0.0	0.0	0.0	0.0344224092178316	0.039310022932041	0.044851164966151	0.0408435516386086	0.0249911832889817	0.0150910183746175	0.0577771221333665	0.0	0.0335217134002628	0.0	0.0744002163302458	0.0845526724956997	0.0506742762603382	0.0	0.0	0.0	0.0	0.0690125703346912	0.0717079922046721	0.117937362123399	0.0013934076441267
species|1811226|Massilia agilis	0.0167539280407149	0.0	0.0	0.0	0.0	0.0	0.0	0.0	0.0	0.0	0.0067017160936328	0.0	0.0165521118025067	0.0158464567791278	0.0069957948968995	0.0082109202155885	0.0108068598103965	0.0192743977746627	0.0060126619604129	0.0	0.0	0.0	0.0	0.0	0.0	0.0	0.0169127649035697	0.0	0.0146337815251244	0.0239618935376093	0.0547960797906053	0.0327991470343942	0.0	0.0	0.0	0.0	0.0	0.0	0.0	0.016207409337296	0.0	0.0	0.0	0.021104000001201	0.0227556839434073	0.0	0.0	0.0	0.0	0.0068675441481033	0.011268381152157	0.0088092511112279	0.0	0.0032619464099963	0.0053424603453698	0.0062309451634488	0.0088661828128942	0.0018326317818871	0.0	0.0	0.0	0.0	0.0	0.0	0.0	0.0	0.0	0.0066421352785848	0.0110581661844047	0.0076601331658417	0.0072450345583352	0.0072683848181287	0.0055318082554012	0.0094333181837235	0.0	0.0079528436656882	0.0	0.0247312576727765	0.0138411073626991	0.0093728656485948	0.0	0.0	0.0	0.0	0.0289290125690805	0.0325344213974253	0.0213449426352284	0.0
species|1811225|Massilia solisilvae	0.0021455169818491	0.0	0.0	0.0	0.0	0.0	0.0	0.0	0.0	0.0	0.0020803129886885	0.0	0.0037692151400376	0.0038993459515254	0.0014112496362505	0.0015087907404861	0.0013413133132917	0.0054429117452576	0.002145080906341	0.0	0.0	0.0	0.0	0.0	0.0	0.0	0.0033056077896263	0.0	0.0030374668277385	0.0033839580888318	0.0124485715681451	0.0116532117104896	0.0	0.0	0.0	0.0	0.0	0.0	0.0	0.0026184159394666	0.0	0.0	0.0	0.002445386384899	0.0034398439541432	0.0	0.0	0.0	0.0	0.0013158153034239	0.0039782723747153	0.0	0.0	0.0012617523248824	0.0012853719619349	0.0018153361180424	0.0023550181534813	0.0	0.0	0.0	0.0	0.0	0.0	0.0	0.0	0.0	0.0	0.0023614370569459	0.0037944094179645	0.0031560038325788	0.0014507764694069	0.0022895814865259	0.0	0.0	0.0	0.0010906501019888	0.0	0.0031253048785211	0.0045494803257644	0.0028125476570599	0.0	0.0	0.0	0.0	0.0024869989537982	0.005140083751726	0.0017355094863835	0.0
species|1772194|Massilia pinisoli	0.0010310983828862	0.0	0.0	0.0	0.0	0.0	0.0	0.0	0.0	0.0	0.0	0.0	0.0016601154351166	0.0	0.0	0.0012149643268297	0.0	0.0	0.0	0.0	0.0	0.0	0.0	0.0	0.0	0.0	0.0	0.0	0.0	0.0008899934400368	0.001593208324714	0.0011849795371899	0.0	0.0	0.0	0.0	0.0	0.0	0.0	0.0013298327953992	0.0	0.0	0.0	0.0	0.0007559538562224	0.0	0.0	0.0	0.0	0.0	0.0	0.0	0.0	0.0	0.0	0.0	0.0	0.0	0.0	0.0	0.0	0.0	0.0	0.0	0.0	0.0	0.0	0.0	0.0	0.0	0.0	0.0	0.0	0.0	0.0	0.0	0.0	0.0010237152790437	0.0	0.0012000804700676	0.0	0.0	0.0	0.0	0.0	0.0019892819042316	0.0011582801519148	0.0
species|1811224|Massilia terrae	0.0022691759882148	0.0	0.0	0.0	0.0	0.0	0.0	0.0	0.0	0.0	0.0015197423818327	0.0	0.0028404712569459	0.0019208327013773	0.0010722706212148	0.0012979271283771	0.0016840615209544	0.0020426921882174	0.0008310813574168	0.0	0.0	0.0	0.0	0.0	0.0	0.0	0.0016163320112975	0.0	0.001671813927816	0.0030780595776639	0.0074085834379692	0.0019970942996042	0.0	0.0	0.0	0.0	0.0	0.0	0.0	0.0010902349768769	0.0	0.0	0.0	0.0	0.002112907611149	0.0	0.0	0.0	0.0	0.000857509958792	0.0021503960257503	0.0	0.0	0.0	0.0	0.0013135463056224	0.0019286246703918	0.0	0.0	0.0	0.0	0.0	0.0	0.0	0.0	0.0	0.0	0.0	0.0015133981274635	0.001192857876131	0.0017089394934108	0.0008865734287522	0.0	0.0017280859337856	0.0	0.00129055537503	0.0	0.0022730506142879	0.0021148822909023	0.0015975793443037	0.0	0.0	0.0	0.0	0.0031425838148948	0.002691635781763	0.0019271376105156	0.0
species|231434|Beijerinckia mobilis	0.00192611591404	0.0	0.0	0.0	0.0	0.0	0.0	0.0	0.0	0.0	0.0	0.0	0.0	0.0021474248795626	0.0	0.0028840052302073	0.0013349329632543	0.0014157294947499	0.0	0.0	0.0	0.0	0.0	0.0	0.0	0.0	0.0	0.0	0.0014060439020011	0.0025957287499835	0.0013414295974927	0.0014247345350819	0.0	0.0	0.0	0.0	0.0	0.0	0.0	0.0015674829550452	0.0	0.0	0.0	0.0	0.0013980881524681	0.0	0.0	0.0	0.0	0.0	0.0021860064055775	0.0	0.0	0.0	0.0	0.0	0.0	0.0	0.0	0.0	0.0	0.0	0.0	0.0	0.0	0.0	0.0	0.0	0.0	0.0	0.0	0.0	0.0	0.0	0.0	0.001207563907325	0.0	0.0019287728523147	0.0	0.0	0.0	0.0	0.0	0.0	0.0	0.0017666162904282	0.0028530670444035	0.0
species|533|Beijerinckia indica	0.0028508561873052	0.0	0.0	0.0	0.0	0.0	0.0	0.0	0.0	0.0	0.0031968940381498	0.0	0.0	0.0029004490465746	0.0	0.0	0.0036677568083339	0.002295126916038	0.0028648005487042	0.0	0.0	0.0	0.0	0.0	0.0	0.0	0.0033488535204343	0.0	0.0020814541873204	0.0026642803552284	0.0019765103836951	0.0016602090101328	0.0	0.0	0.0	0.0	0.0	0.0	0.0	0.0021615853238197	0.0	0.0	0.0	0.0	0.0016499281272629	0.0	0.0	0.0	0.0	0.0030350393119686	0.0034055206034916	0.0	0.0	0.0022087306297238	0.0016589540807735	0.0	0.0	0.002775123816952	0.0	0.0	0.0	0.0	0.0	0.0	0.0	0.0	0.0	0.0027729818585724	0.0028749579914901	0.0028901184365269	0.0036931318323694	0.0	0.0033951714636383	0.0	0.0	0.0015962944312887	0.0	0.002268650265121	0.0031900375515304	0.0	0.0	0.0	0.0	0.0	0.0032862891112206	0.0025123872913611	0.0	0.0
species|74314|Brevundimonas alba	0.0019016762945217	0.0	0.0	0.0	0.0	0.0	0.0	0.0	0.0	0.0	0.0	0.0	0.0	0.0	0.0	0.0	0.0	0.0	0.0	0.0	0.0	0.0	0.0	0.0	0.0	0.0	0.0021310602024507	0.0	0.0021300115768453	0.001833632957869	0.0	0.0021246033006951	0.0	0.0	0.0	0.0	0.0	0.0	0.0	0.0018562695007071	0.0	0.0	0.0	0.0037028909718515	0.0023087526723587	0.0	0.0	0.0	0.0	0.0	0.0	0.0	0.0	0.0	0.0	0.0	0.0	0.0	0.0	0.0	0.0	0.0	0.0	0.0	0.0	0.0	0.0	0.0	0.0	0.0	0.0	0.0	0.0	0.0	0.0	0.0	0.0	0.0011668288027632	0.0027643889991494	0.0	0.0	0.0	0.0	0.0	0.0	0.0024846876614763	0.0019423592790183	0.0
species|964|Herbaspirillum seropedicae	0.0030949687790992	0.0	0.0	0.0	0.0	0.0	0.0	0.0	0.0	0.0	0.0029338476367012	0.0	0.0038899654011419	0.0041168434046584	0.004875293155825	0.0053802063922733	0.0053798796094746	0.0037487774011399	0.0047212842750783	0.0	0.0	0.0	0.0	0.0	0.0	0.0	0.0065052376764781	0.0	0.0051339523258985	0.0054265796043702	0.0074456709314737	0.0078863979976168	0.0	0.0	0.0	0.0	0.0	0.0	0.0	0.0045759139988704	0.0	0.0	0.0	0.0095421545581884	0.0055892399930784	0.0	0.0	0.0	0.0	0.0018620624371164	0.0057871883109914	0.003461632254111	0.0	0.002964478194318	0.0040083739084224	0.0043565764372116	0.0063922809773476	0.0030998685773221	0.0	0.0	0.0	0.0	0.0	0.0	0.0	0.0	0.0	0.0036198781530786	0.0027966058100823	0.0021424987845638	0.0056152182454152	0.0043937122343828	0.0051817031929988	0.0041665493788291	0.0	0.0030149819086943	0.0	0.0038828264565003	0.0048985382942487	0.0066821239705234	0.0	0.0	0.0	0.0	0.0074330371111899	0.0084818654729448	0.0065894105425894	0.0
species|341045|Herbaspirillum hiltneri	0.0015026953838801	0.0	0.0	0.0	0.0	0.0	0.0	0.0	0.0	0.0	0.0012782420861821	0.0	0.0	0.0017411846863523	0.0	0.0017017500322448	0.0017559525032378	0.0014380072977658	0.001262638139971	0.0	0.0	0.0	0.0	0.0	0.0	0.0	0.0014922772643482	0.0	0.0023186044216043	0.0014171201613595	0.0	0.0015883982803695	0.0	0.0	0.0	0.0	0.0	0.0	0.0	0.001969839057411	0.0	0.0	0.0	0.0	0.0014107816905827	0.0	0.0	0.0	0.0	0.0023116708757537	0.0	0.0	0.0	0.0	0.0	0.0	0.0	0.0	0.0	0.0	0.0	0.0	0.0	0.0	0.0	0.0	0.0	0.0	0.001261835532659	0.0	0.0	0.0	0.0029969851279848	0.0020905263306527	0.0	0.0008279876481003	0.0	0.0014249318330375	0.0019225723759123	0.0	0.0	0.0	0.0	0.0	0.0019458752827045	0.0	0.0	0.0
species|75659|Duganella zoogloeoides	0.0014257119748705	0.0	0.0	0.0	0.0	0.0	0.0	0.0	0.0	0.0	0.0009572138341166	0.0	0.0	0.0	0.0	0.0	0.0	0.001106451877712	0.0009908622434901	0.0	0.0	0.0	0.0	0.0	0.0	0.0	0.0018107955185129	0.0	0.0011233448765936	0.0014917215736488	0.0012146548143288	0.0015896351650166	0.0	0.0	0.0	0.0	0.0	0.0	0.0	0.00159981888833	0.0	0.0	0.0	0.0	0.0025356948396234	0.0	0.0	0.0	0.0	0.0	0.0	0.0	0.0	0.0	0.0	0.0	0.0	0.0	0.0	0.0	0.0	0.0	0.0	0.0	0.0	0.0	0.0	0.0	0.0	0.0	0.0	0.0011686888794405	0.0	0.0	0.0	0.00102637706031	0.0	0.0009415061754213	0.000919563104734	0.0014324950573341	0.0	0.0	0.0	0.0	0.0021565139854907	0.0030581086023205	0.0024828865543602	0.0
species|1465823|Noviherbaspirillum massiliense	0.001350464127122	0.0	0.0	0.0	0.0	0.0	0.0	0.0	0.0	0.0	0.0009049913757754	0.0	0.0017574023015202	0.0015970404042754	0.0014216704973478	0.0011098100608302	0.0014865349354155	0.0019625390492429	0.0015580303937804	0.0	0.0	0.0	0.0	0.0	0.0	0.0	0.0014427437913231	0.0	0.0015044534485065	0.0020256606008523	0.0027483534156827	0.0028168861548083	0.0	0.0	0.0	0.0	0.0	0.0	0.0	0.0010173243689945	0.0	0.0	0.0	0.0025404573853436	0.0017309502574453	0.0	0.0	0.0	0.0	0.0	0.0018892322766926	0.0	0.0	0.0017559779432873	0.0	0.0	0.0021285881326374	0.0	0.0	0.0	0.0	0.0	0.0	0.0	0.0	0.0	0.0	0.0015951923831705	0.0010621368753324	0.0014506699657213	0.0017150129133776	0.0015870374668196	0.0	0.0	0.0	0.0011609599006093	0.0	0.0015146371265197	0.0018303216639655	0.0024305571111597	0.0	0.0	0.0	0.0	0.0010632959434805	0.001803911959413	0.0020315453108877	0.0
species|796007|Massilia tieshanensis	0.0110248134030999	0.0	0.0	0.0	0.0	0.0	0.0	0.0	0.0	0.0	0.0054475758880954	0.0	0.0070692625045488	0.008361477213107	0.0053092385295904	0.0059354101171525	0.0061795389108795	0.008012556973957	0.0071321495333892	0.0	0.0	0.0	0.0	0.0	0.0	0.0	0.0082125543169775	0.0	0.008146218132415	0.013575021011858	0.0207716389496893	0.0217232289314111	0.0	0.0	0.0	0.0	0.0	0.0	0.0	0.0140999742850343	0.0	0.0	0.0	0.019054488581431	0.026466799160935	0.0	0.0	0.0	0.0	0.0034241842437501	0.0030810188946806	0.0038832603117808	0.0	0.0020373804054322	0.0027087257936448	0.0032170466450197	0.0036133445413696	0.0014891224982343	0.0	0.0	0.0	0.0	0.0	0.0	0.0	0.0	0.0	0.0063693179435647	0.004454772674293	0.0039947286799664	0.0038200049377774	0.0031441840085435	0.0037546226528842	0.0042311188421338	0.0	0.0048189085574749	0.0	0.015050985425866	0.0105763701674155	0.006963875104416	0.0	0.0	0.0	0.0	0.0229650762487282	0.0308952480369988	0.0216699064385052	0.0
species|1886785|Massilia agri	0.0186606457834246	0.0	0.0	0.0	0.0	0.0	0.0	0.0	0.0	0.0	0.0045181230184175	0.0	0.012569313137491	0.0110809934559031	0.0114805366839752	0.0072049519754151	0.0121495669739874	0.0188982993547262	0.015484691987932	0.0	0.0	0.0	0.0	0.0	0.0	0.0	0.0157859387139745	0.0	0.020825976230821	0.0252750003103133	0.0499191903374488	0.0228949342852501	0.0	0.0	0.0	0.0	0.0	0.0	0.0	0.0174599566328529	0.0	0.0	0.0	0.0329416634742754	0.0366132448279116	0.0	0.0	0.0	0.0	0.0039939726626462	0.0081525196520324	0.0047198015123191	0.0	0.0041553256601234	0.0035091859914254	0.0080803775220827	0.0089030485014556	0.0045416140737197	0.0	0.0	0.0	0.0	0.0	0.0	0.0	0.0	0.0	0.0051241540564002	0.0069474025427447	0.0057987143533768	0.007477900834975	0.0051519552558432	0.0057183039459433	0.0150960014301456	0.0	0.0066655734709593	0.0	0.0288630738210637	0.014936741742944	0.0142251262652401	0.0	0.0	0.0	0.0	0.0577784256002451	0.0510120692573043	0.0439390403795549	0.0
species|945844|Massilia oculi	0.0048027717021493	0.0	0.0	0.0	0.0	0.0	0.0	0.0	0.0	0.0	0.0012456266825207	0.0	0.0037887914327805	0.0015661533841143	0.0026032844325996	0.0024907974102359	0.0027540229373019	0.0019224827412991	0.0029151859544833	0.0	0.0	0.0	0.0	0.0	0.0	0.0	0.0032301680386626	0.0	0.0025672746742891	0.0029716374835488	0.0048737992716333	0.0036101225861507	0.0	0.0	0.0	0.0	0.0	0.0	0.0	0.0030907284735824	0.0	0.0	0.0	0.007222078697948	0.0043150187268688	0.0	0.0	0.0	0.0	0.0015678713013073	0.0019144962312154	0.0	0.0	0.0015863483122855	0.0	0.0	0.0018267794708735	0.0015616538251113	0.0	0.0	0.0	0.0	0.0	0.0	0.0	0.0	0.0	0.001538960751823	0.0014326714767586	0.0019482312367069	0.0	0.0014332506282698	0.0022848808103455	0.0027452239326007	0.0	0.0013310737921097	0.0	0.0045883739595741	0.0016048388500882	0.0042290273656821	0.0	0.0	0.0	0.0	0.0047265586043727	0.0037850830645016	0.0043005238529354	0.0
species|55508|Janthinobacterium agaricidamnosum	0.002280898571085	0.0	0.0	0.0	0.0	0.0	0.0	0.0	0.0	0.0	0.0017379882420465	0.0	0.0029899127363669	0.0019775608046082	0.0023344886107504	0.0026729300062907	0.0027447207816265	0.0020716190128186	0.0024428184785701	0.0	0.0	0.0	0.0	0.0	0.0	0.0	0.0029516789789467	0.0	0.0033430359081301	0.0035067126928978	0.0028939123051101	0.004779230667493	0.0	0.0	0.0	0.0	0.0	0.0	0.0	0.0027082672150779	0.0	0.0	0.0	0.0056493999956682	0.0038868735851388	0.0	0.0	0.0	0.0	0.0	0.0	0.0	0.0	0.0	0.0	0.0	0.0020996338937192	0.0021652777761005	0.0	0.0	0.0	0.0	0.0	0.0	0.0	0.0	0.0	0.0	0.0019900441241255	0.0	0.0	0.001458689741841	0.0	0.0	0.0	0.0021122860082154	0.0	0.0033085063765751	0.0026943043927998	0.0042217506716661	0.0	0.0	0.0	0.0	0.0052130584731578	0.0066483445522779	0.0043367327691449	0.0
species|346179|Herbaspirillum rhizosphaerae	0.0008152532099848	0.0	0.0	0.0	0.0	0.0	0.0	0.0	0.0	0.0	0.0	0.0	0.0	0.0	0.0	0.0	0.0	0.0	0.0	0.0	0.0	0.0	0.0	0.0	0.0	0.0	0.0	0.0	0.0	0.0	0.0	0.0006750315026123	0.0	0.0	0.0	0.0	0.0	0.0	0.0	0.0006613425929858	0.0	0.0	0.0	0.0	0.0006215662685349	0.0	0.0	0.0	0.0	0.0	0.0	0.0	0.0	0.0	0.0	0.0	0.0	0.0	0.0	0.0	0.0	0.0	0.0	0.0	0.0	0.0	0.0	0.0	0.0	0.0	0.0	0.0	0.0	0.0	0.0	0.0	0.0	0.0006909564717726	0.0	0.0	0.0	0.0	0.0	0.0	0.0	0.0	0.0	0.0
species|2026176|Massilia phosphatilytica	0.0011180636298719	0.0	0.0	0.0	0.0	0.0	0.0	0.0	0.0	0.0	0.0	0.0	0.0	0.0	0.0	0.0	0.0	0.0	0.0	0.0	0.0	0.0	0.0	0.0	0.0	0.0	0.0	0.0	0.0009287150235798	0.0	0.0012153885541489	0.0	0.0	0.0	0.0	0.0	0.0	0.0	0.0	0.0008452179563806	0.0	0.0	0.0	0.0	0.0008921607409688	0.0	0.0	0.0	0.0	0.0	0.0	0.0	0.0	0.0	0.0	0.0	0.0	0.0	0.0	0.0	0.0	0.0	0.0	0.0	0.0	0.0	0.0	0.0	0.0	0.0	0.0	0.0	0.0	0.0	0.0	0.0	0.0	0.0	0.0015212531001737	0.0	0.0	0.0	0.0	0.0	0.0	0.0	0.0014144896970138	0.0
species|1035707|Massilia namucuonensis	0.0018618962711272	0.0	0.0	0.0	0.0	0.0	0.0	0.0	0.0	0.0	0.0	0.0	0.0	0.0	0.0	0.0	0.0011888569594463	0.0012733331009867	0.0016898864617418	0.0	0.0	0.0	0.0	0.0	0.0	0.0	0.001168627947173	0.0	0.0020824720895554	0.0018592379084682	0.0042537583078691	0.0024155298320055	0.0	0.0	0.0	0.0	0.0	0.0	0.0	0.0006934952876497	0.0	0.0	0.0	0.0047968936852066	0.0039886372779402	0.0	0.0	0.0	0.0	0.0009182820260511	0.0	0.0	0.0	0.0	0.0	0.0	0.0	0.0	0.0	0.0	0.0	0.0	0.0	0.0	0.0	0.0	0.0	0.0	0.0	0.0	0.0	0.0	0.0	0.0	0.0	0.0007666179247305	0.0	0.0015666664982299	0.0012382627239269	0.0017388203191677	0.0	0.0	0.0	0.0	0.0061328184376633	0.0048386705135273	0.0028072992942281	0.0
species|373040|Massilia aurea	0.0019775332408371	0.0	0.0	0.0	0.0	0.0	0.0	0.0	0.0	0.0	0.0	0.0	0.0	0.0	0.0	0.0	0.0009877906898314	0.0007742808153323	0.0	0.0	0.0	0.0	0.0	0.0	0.0	0.0	0.0	0.0	0.0	0.0012804618959461	0.0	0.0014262774546788	0.0	0.0	0.0	0.0	0.0	0.0	0.0	0.0011380518570365	0.0	0.0	0.0	0.0	0.0018453762699917	0.0	0.0	0.0	0.0	0.0	0.0	0.0	0.0	0.0	0.0	0.0	0.0	0.0	0.0	0.0	0.0	0.0	0.0	0.0	0.0	0.0	0.0	0.0	0.0	0.0009600956880093	0.0	0.0	0.0	0.0	0.0	0.0007225643417197	0.0	0.0009200080210904	0.000959169697889	0.0	0.0	0.0	0.0	0.0	0.0024838000860587	0.001430619703204	0.0012403914081933	0.0
species|1639646|Flavisolibacter metallilatus	0.0011054741402188	0.0	0.0	0.0	0.0	0.0	0.0	0.0	0.0	0.0	0.0008043918012411	0.0	0.0019312047869395	0.0020673906055892	0.0012886270963407	0.0020890287982094	0.0017824628725701	0.0021684325392197	0.0010863910870038	0.0	0.0	0.0	0.0	0.0	0.0	0.0	0.0022735218623614	0.0	0.0028216894468366	0.0026865886847663	0.0010653104358784	0.0017535427620735	0.0	0.0	0.0	0.0	0.0	0.0	0.0	0.0017421293670747	0.0	0.0	0.0	0.0028048377063597	0.001640290884106	0.0	0.0	0.0	0.0	0.0	0.0026577503808403	0.0022463241066102	0.0	0.0	0.00155260535395	0.0	0.0020696759598568	0.0011742557580484	0.0	0.0	0.0	0.0	0.0	0.0	0.0	0.0	0.0	0.0	0.0018988140440846	0.0015921153592692	0.0013662147087667	0.0018373353613051	0.0016564366596881	0.0022360123754059	0.0	0.0013851181172857	0.0	0.0010224471557011	0.002262280519863	0.0021496228217278	0.0	0.0	0.0	0.0	0.0016511673928456	0.0027817036126485	0.0011022215724985	0.0
species|398045|Flavisolibacter ginsengiterrae	0.0025270232665014	0.0018330484061181	0.0027381802519666	0.0049459363381635	0.0009399600796341	0.0037591058802456	0.0019667997337128	0.0022469287930738	0.0018236905858355	0.0029212690196328	0.0018827110620101	0.0035493464643561	0.002174631357582	0.0036251634827522	0.0026558325666455	0.0021937406246754	0.003271857677833	0.0032892392673549	0.0015401255952109	0.0012731051837157	0.0032810660814087	0.0026716089333136	0.0024620933073685	0.0025143053128962	0.002323540514695	0.0046379054563881	0.0034939478551554	0.0012918709995132	0.0036191305158014	0.0025231013035698	0.0032304899798149	0.0019788611183006	0.0	0.0017416573050467	0.0018116748432192	0.0027554956294859	0.0038839430338357	0.001973244747936	0.0039256683490503	0.0027146002725699	0.0057562237329876	0.0016742107749088	0.0016927180670658	0.0025361002331013	0.0025034467091773	0.0017871192532731	0.0021806149195739	0.0020370270306055	0.0012567804875013	0.002142018149672	0.0040081404814694	0.0022911113503682	0.0022143281406945	0.0023796789345521	0.0030037860408646	0.0016309865161519	0.0036690664062144	0.0019382396992743	0.0024560240003817	0.0026258763472066	0.0	0.0024772390164002	0.0055626756031561	0.0036113255695387	0.0026741492285198	0.0026181580639304	0.0040471150929673	0.0026730687197066	0.0028661872893037	0.0027880589207429	0.0	0.001731517013992	0.0020822062097858	0.0024894369647157	0.0	0.0014226063327329	0.0015350416957449	0.0021499759923676	0.0033146806581056	0.0036792687145345	0.0	0.0025762775067604	0.0	0.0	0.0026013410006042	0.0044360598307869	0.0028900481130899	0.0017210186034937
species|2675388|Flavisolibacter galbus	0.0028117748975204	0.0	0.0	0.0	0.0	0.0	0.0	0.0	0.0	0.0	0.0017667253491822	0.0	0.003525242737349	0.0036512632438215	0.0026216961833004	0.0038739971535527	0.0030025123089417	0.0058967969268342	0.0016702467765991	0.0	0.0	0.0	0.0	0.0	0.0	0.0	0.005964946982283	0.0	0.0026724706503634	0.0036389475405398	0.0035602198071012	0.0035509358414009	0.0	0.0	0.0	0.0	0.0	0.0	0.0	0.0043649719664043	0.0	0.0	0.0012392775993287	0.0048761249864836	0.001787352166804	0.0	0.0	0.0	0.0	0.0019149827324617	0.0038429658780089	0.0037176808504497	0.0	0.0032170217758922	0.0041325757607729	0.0029082413972231	0.0025377518971176	0.0014538143500448	0.0	0.0	0.0	0.0	0.0	0.0	0.0	0.0	0.0	0.0030670994842421	0.0039746290528903	0.0024633604323053	0.0031392588437511	0.0024127526624379	0.0018512684933141	0.0038034328011261	0.0	0.001586209245246	0.0	0.0030773128388751	0.0036946871093725	0.0040245737479261	0.0	0.0	0.0	0.0	0.0030024648960678	0.0031363993039997	0.0021052969207635	0.0
species|661481|Flavisolibacter ginsenosidimutans	0.0045316499293289	0.0015898318667473	0.0	0.0	0.0013637356775547	0.0	0.0019291611442575	0.0	0.0014665722100874	0.0	0.0043238093762054	0.0	0.0069192328617948	0.0073469654420258	0.0056060318336591	0.0075713071122742	0.0066691779538386	0.008223640303181	0.0050751335245229	0.0012975380232958	0.0023825103373805	0.0	0.0	0.0013796656939592	0.0	0.0	0.0083065042751144	0.0015753898868671	0.0071272645665116	0.0082704622882664	0.0091856407241361	0.0085186093624984	0.0	0.0023287207299363	0.0011420290535091	0.0	0.0	0.0	0.0	0.0065995241998947	0.0	0.0009890682683465	0.0017537522374075	0.0089684887654405	0.0076232974254489	0.0013430480982688	0.0018214624248426	0.0	0.0	0.0040177572076761	0.0063558273246707	0.0037733082280899	0.0	0.0054442777953353	0.0065587850018881	0.0068799345970278	0.0059921266876465	0.004467822804971	0.0	0.0	0.0022243359191851	0.0	0.0	0.0	0.0013591347374166	0.0	0.0	0.0037976319593844	0.0056722212787891	0.005221274851437	0.0036500887435486	0.0059702137478864	0.003908068817162	0.0055367882137579	0.0	0.0033885427386722	0.0	0.0061726948276324	0.0053355981943019	0.0074079054292306	0.0023179918037513	0.0	0.0	0.0	0.0094348964856144	0.0117049582368081	0.0090585166601159	0.0
species|1656888|Flavisolibacter aluminii	0.0010901424726142	0.0	0.0	0.0	0.0	0.0	0.0	0.0	0.0	0.0	0.0014862625834891	0.0	0.0027176919716488	0.0015676541563574	0.001772705119898	0.0020579426753002	0.001743746872278	0.0024799258146656	0.001633739303284	0.0	0.0	0.0	0.0	0.0011495843186679	0.0	0.0	0.0012889772524493	0.0	0.0008099260567012	0.0014080852027242	0.0	0.0010597784361299	0.0	0.0	0.0	0.0	0.0	0.0	0.0	0.001893065915029	0.0	0.0	0.0	0.0	0.0	0.001164019290985	0.0	0.0	0.0	0.0013024846230448	0.0037621934785368	0.0030187206660353	0.0	0.0012497311769839	0.000888336058568	0.0024869808423901	0.0029765837280174	0.0016814590993559	0.0	0.0	0.0	0.0	0.0	0.0	0.0	0.0	0.0	0.0013580382447935	0.0016655210947069	0.0014213568270245	0.0019088693279227	0.0008696911420499	0.0014622183251801	0.0	0.0	0.0007954813873503	0.0	0.0012390520680803	0.0014023194481162	0.0014961502175828	0.0	0.0	0.0	0.0	0.0	0.0	0.0	0.0
species|1064517|Noviherbaspirillum aurantiacum	0.0057349650866556	0.0	0.0	0.0	0.0	0.0	0.0	0.0	0.0	0.0	0.0027202872646995	0.0	0.003943210151578	0.0030726947505732	0.0047746719000872	0.0051404849133541	0.0033134394611923	0.0044040641686639	0.0042407690528056	0.0	0.0	0.0	0.0	0.0	0.0	0.0	0.0050631485649189	0.0	0.0033862329598714	0.0059413942356502	0.0067000304904565	0.0094367642659139	0.0	0.0	0.0	0.0	0.0	0.0	0.0	0.0043394767844347	0.0	0.0	0.0	0.0096304538257885	0.0092902828510976	0.0	0.0	0.0	0.0	0.0016260154167867	0.0	0.0	0.0	0.0019579922104389	0.0	0.0022858795165449	0.0032051255632137	0.0027063374810884	0.0	0.0	0.0	0.0	0.0	0.0	0.0	0.0	0.0	0.0018027222447011	0.0018767935948066	0.0017093137819781	0.0	0.0018033990430967	0.0034319481343633	0.0031215760308622	0.0	0.0020317818916722	0.0	0.0054787729859024	0.0042485067293297	0.0061852872017942	0.0	0.0	0.0	0.0	0.0078472124357351	0.0102147685166011	0.006390248304903	0.0
species|1064518|Noviherbaspirillum soli	0.0124164247893759	0.0	0.0	0.0	0.0	0.0	0.0	0.0	0.0034174719901491	0.0	0.0077505050565239	0.0	0.0062521785905638	0.0099768542760853	0.0114853100809083	0.0084862503865001	0.0109390838996033	0.0086818413545209	0.0122870034504702	0.0	0.0	0.0	0.0	0.0	0.0	0.0	0.0089295441202028	0.0	0.0126334708287121	0.0112863167536578	0.0134713718245273	0.0188274251090435	0.0	0.0	0.0	0.0	0.0	0.0	0.0	0.008150491792456	0.0	0.0	0.0	0.0205449396327089	0.0110764559644315	0.0	0.0	0.0	0.0	0.0048536774970171	0.0063647178029506	0.0085330818926604	0.0	0.0064116817622877	0.0057580891151853	0.0073231679530147	0.0101476890669098	0.0069068021510124	0.0	0.0	0.0	0.0	0.0	0.0	0.0	0.0	0.0	0.0046802565063317	0.0038549686122216	0.0045312341559903	0.0081454800185511	0.0052365360233452	0.0091015649400959	0.0080348331501233	0.0	0.0059684249095722	0.0	0.0106035364500078	0.0117317482899383	0.0163963227709503	0.0	0.0	0.0	0.0	0.0186261927382113	0.0170526758181685	0.0164326115001275	0.0
species|1064516|Noviherbaspirillum canariense	0.0008415861275998	0.0	0.0	0.0	0.0	0.0	0.0	0.0	0.0	0.0	0.0	0.0	0.0	0.0	0.0	0.0	0.0	0.0	0.0015336448056483	0.0	0.0	0.0	0.0	0.0	0.0	0.0	0.0	0.0	0.0	0.0	0.0	0.0007247699044577	0.0	0.0	0.0	0.0	0.0	0.0	0.0	0.0	0.0	0.0	0.0	0.0	0.0005720005919513	0.0	0.0	0.0	0.0	0.0	0.0	0.0	0.0	0.0	0.0	0.0	0.0	0.0	0.0	0.0	0.0	0.0	0.0	0.0	0.0	0.0	0.0	0.0	0.0	0.0	0.0	0.0	0.0	0.0	0.0	0.0005114703602981	0.0	0.0	0.0007699569721057	0.0	0.0	0.0	0.0	0.0	0.0	0.0011452713267546	0.0008368548367846	0.0
species|2025949|Herbaspirillum sp. meg3	0.0026073945613571	0.0	0.0	0.0	0.0	0.0	0.0	0.0	0.0	0.0	0.0016153635532117	0.0	0.0031958093952203	0.0023475100859399	0.0024225287176541	0.0016056175477642	0.0028069632763613	0.0025603822031595	0.0019307830889169	0.0	0.0	0.0	0.0	0.0	0.0	0.0	0.0029458385013382	0.0	0.0023444804718011	0.0031857320938755	0.0045345046165964	0.0030574980451222	0.0	0.0	0.0	0.0	0.0	0.0	0.0	0.0021791653632562	0.0	0.0	0.0	0.0061355348764325	0.0021361952897856	0.0	0.0	0.0	0.0	0.0	0.0	0.0	0.0	0.0	0.0	0.0	0.0023846030773596	0.0	0.0	0.0	0.0	0.0	0.0	0.0	0.0	0.0	0.0	0.0	0.0015807918624161	0.0021467235944717	0.0031635760695735	0.0	0.0	0.0027583836308176	0.0	0.0009630419600695	0.0	0.0024180818207181	0.0027866583406059	0.0041842414056049	0.0	0.0	0.0	0.0	0.0044041564038854	0.0048735760766333	0.0039869624228962	0.0
species|69280|Oxalicibacterium solurbis	0.00330099404968	0.0	0.0	0.0	0.0	0.0	0.0	0.0	0.0	0.0	0.0019752662683758	0.0	0.00307409539506	0.0031047000709914	0.003068878950428	0.0024930221940724	0.0033334810268048	0.0029529823071584	0.0014995723624115	0.0	0.0	0.0	0.0	0.0	0.0	0.0	0.0026925735492186	0.0	0.0031513403811334	0.0025073427341332	0.0021166660281482	0.0026486135010602	0.0	0.0	0.0	0.0	0.0	0.0	0.0	0.0018650218779224	0.0	0.0	0.0	0.002900149775768	0.0028427178266957	0.0	0.0	0.0	0.0	0.0014849979319986	0.0013928584517259	0.0	0.0	0.0034729007837389	0.0019866804195182	0.0	0.0031170130159249	0.0026030291360258	0.0	0.0	0.0	0.0	0.0	0.0	0.0	0.0	0.0	0.0017613376084603	0.0014548131083402	0.0022646193754101	0.0020437450959576	0.0020765668024433	0.0039961920094272	0.0027569355061134	0.0	0.0013382061027489	0.0	0.0024024972325715	0.0024614587587958	0.0035950217177433	0.0	0.0	0.0	0.0	0.0024754206894955	0.0028387617676558	0.0024046455422409	0.0
species|573739|Oxalicibacterium horti	0.001211593087497	0.0	0.0	0.0	0.0	0.0	0.0	0.0	0.0	0.0	0.0	0.0	0.0	0.0	0.0019464261021755	0.0	0.001027648941666	0.0010005973867644	0.0	0.0	0.0	0.0	0.0	0.0	0.0	0.0	0.0011750664000094	0.0	0.0010770920642984	0.0016349341957072	0.0016040593682598	0.0012156101096984	0.0	0.0	0.0	0.0	0.0	0.0	0.0	0.0007095956456478	0.0	0.0	0.0	0.0	0.0005925849552818	0.0	0.0	0.0	0.0	0.0	0.0	0.0	0.0	0.0	0.0	0.0	0.0	0.0	0.0	0.0	0.0	0.0	0.0	0.0	0.0	0.0	0.0	0.0	0.0008045001906141	0.0	0.0	0.0014898504990749	0.0	0.0	0.0	0.0007175918320184	0.0	0.0009382338172009	0.0	0.0020793066504241	0.0	0.0	0.0	0.0	0.0011222426054954	0.0010495362189108	0.0	0.0
species|2497863|Janthinobacterium sp. 17J80-10	0.0016699074655771	0.0	0.0	0.0	0.0	0.0	0.0	0.0	0.0	0.0	0.0016816717418961	0.0	0.0	0.0018623701475091	0.0013310877975575	0.0011603557517168	0.0015411860660288	0.0	0.0017308371960196	0.0	0.0	0.0	0.0	0.0	0.0	0.0	0.001417621189891	0.0	0.0015600588010455	0.00137135195139	0.0	0.00092779271107	0.0	0.0	0.0	0.0	0.0	0.0	0.0	0.0012190582367115	0.0	0.0	0.0	0.0	0.0011516394100376	0.0	0.0	0.0	0.0	0.0	0.0	0.0	0.0	0.0	0.0	0.0	0.0	0.0	0.0	0.0	0.0	0.0	0.0	0.0	0.0	0.0	0.0	0.0	0.0	0.0	0.0	0.0	0.0018574152123395	0.0	0.0	0.0009928481422785	0.0	0.0010726326937888	0.0009678946462068	0.0	0.0	0.0	0.0	0.0	0.0	0.001194106110671	0.0	0.0
species|398037|Segetibacter koreensis	0.0048618503018482	0.0	0.0	0.0	0.0	0.0	0.0	0.0	0.0	0.0	0.002482694495937	0.0	0.0037512503110307	0.0038899785496722	0.0040051181488918	0.005691490570882	0.0036377348905903	0.0040854436672702	0.0040432748391093	0.0	0.0	0.0	0.0	0.0	0.0	0.0	0.004406442861186	0.0	0.0017600339390914	0.0034713142760204	0.0016220074611561	0.0031939667082478	0.0	0.0	0.0	0.0	0.0	0.0	0.0	0.0036774970918158	0.0	0.0	0.0	0.0022780848067941	0.0025404144519596	0.0	0.0	0.0	0.0	0.0026400402410929	0.002997269998344	0.0	0.0	0.0023182782178669	0.0024873542013709	0.0026411898495354	0.0042380177580363	0.0032660942474049	0.0	0.0	0.0	0.0	0.0	0.0	0.0	0.0	0.0	0.0023664602062287	0.0028387341690116	0.002627582550101	0.0022886544245176	0.0034083992141231	0.0034408714353117	0.0031607643359046	0.0	0.0026972976072215	0.0	0.0039456325833482	0.0031729802061461	0.0030860471434474	0.0	0.0	0.0	0.0	0.0019393871601024	0.0027567101397107	0.0038258481850033	0.0
species|363843|Rhizobacter fulvus	0.0008950253151718	0.0	0.0	0.0	0.0	0.0	0.0	0.0	0.0	0.0	0.0	0.0	0.0	0.0	0.0	0.0	0.0	0.0	0.0	0.0	0.0	0.0	0.0	0.0	0.0	0.0	0.0	0.0	0.0	0.0	0.0	0.0	0.0	0.0	0.0	0.0	0.0	0.0	0.0	0.0	0.0	0.0	0.0	0.0	0.0	0.0	0.0	0.0	0.0	0.0	0.0	0.0	0.0	0.0	0.0	0.0	0.0	0.0	0.0	0.0	0.0	0.0	0.0	0.0	0.0	0.0	0.0	0.0	0.0	0.0	0.0	0.0	0.0	0.0	0.0	0.0	0.0	0.0	0.0	0.0	0.0	0.0	0.0	0.0	0.0	0.0	0.0	0.0
species|431677|Rhizobacter dauci	0.000920513691841	0.0	0.0	0.0	0.0	0.0	0.0	0.0	0.0	0.0	0.0	0.0	0.0	0.0	0.0	0.0	0.0	0.0	0.0	0.0	0.0	0.0	0.0	0.0	0.0	0.0	0.0	0.0	0.0	0.0	0.0	0.0	0.0	0.0	0.0	0.0	0.0	0.0	0.0	0.0	0.0	0.0	0.0	0.0	0.0	0.0	0.0	0.0	0.0	0.0	0.0	0.0	0.0	0.0	0.0	0.0	0.0	0.0	0.0	0.0	0.0	0.0	0.0	0.0	0.0	0.0	0.0	0.0	0.0	0.0	0.0	0.0	0.0	0.0	0.0	0.0	0.0	0.0	0.0	0.0	0.0	0.0	0.0	0.0	0.0	0.0	0.0	0.0
species|105560|Methylibium petroleiphilum	0.0015953152697991	0.0	0.0	0.0	0.0016621487635881	0.0	0.0	0.0	0.0	0.0	0.0	0.0	0.0	0.0	0.0	0.0021368958786136	0.0	0.0	0.0	0.0	0.0	0.0	0.0	0.0	0.0	0.0	0.0	0.0	0.0	0.0	0.0	0.0	0.0	0.0	0.0	0.0	0.0	0.0	0.0	0.0	0.0	0.0	0.0	0.0	0.001156173533308	0.0	0.0	0.0	0.0	0.0016396998653165	0.0	0.0	0.0021286275348028	0.0	0.0	0.0	0.0	0.0	0.0028377093540505	0.0	0.0	0.0	0.0	0.0	0.0	0.0	0.0	0.0021161414821915	0.0	0.0009703587423054	0.0	0.0016107904802281	0.0	0.0	0.0	0.0011556053224901	0.0016937592602986	0.0	0.0	0.0	0.0	0.0	0.0	0.0	0.0	0.0015671476158504	0.0013259733030009	0.0
species|413882|[Polyangium] brachysporum	0.0038305265939019	0.0019241506713907	0.0	0.0	0.0020142099185498	0.0032882759466311	0.0	0.0026338341103732	0.0024817383258142	0.002892464407508	0.0031412997347046	0.0	0.0038469604960938	0.0034552820164508	0.0025992605311307	0.0030606826911667	0.0033150329143506	0.002801616275989	0.0021618915900777	0.0023539205167543	0.0036448844733269	0.0	0.0	0.0026276190066475	0.0	0.0	0.0035102802728587	0.0028650723455644	0.0026122458577378	0.0021615168365503	0.0	0.0010158345987228	0.0	0.0	0.0	0.0027305920123841	0.0040340027388376	0.0038866837985724	0.0	0.0030379170377945	0.0	0.0028647178150841	0.0033940094506059	0.0	0.0018098359364163	0.0026881567930865	0.0	0.0	0.0018405205294414	0.0031753916557474	0.0	0.0	0.0030822159738002	0.0041059692139224	0.0	0.0034295992812985	0.0030807516533457	0.0032628012948331	0.0030246692804591	0.0	0.0	0.0038637038197677	0.0	0.0	0.0034433508386311	0.0043107557394061	0.0	0.003523479387682	0.0027068569179682	0.0034656503977437	0.0034858419077945	0.0033378276693921	0.0043284202575597	0.0044832135396712	0.0	0.0029649883975853	0.0028313497405308	0.0023444681004157	0.0023864787533127	0.0028086825818442	0.0044017578586022	0.0041135974234599	0.0	0.0	0.0020572354126487	0.0021082223211204	0.0024366635393812	0.0021411370389534
species|442526|Massilia brevitalea	0.011984028827025	0.0	0.0	0.0	0.0	0.0	0.0	0.0	0.0	0.0	0.0048676291605319	0.0	0.0076457181470508	0.0076740826850032	0.0050727184836417	0.0065965514181341	0.0041985142342792	0.0035678226774683	0.0098667453940315	0.0	0.0	0.0	0.0	0.0	0.0	0.0	0.0078270199286661	0.0	0.007072224865315	0.0047101439893575	0.0093639501573673	0.0080435547430926	0.0	0.0	0.0	0.0	0.0	0.0	0.0	0.0092114722044243	0.0	0.0	0.0	0.0139058060183521	0.0155297476164913	0.0	0.0	0.0	0.0	0.0035115535213995	0.0037433165507221	0.0045889861957637	0.0	0.003080725850029	0.0030778753554458	0.0035423885142122	0.0030513856277389	0.0057639324376863	0.0	0.0	0.0	0.0	0.0	0.0	0.0	0.0	0.0	0.0039336120138023	0.0048007636275655	0.0034133760998392	0.0043298007147023	0.0041477781397997	0.0043386124229992	0.0039763859207239	0.0	0.0049216930543997	0.0	0.0095145507194235	0.0072289795032306	0.0079117616415707	0.0	0.0	0.0	0.0	0.0099296072287205	0.0051021320919687	0.014599543323576	0.0
species|2045208|Massilia violaceinigra	0.0239018393261895	0.0	0.0	0.0	0.0	0.0	0.0	0.0	0.0	0.0	0.0063987837541157	0.0	0.0081180962136819	0.0056010489973924	0.0140321208441283	0.0100676510113845	0.0083648735814189	0.0080495767596626	0.0147207019760073	0.0	0.0	0.0	0.0	0.0	0.0019715029049758	0.0	0.0168701257933892	0.0025161755052888	0.0203825474675548	0.01717150243232	0.0304898442093611	0.017473661191703	0.0	0.0052035163587829	0.0	0.0	0.0	0.0021013555988664	0.0	0.01463292743621	0.0	0.0013849864370541	0.0024042589805197	0.0311738748256022	0.0483722994487817	0.0	0.0	0.0	0.0	0.0044922093842661	0.0050374430651833	0.0035693495916825	0.0019439349019928	0.0057597665680476	0.0037329576128252	0.0032754025717058	0.0040632774063912	0.0077571732876956	0.0	0.0	0.0	0.0	0.0	0.0	0.0	0.0	0.0	0.0049180957363674	0.0056405311456052	0.0031194160374432	0.0044540006685536	0.0050952735315598	0.0073577124487919	0.0067148323927455	0.0050413389795636	0.0100793393344709	0.0	0.0147373359106745	0.008209512855104	0.0185693257970633	0.0030718905113403	0.0	0.0	0.0	0.0331279485912239	0.0352987432196037	0.0461174527518962	0.0017721060491462
species|1164594|Massilia yuzhufengensis	0.0033763555804031	0.0	0.0	0.0	0.0	0.0	0.0	0.0	0.0	0.0	0.000939198297059	0.0	0.0020270034089711	0.0015073622485423	0.002450881061319	0.0016170275875812	0.0021172008515509	0.0025857127144794	0.0036473621265082	0.0	0.0	0.0	0.0	0.0	0.0	0.0	0.0029067414234806	0.0	0.0021821645276217	0.0030182175353573	0.0042967986315834	0.0016786412807107	0.0	0.0	0.0	0.0	0.0	0.0	0.0	0.0030858337222522	0.0	0.0	0.0	0.0041454590187893	0.0052944017129353	0.0	0.0	0.0	0.0	0.0007792023675941	0.0	0.0	0.0	0.0	0.0	0.0	0.0023695967782613	0.001168698798827	0.0	0.0	0.0	0.0	0.0	0.0	0.0	0.0	0.0	0.0	0.001162726084963	0.0009314491992089	0.0	0.0	0.0	0.0025115831497441	0.0	0.0012957682591241	0.0	0.0030547477181185	0.0017937303985614	0.0027112003759665	0.0	0.0	0.0	0.0	0.0056360962609465	0.0056514774222853	0.0047197841456811	0.0
species|36863|Ideonella dechloratans	0.0012584690155846	0.0	0.0	0.0	0.0	0.0	0.0	0.0	0.0	0.0	0.0	0.0	0.0	0.0012356222704249	0.0	0.0	0.0	0.0	0.0009792338815568	0.0	0.0	0.0	0.0	0.0	0.0	0.0	0.0	0.0	0.0011243876280796	0.0010975445186274	0.0	0.0008796343144154	0.0	0.0	0.0	0.0	0.0	0.0	0.0	0.0	0.0	0.0	0.0	0.0	0.0	0.0	0.0	0.0	0.0	0.0	0.0	0.0	0.0	0.0	0.0	0.0	0.0	0.0	0.0	0.0	0.0	0.0	0.0	0.0	0.0	0.0	0.0	0.0013571472173354	0.0	0.0009185681154419	0.0	0.0	0.0	0.0	0.0	0.0009986210264612	0.0	0.0	0.0	0.0	0.0	0.0	0.0	0.0	0.0	0.0011384876422995	0.0	0.0
species|1547922|Ideonella sakaiensis	0.0017416920962356	0.0	0.0	0.0	0.0	0.0	0.0	0.0	0.0	0.0	0.0	0.0	0.0	0.0020856374423448	0.0022020361864677	0.0011711011973458	0.0014427854422042	0.0020842075331648	0.0011569436114133	0.0	0.0	0.0	0.0	0.0	0.0	0.0	0.0	0.0	0.0	0.0018656054553799	0.0	0.0008029091290747	0.0	0.0	0.0	0.0	0.0	0.0	0.0	0.0012073535643737	0.0	0.0	0.0	0.0	0.0	0.0	0.0	0.0	0.0	0.0	0.0	0.0	0.0	0.0029299115540961	0.0	0.0028362137340154	0.0018190393674559	0.0021320782523092	0.0	0.0	0.0	0.0	0.0	0.0	0.0	0.0	0.0	0.0018403443359096	0.0021181199196569	0.0009941528006349	0.0021841165993648	0.0014493152383737	0.0	0.0	0.0	0.0014239341498426	0.0	0.0017382863042727	0.0017009047369423	0.0	0.0	0.0	0.0	0.0	0.0	0.0	0.0	0.0
species|28068|Rubrivivax gelatinosus	0.0013628071547083	0.0017435760931263	0.0	0.0	0.0018323416963747	0.0	0.0	0.0	0.0	0.0	0.0026458303012027	0.0	0.0	0.0	0.0017419382159079	0.0016658069184872	0.0	0.0	0.0015927985088734	0.0	0.0	0.0	0.0	0.0	0.0	0.0	0.0017099473045755	0.0	0.0016443680944635	0.0014469765286578	0.0	0.0010223827505469	0.0	0.0	0.0	0.0	0.0	0.0	0.0	0.0019969714411182	0.0	0.0	0.0	0.0	0.0	0.0	0.0	0.0	0.0	0.0	0.0	0.0	0.0	0.0	0.0	0.0	0.0035221764323777	0.0	0.0	0.0	0.0	0.0	0.0	0.0	0.0	0.0	0.0	0.0016632820881897	0.001759276006841	0.0012239249431132	0.0027696667924428	0.0018207135402027	0.0	0.0	0.0	0.001454263518949	0.0	0.0	0.0	0.0	0.0	0.0	0.0	0.0	0.0	0.0012991843532458	0.0	0.0
species|162028|Haliangium tepidum	0.0018312438371601	0.0062584325953848	0.0051588579213593	0.0063429153845453	0.0054089669625803	0.0066764741273851	0.0059025744922129	0.00732202602558	0.0057446204134283	0.0038895620856715	0.003559611505399	0.0053564890033121	0.004062170002111	0.0043467964557687	0.0046453256875527	0.0045132227715838	0.0043865661412458	0.0042915582217674	0.0045255077953051	0.0038927899944798	0.0078983333066269	0.0068510230524394	0.0048534736557728	0.0047686785528951	0.0076438620989965	0.0071685018090265	0.0014460781375302	0.0045604454498756	0.0010257157540504	0.002050948755119	0.0	0.0	0.0050968321848589	0.0063834242713033	0.005907652485973	0.0054051311172649	0.0062018464198763	0.0045167091105097	0.0065396644876729	0.0009016178338797	0.0047500918074024	0.0057288880129505	0.0060418282726748	0.0	0.0	0.0041969026069278	0.0061088889647238	0.0061842437211399	0.0051889817391811	0.004795782071644	0.0070206442460944	0.0057818460446891	0.0056489735095578	0.0061756264189471	0.0062865624780776	0.0059818197481996	0.0074096630125862	0.006410860387841	0.0053205090951335	0.005897161449979	0.0058572324987733	0.0060832539148882	0.0077972708882103	0.0100241033292153	0.0074168181814149	0.0063293448369636	0.00848320328968	0.0069696698816489	0.0084883195854087	0.0058156145394823	0.0082739310585233	0.0072219851723605	0.0076724798344372	0.0080654805187471	0.0052422714917638	0.0065446687933026	0.0044184385052001	0.0021586871482394	0.0019846895380302	0.0016835016852329	0.0072876370929024	0.006083387678031	0.0	0.005662494372781	0.0	0.0	0.0	0.0056899550974629
species|1045317|Sphingomonas lutea	0.0023281541930343	0.0024486730374913	0.0032222124149254	0.00493190798876	0.0035800748746421	0.0032797427912303	0.0036888439893109	0.0015671177974149	0.0029581013936735	0.0012636165099433	0.0030322682698349	0.0	0.0049010096551033	0.0038403114885028	0.0032423633588918	0.0037404505280544	0.0030045355969609	0.0030191810631611	0.0027328187098316	0.0029384572692445	0.0039781251813627	0.0036784687886168	0.0021266813410262	0.0027255070963796	0.0030409327790233	0.0034501672082962	0.0021296920902768	0.002108197671518	0.0017175065800847	0.0022619663482788	0.0	0.0012254953937165	0.0041333392164338	0.0	0.0022363813523286	0.003274103008364	0.002697671414217	0.0017191451232227	0.0048522628651519	0.0035158523519731	0.0028614540125206	0.0019563900280308	0.0025755647239557	0.0	0.0011576917951993	0.0018432516895707	0.0018308585500192	0.0014416545766099	0.0023989979943107	0.0021980604545765	0.0084593772140564	0.006021482986564	0.0040572263778389	0.00419083609609	0.0040274697035612	0.0025133499380581	0.0030631610224832	0.0036564185566116	0.0032620187690213	0.0040101492185181	0.0056000590097253	0.0037484732947644	0.0033724989662262	0.0048392959853611	0.0023913045764481	0.0036744792704313	0.0047505925927224	0.0030136026081281	0.0063749455208611	0.0050514513090237	0.0034509372414383	0.0023840710795011	0.0021747009409754	0.0034844938587037	0.0	0.0027389045069931	0.0018125897260952	0.0018907430940022	0.0025550544229263	0.0	0.0026247780090983	0.0020542530721968	0.0	0.0	0.0	0.0012730557860356	0.0018019370823635	0.003045075332238
species|83449|Cystobacter ferrugineus	0.002833094249264	0.0	0.0	0.0	0.0	0.0	0.0	0.0	0.0	0.0	0.0030639740780098	0.0	0.0014143134697279	0.0	0.0010157713055014	0.0022449810159848	0.0011413619842131	0.0017945580939012	0.0019594270446035	0.0	0.0	0.0	0.0	0.0	0.0	0.0	0.001803906105616	0.0	0.0	0.0	0.0	0.0	0.0	0.0	0.0	0.0	0.0	0.0	0.0	0.0014667174870415	0.0	0.0	0.0	0.0	0.0	0.0	0.0	0.0	0.0	0.0014315336928881	0.0	0.0	0.0	0.0019561122038072	0.0032462280226999	0.0	0.0	0.0012200373742764	0.0	0.0	0.0	0.0	0.0	0.0	0.0	0.0	0.0	0.0015185170809565	0.0	0.0	0.0	0.0018702914801998	0.0	0.0028739553146219	0.0	0.0028010477584741	0.0	0.0009644204537872	0.0008543106200597	0.0034020207992091	0.0	0.0	0.0	0.0	0.0	0.0	0.0	0.0
species|38|Archangium disciforme	0.0099594945268768	0.0	0.0	0.0	0.0	0.0	0.0	0.0	0.0014876776577444	0.0	0.0098952037358158	0.0	0.008478912952851	0.0040686695887137	0.0100735944623926	0.0095500083739906	0.0108369241849113	0.0080752738959105	0.0125854779372512	0.0	0.0	0.0	0.0	0.0	0.0	0.0	0.0097548230299338	0.0	0.0082171110427572	0.0046653477954833	0.0	0.0	0.0	0.0	0.0	0.0	0.0	0.0	0.0	0.0086049343868409	0.0	0.0	0.0	0.0023516726738981	0.0023940969058929	0.0	0.0	0.0	0.0	0.010596109264555	0.010099969088883	0.0110609230653831	0.0	0.0122934866763597	0.014227034600867	0.0134279961351645	0.0100783493257072	0.01029864996452	0.0	0.0	0.0	0.0	0.0	0.0	0.0	0.0	0.0	0.0102706639450705	0.0064434414217854	0.0075032261936429	0.0142361881861201	0.0125259514896937	0.009274142911727	0.0093284152343803	0.0	0.0113463715055071	0.0	0.0075141504101917	0.0053822132820625	0.0110035389035457	0.0	0.0	0.0	0.0	0.0043148484279921	0.0025110176204545	0.0027021567103085	0.0
species|76759|Pseudomonas monteilii	0.0014118822078699	0.0	0.0	0.0	0.0	0.0	0.0	0.0	0.0	0.0	0.0	0.0	0.0019603167489473	0.0	0.0	0.0013051621100325	0.0011425805727122	0.0012126079700831	0.0012401103554134	0.0	0.0	0.0	0.0	0.0	0.0	0.0	0.0	0.0	0.0012897025904964	0.0012784430567098	0.0	0.0010704925471971	0.0	0.0	0.0	0.0	0.0	0.0	0.0	0.0007135027772201	0.0	0.0	0.0	0.0022470829888625	0.0014418694359363	0.0	0.0	0.0	0.0	0.0009650315826235	0.0	0.0024636127887423	0.0	0.0015221940625753	0.0012006918446588	0.0	0.0	0.0	0.0	0.0	0.0	0.0	0.0	0.0	0.0	0.0	0.0	0.0	0.0012319872924546	0.0008066459568081	0.0	0.0011274170827671	0.0014223650369815	0.0	0.0	0.0	0.0	0.0013348223291304	0.0011002509813097	0.0	0.0	0.0	0.0	0.0	0.0014016966922355	0.0019869604437515	0.0	0.0
species|395598|Pseudomonas reinekei	0.0020736515729576	0.0	0.0	0.0	0.0	0.0	0.0	0.0	0.0	0.0	0.0	0.0	0.0	0.0	0.0	0.0008937599903689	0.0012706978139687	0.0018913991565979	0.0	0.0	0.0	0.0	0.0	0.0	0.0	0.0	0.0	0.0	0.0	0.0	0.0	0.0008482064630166	0.0	0.0	0.0	0.0	0.0	0.0	0.0	0.0	0.0	0.0	0.0	0.0	0.0006243022530365	0.0	0.0	0.0	0.0	0.0013795565709851	0.0	0.0	0.0	0.0010420993494411	0.0	0.0014014536506269	0.0	0.0	0.0	0.0	0.0	0.0	0.0	0.0	0.0	0.0	0.0	0.0	0.0	0.0014223326984476	0.0	0.0	0.0	0.0	0.0	0.0	0.0	0.0	0.0	0.0	0.0	0.0	0.0	0.0	0.0	0.0	0.0	0.0
species|47883|Pseudomonas synxantha	0.0009874156725975	0.0	0.0	0.0	0.0	0.0	0.0	0.0	0.0	0.0	0.0010389991169899	0.0	0.0	0.0	0.0020248951006301	0.0022461174475804	0.0019999437949616	0.0036643789716876	0.0010914384692506	0.0	0.0	0.0	0.0	0.0	0.0	0.0	0.0014726132014078	0.0	0.0014492918116398	0.0032150737581917	0.0	0.0014787696556987	0.0	0.0	0.0	0.0	0.0	0.0	0.0	0.0011117854102148	0.0	0.0	0.0	0.0019828335458306	0.0013744213430889	0.0	0.0	0.0	0.0	0.001588811349981	0.0	0.0	0.0	0.0	0.0017465873934939	0.0020161761698497	0.0017575091962682	0.0	0.0	0.0	0.0	0.0	0.0	0.0	0.0	0.0	0.0	0.001664042934456	0.0	0.0	0.0	0.0015241080799823	0.0019892352963122	0.0025595665674747	0.0	0.0	0.0	0.0013638966484495	0.0014233845736187	0.001891006691364	0.0	0.0	0.0	0.0	0.0020752712115939	0.0010043469711175	0.0	0.0
species|303|Pseudomonas putida	0.0017741853863243	0.0	0.0	0.0	0.0	0.0	0.0	0.0	0.0	0.0	0.0015574423480273	0.0	0.0110366342041086	0.0041383495081423	0.0042283017384257	0.0059387094734124	0.0045251480889147	0.0022801138206959	0.0051956400770424	0.0	0.0	0.0	0.0	0.0	0.0	0.0	0.0016404585344699	0.0	0.0026683726326438	0.004634641372813	0.0079478262006299	0.0026436906295358	0.0	0.0	0.0	0.0	0.0	0.0	0.0	0.0015607886666149	0.0	0.0	0.0	0.0129473948681039	0.0016580614160235	0.0	0.0	0.0	0.0	0.0026850820136997	0.0023800751052381	0.0062966727507835	0.0	0.0023277758851274	0.0044209480074719	0.0066180796730585	0.0095516255660704	0.0	0.0	0.0	0.0	0.0	0.0	0.0	0.0	0.0	0.0195113674923651	0.0	0.0070347531372543	0.0060109837416826	0.0048936492053242	0.002130514593249	0.0035457306137246	0.0036889078355746	0.0	0.0013222144174632	0.0	0.0110953618218176	0.0081333051762614	0.0046029378378124	0.0	0.0	0.0	0.0	0.003095458425018	0.0043332465150106	0.0	0.0
species|2072590|Massilia armeniaca	0.0189783127952687	0.0	0.0	0.0	0.0	0.0	0.0	0.0	0.0	0.0	0.0076590665806642	0.0	0.0090218289344565	0.0086956495908452	0.0073833758186373	0.0071147836074916	0.0094665192727717	0.0121665168532123	0.011393038294546	0.0	0.0	0.0	0.0	0.0	0.0	0.0	0.013862171493251	0.0	0.020326379941862	0.0207675620289947	0.0213064159641636	0.0174702347404181	0.0	0.0	0.0	0.0	0.0	0.0	0.0	0.0126218987111799	0.0	0.0	0.0	0.0252513098345063	0.0265431327347963	0.0	0.0	0.0	0.0	0.0053811355461391	0.0050064861365181	0.0041997904060026	0.0	0.0043116152490902	0.0035077924237111	0.005544114709592	0.0077030678858567	0.0055786053118519	0.0	0.0	0.0	0.0	0.0	0.0	0.0	0.0	0.0	0.0091162207983487	0.0050863614554744	0.0046465376683546	0.0054129514021197	0.0060099406816759	0.0104424666398712	0.0107052236705363	0.0	0.0081130935579334	0.0	0.0126155987982465	0.0114719509920537	0.0127533584927421	0.0	0.0	0.0	0.0	0.0295084296390332	0.0256628576488054	0.0307065818503151	0.0
species|592317|[Empedobacter] haloabium	0.0008431329588812	0.0	0.0	0.0	0.0	0.0	0.0	0.0	0.0	0.0	0.0	0.0	0.0	0.0	0.0	0.0	0.000908381398142	0.0	0.0	0.0	0.0	0.0	0.0	0.0	0.0	0.0	0.0	0.0	0.0	0.0	0.0	0.0	0.0	0.0	0.0	0.0	0.0	0.0	0.0	0.0	0.0	0.0	0.0	0.0	0.0007510138795634	0.0	0.0	0.0	0.0	0.0	0.0	0.0	0.0	0.0	0.0	0.0	0.0	0.0	0.0	0.0	0.0	0.0	0.0	0.0	0.0	0.0	0.0	0.0	0.0	0.0	0.0	0.0	0.0	0.0	0.0	0.0	0.0	0.0	0.0	0.0	0.0	0.0	0.0	0.0	0.0	0.0	0.0011687754842335	0.0
species|2675101|Lysobacter caseinilyticus	0.0077248828795309	0.0027533384378666	0.0032779835569565	0.0	0.001618092432528	0.0013169194757414	0.0	0.0020556936295036	0.0031000955124465	0.0	0.0117337158699719	0.0016343943079218	0.0146521635927731	0.0097910992417172	0.0158926241674196	0.0098576701855568	0.0168785930160929	0.0154023607707318	0.0154609975755412	0.0013383730276368	0.0041277164016025	0.0022663831469802	0.0	0.0020541191274857	0.0020629932355738	0.0035832777454689	0.0089951302801959	0.0012909900184928	0.0145325262341589	0.0143898120459934	0.0064181132290208	0.0041729661739234	0.0035893726500957	0.003125615049541	0.0019863544420623	0.0019001794589988	0.0031539322413266	0.0020922692252469	0.0	0.0113726333011124	0.0	0.0013156797353088	0.0031849738219769	0.003358682487121	0.0041300114496889	0.0015202847606041	0.0016986415631965	0.0	0.0017613190740015	0.0076850008037254	0.0154511105219793	0.0159894631073223	0.002243440054487	0.0122037751764489	0.0078258522099865	0.0147097947787003	0.0146419288765411	0.0089319617145089	0.0033416063846017	0.0038462869719968	0.0026516893754206	0.0030344389302499	0.0	0.0	0.002508677751039	0.0	0.003732609433322	0.0111033566171145	0.0144737137977668	0.0094254474393569	0.0084602381171586	0.0079761686889335	0.0148403147394421	0.0111731640330593	0.0	0.0119662162104553	0.0027435981814471	0.0150047170722627	0.0109293391870529	0.0144627054236344	0.0019331908677947	0.0	0.0	0.0	0.0066629657000294	0.0042489553557146	0.0065723880327915	0.0020475971073009
species|414050|Lysobacter dokdonensis	0.0115489545975092	0.0	0.0	0.0	0.0016396783456967	0.0017952227875819	0.0	0.0012652197048434	0.0018063374023716	0.0	0.0106373298705371	0.002320070515425	0.0157631793362274	0.0126713100751838	0.0140440271771899	0.00714612086211	0.0168222683614745	0.0195825948555032	0.0152751857654546	0.0021711935988053	0.0	0.0018813243387337	0.0017735737508459	0.0011011380856248	0.0	0.0	0.0069107633916807	0.0017209682459279	0.0147046979531863	0.0171462364078605	0.0062422188176495	0.0049421638593011	0.0	0.0020844166973031	0.0011456974222572	0.0016292933729075	0.0	0.0	0.0	0.0111669429780217	0.0	0.0010700809782874	0.0	0.005662577160431	0.0043235158499688	0.0	0.0011448067724708	0.0	0.0	0.009113444810714	0.0156489215476464	0.0192195532847375	0.0	0.0099101183626538	0.0047953569354982	0.0117911898749476	0.0114481095339055	0.0094049328906302	0.0	0.0	0.0	0.0	0.0	0.0	0.0	0.0022172589708235	0.0	0.0094502321985176	0.0156441909853829	0.0135616521101767	0.0095925017105182	0.0071611541738712	0.0152714868921274	0.0122731194709524	0.0	0.0121614793036218	0.0	0.0144007443242763	0.013206471533025	0.0117866231511871	0.0021626485025406	0.0	0.0	0.0	0.0055662707141049	0.0048217485542443	0.0046662035833306	0.0
species|106592|Ensifer adhaerens	0.0066735801582988	0.0	0.0	0.0	0.0	0.0	0.0	0.0	0.0	0.0	0.0040582778331902	0.0	0.0047244875512058	0.0036691557596496	0.0038167603265859	0.0035021955746662	0.0068740485316985	0.0054373492484843	0.0052788748858137	0.0011109142623926	0.0	0.0	0.0	0.0	0.0	0.0	0.0046470244239543	0.0	0.0064461952176402	0.0052934442423316	0.0061606917917355	0.0065248298229779	0.0	0.0023119724931267	0.0	0.0	0.0	0.0	0.0	0.0037935746946386	0.0	0.0016414862132668	0.0	0.0105883538369182	0.0019981879543038	0.0	0.0	0.0	0.0	0.0052522525530135	0.0036973363106813	0.0073634817211154	0.0	0.004238903886355	0.0050630632261611	0.0064392006558118	0.0082778565225245	0.0059763758854553	0.0	0.0	0.0	0.0	0.0	0.0	0.0	0.0	0.0	0.0050929216989445	0.0057737052965874	0.0051238023185075	0.0074495220115899	0.0033090215565044	0.0069219668026643	0.0070347176851349	0.0	0.0031011485838751	0.0	0.0041342696221903	0.0058780917571473	0.0047518032794888	0.0	0.0	0.0	0.0	0.0070939052285386	0.0031677982188756	0.0038160155027629	0.0
species|861299|Gemmatirosa kalamazoonesis	0.0017967696026975	0.0071667424274498	0.0071944921222929	0.0069696029402459	0.0070358842193352	0.0076680328310702	0.005462033447593	0.0073793420402094	0.0048432489794029	0.0069438291799544	0.0023025234860383	0.0076299069734066	0.0037887589734872	0.0025703455250477	0.0027797097992849	0.0025382096282318	0.0025438863185053	0.0022452953231659	0.0028232562606142	0.0064023284195545	0.0062498845125013	0.0084217023615511	0.0060266000639501	0.0068473646423275	0.0055309829543642	0.0061646008912985	0.001661744119751	0.0075765373145131	0.001231725931545	0.0019013550318656	0.0	0.0	0.0060932888799197	0.0066415716113518	0.0067990705141434	0.0077310204341036	0.0080238764652631	0.0063789657873829	0.0103491815802647	0.0013881069550254	0.0072792169486355	0.0064921899691164	0.0051608609581043	0.0	0.0	0.0042651682700944	0.0042294213817172	0.0057196837069952	0.0056431055960205	0.00371946932264	0.0039638410662599	0.004324047318732	0.0072436210348318	0.0037497586914003	0.0030464590414817	0.0029421500493333	0.0029431430815471	0.0037465984964116	0.0064230844477067	0.0072056316923131	0.0077240168755242	0.0079986623721686	0.0058360109536265	0.0075415241067975	0.0058311434328668	0.0066942709024229	0.0081124005106088	0.0033333083592785	0.0062079247866147	0.004937911818178	0.0040706210524529	0.0042529580009986	0.0031339400463198	0.0036011187975912	0.015305170860739	0.0052213923980939	0.0054575061724363	0.0009228858839109	0.0012367834158822	0.0026732231716921	0.0063985934309536	0.0067561344587984	0.0	0.006429861177434	0.0	0.0	0.0	0.0071114049558497
species|2014610|Roseisolibacter agri	0.0021237082660605	0.0019747146860918	0.0018195952797302	0.0027380746155163	0.0017888571308272	0.0015530823268673	0.0009336113208544	0.0016010814894261	0.0021685532229509	0.0019718402263808	0.0025880820596114	0.0024604679578184	0.0031101506861874	0.0031166381795533	0.0031067690311411	0.0032406597646984	0.002725808405775	0.0030172422392957	0.0023709641245167	0.0021259420380559	0.00275468998955	0.0033500613540369	0.0028099098753515	0.002126885945487	0.0028131346830382	0.0017555299457184	0.0016218915076149	0.0016247754737789	0.0023248027506219	0.0032135773913844	0.0	0.0	0.0	0.0028263761693793	0.0012036823184465	0.00286257095002	0.0030013296262284	0.0028140240836453	0.0	0.0014237665227277	0.0030904856901821	0.001926579547921	0.0022298587700203	0.0	0.0	0.0017552771471257	0.0011762793452628	0.0015807909949329	0.0021544812194	0.0020240748164041	0.0044003251799384	0.0030631150468062	0.0033885208615155	0.0020523780152727	0.0026553110110338	0.0022989080995216	0.0031771782822388	0.0027408179559629	0.0036160648169811	0.0022191838018105	0.003580855428081	0.0022878527821017	0.0043047689670974	0.0026248390876033	0.0018206395675999	0.0029171655625765	0.0041574187438449	0.0024823283081999	0.0051523887521971	0.0052968124609951	0.0045595096975229	0.0043994839019119	0.0043313221146917	0.0038341750841233	0.0	0.0047350457755209	0.0021009704626321	0.0013563497793254	0.0016980396459882	0.0022650475685494	0.0022659669487692	0.0019065964402313	0.0	0.002938107268628	0.0	0.001863354037267	0.0018019370823635	0.0021643632266952
species|2603856|Lacisediminimonas profundi	0.0041600297988679	0.0	0.0	0.0	0.0	0.0	0.0	0.0	0.0	0.0	0.0035592599553654	0.0	0.0047043586515966	0.0048946515660528	0.0052605865205584	0.0038433495462513	0.0047286932672758	0.003824594220565	0.0056755521907951	0.0	0.0	0.0	0.0	0.0	0.0	0.0	0.0045128392859947	0.0	0.0055284555782522	0.0046517779136723	0.0058407803689934	0.0062909717714044	0.0	0.0	0.0	0.0	0.0	0.0	0.0	0.0056926757739723	0.0	0.0	0.0	0.0085150059246396	0.0057639161547518	0.0	0.0	0.0	0.0	0.0033790737509071	0.0043842037511035	0.0038511989209956	0.0	0.0037191424644136	0.0021430479386719	0.0047387519560586	0.0040087109792922	0.0045331098450936	0.0	0.0	0.0	0.0	0.0	0.0	0.0	0.0	0.0	0.0028517670542467	0.0037414437838642	0.0043108696594996	0.0041114783682559	0.0035107733553969	0.004006273491968	0.0055954476982052	0.0	0.0045986052848987	0.0	0.0057485411202995	0.0032973441372031	0.0074019714868296	0.0	0.0	0.0	0.0	0.0044572990972259	0.0071832770832647	0.0051002157176076	0.0
species|29443|Paucimonas lemoignei	0.0009952955926861	0.0	0.0	0.0	0.0	0.0	0.0	0.0	0.0	0.0	0.0013183925881466	0.0	0.0	0.0016556267839338	0.0	0.0	0.0	0.0014952227421818	0.0011995470490944	0.0	0.0	0.0	0.0	0.0	0.0	0.0	0.0018290267726878	0.0	0.0	0.0016867827561344	0.0017038873863757	0.0016771538362628	0.0	0.0	0.0	0.0	0.0	0.0	0.0	0.0015040138749985	0.0	0.0	0.0	0.0022828669306713	0.0011176633919591	0.0	0.0	0.0	0.0	0.0	0.0	0.0	0.0	0.0	0.0	0.0	0.0	0.0010839383504375	0.0	0.0	0.0	0.0	0.0	0.0	0.0	0.0	0.0	0.0	0.0008938793908268	0.0008095055547671	0.0	0.001172358297231	0.0	0.0018533213405148	0.0	0.0009238770411978	0.0	0.0011992441775247	0.0017278693600593	0.0	0.0	0.0	0.0	0.0	0.0011172240736572	0.0018276501588908	0.0025442059556576	0.0
species|1777134|Caballeronia turbans	0.00305522654666	0.0	0.0	0.0	0.0	0.0	0.0	0.0	0.0	0.0	0.004508968900212	0.0	0.0052958702199535	0.0065422124793821	0.0046393546949464	0.0060658918386409	0.0055892167082471	0.0040253173433349	0.004416717706892	0.0	0.0	0.0	0.0	0.0	0.0	0.0	0.0046951638278463	0.0	0.0046174961254786	0.0030596276718477	0.0013439433414907	0.0048468042851711	0.0	0.0	0.0	0.0	0.0	0.0	0.0	0.0044662543782522	0.0	0.0	0.0	0.0042753270083588	0.0012140525365989	0.0	0.0	0.0	0.0	0.0081359811123674	0.0075885557197302	0.0061076475714222	0.0	0.0054074804549278	0.0040121274736311	0.0076103564757145	0.0048649909131619	0.0039101264965007	0.0	0.0	0.0	0.0	0.0	0.0	0.0	0.0	0.0	0.0048414103951112	0.0034651026960454	0.0056149814620401	0.0058356707733031	0.0049571147086961	0.0031405199936429	0.0042791724301376	0.0	0.0038693079181169	0.0	0.0040280724358732	0.005282746857284	0.0086839156690563	0.0	0.0	0.0	0.0	0.0035589214326058	0.0019289541083352	0.0033498075393266	0.0
species|1822381|Massilia chloroacetimidivorans	0.007354720127782	0.0	0.0	0.0	0.0	0.0	0.0	0.0	0.0	0.0	0.0014499016925745	0.0	0.0049763048869646	0.0026886766663502	0.0038164572261425	0.0030599914532057	0.0077601674268825	0.0079314018712009	0.0027439410412742	0.0	0.0	0.0	0.0	0.0	0.0	0.0	0.0114803950056384	0.0	0.0109073941707383	0.0116341052839524	0.0217085099455644	0.0105834625608918	0.0	0.0	0.0	0.0	0.0	0.0	0.0	0.0034062196723596	0.0	0.0	0.0	0.0119415299770093	0.0084399118542061	0.0	0.0	0.0	0.0	0.0013714137160351	0.0052739256908874	0.0034666485621535	0.0	0.0019328544208499	0.001985376877938	0.0033605688352688	0.0092727842316058	0.0018558811339686	0.0	0.0	0.0	0.0	0.0	0.0	0.0	0.0	0.0	0.0027536184016186	0.0042872783643899	0.0026225655704657	0.0037149408070863	0.0021823464177701	0.0057046573466863	0.0075382628282292	0.0	0.0024367551336138	0.0	0.0112230896999137	0.0031425412482833	0.0048395801509386	0.0	0.0	0.0	0.0	0.0205827415503215	0.0144105644592832	0.0071423311933386	0.0
species|47229|Massilia timonae	0.0028756143828712	0.0	0.0	0.0	0.0	0.0	0.0	0.0	0.0	0.0	0.0009168083765259	0.0	0.0043129918738004	0.0013746205190706	0.0016973527387268	0.0028065516918478	0.00123833951099	0.0022184773881885	0.0022786992877638	0.0	0.0	0.0	0.0	0.0	0.0	0.0	0.0048423332771168	0.0	0.003813704757933	0.0038585501687042	0.0081946396785535	0.0028257253660105	0.0	0.0	0.0	0.0	0.0	0.0	0.0	0.0025660269720756	0.0	0.0	0.0	0.0060239839254548	0.0071410786193535	0.0	0.0	0.0	0.0	0.0	0.0022217440427389	0.0	0.0	0.0	0.00151674177466	0.0	0.0	0.0016879486130415	0.0	0.0	0.0	0.0	0.0	0.0	0.0	0.0	0.0	0.0	0.0027677904467463	0.0010762643664521	0.0	0.0011894676918992	0.0	0.0015394675543636	0.0	0.0013249341574451	0.0	0.008298147600727	0.002410016078649	0.0046141329925672	0.0	0.0	0.0	0.0	0.00749760370938	0.0041200341690062	0.0042453638449092	0.0
species|1229971|Glaciimonas singularis	0.0010154984065636	0.0	0.0	0.0	0.0	0.0	0.0	0.0	0.0	0.0	0.0013971207921999	0.0	0.0	0.0	0.0017660744590656	0.0011713323341934	0.0015318013633252	0.0018428601167525	0.0015705375746581	0.0	0.0	0.0	0.0	0.0	0.0	0.0	0.0015394728562654	0.0	0.0010615391378016	0.0020970265428628	0.0	0.0018426771306215	0.0	0.0	0.0	0.0	0.0	0.0	0.0	0.0012812875430651	0.0	0.0	0.0	0.0023018273242276	0.0014010455404207	0.0	0.0	0.0	0.0	0.0	0.0	0.0	0.0	0.0	0.0	0.0	0.0014001262283929	0.0	0.0	0.0	0.0	0.0	0.0	0.0	0.0	0.0	0.0	0.0	0.0	0.0010359914995015	0.0014441424800243	0.0	0.0019948185438698	0.0018401333382272	0.0	0.0011003205788247	0.0	0.0010559069608567	0.0010579767119478	0.0	0.0	0.0	0.0	0.0	0.0013324411692655	0.0027449574438806	0.0	0.0
species|1224511|Noviherbaspirillum suwonense	0.0009688362448371	0.0	0.0	0.0	0.0	0.0	0.0	0.0	0.0	0.0	0.0017961873880322	0.0	0.0023569792702541	0.0022246074879776	0.0040568080271476	0.0023505867750967	0.0032705202147251	0.0032951399358048	0.0023406338644861	0.0	0.0	0.0	0.0	0.0	0.0	0.0	0.001807791742147	0.0	0.0026228056579391	0.002644393228159	0.0024275792178935	0.0032269488293207	0.0	0.0	0.0	0.0	0.0	0.0	0.0	0.0018489820625781	0.0	0.0	0.0	0.0047110730040054	0.0014897998230621	0.0	0.0	0.0	0.0	0.001432636855117	0.0028504260992804	0.0042068411039401	0.0	0.0026613118913237	0.0	0.0029627487855571	0.0041606276902547	0.0032934016388428	0.0	0.0	0.0	0.0	0.0	0.0	0.0	0.0	0.0	0.0022129893888769	0.001717404469147	0.0019686627713481	0.0031715162561848	0.002044705183626	0.0029452817637799	0.0039993159433774	0.0	0.002184405380396	0.0	0.00195462222661	0.0032338413745482	0.0027138010228191	0.0	0.0	0.0	0.0	0.0022178454241041	0.0029067702770834	0.002221674809423	0.0
species|1854499|Noviherbaspirillum agri	0.0019798461716723	0.0	0.0	0.0	0.0	0.0	0.0	0.0	0.0	0.0	0.0025203731579179	0.0	0.0024282689857928	0.0023419571405318	0.0025250753709207	0.0035675139694078	0.0032032460216456	0.0043277678816152	0.0022821591214277	0.0	0.0	0.0	0.0	0.0	0.0	0.0	0.00282160188527	0.0	0.0025802116166944	0.0033659191810896	0.0025344696487621	0.0038203460744627	0.0	0.0	0.0	0.0	0.0	0.0	0.0	0.0014174149774299	0.0	0.0	0.0	0.0019024165700519	0.0016194230437102	0.0	0.0	0.0	0.0	0.0020906661320893	0.0	0.0027470452100792	0.0	0.0020912882501957	0.002283116904182	0.0033153798337561	0.0035776192656466	0.0019825431629052	0.0	0.0	0.0	0.0	0.0	0.0	0.0	0.0	0.0	0.0029935128394352	0.0018234564817042	0.0017518232613047	0.0034986739122629	0.0024781412296009	0.0019316726667359	0.0031001838964218	0.0	0.0016968897867205	0.0	0.0028228464975751	0.0019884999237024	0.0023250437594708	0.0	0.0	0.0	0.0	0.0028570812709266	0.0042919575899278	0.0028221076735453	0.0
species|1968433|Noviherbaspirillum denitrificans	0.0025624439027084	0.0	0.0	0.0	0.0	0.0	0.0	0.0	0.0	0.0	0.0031015515030335	0.0	0.0053660344632858	0.0037898009590974	0.0031235189055117	0.0047223782696278	0.005265618308882	0.004196936054628	0.0024968454681176	0.0	0.0	0.0	0.0	0.0	0.0	0.0	0.005966167179275	0.0	0.0032445588539717	0.0034104536936601	0.0068548307933333	0.0062368094560951	0.0	0.0	0.0	0.0	0.0	0.0	0.0	0.0043788195437197	0.0	0.0	0.0	0.0050930069732489	0.0035391870514629	0.0	0.0	0.0	0.0	0.0029740669146952	0.0042254411014646	0.0045576711046464	0.0	0.0031260218560164	0.0050244838426822	0.0047391203670523	0.0043230088893001	0.0030074866746671	0.0	0.0	0.0	0.0	0.0	0.0	0.0	0.0	0.0	0.0056047997813061	0.0035591532499921	0.0041687722034764	0.0071107523136697	0.0047712773643852	0.0025936760684337	0.0048502233259807	0.0	0.0030233586871879	0.0	0.0030733087372198	0.0042127716948862	0.0055862414750461	0.0	0.0	0.0	0.0	0.0045954581266383	0.0039944657778313	0.0032414390113591	0.0
species|394095|Pyxidicoccus fallax	0.001368969420975	0.0	0.0	0.0	0.0	0.0	0.0	0.0	0.0	0.0	0.0025887040133936	0.0	0.0	0.0	0.0019264166828773	0.0029863375917824	0.0015698676673209	0.0012053665642666	0.0058930128528299	0.0	0.0	0.0	0.0	0.0	0.0	0.0	0.0026395771327181	0.0	0.0018199074079726	0.0019406679170959	0.0	0.0	0.0	0.0	0.0	0.0	0.0	0.0	0.0	0.0015487176177533	0.0	0.0	0.0	0.0	0.0	0.0	0.0	0.0	0.0	0.0017131420555282	0.0020455270427879	0.0	0.0	0.0031955276657764	0.0020151174307673	0.002588768385165	0.0030334137240602	0.0024921958702664	0.0	0.0	0.0	0.0	0.0	0.0	0.0	0.0	0.0	0.0022164078077808	0.0025968642643931	0.0020845259511345	0.0026311551798579	0.0024932336297673	0.001712074850618	0.0	0.0	0.0035020977394493	0.0	0.0015279195907967	0.0019213691457407	0.0021499864641121	0.0	0.0	0.0	0.0	0.0	0.0	0.0	0.0
species|35|Corallococcus macrosporus	0.0015120233113317	0.0	0.0	0.0	0.0	0.0	0.0	0.0	0.0	0.0	0.0011620457262262	0.0	0.0	0.0012714147645819	0.0012367212000912	0.0011558975145679	0.0015745139788278	0.0	0.0031996568431225	0.0	0.0	0.0	0.0	0.0	0.0	0.0	0.0014376445952479	0.0	0.0018318746395433	0.0	0.0	0.0	0.0	0.0	0.0	0.0	0.0	0.0	0.0	0.0009959788068908	0.0	0.0	0.0	0.0	0.0	0.0	0.0	0.0	0.0	0.0016872094450034	0.0	0.0	0.0	0.0017378885189805	0.001653640682933	0.0021137633902098	0.0	0.0019169552972187	0.0	0.0	0.0	0.0	0.0	0.0	0.0	0.0	0.0	0.0017749301815503	0.0016651980626719	0.0009412763271094	0.0019181528985324	0.0022498290708216	0.002903409156138	0.0	0.0	0.0018522123293976	0.0	0.0009440781309675	0.0020649307794243	0.0014747503683158	0.0	0.0	0.0	0.0	0.0	0.0	0.0	0.0
species|1743261|Lysobacter terricola	0.0019513753663969	0.0	0.0	0.0	0.0	0.0	0.0	0.0	0.0	0.0	0.002234636631877	0.0	0.003332271996356	0.0014495593632156	0.0031769555135979	0.002279211327265	0.0027744567758761	0.0016705620776997	0.0025032510525703	0.0	0.0	0.0	0.0	0.0007902251849576	0.0	0.0	0.0020840407341379	0.0	0.0020588405709066	0.0011111389209584	0.0018316551791233	0.0011366112097049	0.0	0.0	0.0	0.0	0.0	0.0	0.0	0.0015602219104094	0.0	0.0	0.0	0.0	0.0008061245829043	0.0	0.0011468663894688	0.0	0.0	0.0012307172891537	0.0031950611705399	0.0035063045796581	0.0	0.0019028814795703	0.0	0.0017845650474288	0.0	0.0	0.0	0.0	0.0	0.0	0.0	0.0	0.0	0.0	0.0	0.0042868978460466	0.0035916478544912	0.0014875535399	0.0	0.0015852578923076	0.0028262228501105	0.0	0.0	0.001294638860599	0.0	0.0035528121164141	0.0020515233619262	0.0018873996004529	0.0	0.0	0.0	0.0	0.0011435301268621	0.001548948980283	0.0011513839835552	0.0
species|346182|Lysobacter yangpyeongensis	0.0008794784065552	0.0	0.0	0.0	0.0	0.0	0.0	0.0	0.0	0.0	0.0010755401963557	0.0	0.0019196549164771	0.0	0.0020118772108362	0.0019691615854229	0.0022680346506636	0.0	0.0010365035629871	0.0	0.0	0.0	0.0	0.0	0.0	0.0	0.0	0.0	0.0024376619649343	0.0018501995599273	0.0	0.0007247279878047	0.0	0.0	0.0	0.0	0.0	0.0	0.0	0.0007675662575595	0.0	0.0	0.0	0.0	0.0010801407086952	0.0	0.0	0.0	0.0	0.0011103937475236	0.001377563280924	0.0	0.0	0.0	0.0	0.0033673791093533	0.0021721117371328	0.0	0.0	0.0	0.0	0.0	0.0	0.0	0.0	0.0	0.0	0.0	0.0011477455936223	0.0021102485646851	0.0027890311778553	0.0	0.0031317132796732	0.0029979907807578	0.0	0.0010389974969671	0.0	0.0016661479276398	0.0021752307297618	0.0023318488821041	0.0	0.0	0.0	0.0	0.0014603779843978	0.0012571310914167	0.0010638142414417	0.0
species|394091|Cystobacter badius	0.0008156861478177	0.0	0.0	0.0	0.0	0.0	0.0	0.0	0.0	0.0	0.0	0.0	0.0	0.0	0.001385850738982	0.0	0.0009270263674112	0.0	0.0	0.0	0.0	0.0	0.0	0.0	0.0	0.0	0.0	0.0	0.0	0.0	0.0	0.0	0.0	0.0	0.0	0.0	0.0	0.0	0.0	0.0	0.0	0.0	0.0	0.0	0.0	0.0	0.0	0.0	0.0	0.0010275425200754	0.0	0.0	0.0	0.0	0.0	0.0017719643863583	0.0	0.0	0.0	0.0	0.0	0.0	0.0	0.0	0.0	0.0	0.0	0.0	0.0	0.0	0.0030834053089461	0.0	0.0	0.0	0.0	0.0	0.0	0.0009559530878749	0.0	0.0	0.0	0.0	0.0	0.0	0.0	0.0	0.0	0.0
species|43|Cystobacter fuscus	0.0032042640943586	0.0	0.0	0.0	0.0	0.0	0.0	0.0	0.0	0.0	0.0019606662615395	0.0	0.0030064276200283	0.0	0.0025415155847552	0.0019807844702063	0.0	0.0030351821746717	0.0018246553989307	0.0	0.0	0.0	0.0	0.0	0.0	0.0	0.0019110192353476	0.0	0.0027696846092117	0.0016119583187016	0.0	0.0	0.0	0.0	0.0	0.0	0.0	0.0	0.0	0.0009342724012126	0.0	0.0	0.0	0.0	0.0	0.0	0.0	0.0	0.0	0.0011628781149197	0.0	0.0	0.0	0.0043731497561449	0.0049114559647292	0.0022489341803379	0.0028328100485054	0.0025337119028087	0.0	0.0	0.0	0.0	0.0	0.0	0.0	0.0	0.0	0.0027313640403109	0.0022053850863867	0.0021483648001657	0.0	0.0026426378616498	0.0024902225644793	0.0	0.0	0.0029362474001954	0.0	0.0	0.0010058938842387	0.0021600147533638	0.0	0.0	0.0	0.0	0.0	0.0	0.0	0.0
species|83453|Melittangium boletus	0.0033777499354079	0.0	0.0	0.0	0.0	0.0	0.0	0.0	0.0	0.0	0.0032889362557098	0.0	0.0028568891125092	0.0015486517889928	0.0039768029846655	0.00448843237337	0.0043927170002236	0.0028623289637	0.0031778942708552	0.0	0.0	0.0	0.0	0.0	0.0	0.0	0.0032370909965848	0.0	0.0028153685594954	0.0022245990872071	0.0	0.0	0.0	0.0	0.0	0.0	0.0	0.0	0.0	0.0023792468852726	0.0	0.0	0.0	0.0	0.0	0.0	0.0	0.0	0.0	0.0026492072586725	0.0030497266233047	0.0040552595540467	0.0	0.004313653212887	0.00418044438125	0.0063992843498222	0.0040864374780966	0.0031606255120581	0.0	0.0	0.0	0.0	0.0	0.0	0.0	0.0	0.0	0.0035825296702908	0.0040504824422411	0.0031479136871119	0.0038744457524911	0.0040719661060873	0.0045331498598008	0.0040097742864539	0.0	0.0046921255160749	0.0	0.0018086374346653	0.0018450227347627	0.003228301264023	0.0	0.0	0.0	0.0	0.0	0.0	0.0	0.0
species|960|Bacteriovorax stolpii	0.0035227382629115	0.0	0.0	0.0	0.0	0.0	0.0	0.0	0.0	0.0	0.0023642840861728	0.0	0.0037297855592564	0.0022923089083866	0.0027688563808267	0.002288023149743	0.0032213845110456	0.0017826503944609	0.0019199122325836	0.0	0.0	0.0	0.0	0.0	0.0	0.0	0.0060887700077579	0.0	0.0033247417589105	0.005058142575722	0.0093133209573198	0.0091675449763261	0.0	0.0	0.0	0.0	0.0	0.0	0.0	0.0041868445184651	0.0	0.0	0.0	0.0081367613395095	0.0064027723740882	0.0	0.0	0.0	0.0	0.0014237028021923	0.0	0.0	0.0	0.0019329274185754	0.0017462740540272	0.0	0.0024653668692584	0.0	0.0	0.0	0.0	0.0	0.0	0.0	0.0	0.0	0.0	0.0017679744064657	0.0015062058969888	0.0014539955341431	0.0027429561440953	0.0023020618094155	0.0019464216068607	0.0	0.0	0.0015188936954755	0.0	0.0058339617257669	0.0035357803768967	0.0054994374597364	0.0	0.0	0.0	0.0	0.004439310637353	0.0068322963234698	0.0039043634428303	0.0
species|394096|Hyalangium minutum	0.0028732866259221	0.0	0.0	0.0	0.0	0.0	0.0	0.0	0.0009275573075185	0.0	0.0017987451724835	0.0	0.0032508817994744	0.0045503631008132	0.0018997546347346	0.0030899033546337	0.0034021707042954	0.0030396539295268	0.0035003113220412	0.0	0.0	0.0	0.0	0.0	0.0	0.0	0.0052799503182549	0.0	0.0026083886733041	0.0023664465227899	0.0	0.0	0.0	0.0	0.0	0.0	0.0	0.0011123864014751	0.0	0.0020356181029203	0.0	0.0	0.0	0.0	0.0	0.0	0.0	0.0	0.0	0.002453925336424	0.0028148149924113	0.0048269742969972	0.0	0.0028618001903292	0.0025203020498059	0.0034135475028448	0.0023787271646245	0.0026325199549856	0.0	0.0	0.0	0.0	0.0	0.0	0.0	0.0	0.0	0.0022197581127053	0.0027464534317942	0.0035693075377209	0.0021966325944421	0.003024360440101	0.0035806303110494	0.0035557298259231	0.0	0.0029251291542869	0.0	0.0030532555493267	0.0035584619277821	0.0041656872911231	0.0	0.0	0.0	0.0	0.0	0.0	0.0	0.0
species|394092|Cystobacter gracilis	0.001223323097598	0.0	0.0	0.0	0.0	0.0	0.0	0.0	0.0	0.0	0.0008496289635201	0.0	0.0	0.0012613545689145	0.0011662877935567	0.0010176444910506	0.0	0.0	0.000968314771241	0.0	0.0	0.0	0.0	0.0	0.0	0.0	0.0015908261960689	0.0	0.0	0.0	0.0	0.0	0.0	0.0	0.0	0.0	0.0	0.0	0.0	0.0006084639653383	0.0	0.0	0.0	0.0	0.0	0.0	0.0	0.0	0.0	0.0	0.0	0.0	0.0	0.0	0.0	0.0	0.0	0.0	0.0	0.0	0.0	0.0	0.0	0.0	0.0	0.0	0.0	0.0	0.0009867970989593	0.0	0.0	0.0007954949809755	0.0	0.0	0.0	0.0005692514236597	0.0	0.0006301503134139	0.0	0.0	0.0	0.0	0.0	0.0	0.0	0.0	0.0	0.0
species|45|Melittangium lichenicola	0.0011595849789009	0.0	0.0	0.0	0.0	0.0	0.0	0.0	0.0	0.0	0.0009227979244536	0.0	0.0015265776319813	0.0	0.0024867236285303	0.0017283042404663	0.002900992516021	0.0029199177238809	0.0030069571821687	0.0	0.0	0.0	0.0	0.0	0.0	0.0	0.0021543856058364	0.0	0.0020474384173729	0.0022831446413541	0.0	0.0	0.0	0.0	0.0	0.0	0.0	0.0	0.0	0.0007748362134225	0.0	0.0	0.0	0.0	0.0	0.0	0.0	0.0	0.0	0.0008658001972985	0.0023942495877743	0.0	0.0	0.0026381356784287	0.001419898419279	0.0	0.0025237943312018	0.0018567151432184	0.0	0.0	0.0	0.0	0.0	0.0	0.0	0.0	0.0	0.0	0.0009499198632691	0.0006604082448487	0.0023706224439313	0.001289029061426	0.002841937063388	0.0016433607544717	0.0	0.0011883974834627	0.0	0.0013646746265251	0.0012542702778976	0.0027881467039352	0.0	0.0	0.0	0.0	0.0	0.0	0.0	0.0
species|41|Stigmatella aurantiaca	0.0034919348976449	0.0023813067462682	0.0	0.0	0.0022980340827624	0.0023735160317535	0.0022328091836495	0.0037684226257178	0.0025618387306273	0.0029239529843656	0.0056055901244205	0.0037202778314478	0.0076458056795194	0.0057631677433673	0.005830544519336	0.0118449828953253	0.0070340061846896	0.0067056356105017	0.0111700266973395	0.0016249879829371	0.0033843786956194	0.0028306977974661	0.0025590533735749	0.0014800343944368	0.0023388374609846	0.0047851452405185	0.0064741204328782	0.0024224917987997	0.0070272614184765	0.0052321996065027	0.0	0.0	0.0032578874163808	0.0031390519166062	0.0023448184007177	0.0023626623222645	0.0028487211317305	0.0018678561574579	0.0029278242362448	0.0040753826739114	0.0020434396540893	0.0023565778991638	0.0017947991786204	0.0	0.0	0.0017288762520036	0.0036497592319897	0.0018116529299627	0.0021286255261943	0.0101845718454762	0.0097618170406188	0.0103095198670611	0.0030434307930975	0.0085077346665549	0.0054774281028477	0.0088389838134443	0.0067044408471958	0.0070817043690595	0.0021490706397218	0.0040499257813304	0.0027477010863245	0.0034102643731119	0.0034222158483286	0.00380001954452	0.0023021943595619	0.0038181335075707	0.0045792387346777	0.0111655512381589	0.009917323606176	0.0081042058837377	0.0112090509483801	0.0099185638048455	0.0075712298982843	0.0057332364752073	0.0	0.0068504789810603	0.0025646753884425	0.004437115519527	0.0055128338249805	0.0037280534994405	0.0034814328025311	0.0037079053354159	0.0	0.0037490351848941	0.0015504307006521	0.0	0.0	0.0022866605116056
species|1484693|Rhodoferax saidenbachensis	0.0017048123787825	0.0	0.0	0.0	0.0	0.0	0.0	0.0	0.0	0.0	0.0	0.0	0.0	0.0	0.0	0.0021071505545416	0.0013156059061164	0.0014896943975925	0.0	0.0	0.0	0.0	0.0	0.0	0.0	0.0	0.0011365321981509	0.0	0.002038898557463	0.0025498942051794	0.0029659400848455	0.0012871209128738	0.0	0.0	0.0	0.0	0.0	0.0	0.0	0.000954550488318	0.0	0.0	0.0	0.0	0.0011813238483964	0.0	0.0	0.0	0.0	0.0	0.0	0.0	0.0	0.0	0.0	0.0	0.0	0.0	0.0	0.0	0.0	0.0	0.0	0.0	0.0	0.0	0.0	0.0	0.0016401112997643	0.0	0.0	0.0	0.0	0.0	0.0	0.001343966930832	0.0	0.0	0.0	0.0	0.0	0.0	0.0	0.0	0.0	0.0	0.0015896969404809	0.0
species|1836200|Variovorax rhizosphaerae	0.0018137696837897	0.0	0.0	0.0	0.0	0.0	0.0	0.0	0.0	0.0	0.0	0.0	0.0	0.0	0.0	0.0	0.0	0.0	0.0	0.0	0.0	0.0	0.0	0.0	0.0	0.0	0.0	0.0	0.0	0.0	0.0	0.0	0.0	0.0	0.0	0.0	0.0	0.0	0.0	0.0	0.0	0.0	0.0	0.0	0.0008025605722494	0.0	0.0	0.0	0.0	0.0	0.0	0.0	0.0	0.0	0.0	0.0	0.0	0.0	0.0	0.0	0.0	0.0	0.0	0.0	0.0	0.0	0.0	0.0	0.0	0.0	0.0	0.0017255172580333	0.0	0.0	0.0	0.0010997580475862	0.0	0.0	0.0	0.0	0.0	0.0	0.0	0.0	0.0	0.0	0.0	0.0
species|1836198|Variovorax ureilyticus	0.0024151076977547	0.0	0.0	0.0	0.0	0.0	0.0	0.0014795302324871	0.001844159833662	0.0	0.0025042116918491	0.0025577443473641	0.0025533771091903	0.0032871408520799	0.003322315768043	0.0033758301901392	0.0019786307881611	0.0021013764216331	0.0017281627493145	0.0	0.0	0.0	0.0	0.0	0.0	0.0	0.0023301619090445	0.0019008534406095	0.0021080794067191	0.0	0.0019329836585191	0.0012675691584696	0.0	0.0	0.0	0.0	0.0	0.0	0.0	0.0017204137675933	0.0	0.0	0.0	0.0	0.0009497795460977	0.0	0.0	0.0	0.0	0.0	0.0	0.0047059026398201	0.0	0.0	0.0	0.0	0.0	0.0033030932093037	0.0	0.0	0.0	0.0026549842867112	0.0	0.0	0.0	0.0019270785795176	0.0	0.0040471118646045	0.002480874604897	0.0017570850643213	0.0	0.0020117763798854	0.0031204138012834	0.004225380036896	0.0	0.0019189457424619	0.0	0.0019488141365477	0.0032539747860221	0.0	0.0	0.0	0.0	0.0	0.0027975974636028	0.0	0.0024012644369455	0.0
species|104087|Pseudomonas frederiksbergensis	0.001916043883674	0.0	0.0	0.0	0.0	0.0	0.0	0.0	0.0	0.0	0.0009866408968552	0.0	0.0017553148127678	0.0	0.002405733634409	0.0027579185973698	0.0033716016032543	0.00230482811976	0.0017518601742429	0.0	0.0	0.0	0.0	0.0	0.0	0.0	0.0014998421456191	0.0	0.0022379099343428	0.0023746585947901	0.0039905801974443	0.0028219916026998	0.0	0.0	0.0	0.0	0.0	0.0	0.0	0.0015302839491844	0.0	0.0	0.0	0.0	0.0022024334500911	0.0	0.0	0.0	0.0	0.0016684605043976	0.0	0.0	0.0	0.0	0.001842799616478	0.0023222817041949	0.0	0.0	0.0	0.0	0.0	0.0	0.0	0.0	0.0	0.0	0.0	0.0	0.0014984717950204	0.0017030335703461	0.0	0.0011945397064108	0.0029667524556065	0.0025937970276607	0.0	0.0	0.0	0.002728084137711	0.0010705222538583	0.0018882358347941	0.0	0.0	0.0	0.0	0.0058762069065643	0.0029853894935989	0.0013159767236049	0.0
species|317|Pseudomonas syringae	0.0015976361425161	0.0	0.0	0.0	0.0	0.0	0.0	0.0	0.0	0.0	0.0017928447776511	0.0	0.0029850358472021	0.001838624424706	0.0024739351990088	0.0020931649035023	0.0035872303520752	0.0029576292865645	0.0019021231393932	0.0	0.0	0.0	0.0	0.0	0.0	0.0	0.0015272038470891	0.0	0.0024902533592192	0.0034738647648458	0.0031012121861116	0.0036827736526059	0.0	0.0	0.0	0.0	0.0	0.0	0.0	0.0018397947388007	0.0	0.0	0.0	0.00617179503879	0.0020461046587347	0.0	0.0	0.0	0.0	0.0024249096647908	0.0039883135699945	0.0049908359325891	0.0	0.0036770428213942	0.0	0.0047585639496004	0.0058746665971604	0.0021651358293674	0.0	0.0	0.0	0.0	0.0	0.0	0.0	0.0	0.0	0.0026489403775655	0.0020467850127121	0.0024804114812713	0.0	0.0012610650993506	0.0025573379562382	0.0	0.0	0.0014517775919474	0.0	0.0036088440895641	0.0025956495149003	0.0040844489750818	0.0	0.0	0.0	0.0	0.0039650276460185	0.003499012357751	0.0024943865490343	0.0
species|587753|Pseudomonas chlororaphis	0.0024004337266761	0.0	0.0	0.0	0.0	0.0	0.0	0.0	0.0	0.0	0.001217831232464	0.0	0.001899276504778	0.0016664976858186	0.0019494791530758	0.0026759120246592	0.0028707129356375	0.0024657260022019	0.0016028435015904	0.0	0.0	0.0	0.0	0.0	0.0	0.0	0.0030203742956516	0.0	0.0013386969517614	0.0023620297997594	0.0034352156413527	0.0015241776860524	0.0	0.0	0.0	0.0	0.0	0.0	0.0	0.0011106597141928	0.0	0.0	0.0	0.002617638728014	0.00137506172378	0.0	0.0	0.0	0.0	0.0	0.0	0.0	0.0	0.001697283582069	0.0	0.0038855472025172	0.0018720440951577	0.0	0.0	0.0	0.0	0.0	0.0	0.0	0.0	0.0	0.0	0.0	0.0011688082609709	0.0018895052843814	0.0018519588560028	0.0018080541654185	0.0	0.0026015696549777	0.0	0.0014760031920145	0.0016620250431261	0.0020454271005317	0.0013368337044325	0.0022151259677031	0.0	0.0	0.0	0.0	0.0024842750014366	0.002130985440795	0.0	0.0
species|294|Pseudomonas fluorescens	0.012600081914837	0.0	0.0	0.0	0.0	0.0	0.0	0.0	0.0	0.0	0.008244804045062	0.0	0.0083616330150966	0.0058784056584666	0.009141607006228	0.0094326647510722	0.0103589985712223	0.0165812357315858	0.0073355622914511	0.0	0.0	0.0	0.0	0.0	0.0	0.0	0.0127337807892695	0.0	0.0117120310775419	0.0105875016371277	0.0097765556392676	0.0106938209204552	0.0	0.0	0.0	0.0	0.0	0.0	0.0	0.0091748670557191	0.0	0.0	0.0	0.0240930509193222	0.0129787424531306	0.0	0.0	0.0	0.0	0.0084591982448549	0.0068209301607864	0.0096020839553319	0.0	0.0078659580202643	0.0115031950336543	0.0115982572981436	0.0046103222783411	0.007348942611974	0.0	0.0	0.0	0.0	0.0	0.0	0.0	0.0	0.0	0.0063284281087878	0.005899183021954	0.0075910357965122	0.0070838288111271	0.0075401062607967	0.0128475696697865	0.0081929643615082	0.0	0.0069946042977683	0.0	0.0078642045995204	0.0048693433924771	0.015922320987856	0.0	0.0	0.0	0.0	0.0265716806944281	0.0152301212932174	0.0039470186054229	0.0
species|864828|Massilia umbonata	0.029396987658291	0.0	0.0	0.0	0.0022084671228859	0.0	0.0	0.0	0.0	0.0	0.0101285849592328	0.0	0.0110681299111037	0.0120370834800889	0.0114105930667646	0.0102238059902497	0.0116848264896392	0.0143969530646999	0.0185210377962161	0.0	0.0	0.0	0.0	0.0	0.0	0.0	0.0181450692725614	0.0	0.022524413045909	0.0222738872513781	0.0322120653386562	0.0328643680820278	0.0	0.0	0.0	0.0	0.0	0.0	0.0	0.0220134012584691	0.0	0.0	0.0	0.0404179320099665	0.0436689752993122	0.0	0.0	0.0	0.0	0.0067930959062264	0.0070465703076304	0.0074153847410887	0.0	0.0053818138608697	0.0044152132075206	0.0075731829754578	0.0082792217699044	0.0084502127263995	0.0	0.0	0.0	0.0	0.0	0.0	0.0	0.0	0.0	0.008901664369111	0.0080525329073992	0.0099658934436514	0.0068472897111485	0.00811137318939	0.0099127534699866	0.011322683451639	0.0	0.0104678581472472	0.0	0.0209203145717844	0.0130766308418569	0.0178548756959938	0.0	0.0	0.0	0.0	0.0471513280289123	0.0376113563089954	0.0534111102845707	0.0
species|321983|Massilia albidiflava	0.0191854010585478	0.0	0.0	0.0	0.0	0.0	0.0	0.0	0.0	0.0	0.006220174338259	0.0	0.0088763896220708	0.008022375096049	0.0053556329079005	0.0058966972421796	0.0062893253740416	0.00974875862175	0.0075777676849713	0.0	0.0	0.0	0.0	0.0	0.0	0.0	0.0099532610062981	0.0	0.0083183572797243	0.0137977102041329	0.0230374030571417	0.0189962973124056	0.0	0.0	0.0	0.0	0.0	0.0	0.0	0.0101777069772015	0.0	0.0	0.0	0.0179647745241662	0.020203802637157	0.0	0.0	0.0	0.0	0.0053259889571869	0.0039392327611863	0.0044318051178578	0.0	0.003261113818598	0.0019889273378593	0.0049455806406654	0.0066978584032777	0.0034562179033104	0.0	0.0	0.0	0.0	0.0	0.0	0.0	0.0	0.0	0.0072314454603476	0.0043868049278372	0.0071634944844732	0.0052758116002034	0.0043765370090259	0.0049130434497861	0.0068420529043133	0.0	0.0093808279619062	0.0	0.0106100449606012	0.0076409907978569	0.0078984181793449	0.0	0.0	0.0	0.0	0.0192210252621164	0.0259682777954859	0.0195500779899268	0.0
species|1678028|Massilia sp. NR 4-1	0.0028413548893666	0.0	0.0	0.0	0.0	0.0	0.0	0.0	0.0	0.0	0.0010667914567172	0.0	0.0013097169228161	0.0	0.0012243068695716	0.0015039795239229	0.0013252066239021	0.0019647698351595	0.0016024071670276	0.0	0.0	0.0	0.0	0.0	0.0	0.0	0.0018276394379445	0.0	0.0022625969733372	0.002366217436171	0.0023474026762082	0.0033196855968888	0.0	0.0	0.0	0.0	0.0	0.0	0.0	0.0026654524463597	0.0	0.0	0.0	0.0041806902328072	0.002634467827072	0.0	0.0	0.0	0.0	0.0	0.0	0.0	0.0	0.0	0.0014391664391784	0.0	0.0017148741130447	0.0010107583077862	0.0	0.0	0.0	0.0	0.0	0.0	0.0	0.0	0.0	0.0013194919981733	0.0010605273221712	0.0014667494511991	0.0	0.0	0.0014718609695622	0.0019576157399605	0.0	0.0014902110371272	0.0	0.0017807998350061	0.0031392829852764	0.0021182808651805	0.0	0.0	0.0	0.0	0.0026897181564308	0.0026277309248103	0.0042590366462628	0.0
species|2014887|Herbaspirillum robiniae	0.0009552060978355	0.0	0.0	0.0	0.0	0.0	0.0	0.0	0.0	0.0	0.0	0.0	0.0	0.0	0.0	0.0	0.0	0.0	0.0	0.0	0.0	0.0	0.0	0.0	0.0	0.0	0.0	0.0	0.0	0.0	0.0	0.0009431952017179	0.0	0.0	0.0	0.0	0.0	0.0	0.0	0.0	0.0	0.0	0.0	0.0	0.0	0.0	0.0	0.0	0.0	0.0	0.0	0.0	0.0	0.0	0.0	0.0	0.0	0.0	0.0	0.0	0.0	0.0	0.0	0.0	0.0	0.0	0.0	0.0	0.0	0.0	0.0	0.0	0.0	0.0	0.0	0.0007022005197346	0.0	0.0	0.0	0.0	0.0	0.0	0.0	0.0	0.0	0.0	0.0	0.0
species|1776165|Pseudoduganella eburnea	0.0184461912239936	0.0	0.0	0.0	0.0	0.0	0.0	0.0	0.0	0.0	0.0054986185849764	0.0	0.0042595737450646	0.0076525190463309	0.0050009751260589	0.0041135770636201	0.006604319510769	0.0069727989888875	0.0096374091125153	0.0	0.0	0.0	0.0	0.0	0.0	0.0	0.0095111357495284	0.0	0.0100051570922113	0.0092159355903458	0.0089714466474361	0.0169029379174468	0.0	0.0	0.0	0.0	0.0	0.0	0.0	0.006531755261961	0.0	0.0	0.0	0.0125414259837635	0.0137171041435479	0.0	0.0	0.0	0.0	0.0050873298851014	0.0016053844551339	0.0037745927837089	0.0	0.0030497182413038	0.0013726817341159	0.0074492340271532	0.0039733971267049	0.00493849586018	0.0	0.0	0.0	0.0	0.0	0.0	0.0	0.0	0.0	0.0058497131749216	0.0032307753909511	0.0096311373962428	0.0042868174489126	0.0036603184366007	0.0063913532809789	0.0075303592953748	0.0	0.0058924041798661	0.0	0.0059040123947552	0.0072885270801439	0.0086901271167126	0.0	0.0	0.0	0.0	0.0293777987898009	0.0252888310716219	0.0166363576439062	0.0
species|1385522|Lysobacter arseniciresistens	0.001824240704961	0.0	0.0	0.0	0.0	0.0	0.0	0.0	0.0	0.0	0.0012461873402441	0.0	0.0032187492047706	0.0014578338119503	0.0	0.0	0.0	0.0	0.0	0.0	0.0	0.0	0.0	0.0	0.0	0.0	0.0017985270044291	0.0	0.0	0.0022548203094833	0.0	0.0010992416839991	0.0	0.0	0.0	0.0	0.0	0.0	0.0	0.001099511623547	0.0	0.0	0.0	0.0	0.0013877457068917	0.0	0.0	0.0	0.0	0.0	0.0027743202408031	0.0	0.0	0.0	0.0	0.0	0.0	0.0	0.0	0.0	0.0	0.0	0.0	0.0	0.0	0.0	0.0	0.0	0.0012719342752681	0.0010824158115104	0.0	0.0	0.0	0.0	0.0	0.0	0.0	0.0014276877333569	0.0	0.0	0.0	0.0	0.0	0.0	0.0	0.0015777681504178	0.0	0.0
species|1781165|Lysobacter rhizophilus	0.0008117509791305	0.0	0.0	0.0	0.0	0.0	0.0	0.0	0.0	0.0	0.0009640831059376	0.0	0.001353864289268	0.0	0.0012405541704722	0.0	0.0021631048438219	0.0022434646836486	0.0015769230885016	0.0	0.0	0.0	0.0	0.0	0.0	0.0	0.0	0.0	0.0028741685887462	0.0022893678012528	0.0	0.0012156840704896	0.0	0.0	0.0	0.0	0.0	0.0	0.0	0.0007430722836681	0.0	0.0	0.0	0.0	0.0	0.0	0.0	0.0	0.0	0.0	0.0013791875341094	0.003866342324823	0.0	0.0	0.0	0.0016590446168235	0.0023187341236058	0.0	0.0	0.0	0.0	0.0	0.0	0.0	0.0	0.0	0.0	0.0018736813504055	0.0011178590703749	0.0013679042901586	0.0	0.0017856122645472	0.0030582611295919	0.0	0.0	0.0012142541678116	0.0	0.0012867840595869	0.0014476639464744	0.0	0.0	0.0	0.0	0.0	0.0011085066738406	0.0	0.0	0.0
species|1792846|Lysobacter firmicutimachus	0.0013412649383729	0.0	0.0	0.0	0.0	0.0	0.0	0.0	0.0	0.0	0.0013568399614382	0.0	0.0	0.0030799533186033	0.0	0.0018145453465648	0.0016316045151665	0.0020611216673432	0.0024736278260566	0.0	0.0	0.0	0.0	0.0	0.0	0.0	0.0	0.0	0.0018596400304252	0.0038973409013969	0.0022844819373724	0.0013072714349256	0.0	0.0	0.0	0.0	0.0	0.0	0.0	0.0015365038578577	0.0	0.0	0.0	0.0	0.0	0.0	0.0	0.0	0.0	0.0012257738753088	0.0030368668122084	0.0	0.0	0.0	0.0	0.0	0.0	0.0020715772665655	0.0	0.0	0.0	0.0	0.0	0.0	0.0	0.0	0.0	0.0	0.0021537173086866	0.0	0.0	0.0	0.0	0.003697176533483	0.0	0.0016563365859259	0.0	0.0018970785361975	0.0023001502679861	0.0	0.0	0.0	0.0	0.0	0.0	0.0030620078558446	0.0023912993409511	0.0
species|1052258|Arenimonas daechungensis	0.0138243211665195	0.0018302355175522	0.0036152497758268	0.0	0.002158155283922	0.0022567299096779	0.0014317951231091	0.0023804858945402	0.002603392703773	0.0	0.0216256682765225	0.0031923248864358	0.0218554269682454	0.0147921051613708	0.0181877932059602	0.0132018731995313	0.0114350898746075	0.0155902746097536	0.0164496904791877	0.0013106352781856	0.0	0.002924977918428	0.0028820573469435	0.0017722647129065	0.0027762913386244	0.0026542803169066	0.0149164249704333	0.0018451731957841	0.0110877381436565	0.0170950663829057	0.0057009670470863	0.0046206268059214	0.0	0.0027752073790204	0.0014672505478351	0.0	0.0	0.0015781850883749	0.0	0.0125242929161251	0.0	0.0017894846431753	0.0044570872492238	0.0053877384837852	0.0070383406315998	0.0011943993794088	0.0012507330222372	0.0023058552252379	0.0	0.0149804159863959	0.0164117972523958	0.0184565178728825	0.0019414759947649	0.0120248721204614	0.0086106001541634	0.0106202837861944	0.0164789237353743	0.0134582463104851	0.0	0.0026388125343595	0.0	0.0023516917007664	0.0032024605222182	0.0	0.0	0.0028425347397589	0.0	0.0134324819315346	0.017693252678782	0.0112968160690779	0.0131277729182367	0.0109711933394741	0.0184352595024328	0.0196814885056735	0.0042347247428916	0.0145370420905178	0.001969038998063	0.0119415746624244	0.0140742166732486	0.0107834763517593	0.0036862584476813	0.0024855386789779	0.0	0.0034182378707648	0.0062439472146424	0.0098610160484188	0.0075602129595465	0.0019141377785101
species|670293|Segetibacter aerophilus	0.0205227089231882	0.0	0.0	0.0	0.0	0.0010911889356202	0.001385920654837	0.0	0.001421917891975	0.0	0.0132178159077108	0.0	0.0204718610582092	0.0193216060852852	0.0198057139850246	0.0233545498042298	0.017119839909451	0.0180667568630491	0.0283652437466587	0.0007340677562537	0.0	0.0	0.0	0.0011078049075936	0.0016130603771665	0.0	0.0201125459906298	0.0	0.012142714885703	0.0181914788575624	0.0088261539616747	0.0133503973194444	0.0	0.0	0.0	0.0	0.0	0.0012833758202629	0.0	0.0169781501050575	0.0	0.0	0.0010027931660278	0.0101948731734051	0.0160910152047318	0.0	0.0	0.0	0.0	0.0132911157251285	0.0153294733584821	0.0107652068451517	0.0	0.009583060209911	0.0105953972428189	0.0177802965275478	0.0142244592095395	0.0164526092376227	0.0	0.0	0.0	0.0	0.0	0.0	0.0	0.0	0.0	0.0091643270659375	0.0144274738812137	0.0106673134066067	0.0125525008161137	0.0149341741615868	0.0136827918073938	0.01603081960055	0.0	0.0115306319847829	0.0	0.018990245525879	0.014384061691817	0.0200482646227104	0.0	0.0	0.0	0.0	0.0102832415251467	0.0154957640734768	0.0228308513979504	0.0
species|95300|Pseudomonas vancouverensis	0.0014394760925575	0.0	0.0	0.0	0.0	0.0	0.0	0.0	0.0	0.0	0.0008782559171283	0.0	0.0016434183720435	0.0	0.0016979344216468	0.0020077146714989	0.0	0.0015869806234921	0.0008524371687916	0.0	0.0	0.0	0.0	0.0	0.0	0.0	0.0	0.0	0.0008831485684555	0.0016740634149033	0.0	0.0006195290707821	0.0	0.0	0.0	0.0	0.0	0.0	0.0	0.0012680548443012	0.0	0.0	0.0	0.0024293957142902	0.0	0.0	0.0	0.0	0.0	0.0026027455726909	0.0032685346598519	0.0027713323418369	0.0	0.001398778075186	0.0028687325610302	0.001453014701157	0.0	0.0011289050055393	0.0	0.0	0.0	0.0	0.0	0.0	0.0	0.0	0.0	0.0020856523368069	0.0021360277754599	0.0010943279376289	0.0	0.0016910060834866	0.0	0.0	0.0	0.0	0.0	0.0023155112337194	0.0	0.0	0.0	0.0	0.0	0.0	0.0	0.0	0.0	0.0
species|399|Neorhizobium galegae	0.0016778215786096	0.0	0.0	0.0	0.0	0.0	0.0	0.0	0.0	0.0	0.0	0.0	0.0	0.0	0.0	0.0	0.0020481694625684	0.0026883250045405	0.0	0.0	0.0	0.0	0.0	0.0	0.0	0.0	0.0019501110611662	0.0	0.0025376615353728	0.0026783499204531	0.0	0.0019856941026213	0.0	0.0	0.0	0.0	0.0	0.0	0.0	0.0027776103502779	0.0	0.0	0.0	0.0	0.0	0.0	0.0	0.0	0.0	0.0	0.0	0.0	0.0	0.0	0.0	0.0029267496473781	0.0037483222577281	0.0	0.0	0.0	0.0	0.0	0.0	0.0	0.0	0.0	0.0	0.0	0.0018905015356367	0.0	0.0	0.0	0.0	0.0	0.0	0.0	0.0	0.002168492738865	0.0	0.0	0.0	0.0	0.0	0.0	0.0030340021099206	0.0017960835029775	0.0018253731863933	0.0
species|246602|Pseudoduganella violaceinigra	0.0020776775450509	0.0	0.0	0.0	0.0	0.0	0.0	0.0	0.0	0.0	0.0	0.0	0.0	0.0	0.0	0.0	0.0010431598233732	0.0012809628523146	0.001557992807066	0.0	0.0	0.0	0.0	0.0	0.0	0.0	0.0	0.0	0.000754960234859	0.001063331487483	0.0	0.000919373775504	0.0	0.0	0.0	0.0	0.0	0.0	0.0	0.000566755111322	0.0	0.0	0.0	0.0	0.0	0.0	0.0	0.0	0.0	0.0	0.0	0.0	0.0	0.0	0.0	0.0	0.0	0.0	0.0	0.0	0.0	0.0	0.0	0.0	0.0	0.0	0.0	0.0	0.0	0.0	0.0	0.0	0.0	0.0	0.0	0.0013174101253467	0.0	0.0	0.0	0.0	0.0	0.0	0.0	0.0	0.0	0.0010961819898009	0.0	0.0
species|1949069|Massilia buxea	0.0013493273608458	0.0	0.0	0.0	0.0	0.0	0.0	0.0	0.0	0.0	0.0	0.0	0.0	0.0	0.0	0.0	0.0008750183276082	0.0	0.0	0.0	0.0	0.0	0.0	0.0	0.0	0.0	0.0011026702100806	0.0	0.0016090381481473	0.0	0.0	0.0016100115512328	0.0	0.0	0.0	0.0	0.0	0.0	0.0	0.0	0.0	0.0	0.0	0.0	0.0017779501093245	0.0	0.0	0.0	0.0	0.0	0.0	0.0	0.0	0.0	0.0	0.0	0.0	0.0	0.0	0.0	0.0	0.0	0.0	0.0	0.0	0.0	0.0	0.0	0.0	0.0	0.0	0.0	0.0	0.0	0.0	0.0	0.0	0.0	0.0	0.0014541715543445	0.0	0.0	0.0	0.0	0.0040422708272733	0.0012840587799489	0.0016299520778979	0.0
species|321984|Massilia plicata	0.0018335616558278	0.0	0.0	0.0	0.0	0.0	0.0	0.0	0.0	0.0	0.0021018894341785	0.0	0.0025840032097558	0.0016989921822319	0.002003541327143	0.0027138590854577	0.0013914723842729	0.0012673485866968	0.0022808074103631	0.0	0.0	0.0	0.0	0.0	0.0	0.0	0.0064937755765764	0.0	0.0038999105066347	0.0030446150498519	0.0030618988587903	0.0042268728579641	0.0	0.0	0.0	0.0	0.0	0.0	0.0	0.0025596110367388	0.0	0.0	0.0	0.0045370582998373	0.0060179034177229	0.0	0.0	0.0	0.0	0.0022156196757584	0.0017694875043741	0.0	0.0	0.0016302295324086	0.0	0.0020645143864892	0.0	0.0014183136840781	0.0	0.0	0.0	0.0	0.0	0.0	0.0	0.0	0.0	0.0	0.0009816813767108	0.0015088053222921	0.0	0.0009010429881185	0.0022234308455291	0.002082731375132	0.0	0.0022762167782765	0.0	0.0029948213718036	0.0038985934272837	0.0020698354752241	0.0	0.0	0.0	0.0	0.005766346988731	0.0045780910390962	0.0043725759984801	0.0
species|363888|Tumebacillus ginsengisoli	0.0127626603437729	0.0017129391909065	0.0025197195442597	0.0	0.005056163009288	0.0052894707487352	0.0027940382398545	0.0032477515268708	0.0056738045983578	0.0028042553062913	0.0480046453033841	0.0041115935745193	0.044645441338113	0.0183002888841039	0.0197292384953345	0.0340869036783605	0.0099594178489605	0.0246751813823573	0.003765477102771	0.0014321903143967	0.0024280684861415	0.0031132734898416	0.0017284730066529	0.0057044767613593	0.0034623633237167	0.0034505640856621	0.0537415606004051	0.0023252464320216	0.071211831964219	0.0182523922092603	0.0390578514972983	0.0343171232106736	0.0	0.0033533764998367	0.0009634699276751	0.0028420862596287	0.0027470183660469	0.0020644882505303	0.0029854990048328	0.0218129631837267	0.0043433266730663	0.0030036236822213	0.0029194573244295	0.0298212386603465	0.032646861148063	0.0024408194845406	0.0037397158034376	0.0016470478859679	0.002997479393531	0.0164223491242453	0.0227059093928723	0.0235235129393442	0.0030444812212601	0.0768718709956425	0.0997045117838495	0.0260598674839527	0.0147869599410479	0.0297270739032785	0.0020627322606151	0.0020890599230346	0.0030597221680312	0.0042495415931824	0.003200621836541	0.0036294503975112	0.0035397342996257	0.0021266954452922	0.0023752969121172	0.0139795988361326	0.0047729212974331	0.0274836552915415	0.023036368873171	0.0611522397582792	0.0202115173945378	0.0175811105816162	0.0	0.0220265446435022	0.0022318462348239	0.0168823359507134	0.02235017908612	0.0165951606284353	0.0041996395163748	0.0030658022745277	0.0488655072162579	0.0018745292536181	0.0119773855593009	0.0015182884748102	0.0145241842822348	0.0023608710944153
species|169056|Nordella oligomobilis	0.0015495140160585	0.0	0.0	0.0	0.0009673518629341	0.0016325184136367	0.0	0.000939802658413	0.00112289534401	0.0011220403134086	0.0025733682361984	0.0013704971269912	0.0027442370941386	0.0033641321976708	0.0017145672301258	0.0026354357695843	0.0023291709462056	0.0020395459754785	0.0019860958795098	0.0	0.0	0.0015462027786171	0.0012552102900813	0.0013311634687146	0.0	0.0	0.001141639388427	0.0014175567929291	0.001094092030216	0.0012987011739975	0.0	0.0	0.0	0.0016188714152713	0.0	0.0	0.0	0.001056639869159	0.0	0.0010075629322545	0.0	0.0018079245935876	0.0016313155728995	0.0	0.0	0.0009774127198	0.0012436645782517	0.001483053838769	0.0	0.0024590681767296	0.0039242831990594	0.0	0.0012428516374142	0.0042243842978202	0.0023574609272681	0.0028755463478113	0.0030450671587709	0.0022822190779445	0.0	0.0	0.0	0.0013698809297541	0.0	0.0	0.0	0.0	0.0	0.0018521485355103	0.0030060877937058	0.0031406311489957	0.0025244210295247	0.003327185668966	0.0020475020108135	0.0025714491219162	0.0	0.0024467585798052	0.0	0.0011084534174733	0.0	0.0014590347844315	0.0	0.0	0.0	0.0	0.0	0.0	0.0	0.0
species|94132|Ramlibacter tataouinensis	0.0060823688510141	0.0017362515788612	0.0	0.0046686774296267	0.0021000627048435	0.0021344138838441	0.0	0.0019055247042403	0.0026363057369602	0.0015348041640239	0.0076906018328688	0.0033890162250935	0.0086018322679795	0.0100322072645639	0.0048350563190768	0.0078719565113136	0.0051781847436291	0.0076083579067431	0.0057617023841392	0.002950913138785	0.0	0.0	0.0027065757970911	0.0030602987639599	0.0	0.0061163955392474	0.0085804547528741	0.0017713873336512	0.0036713571625427	0.0061974158181176	0.0041335803993256	0.0045578680184219	0.0	0.0	0.0023011443372017	0.0023653889234784	0.0	0.0026141019697352	0.0032698322433892	0.0075197152552433	0.0	0.0027217768564963	0.0034622500281502	0.0038849124232051	0.0035405394488984	0.0013049249259172	0.003822850891698	0.0025047189257004	0.002179985012605	0.0066303366411283	0.0140639363062504	0.0086772673682144	0.0020940776594637	0.0056658205842618	0.0074558377624199	0.0074595104572262	0.0066120377175554	0.0046583607060681	0.0025537766427663	0.0	0.0	0.0	0.0	0.0	0.0026319449036309	0.0020894778825683	0.0	0.0064600785390416	0.0083927787336986	0.0077843019253728	0.0076722081726856	0.0074343211199498	0.0061599672106473	0.0069631154350259	0.0	0.0075018956767337	0.0026913482998833	0.0050799025526234	0.0064500864753403	0.0070689501770937	0.0041646648346498	0.0033165421571636	0.0	0.0	0.0039682007957744	0.0046205633899896	0.0040245881417983	0.002184775653424
species|2039631|Ramlibacter alkalitolerans	0.0014367108466674	0.0	0.0	0.0	0.0	0.0	0.0	0.0	0.0	0.0	0.0038999046708949	0.0	0.0023185215829904	0.0024650770517615	0.0014383505655867	0.0026591894504765	0.0028064240796305	0.0018669309501751	0.0025606370849467	0.0	0.0	0.0	0.0	0.0	0.0	0.0	0.001369719510745	0.0	0.0016695834536068	0.0013102477003009	0.0	0.0008829632846823	0.0	0.0	0.0	0.0	0.0	0.0	0.0	0.0015236026309362	0.0	0.0	0.0	0.0	0.0	0.0	0.0	0.0	0.0	0.0031585206124956	0.0019636934589547	0.0035892527738528	0.0	0.002596438969018	0.0021794895751822	0.0042239424258575	0.0026904911094072	0.0019565656436371	0.0	0.0	0.0	0.0	0.0	0.0	0.0	0.0	0.0	0.0032198412315481	0.0028358707866921	0.0047445510814809	0.0029233337560429	0.0026363717985543	0.0027218209494107	0.0025421061609368	0.0	0.0030715684355428	0.0	0.0007408161397603	0.0015697716090745	0.0	0.0	0.0	0.0	0.0	0.0	0.0	0.0	0.0
species|1926872|Ramlibacter monticola	0.0203613772202824	0.0	0.0030089632995613	0.0051561902385715	0.00142965142667	0.0	0.0022487223168654	0.001200376827848	0.001811509379382	0.0	0.0277286126884181	0.0019641650722917	0.0225242541446481	0.0390248529352709	0.0171428735030885	0.0260219592663238	0.0299084601145085	0.0273014391524453	0.021567273200966	0.0013667164113507	0.0	0.0	0.0018809045917571	0.0	0.0	0.0	0.0236627174194745	0.0018632722248469	0.0215468683399205	0.0232277449226828	0.0093407337342585	0.0141291848404128	0.0	0.0	0.0	0.0	0.0	0.0023594751420325	0.0	0.0191790407912624	0.0	0.0009045521029653	0.0023700424049547	0.0090590253465666	0.010070504181127	0.0011189041399624	0.0026995431008266	0.0	0.0	0.0324692244986226	0.0280046057812426	0.0261505721888854	0.0	0.013405229827431	0.0186621792690315	0.0343314398927995	0.0273281253078456	0.0172050712679081	0.0	0.0	0.0	0.0	0.0	0.0	0.0024327388545152	0.0021032285431561	0.0	0.0290067314693938	0.0295398895606141	0.0373975751626074	0.0222938974527845	0.0243441336635413	0.0328323110871612	0.0348119998892371	0.0	0.0273937817658606	0.0	0.0176870032642311	0.0222098319259667	0.0165243520932501	0.0025755926532812	0.0016886025747786	0.0	0.0	0.0109125352670291	0.0120918926296834	0.0104144520528967	0.0
species|1892555|Flaviaesturariibacter terrae	0.0033698984703294	0.0	0.0	0.0	0.0	0.0	0.0	0.0	0.0	0.0	0.0011961282734439	0.0	0.001892075785916	0.0034539603714878	0.0014444269717024	0.0014728306497473	0.0024283308758618	0.0032301615074897	0.0019385154635231	0.0	0.0	0.0	0.0	0.0	0.0	0.0	0.003404550222182	0.0	0.0041907176892032	0.003778197368217	0.0030224848642427	0.0098623679239071	0.0	0.0	0.0	0.0	0.0	0.0	0.0	0.0027674600653494	0.0	0.0	0.0	0.0051615535057337	0.0055591824745574	0.0	0.0	0.0	0.0	0.0	0.0	0.0	0.0	0.0	0.0	0.0	0.0	0.0013438720104275	0.0	0.0	0.0	0.0	0.0	0.0	0.0	0.0	0.0	0.0	0.0	0.001204140819596	0.0	0.0	0.0023347145344859	0.0021016994257306	0.0	0.0010625742566984	0.0	0.0036719790429303	0.0027557212238878	0.0024962457187006	0.0	0.0	0.0	0.0	0.0059959642673571	0.0106786969010452	0.0059972611778115	0.0
species|391953|Aquincola tertiaricarbonis	0.0026778531328544	0.0	0.0	0.0	0.0	0.0	0.0	0.0	0.0	0.0	0.0036598154421541	0.0	0.0037674227297265	0.0037625326378591	0.0035999032823139	0.0025719427413438	0.0033726304153251	0.0039719454417515	0.0026929194211601	0.0	0.0	0.0	0.0	0.0	0.0	0.0	0.0033465069364915	0.0	0.0021215643038781	0.0025937841752818	0.0	0.0010090847596762	0.0	0.0	0.0	0.0	0.0	0.0	0.0	0.0020709840068258	0.0	0.0	0.0	0.0	0.00190493179672	0.0	0.0	0.0	0.0	0.0036444438643816	0.0059109457549108	0.0066517965714972	0.0	0.0026215781581963	0.0035805944754601	0.0045512193040278	0.0035524521008022	0.0033028034675131	0.0	0.0	0.0	0.0	0.0	0.0	0.0	0.0	0.0	0.0031177449819266	0.0023647778319586	0.0031196499007048	0.0040715300690709	0.00160088798214	0.0039645824525115	0.0056275889894283	0.0	0.0041675238509489	0.0	0.002430192069939	0.0040070872071921	0.0037067623272853	0.0	0.0	0.0	0.0	0.0023682079386694	0.0015760719802768	0.0034107843578215	0.0
species|375|Bradyrhizobium japonicum	0.0045076771529203	0.0078014034030151	0.004644371037654	0.009351850759647	0.0040731142621583	0.0054319187909399	0.00848368693177	0.0040675386661636	0.0034574738041468	0.0051024355352492	0.0071225441200616	0.0049435888512067	0.008808842456799	0.0079113007570221	0.004797286391801	0.0	0.0067581146511488	0.0070243010788792	0.0081001012521511	0.0049594837236366	0.0	0.006427911108247	0.0051937204107555	0.0079381986300942	0.0132200602187329	0.0	0.0045362435465723	0.0061022828260031	0.0055388984111222	0.0	0.0	0.0	0.0082116982195733	0.0069744881038254	0.0070536677541259	0.0055096552202871	0.0108112566291144	0.0040190769505758	0.0082633804589092	0.0044831515468727	0.0072582620409967	0.0050073817441401	0.0170786780523176	0.0	0.0	0.0050913009694958	0.0025812155493869	0.0038458274756134	0.0067772193954257	0.0049188640689754	0.0096217290995312	0.0132046536360296	0.004222512747653	0.0043302598726538	0.0096921445159113	0.008435243389478	0.0086334272855871	0.0067748631808426	0.007322841123512	0.0042925978545512	0.0058035832774592	0.0062748959692196	0.0087787967061119	0.010966092396353	0.0045373692098971	0.0057366106681049	0.0098965299431313	0.0062638424547445	0.0035565969963818	0.0052501481587439	0.0075780467298761	0.0052432978640215	0.009672137425747	0.016240991170879	0.027711467863924	0.005974445796086	0.0067123648693613	0.0051332922404181	0.0050325791668699	0.0	0.0062539983594827	0.0053087438621813	0.0	0.0075354944295241	0.0	0.0	0.0	0.0065193426149394
species|370777|Arenimonas daejeonensis	0.0026400696810238	0.0	0.0	0.0	0.0	0.0	0.0	0.0	0.0	0.0	0.0018482662576095	0.0	0.0027472941022039	0.0015304242589148	0.0024967051794024	0.0017042451656	0.0013537889419647	0.00259888576439	0.0015440407953672	0.0	0.0	0.0	0.0	0.0	0.0	0.0	0.002533733860699	0.0	0.0	0.0030642235689025	0.0026717555683202	0.0	0.0	0.0	0.0	0.0	0.0	0.0	0.0	0.0013749819311354	0.0	0.0	0.0	0.0	0.0020214744114971	0.0	0.0	0.0	0.0	0.0011665124603889	0.0024945693493425	0.0	0.0	0.0	0.0	0.0020979530467796	0.0037023610974837	0.0020121161587053	0.0	0.0	0.0	0.0	0.0	0.0	0.0	0.0	0.0	0.0020858727783972	0.0018964114060806	0.0016724774856723	0.0	0.0013257819634674	0.002135464091958	0.0021064291207423	0.0	0.0015765999997053	0.0	0.0017698388361832	0.0017306190592013	0.0	0.0	0.0	0.0	0.0	0.0	0.0013185152019457	0.0	0.0
species|1122256|Arenimonas subflava	0.0050226987544015	0.0014441462524899	0.0	0.0	0.0	0.0	0.0010894975959485	0.0	0.0	0.0	0.0082222768778922	0.0	0.0065952782556176	0.0059778658842051	0.0058206613500889	0.0053786140553774	0.004651260577381	0.0050728126526768	0.006880583168148	0.0008823619611191	0.0	0.0	0.0	0.0	0.0	0.0	0.0033992215865609	0.0	0.0030330916929718	0.005454602840548	0.002424226709217	0.0014109578823152	0.0	0.0	0.0	0.0	0.0	0.0	0.0	0.0040196435867544	0.0	0.0007443241722442	0.0	0.0	0.0030671071758833	0.0	0.0	0.0	0.0	0.0045972088671464	0.0054898613697503	0.0067374327086825	0.001165141049207	0.0032525625701403	0.0030239395777728	0.0041506839218643	0.0057022491145753	0.0051933023299547	0.0	0.0	0.0	0.0	0.0	0.0	0.0	0.0	0.0	0.005510105346453	0.0054275397421617	0.0034591434764105	0.0037958873766382	0.0036207858344815	0.0069185654570012	0.0066287327498154	0.0	0.0062220895546334	0.0	0.0045493595941099	0.0039657446559017	0.0042956882341413	0.0	0.0	0.0	0.0	0.0030923926197683	0.0027995839104508	0.002098953512905	0.0008111186992273
species|709839|Noviherbaspirillum autotrophicum	0.0023994114306801	0.0	0.0	0.0	0.0	0.0	0.0	0.0	0.0	0.0	0.0019774274352062	0.0	0.0049043642977351	0.0032288327992723	0.0030431424197742	0.0021160218335665	0.0035209239474079	0.0046006281796266	0.0021308884586566	0.0	0.0	0.0	0.0	0.0013845812557534	0.0	0.0	0.0049654371975054	0.0	0.0034899299302528	0.0057769461123312	0.006517808209166	0.0052516460765854	0.0	0.0	0.0	0.0	0.0	0.0	0.0	0.0034064587693495	0.0	0.0	0.0	0.0065445761521179	0.0038665623040015	0.0	0.0	0.0	0.0	0.0015083064565872	0.0033614551750023	0.0024172832796611	0.0	0.0023361236654136	0.0024977454726202	0.0043283035212775	0.0033388876577574	0.0021559373721267	0.0	0.0	0.0	0.0	0.0	0.0	0.0	0.0	0.0	0.0030529682231242	0.0024144880321388	0.0023227716336968	0.0024490519576403	0.0016293898396888	0.0030339096916244	0.0032889834664999	0.0	0.0020919040840811	0.0	0.0040686250985475	0.0032398536567719	0.004055235358439	0.0	0.0	0.0	0.0	0.0051973284344174	0.0059539676436856	0.0046076047343918	0.0
species|191863|Chthoniobacter flavus	0.0068040394425773	0.0841285676521388	0.0928107210898294	0.1023120437271097	0.07790056060968	0.0827583304386635	0.1140870328467525	0.0781245730766441	0.0921776305600058	0.1001201906321095	0.0086848911813746	0.0730535883608352	0.0076827976148244	0.0088518401137952	0.0092071147980912	0.0095331916657169	0.0078984432959938	0.0077540108402542	0.0083338297223651	0.08790967227441	0.0922285085662865	0.0851895770479754	0.0999683183092668	0.0816404729232326	0.0845863532088674	0.0944380794220261	0.0102562251036607	0.1017982988543141	0.0071410713425046	0.0045098617530027	0.0031168308867886	0.0027254707753039	0.1000237607353445	0.0810655629823044	0.101309931843654	0.0857522853095899	0.0900129095075299	0.1025423679718425	0.0891343586095982	0.0070448515942619	0.1160936416748681	0.0727332593521502	0.0648502408495049	0.0033098882912701	0.0030017807173745	0.0882475664280738	0.1027139752704148	0.120750000410664	0.1009105403328455	0.0090334556754973	0.0093324630033977	0.0110715354123858	0.0926205834283334	0.0111205817913622	0.010553508428358	0.0086318061629337	0.0115287393808224	0.0205015286743503	0.0930465941605118	0.0950761716320373	0.0825836881553628	0.0612151360516396	0.0962582488093531	0.0956581423575259	0.0817048678770198	0.0883790705124907	0.0941182812962837	0.0098291854807983	0.0073869878022054	0.0094764371223689	0.010038097848629	0.0117430275428314	0.0065106803786534	0.0066062753869915	0.0919913149726382	0.006288147686254	0.0794453748326586	0.0055375847259526	0.0069838326702276	0.0072955011691312	0.0697549760593023	0.0994978441757785	0.0	0.0934129755923464	0.0030187508736232	0.0024844777667633	0.0020271792176589	0.0844837451343417
species|1612172|Vicinamibacter silvestris	0.0042963782215563	0.0797830975501041	0.1021221988754835	0.102758308198304	0.0822407197456325	0.0926403874958667	0.0676168945079847	0.1121926554536607	0.0803225083002783	0.0967417531597125	0.0117288409811609	0.1201977959588747	0.0093376157036456	0.0123194933799277	0.0159691140300764	0.0136313002769163	0.0140302545197189	0.0094000607201717	0.0099638634850748	0.076324466067835	0.0965139181527149	0.0906315346905518	0.088697680755764	0.0858623836167708	0.088343935547241	0.1150551334208175	0.0043777675608448	0.1009662488882728	0.0043803585517229	0.0043267627267389	0.0017092298411407	0.0011892963332711	0.1284776428934889	0.1135458463700022	0.0935974693540139	0.0816433925334192	0.1175640872884032	0.0887393582336985	0.0954346891258123	0.0038721521156058	0.081028363739712	0.0824432229890061	0.0878920762544439	0.0	0.0009158075057312	0.1104525869104107	0.1193446692507242	0.0887369011587753	0.090724742261901	0.0232478572552324	0.0244810537042899	0.0304736411662147	0.0875624822671872	0.0409580951251243	0.0220676844599821	0.0286755552310449	0.0294819992760029	0.0459557814279849	0.0827461336084819	0.1014353679736012	0.0606607175822367	0.0868979642869528	0.1043734252829134	0.1081974751640328	0.12281887407776	0.0899594020307542	0.0884469780282526	0.0189967559769601	0.02151046633814	0.0223718206086832	0.0301699274462078	0.0218369759553606	0.0292844351260329	0.017841681931899	0.1287006313671373	0.018664299017841	0.0963904480002699	0.0049586344597443	0.0035836875797991	0.0042677556542789	0.1208493906315979	0.0764975176777912	0.0	0.0933242056150658	0.000980267782758	0.0	0.0	0.0816055006827563
species|486398|Bacillus sp. S3	0.0021129736582617	0.0052707020651299	0.0066992308319536	0.0104244467449416	0.0054369281096961	0.0053816161923599	0.0068128565872111	0.0051965909077809	0.0044811946149346	0.0053710191959348	0.0	0.0073777140590199	0.0050493962678375	0.0083887753371364	0.0020409710847747	0.0048316004904469	0.0057782954751367	0.0086391489219503	0.0029484366428963	0.0059483853125165	0.0057007201879073	0.0047151592051658	0.0050141892163349	0.0051960559586001	0.0061727920004343	0.0070813028206642	0.003933301562395	0.0054727879902292	0.0045949693780919	0.0029515043638472	0.0068047801127199	0.0042482555719059	0.0079716497301257	0.0088307342904072	0.0084579996231259	0.0040947253921738	0.0063831988272539	0.0052168258014261	0.0084918728695975	0.0024572962284256	0.0081221472304671	0.004529719146305	0.0042523935158692	0.005837300697871	0.0017807173810371	0.0041758968377706	0.0051058416526932	0.0064886871170395	0.0061418453358853	0.002264561933623	0.0024242762612486	0.0054600931427653	0.0053491429629415	0.0061854838416065	0.0058200177367598	0.0117768591178064	0.0118543434955353	0.003947254279025	0.0081976465972325	0.0065383727092985	0.0043161528433685	0.0049693756570713	0.0070877007937646	0.0119681189570088	0.0046804602961058	0.0048734440926235	0.0104172482895296	0.0024413583388994	0.0047956878764072	0.0056889585220559	0.0068974684293452	0.0052945897786894	0.0065520065738704	0.0058009339567193	0.0115315069418079	0.002403783998353	0.0053846848472787	0.0035498509846772	0.009097008075284	0.003030303030303	0.0069816410664536	0.0069884312484079	0.0297350270552731	0.0101803159498934	0.0078284394387264	0.0022774327122153	0.0	0.0044985949315479
species|502333|Ramlibacter ginsenosidimutans	0.0146311021404515	0.001618009980628	0.0017029801196329	0.0	0.0012113506520186	0.0022413176465165	0.0	0.0011262466366928	0.0014981858841503	0.0	0.0193583572643207	0.0014532425229121	0.0225422988919736	0.033050883335775	0.0175548506115512	0.0162130710171705	0.0183986338041273	0.01818523178061	0.0221593204107132	0.0012660283266883	0.0	0.0	0.0010210172734038	0.0012044746703516	0.0	0.0	0.0147171869459477	0.0	0.0185653345920358	0.019429102157727	0.0079630654578894	0.009608337199348	0.0	0.0026865099575566	0.0	0.000992548822326	0.0	0.0	0.0	0.0149071190429638	0.0	0.0012948440112549	0.0	0.0081053258759262	0.0085574600194766	0.0010532012682725	0.0	0.0025169787311887	0.0	0.0224587607931846	0.022203847530681	0.0222816978372394	0.0020225894923151	0.0130477816772498	0.016161895829742	0.0255560542785587	0.0158248650918601	0.0139511381426843	0.0	0.0036283672347443	0.0	0.0022001797658827	0.0	0.0	0.0018425194116183	0.0	0.0	0.0205875519655162	0.0286232464841671	0.0270340236805505	0.0236216734087123	0.0199857115393288	0.0265687527943373	0.0270223081897006	0.0	0.0260208781257587	0.0	0.0139286545465144	0.0137447989256	0.0184552056177643	0.0012466384993702	0.0019070662862935	0.0	0.0	0.0075473055356672	0.0113030341622108	0.0081379318845987	0.0014106195651401
species|2249356|Flavobacterium sp. HYN0086	0.0023947034793632	0.0	0.0	0.0	0.0	0.0	0.0	0.0	0.0	0.0	0.0020169789266888	0.0	0.0047128447864134	0.0	0.0	0.0022934083006584	0.0	0.0013204806549582	0.0	0.0	0.0	0.0	0.0	0.0	0.0	0.0	0.0026203966346378	0.0	0.0	0.0	0.0	0.0015998857987729	0.0	0.0	0.0	0.0	0.0	0.0	0.0	0.0029671943487773	0.0	0.0	0.0	0.0062611632431327	0.0028275257805815	0.0	0.0	0.0	0.0	0.0	0.0	0.0	0.0	0.0	0.0	0.0	0.0	0.0	0.0	0.0	0.0	0.0	0.0	0.0	0.0	0.0	0.0	0.0	0.0	0.0	0.0	0.0	0.0	0.0	0.0	0.0	0.0	0.0026954491370039	0.0	0.0041526374859708	0.0	0.0	0.0	0.0	0.0	0.005175983436853	0.0	0.0
species|76731|Roseateles depolymerans	0.0022098140706092	0.0	0.0	0.0	0.0	0.0	0.0	0.0	0.0	0.0	0.0	0.0	0.0	0.0	0.0	0.0	0.0	0.0	0.0	0.0	0.0	0.0	0.0	0.0	0.0	0.0	0.0012799386856402	0.0	0.0	0.0	0.0	0.0005695686002071	0.0	0.0	0.0	0.0	0.0	0.0	0.0	0.0011413019555038	0.0	0.0	0.0	0.0	0.0007258315371744	0.0	0.0	0.0	0.0	0.0009813006488101	0.0	0.0	0.0	0.0	0.0	0.0	0.0	0.0	0.0	0.0	0.0	0.0	0.0	0.0	0.0	0.0	0.0	0.0	0.0	0.0	0.0	0.0012054764031551	0.0	0.0	0.0	0.0	0.0	0.0015443368096138	0.0	0.00147759637386	0.0	0.0	0.0	0.0	0.0	0.0	0.0	0.0
species|65048|Mitsuaria chitosanitabida	0.0008103490352689	0.0	0.0	0.0	0.0	0.0	0.0	0.0	0.0	0.0	0.0015891325252725	0.0	0.0	0.0	0.0	0.0011135545863594	0.0	0.0	0.0010156521094854	0.0	0.0	0.0	0.0	0.0	0.0	0.0	0.0016762823927725	0.0	0.0	0.0	0.0	0.0008330020494807	0.0	0.0	0.0	0.0	0.0	0.0	0.0	0.0	0.0	0.0	0.0	0.0	0.0007954814367917	0.0	0.0	0.0	0.0	0.0	0.0	0.0	0.0	0.0	0.0	0.0	0.0	0.0	0.0	0.0	0.0	0.0	0.0	0.0	0.0	0.0	0.0	0.0	0.0	0.0	0.0	0.0	0.0	0.0	0.0	0.0	0.0	0.0	0.0	0.0	0.0	0.0	0.0	0.0	0.0	0.000960996743179	0.0	0.0
species|1658665|Mitsuaria sp. 7	0.0053956549985862	0.0	0.0	0.0	0.0	0.0	0.0	0.0	0.0	0.0	0.0026597342997203	0.0	0.0	0.0	0.0022823600473869	0.0014127094355703	0.0022558888482477	0.0023292127835691	0.0010988518744472	0.0	0.0	0.0	0.0	0.0	0.0	0.0	0.0019027356723139	0.0	0.0022732188411424	0.0013422051744569	0.0	0.0033435943003372	0.0	0.0	0.0	0.0	0.0	0.0	0.0	0.0029523629144696	0.0	0.0	0.0	0.0	0.0017312153423842	0.0	0.0	0.0	0.0	0.001723440013545	0.0	0.0	0.0	0.0	0.0	0.0	0.0	0.0	0.0	0.0	0.0	0.0	0.0	0.0	0.0	0.0	0.0	0.0	0.0	0.0	0.0	0.0015161295127184	0.0034707606516222	0.0028455217932929	0.0	0.0009717446934031	0.0	0.0	0.0	0.0027314761823044	0.0	0.0	0.0	0.0	0.0041423779458847	0.0012566642222994	0.0	0.0
species|304|Pelomonas saccharophila	0.0019826192284512	0.0	0.0	0.0	0.0	0.0	0.0	0.0	0.0	0.0	0.0	0.0	0.0	0.0	0.0	0.0	0.0	0.0	0.0008253805127856	0.0	0.0	0.0	0.0	0.0	0.0	0.0	0.0	0.0	0.0015683541579211	0.0013248432690391	0.0	0.0015186472927663	0.0	0.0	0.0	0.0	0.0	0.0	0.0	0.00130655630287	0.0	0.0	0.0	0.0	0.0014438817751218	0.0	0.0	0.0	0.0	0.0	0.0	0.0	0.0	0.0	0.0	0.0	0.0	0.0	0.0	0.0	0.0	0.0	0.0	0.0	0.0	0.0	0.0	0.0019787259498131	0.0	0.0012088913846274	0.0	0.0	0.0	0.0	0.0	0.0016212074989195	0.0	0.0010740748203947	0.0017670362629402	0.001432403958266	0.0	0.0	0.0	0.0	0.0015121942203946	0.0009757366061028	0.0018792314090011	0.0
species|1644131|Janthinobacterium sp. 1_2014MBL_MicDiv	0.0020016256708267	0.0	0.0	0.0	0.0	0.0	0.0	0.0	0.0	0.0	0.0	0.0	0.0	0.0	0.0	0.0	0.0	0.0	0.0	0.0	0.0	0.0	0.0	0.0	0.0	0.0	0.0	0.0	0.0	0.0	0.0	0.0	0.0	0.0	0.0	0.0	0.0	0.0	0.0	0.0	0.0	0.0	0.0	0.0	0.0	0.0	0.0	0.0	0.0	0.0	0.0	0.0	0.0	0.0	0.0	0.0	0.0	0.0	0.0	0.0	0.0	0.0	0.0	0.0	0.0	0.0	0.0	0.0	0.0	0.0	0.0	0.0	0.0	0.0	0.0	0.0	0.0	0.0	0.0	0.0	0.0	0.0	0.0	0.0	0.0	0.0	0.0	0.0
species|1630693|Gemmata sp. SH-PL17	0.0030506424853907	0.0057092213885209	0.0074771904586334	0.0079655928406243	0.0051798378246213	0.0045219894667396	0.0061711011837349	0.0058389172376629	0.004356391441238	0.0054847151721777	0.002257917665913	0.0072152685704896	0.0020856201976009	0.0033992239821567	0.0034342134805553	0.0023268519785798	0.0023312210156968	0.0019146134194529	0.0031472867237859	0.0046147117930487	0.00661238794085	0.0051614123952008	0.0044087837057373	0.0045572435686147	0.0053948652824052	0.0070636347594605	0.0041099018713067	0.0074253120849122	0.0021881838068454	0.0024016467056637	0.0	0.0	0.0083782102372929	0.0073598805009732	0.0067373750275006	0.0065932591339496	0.0080113027431859	0.0053659295712964	0.0061801755720541	0.001916305482416	0.0060842148659305	0.0047161007295249	0.0061738742588087	0.0	0.0	0.0070013279107612	0.0065574479923702	0.0062942227134634	0.0068482156022003	0.0038791589922039	0.0041449037663645	0.0044416227293283	0.0055619883357473	0.0036077366682003	0.0039388730718728	0.0024153239696525	0.0043653684180011	0.0043168900846985	0.0068603402152638	0.0060437457284328	0.0075294472338583	0.0063025321054668	0.0095898296368709	0.007338029261139	0.0056601890042612	0.0068875495061687	0.0085386344893656	0.0037827980796729	0.0043997491535491	0.0041722232310541	0.0054747309631345	0.0030222415876664	0.0040909357774678	0.0041540775590147	0.009780431249075	0.0048903792794667	0.0040239304941213	0.0021734078166382	0.0011341083073435	0.0038159371492704	0.0044993005421648	0.0059268907115277	0.0	0.0059718435968724	0.0	0.0	0.0	0.0063894972737481
species|2675059|Lysobacter helvus	0.0019630835815336	0.0	0.0	0.0	0.0	0.0	0.0	0.0	0.0	0.0	0.0056889503367809	0.0	0.0060479761840812	0.0042157063640814	0.0053699057940007	0.0039562689470008	0.0034776372588149	0.0034205034442345	0.0019160902897449	0.0	0.0	0.0	0.0	0.0	0.0	0.0	0.0023297355661466	0.0	0.005501505657398	0.0054393838364722	0.0031952432054962	0.0037106530516561	0.0	0.0	0.0	0.0	0.0	0.0	0.0	0.005416444219674	0.0	0.0	0.0	0.0045318202029857	0.002854587331342	0.0	0.0	0.0	0.0	0.0020407134975597	0.0044791457561519	0.0029147479823147	0.0	0.0032101387003436	0.0	0.0028041452282906	0.0025454049540696	0.0	0.0	0.0	0.0	0.0	0.0	0.0	0.0	0.0	0.0	0.002869749287142	0.0048871001669343	0.0025139428966762	0.0028519678265664	0.0024327335198601	0.0037596241169585	0.0034655022925697	0.0	0.0016679069444289	0.0	0.0047532646621963	0.0048761336509046	0.0043702596130127	0.0	0.0	0.0	0.0	0.0044753759192642	0.0047747761596408	0.0019726165760153	0.0
species|2675060|Lysobacter xanthus	0.0034380975203895	0.0	0.0	0.0	0.0	0.0	0.0	0.0	0.0	0.0	0.0036158613991584	0.0	0.0054959808751438	0.0048768289215022	0.0036311110993663	0.0021173083196304	0.0013379008221877	0.0035748255049801	0.0028477608356463	0.0	0.0	0.0	0.0	0.0	0.0	0.0	0.0031268199354774	0.0	0.0032654428471532	0.0071409886343772	0.0057514102080876	0.0057349114763947	0.0	0.0	0.0	0.0	0.0	0.0	0.0	0.0034087014095631	0.0	0.0	0.0	0.0077215660084424	0.0046528369318531	0.0	0.0	0.0	0.0	0.0014395238030705	0.0037374574837731	0.0031960443981078	0.0	0.0	0.0026532783393721	0.0026627592703726	0.0	0.0021320575144555	0.0	0.0	0.0	0.0	0.0	0.0	0.0	0.0	0.0	0.0	0.0029857185570943	0.0027117530347081	0.0020251667466027	0.0013307557967525	0.0017034581737076	0.0033093516447946	0.0	0.0016008192994631	0.0	0.0056402210596205	0.0057905730622012	0.0038736600421092	0.0	0.0	0.0	0.0	0.0041038351161365	0.0064522672047356	0.0049107320712771	0.0
species|2492394|Lysobacter segetis	0.0037651211224051	0.0	0.0	0.0	0.0	0.0	0.0	0.0	0.0	0.0	0.0049306060378886	0.0	0.0074498105483356	0.0060076274487296	0.00612266679942	0.0039434818907359	0.0049982484460776	0.0045568554537107	0.004260621144111	0.0	0.0	0.0	0.0	0.0	0.0	0.0	0.0039271406415707	0.0	0.0066019778392148	0.0043618207078392	0.0050180652303881	0.0050363187708516	0.0	0.0	0.0	0.0	0.0	0.0	0.0	0.005874474998764	0.0	0.0	0.0	0.0053905431112333	0.0040275071573911	0.0	0.0	0.0	0.0	0.0021619562374675	0.0056866158045708	0.0041044390587573	0.0	0.0	0.0	0.0033529262013201	0.0042382878595577	0.0	0.0	0.0	0.0	0.0	0.0	0.0	0.0	0.0	0.0	0.0046720059545738	0.0078049858878993	0.0048636004885423	0.0033047893587585	0.0025887466106402	0.0054320981189174	0.0039308827001007	0.0	0.0029348506596503	0.0	0.0080819157272427	0.0081280729934938	0.0055819663130134	0.0	0.0	0.0	0.0	0.003232448628676	0.0081334477886349	0.0039620651886474	0.0
species|2715290|Lysobacter terrigena	0.0014382028220685	0.0	0.0	0.0	0.0	0.0	0.0	0.0	0.0	0.0	0.0016444818437878	0.0	0.0041529239300785	0.0035276946587117	0.0030217557534971	0.0021586637983639	0.0017518061816159	0.0018836768559115	0.0011855776281257	0.0	0.0	0.0	0.0	0.0	0.0	0.0	0.0024744566103165	0.0	0.0016539859686445	0.0022098999977516	0.0022045226414233	0.0018194446861207	0.0	0.0	0.0	0.0	0.0	0.0	0.0	0.0029469651848987	0.0	0.0	0.0	0.0021885948921698	0.0010771095595478	0.0	0.0	0.0	0.0	0.0012549677645342	0.0021733641460535	0.0027885829143803	0.0	0.0	0.0	0.0024961515174144	0.0	0.0	0.0	0.0	0.0	0.0	0.0	0.0	0.0	0.0	0.0	0.0017526820985409	0.0027123647997614	0.002304799266015	0.0023389478467031	0.0014207297839056	0.0030053920788467	0.0019534789828939	0.0	0.0010484734815365	0.0	0.0022075014818936	0.0039721977509321	0.0025434041287301	0.0	0.0	0.0	0.0	0.0021981710961639	0.0028862034982167	0.0011103962810713	0.0
species|384|Rhizobium leguminosarum	0.0037630451781523	0.0	0.0	0.0	0.0	0.0	0.0	0.0	0.0011328561815966	0.0	0.00692665763018	0.0	0.0040089946131406	0.0052519010348976	0.0063162641023064	0.0043565166923259	0.0048462397877516	0.0042261651418206	0.0030933798103381	0.0	0.0	0.0	0.0	0.0011756452715239	0.0	0.0	0.0045263266319881	0.0	0.0019507572641851	0.0025420297868283	0.0043016735016382	0.0040017127656139	0.0	0.0	0.0	0.0	0.0	0.0	0.0	0.0043086190258787	0.0	0.0011422141112407	0.0	0.0031931805725211	0.0020276690169809	0.0	0.0	0.0	0.0	0.007573888605695	0.0051078416690272	0.0073357715331766	0.0	0.0043748955840519	0.0037419653776189	0.0057936349474553	0.0057496982563456	0.0050698219200525	0.0	0.0	0.0	0.0	0.0	0.0	0.0	0.0	0.0	0.0038763169828268	0.0028503909269564	0.0041275150629307	0.0042336203368791	0.0031186071534873	0.0048886469835302	0.0039300415495569	0.0	0.0027504199158031	0.0	0.0022978706812202	0.0026150178325637	0.0041050538670997	0.0	0.0	0.0	0.0	0.003793675588471	0.0019231458827646	0.0042346708208983	0.0
species|1166683|Rhizobium cauense	0.0041077803723935	0.0	0.0	0.0	0.0	0.0	0.0	0.0	0.0	0.0	0.005111126082912	0.0	0.0027630500382855	0.0046124572088489	0.004766199993388	0.0045287879783352	0.0069178709194235	0.0040075368499774	0.0037388487687394	0.0	0.0	0.0	0.0	0.0	0.0	0.0	0.0040843526130712	0.0	0.0049228857634178	0.0041103963400086	0.0027760216574432	0.0042755183295654	0.0	0.0	0.0	0.0	0.0	0.0	0.0	0.003030843858258	0.0	0.0	0.0	0.0049983015254825	0.0016171490412403	0.0	0.0	0.0	0.0	0.0068824930408594	0.0025366424955	0.0067628967720682	0.0	0.0047689676720991	0.0046895045663937	0.0063183675714151	0.0082995407935373	0.004402243331645	0.0	0.0	0.0	0.0	0.0	0.0	0.0	0.0	0.0	0.0037698274352731	0.0029356903998451	0.0065931720463073	0.006192668536152	0.0038850941111049	0.0058383217758166	0.0039064138334581	0.0	0.0032962178736755	0.0	0.002724928668134	0.0042624608553807	0.0042050922662447	0.0	0.0	0.0	0.0	0.003606238157204	0.0019704165078041	0.0029186716093964	0.0
species|352475|Shinella zoogloeoides	0.0018615986395908	0.0	0.0	0.0	0.0	0.0	0.0	0.0	0.0	0.0	0.0	0.0	0.0	0.0	0.0	0.0	0.0	0.0	0.0	0.0	0.0	0.0	0.0	0.0	0.0	0.0	0.0	0.0	0.0	0.0	0.0	0.0	0.0	0.0	0.0	0.0	0.0	0.0	0.0	0.0007395399538992	0.0	0.0	0.0	0.0030835944080911	0.0	0.0	0.0	0.0	0.0	0.0	0.0	0.0	0.0	0.0	0.0	0.0	0.0	0.0	0.0	0.0	0.0	0.0	0.0	0.0	0.0	0.0	0.0	0.0	0.0	0.0	0.0	0.0	0.0	0.0	0.0	0.0	0.0	0.0015827727504307	0.0	0.0	0.0	0.0	0.0	0.0	0.0	0.0	0.0	0.0
species|1842534|Sinorhizobium sp. RAC02	0.0019027258792981	0.0	0.0	0.0	0.0	0.0	0.0	0.0	0.0	0.0	0.0025202493640333	0.0	0.0	0.0024765731855568	0.002409707947014	0.0032965393046197	0.0036347672846695	0.0020884000078792	0.0026255666855079	0.0	0.0	0.0	0.0	0.0	0.0	0.0	0.0016234264920808	0.0	0.002654058916279	0.0029864370004029	0.0	0.001481181142998	0.0	0.0	0.0	0.0	0.0	0.0	0.0	0.0017480168994682	0.0	0.0	0.0	0.0	0.0012077915232016	0.0	0.0	0.0	0.0	0.0018666048844762	0.0	0.0	0.0	0.0023444893426573	0.0	0.0024230021037591	0.0033722394362942	0.0	0.0	0.0	0.0	0.0	0.0	0.0	0.0	0.0	0.0	0.0	0.0018683555170782	0.0023451020404534	0.0026606305197479	0.0021157342143023	0.0	0.0	0.0	0.0013249705393918	0.0	0.0018368405442584	0.0019925444943108	0.0038988542492646	0.0	0.0	0.0	0.0	0.0	0.0	0.0	0.0
species|1157490|Tumebacillus flagellatus	0.0140642634082925	0.0	0.0	0.0	0.0	0.0	0.0	0.0	0.0	0.0	0.0228663442975039	0.0	0.0048433495696087	0.003279071708369	0.0102898497314691	0.0118288604053328	0.0225712402613891	0.0019494843839075	0.0065338605471089	0.0	0.0	0.0	0.0	0.0	0.0	0.0	0.003216030184403	0.0	0.0133350109551332	0.0031124169456643	0.0019457824457118	0.0054512529244372	0.0	0.0	0.0	0.0	0.0	0.0	0.0	0.0246992544161643	0.0	0.0009238284916433	0.0	0.0511449726226926	0.0340457468567714	0.0	0.0	0.0	0.0	0.0471886205877446	0.0032820427152532	0.081608177776923	0.0	0.0233071283651855	0.049893146039002	0.008320201114435	0.0013519394919557	0.024256181975445	0.0	0.0	0.0	0.0	0.0	0.0	0.0	0.0	0.0	0.0620712517780245	0.0009352333897785	0.0051821073849065	0.0026194507501619	0.0090944449349821	0.0147410796768343	0.005916922939416	0.0	0.0142556632621935	0.0	0.0013974688071572	0.0642640869982224	0.0630822846757671	0.0	0.0	0.0029009670887504	0.0	0.0064407206301032	0.0	0.0430094805629467	0.0
species|1260987|Noviherbaspirillum malthae	0.0010805764625857	0.0	0.0	0.0	0.0	0.0	0.0	0.0	0.0	0.0	0.0011723624501847	0.0	0.0019181132907765	0.002406360648976	0.0015831105594553	0.0010485349384416	0.0026726929297427	0.001559170544368	0.0	0.0	0.0	0.0	0.0	0.0	0.0	0.0	0.0028875799798516	0.0	0.0016260723145669	0.0031369659116094	0.0035336602604507	0.0024072006701582	0.0	0.0	0.0	0.0	0.0	0.0	0.0	0.0006331632627868	0.0	0.0	0.0	0.0029154911336401	0.0017384871558233	0.0	0.0	0.0	0.0	0.0	0.0	0.0	0.0	0.0	0.0	0.0	0.0022229810742518	0.0014172739651748	0.0	0.0	0.0	0.0	0.0	0.0	0.0	0.0	0.0	0.0	0.0014792028985871	0.0017058990326365	0.0027851526389246	0.0010740123099884	0.0014654146046447	0.0026657582540989	0.0	0.0008955349392966	0.0	0.0014541941665736	0.0012566674078672	0.0015011068485185	0.0	0.0	0.0	0.0	0.0026569973618002	0.0032093535642149	0.0	0.0
species|1639882|Longimicrobium terrae	0.0011973517396188	0.0	0.0	0.0	0.0	0.0	0.0	0.0	0.0	0.0	0.0020169691085834	0.0	0.0016465422624799	0.0012647221563512	0.0033618939947264	0.0014784126587995	0.002467400289474	0.0022446167966467	0.0019249562385167	0.0	0.0	0.0	0.0	0.0	0.0	0.0	0.0010655159026981	0.0	0.0013672741213064	0.0010560281123093	0.0	0.0	0.0	0.0	0.0	0.0	0.0	0.0	0.0	0.0010076979046686	0.0	0.0	0.0	0.0	0.0	0.0	0.0	0.0	0.0	0.0018760506597288	0.0034626039604459	0.0032099815102435	0.0	0.002944174522052	0.0025320847710773	0.0088570776171781	0.0026533458761146	0.0019646378745662	0.0	0.0	0.0	0.0	0.0	0.0	0.0	0.0	0.0	0.0009260818352792	0.0030800702735191	0.0032592629689557	0.0037978843874866	0.0032251551727334	0.0041872845267313	0.0019120325932743	0.0	0.0028810459647502	0.0	0.0028956563560135	0.0014723262386336	0.0028058361388321	0.0	0.0	0.0	0.0	0.0	0.0	0.0	0.0
species|1176535|Lysobacter hankyongensis	0.0022928655232285	0.0	0.0	0.0	0.0013511468691652	0.0	0.0	0.0	0.0	0.0	0.0046929067221857	0.0	0.0056173138529628	0.0039149946571188	0.0036459598369664	0.0032770164135538	0.0021879965849882	0.004009879906745	0.0032003658778404	0.0	0.0	0.0	0.0	0.0	0.0	0.0	0.0022814614984075	0.0	0.0022573304885685	0.0041892176377805	0.0	0.0015148988086726	0.0	0.0	0.0	0.0	0.0	0.0	0.0	0.0031679337449424	0.0	0.0012807060394212	0.0	0.0	0.0016837913940386	0.0	0.0	0.0	0.0	0.0024410975419707	0.0065637204359116	0.0044938709429781	0.0	0.0022113712456594	0.0018378801199689	0.003889504808539	0.0049491035256554	0.0040028577397241	0.0	0.0	0.0	0.0	0.0	0.0	0.0	0.0	0.0	0.0037964657013062	0.0039848296555437	0.0019315989222361	0.0027142248878853	0.0025178712149579	0.0026620990776889	0.002572691761901	0.0	0.0025088487844067	0.0	0.0031717134715674	0.0031300165478936	0.0034032516831283	0.0	0.0	0.0	0.0	0.0	0.0019109755382359	0.0014179512454852	0.0
species|1324796|Lysobacter lycopersici	0.0019498884985621	0.0	0.0	0.0	0.0	0.0	0.0	0.0	0.0	0.0	0.0019338013194484	0.0	0.0017715514670838	0.0029463899064654	0.0014577284796584	0.0027915970079468	0.0017281466923105	0.0036654931430638	0.002515985741182	0.0	0.0	0.0	0.0	0.0	0.0	0.0	0.0026184475583456	0.0	0.0017132420401939	0.0027608199148907	0.0	0.0011550603164009	0.0	0.0	0.0	0.0	0.0	0.0	0.0	0.0020523601330749	0.0	0.0	0.0	0.0	0.00128192441308	0.0	0.0	0.0	0.0	0.002896086839424	0.0040427190877517	0.0038081674229006	0.0	0.0025795019777101	0.001359883035736	0.003194137969203	0.0030844006300982	0.003772882714601	0.0	0.0	0.0	0.0	0.0	0.0	0.0	0.0	0.0	0.0032541568629152	0.0029424118237662	0.00218485584832	0.0025674672901285	0.0013120671635147	0.0023853895993011	0.0	0.0	0.0027792154665986	0.0	0.0022669120494441	0.0022805731466204	0.0	0.0	0.0	0.0	0.0	0.0	0.0010745668629859	0.0	0.0
species|670292|Microvirga aerilata	0.0032149878302476	0.0	0.0	0.0	0.0016693706296953	0.0	0.0016342623334828	0.0	0.0013459777052427	0.0	0.0019310061066528	0.0022032416736615	0.0046132550800636	0.0029016879247359	0.0044358742796112	0.0035149042986758	0.0033320599121134	0.0028542450248407	0.0025787547097323	0.0012157208692099	0.0	0.0	0.0	0.0012995057559324	0.0023348202587972	0.0	0.0038003453554107	0.0	0.0036663873609606	0.0023091879804132	0.0036933859955192	0.0032763463798764	0.0	0.0029257542716345	0.0	0.0	0.0	0.0	0.0	0.0031222131285419	0.0	0.0016107637021396	0.0	0.0034985010958005	0.0016389304152652	0.0015960466410612	0.0015485145168251	0.0	0.0	0.0022712240161819	0.0047264197530042	0.0064838530376462	0.0021150155331694	0.0051714960261405	0.004240711463931	0.0030364007971463	0.0036751963759379	0.0033720946325231	0.0023757361169621	0.0036156729173547	0.0	0.0	0.0	0.0	0.0	0.0018012065842901	0.0	0.0021141272089278	0.0026144260526081	0.0025202624803431	0.0046419216956724	0.0043824426657216	0.0033651357994202	0.0054945960215191	0.0	0.0021555785206777	0.0014693657748329	0.0027720429528816	0.0041728015743421	0.0032692947100985	0.002630990936185	0.0	0.0	0.0	0.0015541699892489	0.0031758873995976	0.0022283118884614	0.0
species|1546155|Tepidisphaera mucosa	0.0015495140160585	0.0046137818127699	0.0041630148992112	0.006340148993477	0.0052599975798243	0.0046881381975808	0.0036115843270869	0.0050122225878386	0.0058336095835308	0.0056795667682143	0.0033384337181805	0.0043073910909383	0.0037321624588364	0.0044265275472294	0.0043272370999346	0.0039949692979199	0.0037721426675435	0.003235177604648	0.0041482181379943	0.0035645017560413	0.0047347335194851	0.0052840158520265	0.0051729234418552	0.0053483967144693	0.0040326194103415	0.0045122760451227	0.0025877159601187	0.0050322905309064	0.0026668490153172	0.0031442241968561	0.0	0.0	0.0054869684499314	0.0024283071497034	0.0050669943685001	0.0041039961323047	0.0035608912402075	0.0042767107223102	0.0054023315325561	0.001803235216123	0.0042657704239917	0.0046051882549254	0.0037781212433912	0.0	0.0005087763927753	0.0033662878384663	0.0044913622670759	0.0053481517296046	0.0047687172194564	0.0065359477123975	0.0064634966497215	0.0046571382702256	0.006368437428695	0.0051238857901576	0.0035798480747402	0.0044532951043075	0.0041630333814523	0.0029469548133595	0.0039288871427168	0.005387575590984	0.0044870488096637	0.0045516576800176	0.0043163464216095	0.0036294503975112	0.0050469276389002	0.0066512947853848	0.0054494219776527	0.0047987876746927	0.0064641646793021	0.0043038268074604	0.0049390846229587	0.0050610946424698	0.0048116298116298	0.003776435045316	0.0028231498285945	0.0059509251397759	0.0040698890630792	0.0025096653434215	0.0020555713108425	0.0032547699214365	0.0052222029335555	0.0069937887942713	0.0	0.0051824897815169	0.0	0.0007591442374051	0.0	0.0058488946127138
species|186651|Microvirga subterranea	0.0015641334228499	0.0016703576257452	0.0031229256242271	0.0047620045730332	0.0011683893896238	0.0024615816359431	0.0019038500397371	0.0015212351058436	0.0019048782128216	0.0	0.0016483837148866	0.0025177582423493	0.0031357292121248	0.0023695142379987	0.0023049137460962	0.0023302974050301	0.0020288125634822	0.0034599080355674	0.0022004939293498	0.0012313774797605	0.0	0.0024811646984057	0.0	0.0016486072806042	0.0	0.0	0.0028156812156728	0.0	0.0019928028430633	0.0	0.0025095363042286	0.0011091703237853	0.0	0.0	0.0	0.0	0.0	0.0015458048618763	0.0	0.001081125235151	0.0	0.0	0.0018792672576265	0.0	0.0009073292796083	0.0	0.0	0.0	0.0	0.0	0.0028435437189131	0.0	0.0017804400326022	0.0034630451920042	0.0037670030584196	0.0021885390839849	0.0031927192318525	0.0020146803630349	0.0022528615269186	0.0028319022653442	0.0	0.0018603740131678	0.0	0.0	0.0015747120791628	0.0019081662431333	0.0	0.0019554493117887	0.0019415994235425	0.0029801216405374	0.0039764192269488	0.0030945612391019	0.0022320386991588	0.0041694318488823	0.0	0.0018947493480973	0.0	0.0016398050469649	0.0031690277034396	0.0031991397472296	0.0	0.0	0.0	0.0	0.0016929801900137	0.0	0.0	0.0
species|1402137|Microvirga zambiensis	0.0018323495629268	0.0021162787073126	0.0	0.0036495213687356	0.0015631446291033	0.0026001434783518	0.0	0.0020834014037862	0.0019909639515382	0.0016944467005652	0.0026583965758831	0.002023088392921	0.0035878195540566	0.0043777691351353	0.0033059077446957	0.0046364246821849	0.0043000837626433	0.0054272800804033	0.0051857695936746	0.0010277331011912	0.0	0.0019222126038962	0.0	0.0012080144132058	0.0021204851511479	0.0	0.0039499875164779	0.0	0.0043819689525283	0.0027861497733345	0.0017778578205777	0.0024210861318506	0.0	0.0030873345744885	0.0033795094228441	0.0017644553426425	0.0	0.0026410717596534	0.0	0.0034076475725052	0.0	0.0014571442825517	0.0036095835262487	0.0027050372395629	0.0020519860630707	0.0020534215297621	0.0025698263104397	0.0035509907454695	0.0	0.0025888359832625	0.0047655403282805	0.0061500502560253	0.0013267097987637	0.0069118903751449	0.0033936404159936	0.0040988568859421	0.0045965265167941	0.0034606034414551	0.0	0.0	0.0047612551722115	0.0021449639918912	0.0	0.0	0.0026204184869691	0.001788377647781	0.0	0.0022968427591227	0.0042070589078892	0.0031621684665997	0.0067680630176158	0.0042077363516881	0.003551341933495	0.0050491456816304	0.0	0.0030671104414631	0.0019406450156977	0.004109948298677	0.0038877214834024	0.0034735221496773	0.0038663293762624	0.0	0.0	0.0	0.0017798805258884	0.0022077716309955	0.0028869767879822	0.0017755566181502
species|1882682|Microvirga ossetica	0.0027008263903212	0.0013019460015441	0.0051640878570672	0.0046754774440288	0.0022346508391273	0.0027126771819489	0.002327984942304	0.0023242980290519	0.0023823592871294	0.0010840532152181	0.0031405763973324	0.0025797752263006	0.0040075758788964	0.0030604830192243	0.0047047164047146	0.0045611805738118	0.0043957097527793	0.0050162844473067	0.0045095500151248	0.0016924280286679	0.0	0.002697492753058	0.0	0.0018889653015795	0.002073021547838	0.0	0.0037040118219661	0.0027292249451523	0.0034379073136445	0.003122900826955	0.0021737250073989	0.0010761691485763	0.0061579909162793	0.0038559486086194	0.0028592684246015	0.0017754938187929	0.0	0.0028819418157006	0.0	0.0025714466186231	0.0	0.0016463186951165	0.0031860757692645	0.0034820283441684	0.0018599848027291	0.0024810373997719	0.002852137850572	0.0	0.0	0.0017889257044439	0.0039414503416524	0.0026826033215945	0.0025966896896382	0.005704323663296	0.0045553275053832	0.0045871750507583	0.0039777269062921	0.005284483407036	0.0027808719701923	0.0037986473320042	0.0	0.0017010009840834	0.0059067197575128	0.0046664629394175	0.0035800730639179	0.0019661132594936	0.0	0.0033375265890015	0.0036855108719574	0.0028864986253587	0.0051489691388022	0.0047296409048565	0.0042404229045257	0.0047984558497204	0.0072589190210839	0.0028132757987347	0.001948630360773	0.0032275719061508	0.0023971725555018	0.0037744979616417	0.0028618910274277	0.0029842233354882	0.0	0.0031979619349551	0.0034969963330604	0.0015868344633255	0.0013456497391217	0.0019012035989492
species|690879|Terrimicrobium sacchariphilum	0.0019298653139563	0.0168503654932891	0.0134528580752896	0.0214372862172441	0.014390599327921	0.014192903425359	0.0179318802940055	0.0121195475402092	0.0151820364443012	0.0181273573750793	0.0019525614595583	0.0151636143978372	0.0	0.0031954194314079	0.0030994657637543	0.0024507772096467	0.0023477042712572	0.0017413803782557	0.002348048029575	0.0151723717409214	0.0187236975519191	0.0171810159959943	0.0187614296558946	0.0143458050791343	0.0139697373361696	0.0173614738532782	0.0021335381327506	0.0183027705092532	0.0016943272436229	0.0020568636141165	0.0	0.0	0.0193052012102725	0.0142142732280161	0.0157455633826732	0.0167996346338854	0.0160040422066207	0.0180525997170984	0.0179801175632483	0.0019713673389825	0.0198323409799938	0.0138204805785335	0.0116790860560956	0.0	0.0	0.0145670910056464	0.0157385025180308	0.0211885289448454	0.0174390855123622	0.0036261480327888	0.004210369105196	0.0038571201937953	0.01623599889117	0.0034851965741746	0.0035315733152092	0.0033184519435877	0.0040906403380012	0.0064291651378748	0.0151261583523619	0.0159795196412742	0.0178421165292588	0.0108838581877821	0.0160943800420837	0.0194098186060076	0.0180784831051116	0.0180615588732711	0.0223679725237542	0.0052090602812695	0.0054396023873691	0.0048920463908184	0.0078013597702007	0.0076404212660444	0.0065215922136645	0.0067805371360194	0.0175537262398039	0.0047964044655929	0.0137888619089437	0.0015872558627213	0.0017385248632297	0.0023568014389713	0.0159351477645665	0.0182743894077263	0.0	0.0153731916746936	0.0	0.0	0.0	0.0139739763940181
species|688867|Ohtaekwangia koreensis	0.0034505130338408	0.0	0.0	0.0	0.0	0.0016213227115222	0.0	0.0014693977825749	0.0012857381956628	0.0	0.0025722139403247	0.0	0.0037321628326606	0.0027276654638158	0.0038116969887518	0.0025856355948519	0.00420493793404	0.0022270247292892	0.0057220777922174	0.0	0.0	0.0	0.0	0.0	0.0	0.0	0.0031085073974573	0.0	0.002514003305871	0.0014384465434587	0.0	0.0	0.0	0.0	0.0	0.0	0.0	0.0	0.0	0.0013834143941603	0.0	0.0	0.0	0.0	0.0	0.0	0.0017125023434704	0.0	0.0	0.0043471072483325	0.0023449332486426	0.0036493172354048	0.0	0.0041454956865578	0.0033638808732862	0.0050422609267361	0.0066792171238404	0.0037447427348468	0.0	0.0	0.0	0.0	0.0	0.0	0.0	0.0	0.0	0.0058308496038073	0.0074492330714971	0.0097594149492068	0.0085368852580954	0.0090516412587979	0.0083542648207535	0.0137171048565921	0.0	0.0053419401359452	0.0	0.0017641580992552	0.0018456289225758	0.0037741171387136	0.0017961201367918	0.0	0.0	0.0	0.0	0.0	0.0	0.0
species|2321403|Chryseolinea soli	0.0010106905924728	0.0	0.0	0.0	0.0010882708585247	0.0015690904883654	0.0	0.0	0.0	0.0	0.0016812123488616	0.0	0.0	0.0040197707561452	0.0031998001535939	0.001761664778314	0.0015643240483491	0.0013603963796125	0.0023840198065403	0.0011234506509205	0.0	0.0	0.0	0.0	0.0	0.0	0.0014214310381321	0.0	0.0008153761812622	0.0	0.0	0.0	0.0	0.0	0.0	0.0	0.0	0.0	0.0	0.0009501841208224	0.0	0.0	0.0	0.0	0.0	0.0010345312995105	0.000868616026396	0.0	0.0	0.0038246315947042	0.0022718695347759	0.0031229739136805	0.0	0.003942137637931	0.0017134864090713	0.0034332194123053	0.0027210382205422	0.0016503638425837	0.0	0.0	0.0	0.0019723865873618	0.0	0.0	0.0	0.0023057821922793	0.0	0.0053631200870951	0.0041674173586879	0.0059409192616102	0.0069481163394554	0.0066956977690365	0.0048416259171831	0.0050770838999515	0.0	0.0032198897009476	0.0	0.0	0.0	0.0017808927734266	0.0	0.0	0.0	0.0	0.0	0.0	0.0	0.0
species|688913|Ohtaekwangia kribbensis	0.0017066609618558	0.0	0.0	0.0	0.0	0.0	0.0	0.0	0.0	0.0	0.0	0.0	0.0	0.0013828876317997	0.0021751203476799	0.0025139773059539	0.0011754248990239	0.0010313884564971	0.0023913718580956	0.0	0.0	0.0	0.0	0.0	0.0	0.0	0.0016598852092453	0.0	0.0	0.0009403576563259	0.0	0.0	0.0	0.0	0.0	0.0	0.0	0.0	0.0	0.0	0.0	0.0	0.0	0.0	0.0	0.0	0.0	0.0	0.0	0.0011405164490378	0.0	0.0018896775798182	0.0	0.0018712687420244	0.0019327827915462	0.002271142006278	0.0027828925898281	0.0011894468543772	0.0	0.0	0.0	0.0	0.0	0.0	0.0	0.0	0.0	0.0016277554099291	0.0031918043017147	0.002376509838755	0.0038670339011526	0.0060099986106763	0.0027255739077989	0.0033011012769071	0.0	0.0032273052779929	0.0	0.0	0.0	0.0	0.0	0.0	0.0	0.0	0.0	0.0	0.0	0.0
species|947013|Chryseolinea serpens	0.0013684089644613	0.0	0.0	0.0	0.0	0.0	0.0	0.0018511962534885	0.001373832430656	0.0	0.0009628763954706	0.0029368575624081	0.0	0.0013550923208737	0.0013362927819785	0.0012023704603392	0.0022425020318821	0.0008611851024482	0.0020505283489611	0.0	0.0	0.0	0.0	0.0	0.0	0.0	0.0011166635985044	0.0	0.0011153688941372	0.0012438888965925	0.0	0.0	0.0	0.0	0.0	0.0	0.0	0.0	0.0	0.0	0.0	0.0	0.0	0.0	0.0	0.0007029131842179	0.0008071095081525	0.0	0.0	0.0019476942322895	0.0	0.0021075872200222	0.0	0.0026053541465756	0.0011973132368504	0.0020208034627446	0.0047677251777347	0.0014377124305373	0.0	0.0	0.0	0.0	0.0	0.0	0.0	0.0	0.0	0.0021639575936736	0.0016873792110924	0.0024538491848881	0.0032449340148787	0.0040527065564798	0.0040339722283683	0.0031723082845478	0.0	0.001349196677792	0.0	0.0012752301423201	0.0016275777689442	0.0023344220431078	0.0035284749472325	0.0	0.0	0.0	0.0	0.0	0.0	0.0
species|1591085|Dyadobacter jiangsuensis	0.0023982901425275	0.0	0.0	0.0	0.0	0.0	0.0	0.0	0.0	0.0	0.0025038252886354	0.0	0.0018660812294182	0.0014317380476254	0.0	0.0	0.001804055211726	0.0017166248514472	0.0013713658804168	0.0	0.0	0.0	0.0	0.0	0.0	0.0	0.001181546650574	0.0	0.0037816347562543	0.0029101464366414	0.0064794780693923	0.0046471829582164	0.0	0.0	0.0	0.0	0.0	0.0	0.0	0.0014113410713743	0.0	0.0	0.0	0.0066491605076805	0.0032013719086747	0.0	0.0	0.0	0.0	0.0	0.0	0.0	0.0	0.0	0.0	0.0	0.0	0.0	0.0	0.0	0.0	0.0	0.0	0.0	0.0	0.0	0.0	0.0	0.0	0.0	0.0	0.0	0.0	0.0	0.0	0.0	0.0	0.0027697542296082	0.0023390983838956	0.0027834717699704	0.0	0.0	0.0	0.0	0.00588914655325	0.0046370573844626	0.0013239852595693	0.0
species|94254|Dyadobacter fermentans	0.0016169616800681	0.0	0.0	0.0	0.0	0.0	0.0	0.0	0.0	0.0	0.0	0.0	0.0	0.0	0.0	0.0	0.0014056093785943	0.0	0.0	0.0	0.0	0.0	0.0	0.0	0.0	0.0	0.0017022637496039	0.0	0.0032005580818295	0.0013277209591206	0.0043180949566185	0.0068080751722601	0.0	0.0	0.0	0.0	0.0	0.0	0.0	0.001327450594441	0.0	0.0	0.0	0.0050671607233422	0.0019434413330871	0.0	0.0	0.0	0.0	0.0	0.0	0.0	0.0	0.0	0.0	0.0	0.0	0.0	0.0	0.0	0.0	0.0	0.0	0.0	0.0	0.0	0.0	0.0	0.0	0.0	0.0	0.0	0.0	0.0	0.0	0.0	0.0	0.0016228857168174	0.0	0.0	0.0	0.0	0.0	0.0	0.0061144294947376	0.004058498161152	0.002430050328688	0.0
species|381|Mesorhizobium loti	0.0042675318342805	0.0	0.0	0.0	0.0	0.0	0.0	0.0	0.0	0.0	0.0048799329965793	0.0	0.0	0.0052562159024976	0.0017785968003136	0.0036099762295506	0.0017788398495143	0.0031072477796781	0.0032285386280208	0.0	0.0	0.0	0.0	0.0024100935225564	0.0	0.0	0.0034249181350661	0.0	0.0031132791925467	0.0	0.0	0.0	0.0	0.0	0.0	0.0	0.0	0.0	0.0	0.0026754669785604	0.0	0.0	0.0	0.0	0.0	0.0	0.0	0.0	0.0016867907880517	0.0050036189596543	0.0	0.0045736300630912	0.0	0.0041999165851856	0.003426789853036	0.0036773127658707	0.0045619345959684	0.0047091834252707	0.0	0.0	0.0	0.0	0.0	0.0	0.0	0.0	0.0	0.0041796055373334	0.0026656559635689	0.0031880892019441	0.0057303745637282	0.0023587236312132	0.0031751728163364	0.0050527953830949	0.0	0.0037138166227909	0.0022989869830029	0.0	0.0	0.0	0.0	0.0	0.0	0.0	0.0	0.0	0.0	0.0022000429276673
species|1229157|Tumebacillus soli	0.0036375247897008	0.0009660308939275	0.0	0.0	0.0017752671183598	0.0	0.0021804107673664	0.0014549908918079	0.0012410890188028	0.0010921916627628	0.0225892672034388	0.0	0.003457138684536	0.0	0.0	0.0053675258783812	0.0008321501042052	0.0015666210011321	0.0	0.0015070799171221	0.0	0.0	0.0013752810577868	0.0	0.0012870722536046	0.0	0.0	0.0011135008744267	0.0053836272346823	0.0	0.0	0.0009781437685149	0.0	0.0	0.0010442396837751	0.0011975089623819	0.0	0.0009615468882634	0.0	0.0021763721030379	0.0024452057072097	0.0	0.0	0.0	0.0	0.0013598175854166	0.001400472930941	0.0014823270626122	0.0	0.0017255569175414	0.0018901377915638	0.0017971308298868	0.0011564906825184	0.0063256065684803	0.0485540426537472	0.0	0.0	0.0151908999533425	0.0	0.0	0.0016312911286084	0.0	0.0025080943984909	0.0	0.0017304325942395	0.0012507718517108	0.0	0.0016134467360218	0.0	0.0030014226269797	0.0	0.0032832213506021	0.0	0.0	0.0	0.0009858531636583	0.0	0.000851994035383	0.0019106563731921	0.0	0.001636680711517	0.0	0.0315669642804617	0.0	0.0015005679487647	0.0	0.0	0.0010605156619748
species|1632864|Planctomyces sp. SH-PL14	0.0069728813110627	0.0	0.0022448927584704	0.0	0.0018787787356622	0.0021040513560573	0.0	0.0022784936113434	0.0018867996310453	0.0015087975331815	0.0182369984661218	0.0032013897481692	0.018872248916741	0.0210103592165717	0.0367457588974882	0.0222064396289335	0.02629291834362	0.016295274779169	0.0150917706736425	0.0008880231997163	0.0025695845788976	0.0017320036163082	0.0016051440274598	0.002665191143192	0.0	0.0	0.0062409620214622	0.0015372541751585	0.0069748358862144	0.0080235693658861	0.0	0.0	0.0029678341478613	0.0032384375272971	0.0014524405296887	0.0011556580866505	0.0023704348760987	0.0022682314462745	0.0	0.002957449057575	0.0	0.0021458594888802	0.0018042710590534	0.0	0.0	0.001921689557798	0.0022752168521971	0.0016091094275699	0.0012498329108763	0.0233651526676499	0.0155825969262774	0.0180292272671384	0.0013343278169511	0.0163993350117136	0.0202255246616393	0.0267923036860989	0.0264591375515788	0.0151429339134956	0.0	0.0	0.0	0.0017272058847275	0.0	0.0032231277487365	0.0023609077131701	0.0016927987656844	0.0	0.0221146518352725	0.0229371696417717	0.0155576420644813	0.0276431385309304	0.0249961158538015	0.0219383535012521	0.0233676410695042	0.0043352381642761	0.0192249657500757	0.0016216719981831	0.0092730751330267	0.0058169827085598	0.0094285344933261	0.0017746710765425	0.0	0.0	0.0018715614401526	0.0	0.0	0.0	0.0007928764797415
species|106590|Cupriavidus necator	0.0034701268585261	0.0	0.0	0.0	0.0	0.0	0.0	0.0	0.0	0.0	0.0013669083822784	0.0	0.004271427712047	0.0055722450219029	0.0038824707962943	0.004504948486986	0.0059591326826845	0.0075940718477207	0.0027814276662584	0.0	0.0	0.0	0.0	0.0	0.0	0.0	0.0021276283238972	0.0	0.005662913114195	0.0034777104318908	0.0048420455460009	0.005419255985466	0.0	0.0	0.0	0.0	0.0016911224659261	0.0	0.0	0.0020644506577486	0.0	0.0015984924523158	0.0	0.0031707319336819	0.0022088569497319	0.0	0.0	0.0	0.0	0.0040444311452077	0.0033190050092769	0.0115265627167993	0.0	0.0071531012251207	0.0022535918995358	0.0037959048798437	0.0059205143252101	0.0035049329943754	0.0	0.0	0.0	0.0	0.0	0.0	0.0	0.0	0.0	0.003665020292587	0.0017699545024572	0.0061767199894074	0.0056022694193403	0.0019469772269198	0.0039943450491264	0.0065318399372708	0.0	0.0023600183802979	0.0	0.0030334857033644	0.0068515250884068	0.0058191183463016	0.0	0.0	0.0	0.0	0.0065558514967646	0.0027603047761783	0.0045860488831926	0.0
species|1904640|Betaproteobacteria bacterium GR16-43	0.0036813867059097	0.006891399944841	0.0086504330274012	0.0066572253996613	0.0061567116234883	0.0070938022489246	0.0048844584257695	0.0057514765679537	0.0068904425414499	0.0042967241757149	0.0099372353933412	0.0074412469743278	0.010574365674741	0.0119821561078548	0.0124554633750625	0.0084397492895293	0.0088698456193179	0.0109269260557829	0.0085186812535445	0.0050957454617093	0.006335438718027	0.0054445231561273	0.0059440583584661	0.0043709600619573	0.0038323760491494	0.0101814244946533	0.0033416040944651	0.0062073117156292	0.0032077782640843	0.0044752080648907	0.0	0.0	0.0087451115639409	0.0038302497602436	0.0057250584347064	0.0071783659971763	0.0079620262222169	0.0071686963162738	0.0061122426802518	0.0021242087285452	0.005300409934966	0.0049554973784862	0.0069635417839675	0.0	0.0	0.0045844000691432	0.005569875405206	0.006182351938778	0.0075289137706898	0.0141044022295145	0.0272343957473111	0.023505486601762	0.0046608991995409	0.0235228539129364	0.0170196636322782	0.028392795892297	0.0230600713856418	0.0216068107672196	0.0052027738239611	0.0080101817173081	0.0054029573259661	0.0067219994788187	0.0050159969948913	0.0078644116501822	0.0063467887329734	0.0071012655519859	0.0071188880172424	0.0122930476593373	0.0221988669066043	0.0201459377431974	0.0175116789844057	0.0172763983387427	0.0188251968163006	0.0180123978307212	0.0070578278335289	0.0196177351097928	0.0049344969584396	0.0047270871714234	0.0036672982412707	0.0020803097005969	0.0057801447922105	0.0076026456684195	0.0	0.0078414124831742	0.0	0.0	0.0	0.0055235907545916
species|1176534|Lysobacter sediminicola	0.0013404621340655	0.0	0.0	0.0	0.0	0.0	0.0	0.0	0.0	0.0	0.002190531729396	0.0	0.0035871622766399	0.0020165844239649	0.0029282822036195	0.0018295571811395	0.0014507291901975	0.0024212319292251	0.0020703275599815	0.0	0.0	0.0	0.0	0.0	0.0	0.0	0.0014748428413117	0.0	0.0017572743111617	0.0021653282728065	0.0	0.0	0.0	0.0	0.0	0.0	0.0	0.0	0.0	0.0017080772510396	0.0	0.0	0.0	0.0	0.0	0.0	0.0	0.0	0.0	0.0024690620498586	0.003906721101853	0.0028614041173044	0.0	0.0025917057110977	0.0	0.0029815805337901	0.0033909492521457	0.0022592281004138	0.0	0.0	0.0	0.0	0.0	0.0	0.0	0.0	0.0	0.0028421847045554	0.0029539190972769	0.0014033073439091	0.0	0.0017730880767533	0.0025567422546826	0.0035304685083287	0.0	0.0028214942293834	0.0	0.0023501200975072	0.0014034806180334	0.0	0.0	0.0	0.0	0.0	0.0	0.0	0.0	0.0013379298728861
species|498055|Arenimonas oryziterrae	0.0012368136480287	0.0	0.0	0.0	0.0	0.0	0.0	0.0	0.0	0.0	0.0011835011464269	0.0	0.0	0.0	0.0016714679412773	0.0	0.001032476523525	0.0015961578971942	0.0010554426606637	0.0	0.0	0.0	0.0	0.0	0.0	0.0	0.0010321450406541	0.0	0.0011761855467403	0.0008806854655458	0.0	0.0	0.0	0.0	0.0	0.0	0.0	0.0	0.0	0.0010972125914148	0.0	0.0	0.0	0.0	0.0008598985658327	0.0	0.0	0.0	0.0	0.0	0.0016366259405223	0.0	0.0	0.0	0.0014748722448369	0.0015875675382985	0.0	0.0014812377253551	0.0	0.0	0.0	0.0	0.0	0.0	0.0	0.0	0.0	0.0014930614330436	0.0013172077049331	0.0007169023172956	0.0	0.0010576197388265	0.001474341605079	0.0	0.0	0.0010104404114411	0.0	0.0006836306810198	0.0012460759982627	0.0014241751828632	0.0	0.0	0.0	0.0	0.0	0.0	0.0	0.0
species|564064|Spirosoma rigui	0.0008451894633046	0.0	0.0	0.0	0.0	0.0	0.0	0.0	0.0	0.0	0.0	0.0	0.0	0.0	0.0	0.0	0.0	0.0	0.0	0.0	0.0	0.0	0.0	0.0	0.0	0.0	0.0	0.0	0.0007521881838074	0.0	0.0	0.000941528297697	0.0	0.0	0.0	0.0	0.0	0.0	0.0	0.0	0.0	0.0	0.0	0.0	0.0011701857033833	0.0	0.0	0.0	0.0	0.0	0.0	0.0	0.0	0.0	0.0	0.0	0.0	0.0	0.0	0.0	0.0	0.0	0.0	0.0	0.0	0.0	0.0	0.0	0.0	0.0	0.0	0.0	0.0	0.0	0.0	0.0	0.0	0.0	0.0	0.0	0.0	0.0	0.0	0.0	0.0	0.0	0.0011262106764772	0.0
species|796384|Flavitalea populi	0.0032696306388367	0.0	0.0	0.0	0.0	0.0019188438771798	0.0012898528930031	0.0	0.0016010826562496	0.0	0.0060940837051022	0.0021241668078696	0.0071290254906072	0.0064593166077876	0.0093493862206063	0.0062103092672439	0.0079323033924572	0.0049585919105873	0.0054202448029295	0.0009815625765433	0.0	0.0	0.0	0.001221600802585	0.0016133806152541	0.0027833834063021	0.0029959886436502	0.0022344321004734	0.0045361003629664	0.0040661361611994	0.0	0.0011346729431524	0.0	0.0	0.0	0.0	0.0020476646669364	0.0	0.0	0.0026223576816031	0.0	0.0011644320118369	0.0013283091973019	0.0027532249667088	0.0014666717276366	0.001782669789728	0.0	0.0	0.0	0.0118702420075842	0.0133826847513378	0.0132563403207827	0.0020049362738147	0.014785758471719	0.0129145525307348	0.0101688364400186	0.0123476622493871	0.0104354998025835	0.0	0.0	0.0	0.0	0.0	0.0	0.0	0.0020222510558185	0.0	0.0084806309091319	0.0087738629960127	0.0087889714472668	0.0132908687851274	0.0103553291614728	0.0101405198139515	0.0093124030307735	0.0	0.0092223435733196	0.0	0.0036643589505137	0.0043069616453262	0.0050527713399262	0.0	0.0019933294381629	0.0	0.0	0.0	0.0016821389707132	0.0	0.0
species|708199|Flavitalea gansuensis	0.0015406092325779	0.0	0.0	0.0	0.0	0.0	0.0	0.0	0.0	0.0	0.0023624279202507	0.0	0.0033595314182008	0.0025628986480324	0.0038685960361034	0.0042058930810224	0.0035552429647676	0.0020708268427284	0.0025810434341905	0.0	0.0	0.0	0.0	0.0	0.0	0.0	0.0017559335140526	0.0	0.0	0.0016836836752308	0.0	0.0	0.0	0.0	0.0	0.0	0.0	0.0	0.0	0.0007760534846729	0.0	0.0	0.0	0.0	0.0	0.0	0.0	0.0	0.0	0.0046201999174843	0.004810563555364	0.0045710160783146	0.0	0.0059475211937503	0.0067106394072589	0.0070646734228925	0.006552042705659	0.0046196012196333	0.0	0.0	0.0	0.0	0.0	0.0	0.0	0.0	0.0	0.0033034594829583	0.0038247648764083	0.0038378604517671	0.007223717956337	0.0051228957579244	0.0037303804377231	0.003327142624211	0.0	0.0029082778459481	0.0	0.0021277251475498	0.0013707809270542	0.0027923793421705	0.0	0.0	0.0	0.0	0.0	0.0	0.0	0.0
species|1542731|Niastella gongjuensis	0.0023935191695492	0.0	0.0	0.0	0.0	0.0	0.0	0.0	0.0	0.0	0.0	0.0	0.0	0.0	0.0	0.0	0.0010529210106337	0.0	0.0	0.0	0.0	0.0	0.0	0.0	0.0	0.0	0.0	0.0	0.0	0.0	0.0	0.0	0.0	0.0	0.0	0.0	0.0	0.0	0.0	0.0	0.0	0.0	0.0	0.0	0.0	0.0	0.0	0.0	0.0	0.0	0.0	0.0	0.0	0.0	0.0	0.0	0.0	0.0	0.0	0.0	0.0	0.0	0.0	0.0	0.0	0.0	0.0	0.0	0.0	0.0007058140712745	0.0	0.0	0.0	0.0	0.0	0.0	0.0	0.0	0.0	0.0	0.0	0.0	0.0	0.0	0.0	0.0	0.0	0.0
species|1781166|Niastella hibisci	0.0011426711124329	0.0	0.0	0.0	0.0	0.0	0.0	0.0	0.0	0.0	0.0	0.0	0.0	0.0	0.0	0.0	0.0013734048256231	0.0016322971821535	0.0	0.0	0.0	0.0	0.0	0.0006319544752965	0.0	0.0	0.0	0.0	0.0017211246474852	0.0017762039249228	0.0	0.0010683522788946	0.0	0.0	0.0	0.0	0.0	0.0	0.0	0.0	0.0	0.0	0.0	0.0	0.0	0.0014665653465635	0.0	0.0	0.0	0.0	0.0	0.0	0.0010954499596513	0.0	0.0	0.0	0.0	0.0	0.0	0.0	0.0	0.0	0.0	0.0	0.0	0.0	0.0	0.0015445548611823	0.0013665464815254	0.0006861358471213	0.0	0.0	0.0	0.0	0.0	0.0010895248194228	0.0	0.0014149769991761	0.0012645215808431	0.0029011675755357	0.0	0.0	0.0	0.0	0.0	0.0	0.0	0.0
species|2100740|Pedobacter mongoliensis	0.0018953026981205	0.0	0.0	0.0	0.0	0.0	0.0	0.0	0.0	0.0	0.0012519126443177	0.0	0.0	0.0	0.0016164255355476	0.0018495249836126	0.0011480331688191	0.0015604172438968	0.0	0.0	0.0	0.0	0.0	0.0	0.0	0.0	0.0013692611752351	0.0	0.002062394266853	0.0016255231654264	0.002720419389158	0.0032986293977825	0.0	0.0	0.0	0.0	0.0	0.0	0.0	0.001138672556171	0.0	0.0	0.0	0.0048142665645077	0.0029699049956531	0.0	0.0	0.0	0.0	0.0	0.0	0.0	0.0	0.0	0.0	0.0	0.0	0.0	0.0	0.0	0.0	0.0	0.0	0.0	0.0	0.0	0.0	0.0	0.0	0.0	0.0	0.0	0.0	0.0	0.0	0.0	0.0	0.0013689327207806	0.0023348124774648	0.0025704857492585	0.0	0.0	0.0	0.0	0.0032854919448	0.0055623762739547	0.0025013090441584	0.0
species|398052|Daejeonella composti	0.001780322405934	0.0	0.0	0.0	0.0	0.0	0.0	0.0	0.0	0.0	0.0	0.0	0.0	0.0	0.0	0.0	0.0	0.0	0.0	0.0	0.0	0.0	0.0	0.0	0.0	0.0	0.0	0.0	0.0	0.0	0.0	0.0011090648543331	0.0	0.0	0.0	0.0	0.0	0.0	0.0	0.0	0.0	0.0	0.0	0.0026150785650276	0.001087270386805	0.0	0.0	0.0	0.0	0.0	0.0	0.0	0.0	0.0	0.0	0.0	0.0	0.0	0.0	0.0	0.0	0.0	0.0	0.0	0.0	0.0	0.0	0.0	0.0	0.0	0.0	0.0	0.0	0.0	0.0	0.0	0.0	0.0009825926033198	0.0	0.0024604950454364	0.0	0.0	0.0	0.0	0.0013999898148645	0.0019176075903208	0.0	0.0
species|1446479|Arenimonas maotaiensis	0.0052680124016942	0.0	0.0	0.0	0.0	0.0	0.0	0.0	0.0	0.0	0.0046256070093849	0.0	0.0052297160536565	0.0043257973759887	0.0042837076650995	0.0033653795326264	0.0035081433909284	0.0039648603767697	0.0049228529882317	0.0	0.0	0.0	0.0	0.0	0.0	0.0	0.0026993426643789	0.0	0.0025292099436869	0.0056941697505646	0.0015223826053928	0.0015193282503055	0.0	0.0	0.0	0.0	0.0	0.0	0.0	0.003113064311671	0.0	0.0	0.0	0.0	0.0016464102772362	0.0	0.0	0.0	0.0	0.0019538248475671	0.0048859899021577	0.0056243731729138	0.0	0.0017395917635305	0.0016909678133194	0.0030533125554255	0.0030291151498551	0.0038398048529099	0.0	0.0	0.0	0.0	0.0	0.0	0.0	0.0	0.0	0.0039656348228403	0.0042317826256821	0.0022976862940245	0.0032560317232034	0.0029970819755055	0.005374799976494	0.0063422122012439	0.0	0.0045074714145408	0.0	0.0032375284142426	0.0032348220306681	0.0039213572087827	0.0	0.0	0.0	0.0	0.0016922943720772	0.003773554071717	0.0030859537506299	0.0
species|1324935|Limisphaera ngatamarikiensis	0.0017655429981149	0.007759938995155	0.0094456573924838	0.0075259616990191	0.0080924344421084	0.0091883631124197	0.0092842538736314	0.0095776787634293	0.0086172825100533	0.0094368083058052	0.0020882940708639	0.011169867344206	0.0023050829206306	0.0023445546754398	0.0033034232106028	0.0030471615975463	0.0025912635111007	0.0021785609196282	0.001886222003226	0.0081458087805151	0.007521114033395	0.0094903481838349	0.0082379316159705	0.011492335926205	0.0085459975295691	0.0103384796933734	0.0014478180477536	0.0107909571988374	0.0	0.0009520716388717	0.0	0.0	0.011118348310499	0.0106007765085634	0.0090820176565969	0.0074475222322956	0.0122561100935005	0.0093644259702744	0.0067955159999272	0.0	0.0123928194227613	0.010258505294482	0.0072998653777124	0.0	0.0	0.0112020680737216	0.0147348369052383	0.0091769157600303	0.0088577832764813	0.0042276995612846	0.0048418331030381	0.0040210794141324	0.008969269891395	0.0057279575247954	0.0052756456476001	0.005242839067265	0.0059551899622123	0.0057937926436384	0.0094553167091638	0.0100721396867028	0.0081267200618824	0.0095732996429882	0.012951048689241	0.016422469488734	0.0156992872633955	0.0088839437847424	0.011303733945714	0.0065301968867352	0.0051090788859916	0.0077446198004996	0.0101088844156402	0.0098387779713754	0.0081874058207794	0.0082432088221731	0.0104812788346858	0.0060870128051181	0.0067381188282581	0.0009849290332403	0.0009883595529509	0.0015710419491949	0.0094021086248029	0.0083852256245249	0.0	0.0092772770206753	0.0	0.0	0.0	0.0082993082898712
species|748857|Roseimicrobium gellanilyticum	0.0010377466060005	0.003966017494132	0.0042115210019066	0.0049905393470492	0.004524709748385	0.0042291831814171	0.0040678912992067	0.0046477567447496	0.0041999770932579	0.0042761137372408	0.001176426721372	0.0048211783709699	0.0	0.0024506765478979	0.001607775390953	0.0019263905541975	0.0019116317700031	0.0017849651141754	0.0014884063273618	0.0041858392060695	0.0045264838877378	0.0035068450695278	0.0042804491332232	0.0036169968489707	0.0033701463824224	0.0071249578770405	0.0013685848273889	0.0048656159504212	0.0012389884364983	0.0	0.0	0.0	0.0074905502530501	0.0061297829564199	0.0058137995163504	0.0045490748059075	0.0058070188142541	0.0052255225575261	0.0039416249619288	0.0	0.0063187811540407	0.0035677750562959	0.0034792467636171	0.0	0.0	0.0044854096364485	0.0047376901522882	0.0052436376907662	0.0044817071765366	0.0021427030131601	0.0	0.0	0.0039572073043334	0.0035805086071719	0.0033556066992116	0.0040222063014455	0.0028632507330964	0.0033112943339699	0.0035758829981639	0.0047943400344858	0.0052458940193516	0.0044483608999385	0.005720929257404	0.0069509944279463	0.0049652412929387	0.005718105815274	0.0063030724855456	0.0026116681802257	0.0022064455589968	0.0024332842310495	0.0038479763976575	0.0038369566062455	0.0049706003920689	0.0034416596247056	0.008969621168672	0.0025412490136064	0.003214686732219	0.0	0.0	0.0	0.0056012529837928	0.003494457915825	0.0	0.0036809651005237	0.0	0.0	0.0	0.0042252496587271
species|2736|Verrucomicrobium spinosum	0.0007877173888401	0.0020754507661296	0.0022772126635755	0.0	0.0012216278259811	0.0014142151651817	0.0016916136636324	0.0017248358448296	0.0017862265671468	0.0015085185244314	0.0	0.0013895157095077	0.0	0.0	0.0	0.0	0.0008198464795013	0.0	0.0	0.0019351577678421	0.0	0.001971365517859	0.0012547714816713	0.0011824509447458	0.0013852152420424	0.0026603818971875	0.0	0.001517333025401	0.0009145655504635	0.0	0.0	0.0005946481665014	0.0	0.0023615224191967	0.0014153189840329	0.0011657568506441	0.0022951601022169	0.0017228029132034	0.0	0.0	0.0	0.0014616976276977	0.0020611820161463	0.0	0.0	0.0019373966859355	0.0017518977147384	0.0021435647811062	0.0014220011873816	0.0009242915478267	0.0	0.0	0.0012155773414166	0.0	0.0	0.0	0.0012982342707196	0.0	0.0021469074173933	0.0014838573425665	0.0	0.001132446915002	0.0020264204810843	0.0	0.002728648765317	0.0019107225660377	0.0	0.0012682693028787	0.0009520364030665	0.0007196140509893	0.0	0.0	0.0	0.0	0.0	0.0006735102528776	0.0013342201043682	0.0012847379976762	0.0	0.0014590347922064	0.00343830359902	0.0	0.0	0.0	0.0	0.0	0.0	0.0017252191717934
species|1781167|Ramlibacter rhizophilus	0.0008678359449011	0.0	0.0	0.0	0.0	0.0	0.0	0.0	0.0	0.0	0.0013904645588478	0.0	0.0015362450267941	0.0013027648788171	0.0014316310916329	0.0012112375783798	0.0008696473649249	0.0009911301213853	0.0	0.0	0.0	0.0	0.0	0.0	0.0	0.0	0.0017912212391399	0.0	0.0009474564511701	0.0012467213036813	0.0	0.0006326900747196	0.0	0.0	0.0	0.0	0.0	0.0	0.0	0.0013725927901962	0.0	0.0	0.0	0.0	0.0009834547410779	0.0	0.0	0.0	0.0	0.0	0.0	0.0	0.0	0.0015970653628524	0.0	0.0	0.0	0.0014952618988761	0.0	0.0	0.0	0.0	0.0	0.0	0.0	0.0	0.0	0.0012541405623273	0.001019659379894	0.0020468639558219	0.0	0.0016409306177276	0.0	0.0	0.0	0.0013955401099321	0.0	0.0008636367830296	0.0009735901204393	0.0020382507421664	0.0	0.0	0.0	0.0	0.0	0.0	0.0	0.0
species|367474|Caenimonas koreensis	0.0019857827780345	0.0	0.0	0.0	0.0	0.0	0.0	0.0	0.0	0.0	0.0009055271352787	0.0	0.0018909523283999	0.0016773455721012	0.0	0.0018963071315159	0.001126122016365	0.0017423086542273	0.0019379454642495	0.0	0.0	0.0	0.0	0.0	0.0	0.0	0.0020455376991394	0.0	0.0020478214779293	0.0021564347212258	0.0	0.0	0.0	0.0	0.0	0.0	0.0	0.0	0.0	0.0013591535360979	0.0	0.0	0.0	0.0	0.0005286777055811	0.0	0.0	0.0	0.0	0.0024222444453562	0.0	0.0030012905032421	0.0	0.0031551945413711	0.0	0.0	0.0	0.002460482488537	0.0	0.0	0.0	0.0	0.0	0.0	0.0	0.0	0.0	0.0019484739964736	0.0019740039890719	0.0021473684613698	0.0	0.0018792961560154	0.0025759393709606	0.0032489689884467	0.0	0.0015195346085279	0.0	0.0012564312759052	0.0	0.0031140977412803	0.0	0.0	0.0	0.0	0.0	0.0	0.0	0.0
species|563170|Ferruginibacter alkalilentus	0.0008110880634734	0.0	0.0	0.0	0.0	0.0	0.0008075659506586	0.0	0.0	0.0	0.0	0.0	0.0	0.0	0.0015020013097165	0.0	0.0012991604071067	0.0	0.0	0.0	0.0	0.0	0.0	0.0	0.0	0.0	0.0	0.0	0.0	0.0011830955539118	0.0	0.0008628635574104	0.0	0.0	0.0	0.0	0.0	0.0	0.0	0.0	0.0	0.0009735797331539	0.0019703642105477	0.0	0.000674241094792	0.0012479599929701	0.0	0.0	0.0	0.0	0.0	0.0	0.0	0.0021255150974898	0.0012979005351389	0.0	0.0014800913935884	0.0	0.0	0.0	0.0	0.0	0.0	0.0	0.0	0.0	0.0	0.0011083549591512	0.0008701132168003	0.0	0.001416897947484	0.0011949504797235	0.0	0.0016989773682982	0.0	0.000791258280808	0.0	0.0	0.0	0.0	0.0	0.0	0.0	0.0	0.0	0.0015840384636975	0.0	0.0009553334942292
species|1244513|Luteimonas huabeiensis	0.0012189462101908	0.0	0.0	0.0	0.0	0.0	0.0	0.0	0.0	0.0	0.0009935228483272	0.0	0.0	0.0009448034043577	0.0	0.0	0.0	0.0	0.0	0.0	0.0	0.0	0.0	0.0	0.0	0.0	0.0	0.0	0.0009810959436684	0.0	0.0	0.0	0.0	0.0	0.0	0.0	0.0	0.0	0.0	0.0010199156360566	0.0	0.0	0.0	0.0	0.0	0.0	0.0	0.0	0.0	0.0	0.0018971415481218	0.0	0.0	0.0	0.0	0.0	0.0	0.0	0.0	0.0	0.0	0.0	0.0	0.0	0.0	0.0	0.0	0.0	0.0010813199277101	0.0010015527089735	0.0	0.0	0.0	0.0	0.0	0.0	0.0	0.0	0.0	0.0	0.0	0.0	0.0	0.0	0.0	0.0	0.0	0.0
species|659595|Chiayiivirga flava	0.0029638613136729	0.0	0.0	0.0	0.0	0.0	0.0	0.0	0.0	0.0	0.0020594429885817	0.0	0.0020527840489946	0.0035402282597414	0.0024300961757559	0.0016496726090836	0.0019538563403224	0.0020588734517213	0.0020649415738108	0.0	0.0	0.0	0.0	0.0	0.0	0.0	0.0015444240845826	0.0	0.0012542531902584	0.0021334046644747	0.0	0.0	0.0	0.0	0.0	0.0	0.0	0.0	0.0	0.0016429384018518	0.0	0.0	0.0	0.0	0.0013079625420686	0.0	0.0	0.0	0.0	0.0014624088319872	0.0025183977233694	0.0	0.0	0.0	0.0	0.0	0.0028371203256638	0.0023685101673475	0.0	0.0	0.0	0.0	0.0	0.0	0.0	0.0	0.0	0.0	0.0022163951674426	0.0015582971683496	0.0	0.0	0.0023484951124872	0.0024865774502167	0.0	0.0018662718688028	0.0	0.0019072881369758	0.0017601746349852	0.0028880152912082	0.0	0.0	0.0	0.0	0.0	0.0013112431672808	0.0	0.0
species|2511995|Pseudolysobacter antarcticus	0.0015443601009122	0.0019348101734478	0.0018624014073458	0.0	0.0021963045181893	0.002801542427175	0.0020644035677784	0.0013157069651776	0.0013593380776058	0.0017183159720676	0.0028510097243399	0.0	0.0023883912340564	0.0030326330756554	0.0	0.0014097885150617	0.0	0.0009150845152682	0.0036013051384287	0.0024582875766417	0.0	0.0020758631329908	0.0012562812147157	0.0014953516312399	0.0025715296747863	0.0	0.0015092625677375	0.0013493655194107	0.0	0.0	0.0	0.0	0.0032578875171467	0.0	0.0023166986113823	0.0025492638542683	0.0025434937671195	0.0019358439497491	0.0	0.0008442307523291	0.0019389865563598	0.0018887153093632	0.002318218647669	0.0	0.0	0.0012490605164786	0.0018104571420121	0.0013999835296055	0.001501628235569	0.0018067625363846	0.0022610810913996	0.0	0.00256299571984	0.0	0.0024427320368231	0.0	0.0	0.0014719394731665	0.0038306649641893	0.0032985155783675	0.00407882230275	0.0020482476988669	0.0022277917014759	0.0	0.0018593943686913	0.0	0.0	0.0019719197758143	0.0024651731246415	0.001947669355671	0.0	0.0019538350785855	0.0	0.0	0.0	0.0026905693263231	0.0023125990506107	0.0	0.0	0.0	0.0	0.0024983029760306	0.0	0.0024521937517034	0.0	0.0	0.0	0.0027982878392107
species|380628|Lysobacter niabensis	0.0031494100115549	0.0	0.0039526586007663	0.0	0.0020557301798443	0.0017121495902779	0.0	0.0032579412323943	0.0015919500048242	0.0013208294822121	0.0034240028930279	0.0032303677686681	0.0039902997910142	0.0038220668243537	0.0060854493799999	0.0039083553097743	0.0078680717169561	0.0068091033403088	0.0040466197751953	0.0014585824648887	0.0030350855894136	0.0027403846010923	0.0	0.0016471845730263	0.0019713615410516	0.0	0.0038937723358581	0.0	0.0071636805657767	0.0059940796526465	0.0036665580730247	0.0029134403310143	0.0036008230455433	0.0	0.0028911018259564	0.0012434306345882	0.0	0.0015134253579012	0.0	0.0042240347421926	0.0	0.0020989398122379	0.0031771043074657	0.0037884498802693	0.0024809959385266	0.0014659572158962	0.0026311640189368	0.0015646874742671	0.0013042846346688	0.0035997085521686	0.0045906170623251	0.0063284382842842	0.0022521080745383	0.0059522571470065	0.0031162541426535	0.0058199930258875	0.0059609990173376	0.0063272193113317	0.0	0.0032990723790515	0.0021671826553705	0.0021999719917868	0.0	0.0	0.0041320164228586	0.001862358154212	0.0	0.0051958901497745	0.0035394028200272	0.0027758665483055	0.0060506532004081	0.0032506831204729	0.0076461669040991	0.0066030085236372	0.0	0.0026190175438451	0.002820794271431	0.0067039640793652	0.0055844440166521	0.0079084294612352	0.0037886578649132	0.0	0.0	0.0	0.0063432038970958	0.0040435956255907	0.0020187288456993	0.0012859572809856
species|1450165|Aggregicoccus edonensis	0.0028648862905385	0.0	0.0	0.0	0.0	0.0	0.0	0.0	0.0	0.0	0.0015655461721534	0.0	0.0038036157507636	0.0056482619611007	0.0036084047204627	0.0077991491130443	0.0048326562991864	0.0046835836538515	0.008925472756765	0.0	0.0	0.0	0.0	0.0	0.0	0.0	0.005029208462419	0.0	0.0043627768091517	0.0031123670600815	0.0	0.0	0.0	0.0	0.0	0.0	0.0	0.0	0.0	0.0037023917329104	0.0	0.0	0.0	0.0	0.0	0.0	0.0	0.0	0.0	0.004154578770067	0.006425465410563	0.0033352901007047	0.0	0.0057639679866771	0.0028549697595267	0.0025836888133446	0.0042632360172868	0.0036254602308949	0.0	0.0	0.0	0.0	0.0	0.0	0.0	0.0	0.0	0.0038826052618415	0.005087435747979	0.0037120753109016	0.004923196624279	0.0043408986594287	0.0053888754019675	0.0037234862462668	0.0	0.003652655780171	0.0	0.002072508594151	0.0037940804362434	0.0033393920915827	0.0	0.0	0.0	0.0	0.0	0.0	0.0	0.0
species|378543|Tumebacillus permanentifrigoris	0.0051482430938688	0.0	0.0	0.0	0.0	0.0	0.0	0.0	0.0	0.0	0.0061499699278799	0.0	0.0	0.0	0.003795921100869	0.0037082945225044	0.0114521835995503	0.0	0.0039462630409596	0.0	0.0	0.0	0.0	0.0	0.0	0.0	0.0	0.0	0.0036919944751177	0.0008220557929298	0.0	0.0018451678852017	0.0	0.0	0.0	0.0	0.0	0.0	0.0	0.0086275001649835	0.0	0.0	0.0	0.0230118408195836	0.0110103564902674	0.0	0.0	0.0	0.0	0.0203707454709866	0.0	0.0362132133308971	0.0	0.0080010695779998	0.0073107551697264	0.003269539210057	0.0	0.006717200765887	0.0	0.0	0.0	0.0	0.0	0.0	0.0	0.0	0.0	0.0299981332333629	0.0	0.0018138289699792	0.0	0.0032508639748019	0.0091806685420364	0.0024335188232048	0.0	0.0076123348541345	0.0	0.0	0.0256180988907333	0.0261598800123742	0.0	0.0	0.002109573691068	0.0	0.0026311283988535	0.0	0.0157546180643895	0.0
species|2509614|Rhodoferax sediminis	0.001152707261694	0.0	0.0	0.0	0.0	0.0	0.0	0.0	0.0	0.0	0.0	0.0	0.0	0.0	0.0	0.0	0.0	0.0012310667167165	0.0	0.0	0.0	0.0	0.0	0.0	0.0	0.0	0.0013230721852907	0.0	0.0014194748823081	0.0	0.0	0.0011204163964321	0.0	0.0	0.0	0.0	0.0	0.0	0.0	0.0010054395927437	0.0	0.0	0.0	0.0	0.0008910800011532	0.0	0.0	0.0	0.0	0.0	0.0	0.0	0.0	0.0	0.0	0.0	0.0	0.0	0.0	0.0	0.0	0.0	0.0	0.0	0.0	0.0	0.0	0.0	0.0	0.0	0.0	0.0	0.0	0.0	0.0	0.0	0.0	0.0017026194356783	0.0016980815683703	0.0	0.0	0.0	0.0	0.0	0.0	0.0017773124414145	0.0	0.0
species|1665|Arthrobacter globiformis	0.0021651138352237	0.0	0.0	0.0	0.0	0.0	0.0	0.0	0.0	0.0	0.0	0.0	0.0	0.0	0.0	0.0024800958135438	0.0	0.0	0.0031826943642563	0.0	0.0	0.0	0.0	0.0	0.0	0.0	0.0	0.0	0.0	0.00219582704656	0.0	0.0	0.0	0.0	0.0	0.0	0.0	0.0	0.0	0.0	0.0	0.0	0.0	0.0	0.0	0.0	0.0	0.0	0.0	0.0	0.0	0.0	0.0	0.0	0.0	0.0	0.0	0.002776237565251	0.0	0.0	0.0	0.0	0.0	0.0	0.0	0.0	0.0	0.0	0.001815892557066	0.0	0.0	0.0	0.0	0.0	0.0	0.0012707356127347	0.0	0.0019052986254253	0.0	0.0	0.0	0.0	0.0	0.0	0.0	0.0	0.0	0.0
species|2578107|Arthrobacter sp. KBS0702	0.001848638918146	0.0031254650989734	0.0	0.0	0.0	0.0	0.0025212832620438	0.0014410124678904	0.0017225538171502	0.0	0.0	0.0	0.0	0.0	0.0	0.0	0.0	0.0	0.0	0.0020321889508386	0.0046133300959087	0.0020830063272434	0.0028081584392551	0.0	0.0	0.0	0.0	0.0	0.0	0.0012434104653285	0.0	0.0	0.0	0.0044579837003522	0.0	0.0	0.0	0.0027761070776098	0.0	0.0	0.0	0.0020877889358474	0.0021414579443221	0.0	0.0	0.0021707835998597	0.0	0.0	0.0	0.0	0.0	0.0	0.0	0.0	0.0	0.0	0.0	0.0	0.0	0.0	0.0	0.0	0.0	0.0	0.0030104480255002	0.0025718339836821	0.0	0.0	0.0	0.0	0.0	0.0	0.0	0.0	0.0	0.0010375810421539	0.0025817411732901	0.0	0.0	0.0	0.0031742784573028	0.0036063884595569	0.0	0.0036387694343367	0.0	0.0	0.0	0.0035950820659004
species|1806200|Ensifer collicola	0.0014091857750547	0.0	0.0	0.0	0.0	0.0	0.0	0.0	0.0	0.0	0.0024123410654656	0.0	0.0051526096222773	0.0036042242799085	0.0020441943605456	0.003572684580571	0.001988980834768	0.0025921831649883	0.0017335208973585	0.0	0.0	0.0	0.0	0.0	0.0	0.0	0.0031863845318192	0.0	0.0014036743347386	0.00209933611162	0.0037700325392558	0.0028361287375099	0.0	0.0	0.0	0.0	0.0	0.0	0.0	0.0033390840108399	0.0	0.0	0.0	0.0	0.0013671314534246	0.0	0.0	0.0	0.0	0.0013641559536749	0.0033824262909461	0.0	0.0	0.0	0.0	0.0029914180945427	0.0032007502128427	0.0	0.0	0.0	0.0	0.0	0.0	0.0	0.0	0.0	0.0	0.0	0.0022592436843738	0.002609062836765	0.0	0.0017104683356724	0.0022498507335486	0.0030040742809643	0.0	0.0014845978100924	0.0	0.0027577484762547	0.0038493878157924	0.0017638870513025	0.0	0.0	0.0	0.0	0.0	0.0016815892687321	0.0016527109408524	0.0
species|946333|Rhizobacter gummiphilus	0.0024291828983824	0.0	0.0	0.0	0.0	0.0	0.0	0.0	0.0	0.0	0.0	0.0	0.0	0.0	0.0017007369949399	0.0023302282298473	0.0	0.0	0.0020042074748339	0.0	0.0	0.0	0.0	0.0	0.0	0.0	0.0024555811041806	0.0	0.001539561473403	0.0	0.0	0.0019330977072	0.0	0.0	0.0	0.0	0.0	0.0	0.0	0.0	0.0	0.0	0.0	0.0060056213588266	0.0018436103225929	0.0	0.0	0.0	0.0	0.0	0.0	0.0	0.0	0.0028667531443245	0.0	0.0	0.0	0.0	0.0	0.0	0.0	0.0	0.0	0.0	0.0	0.0	0.0	0.0	0.0	0.0	0.0	0.0	0.0	0.0	0.0	0.0013239820589921	0.0	0.0025998680074434	0.0022214059474342	0.0039346802762282	0.0	0.0	0.0	0.0	0.0	0.0018474492873803	0.0022132991901075	0.001819560307262
species|1005039|Fimbriimonas ginsengisoli	0.0022538385688125	0.001785980056556	0.0	0.0	0.0015719467956469	0.0009337795028769	0.0	0.0011961950026202	0.0010638297881493	0.0011624244827971	0.003060230923945	0.0	0.0023051591657519	0.0020551735040708	0.0026126714565536	0.0036250647332905	0.0032899246058944	0.0012544566222104	0.0019717795083815	0.0007861628586304	0.0	0.0015097188148707	0.0	0.001218256945973	0.0	0.0	0.0032726995966207	0.0	0.0025300876434484	0.0030758714969241	0.001809772772974	0.0039147977090432	0.0	0.0	0.0	0.0009949672726247	0.0017295757452436	0.0011239178929219	0.0021324992891669	0.003765579421904	0.0	0.0016404037000183	0.0	0.0019763889071047	0.0029509030712232	0.0008144206754262	0.0008667559687967	0.0019764473359136	0.0009537435299492	0.0019413653309398	0.0020775623268698	0.0024088646218082	0.0010096303199751	0.0019329278891591	0.0032305863950401	0.0017253278122843	0.0022155070507755	0.0022930887610912	0.0012768883213829	0.0013194062671797	0.0	0.0013654984067445	0.0015316067947646	0.0	0.0011043270987953	0.0	0.0	0.0014312174157761	0.0033262206602234	0.0015121554081206	0.0042805400070052	0.0016629310997489	0.0028665032504555	0.0020140986908358	0.0	0.0028795358456174	0.0	0.002975322314771	0.0039693790756973	0.0029203524439793	0.0	0.0	0.0	0.0013231888852133	0.0025748024505016	0.0020013802622498	0.0024025827764847	0.0008585533376261
species|2079227|Arthrobacter sp. PGP41	0.0014004379960177	0.0	0.0	0.0	0.0	0.0	0.0	0.0	0.0	0.0	0.0	0.0	0.0	0.0	0.0	0.0	0.0	0.0	0.0	0.0	0.0	0.0	0.0	0.0	0.0	0.0	0.0	0.0	0.0	0.0	0.0	0.0	0.0	0.0	0.0	0.0	0.0	0.0	0.0	0.0	0.0	0.0	0.0	0.0	0.0	0.0	0.0	0.0	0.0	0.0	0.0	0.0	0.0	0.0	0.0	0.0	0.0	0.0	0.0	0.0	0.0	0.0	0.0	0.0	0.0	0.0	0.0	0.0	0.0	0.0	0.0	0.0	0.0	0.0	0.0	0.0	0.0	0.0	0.0	0.0	0.0	0.0	0.0	0.0	0.0	0.0	0.0	0.0
species|361575|Pseudarthrobacter phenanthrenivorans	0.0014616902083074	0.0	0.0	0.0	0.0	0.0	0.0	0.0	0.0	0.0	0.0023571900478025	0.0	0.0	0.0	0.0	0.0	0.0	0.0	0.0	0.0	0.0	0.0	0.0	0.0	0.0	0.0	0.0024794786835166	0.0	0.0	0.0	0.0	0.0	0.0	0.0	0.0	0.0	0.0	0.0	0.0	0.0	0.0	0.0	0.0	0.0	0.0018245889691792	0.0	0.0	0.0	0.0	0.0	0.0	0.0	0.0	0.0	0.0	0.0	0.0	0.0	0.0	0.0	0.0	0.0	0.0	0.0	0.0	0.0	0.0	0.0	0.0	0.0	0.0	0.0	0.0	0.0	0.0	0.0	0.0	0.0019373383642594	0.0	0.0	0.0	0.0	0.0	0.0	0.0	0.0	0.0022793085366474	0.0
species|1892855|Sphingosinicella sp. BN140058	0.002746865755728	0.0	0.0	0.0	0.0	0.0	0.0	0.0	0.0	0.0	0.0025448434593379	0.0	0.0042661715299377	0.0014477174748072	0.0027999788568623	0.0030759795462662	0.0028484918512021	0.003528338992061	0.0028349579170311	0.0	0.0	0.0	0.0	0.0	0.0	0.0	0.0023593717905387	0.0	0.0019879045890677	0.0035540321897971	0.0	0.0	0.0	0.0	0.0	0.0	0.0	0.0	0.0	0.0015375777385198	0.0	0.0	0.0	0.0	0.0	0.0	0.0	0.0	0.0	0.0017952560139428	0.0046744279239206	0.0035329611744367	0.0	0.0020297935683758	0.0021829226604199	0.002719710994169	0.0039582752514965	0.0016587405511088	0.0	0.0	0.0	0.0	0.0	0.0	0.0	0.0	0.0	0.0018529071147161	0.0039257053607542	0.0035477397648545	0.0035332075854517	0.0021646105149297	0.004282353680302	0.0026085549220075	0.0	0.0022189730537957	0.0	0.0018076352277906	0.0013467526686917	0.0017081852955259	0.0	0.0	0.0	0.0	0.0	0.0012874858384524	0.0009009685411817	0.0
species|266061|Pseudoxanthomonas koreensis	0.0011158576139954	0.0	0.0	0.0	0.0	0.0	0.0	0.0	0.0	0.0	0.0	0.0	0.0	0.0011940171407628	0.0	0.0	0.0	0.0	0.0	0.0	0.0	0.0	0.0	0.0	0.0	0.0	0.0	0.0	0.0	0.0012290070231398	0.0	0.0	0.0	0.0	0.0	0.0	0.0	0.0	0.0	0.0006573575337086	0.0	0.0	0.0	0.0	0.0	0.0	0.0	0.0	0.0	0.0010296263743164	0.0012946806415314	0.0	0.0	0.0	0.0	0.0	0.0	0.0	0.0	0.0	0.0	0.0	0.0	0.0	0.0	0.0	0.0	0.0	0.0009102408881342	0.0	0.0	0.0	0.0	0.0	0.0	0.0	0.0	0.0009325699889138	0.0	0.0	0.0	0.0	0.0	0.0	0.0	0.0	0.0	0.0
species|1463158|Thermomonas carbonis	0.0015810418814068	0.0	0.0	0.0	0.0	0.0	0.0	0.0	0.0	0.0	0.0	0.0	0.0	0.0	0.0	0.0	0.0	0.0	0.0	0.0	0.0	0.0	0.0	0.0	0.0	0.0	0.0	0.0	0.0	0.0016861316337827	0.0	0.0	0.0	0.0	0.0	0.0	0.0	0.0	0.0	0.0	0.0	0.0	0.0	0.0	0.0	0.0	0.0	0.0	0.0	0.0	0.0	0.0	0.0	0.0	0.0	0.0	0.0	0.0	0.0	0.0	0.0	0.0	0.0	0.0	0.0	0.0	0.0	0.0	0.0	0.0	0.0	0.0	0.0	0.0	0.0	0.0	0.0	0.0	0.0	0.0	0.0	0.0	0.0	0.0	0.0	0.0	0.0	0.0
species|1036780|Bosea robiniae	0.0024011685998112	0.0	0.0	0.0	0.0	0.0	0.0	0.0	0.0	0.0	0.0022344848895968	0.0	0.0	0.0	0.0	0.0	0.001335803770785	0.0016066989579511	0.0014409025095682	0.0	0.0	0.0	0.0	0.0	0.0	0.0	0.0022837892215432	0.0	0.0027351607361773	0.0025959276691113	0.0	0.0010053649438882	0.0	0.0	0.0	0.0	0.0	0.0	0.0	0.0020063640856355	0.0	0.0	0.0	0.0	0.0022790190367013	0.0	0.0	0.0	0.0	0.0020326535111709	0.0	0.0	0.0	0.0	0.0	0.0	0.0	0.0	0.0	0.0	0.0	0.0	0.0	0.0	0.0	0.0	0.0	0.0	0.0	0.0	0.0	0.0	0.0	0.0	0.0	0.0	0.0	0.002701912148442	0.00109119520803	0.0	0.0	0.0	0.0	0.0	0.0022196572849152	0.0017255305062131	0.001877018632352	0.0
species|1789691|Flaviaesturariibacter luteus	0.002466155235181	0.0	0.0	0.0	0.0	0.0	0.0	0.0	0.0	0.0	0.001121324523743	0.0	0.0014358743013813	0.002521982225284	0.0020373621761924	0.001794595258778	0.0022297923662508	0.0043120312858351	0.0013628704718223	0.0	0.0	0.0	0.0	0.0	0.0	0.0	0.0037895241528899	0.0	0.0044919541129818	0.0038461405511736	0.0037572605782873	0.0077510056916371	0.0	0.0	0.0	0.0	0.0	0.0	0.0	0.0017702873016514	0.0	0.0	0.0	0.0040986344917884	0.0042825623941178	0.0	0.0	0.0	0.0	0.0	0.0	0.0	0.0	0.0	0.0	0.0	0.0023414459338287	0.0	0.0	0.0	0.0	0.0	0.0	0.0	0.0	0.0	0.0	0.0	0.0010020197769936	0.0010019427448179	0.0	0.0008257576762121	0.001326611071096	0.003519326331555	0.0	0.0010918469388928	0.0	0.0032020206886656	0.0040878705961849	0.0033651233084574	0.0	0.0	0.0	0.0	0.0099780385830358	0.0097845474120783	0.0040977518802592	0.0
species|2086471|Adhaeribacter swui	0.0009150193065935	0.0	0.0	0.0	0.0	0.0	0.0	0.0	0.0	0.0	0.0	0.0	0.0	0.0	0.0011430437980705	0.0013316542721391	0.0013708019191226	0.0008583198137475	0.0018324566668654	0.0	0.0	0.0	0.0	0.0	0.0	0.0	0.0	0.0	0.0013675324850809	0.0008202323991797	0.001303655875701	0.0010106679507414	0.0	0.0	0.0	0.0	0.0	0.0	0.0	0.0015369925302774	0.0	0.0	0.0	0.0034478003034064	0.0020860106561343	0.0	0.0	0.0	0.0	0.0	0.0	0.0	0.0	0.0	0.0	0.0	0.0014210312626877	0.0	0.0	0.0	0.0	0.0	0.0	0.0	0.0	0.0	0.0	0.0	0.0	0.0	0.0	0.0	0.0	0.0	0.0	0.0	0.0	0.0016335116496926	0.0	0.0028058361391694	0.0	0.0	0.0	0.0	0.0019531414799238	0.0023465508806373	0.0012763721000075	0.0
species|578943|Dongia mobilis	0.0009470481601208	0.0	0.0	0.0	0.0	0.0	0.0	0.0	0.0	0.0	0.0016484678925985	0.0	0.0016465422612513	0.0019457079744665	0.0031610121621493	0.0	0.0015833483805506	0.0010014968669235	0.0	0.0	0.0	0.0	0.0	0.0	0.0	0.0	0.0011412790301383	0.0	0.0	0.0008257896570485	0.0	0.0	0.0	0.0	0.0	0.0	0.0	0.0	0.0	0.0009553362772523	0.0	0.0	0.0	0.0	0.0	0.0	0.0	0.0	0.0	0.0045750657514225	0.003251110070864	0.0033985806885433	0.0	0.0046780314114448	0.0027067143970536	0.0040016174292029	0.0016325979356965	0.0025238627113847	0.0	0.0	0.0	0.0	0.0	0.0	0.0	0.0	0.0	0.0035659942504629	0.0034588938758575	0.0038059915537947	0.0043794540821508	0.0035500445035535	0.0040162872832471	0.001983825573751	0.0	0.0028558897132205	0.0	0.0009847156340886	0.0012188253190076	0.0015906946297432	0.0	0.0	0.0	0.0	0.0	0.0	0.0	0.0
species|940149|Dongia rigui	0.0013718637359651	0.0	0.0	0.0	0.0	0.0	0.0	0.0	0.0	0.0	0.0017625982472979	0.0	0.0	0.001612317085314	0.0022239966452553	0.0031820909661615	0.0034875557354892	0.0014413922119487	0.0017833593778579	0.0	0.0	0.0	0.0	0.0	0.0	0.0	0.0010029357036163	0.0	0.0031424769079675	0.0007463224415273	0.0	0.0	0.0	0.0	0.0	0.0	0.0	0.0	0.0	0.0	0.0	0.0	0.0	0.0	0.0	0.0	0.0	0.0	0.0	0.0029077118922566	0.0017119554877686	0.0023826965494898	0.0	0.0022447198459845	0.0	0.003819868652852	0.0024165488782827	0.0020241211808175	0.0	0.0	0.0	0.0	0.0	0.0	0.0	0.0	0.0	0.0028500225487574	0.0023292288834601	0.0033758264569261	0.0031949980681342	0.002596428364855	0.0060130892702053	0.0034294340337725	0.0	0.0021990655394135	0.0	0.0007654739697851	0.001207613829803	0.0030108766436684	0.0	0.0	0.0	0.0	0.0	0.0	0.0	0.0
species|332163|Candidatus Solibacter usitatus	0.0011996589742842	0.0130669560626329	0.0109063787576986	0.0123642141538286	0.0125548115556555	0.0113730307380138	0.0121952158938388	0.0126199549718139	0.0127709723387969	0.0162389532418348	0.0023647237976089	0.0126236317440367	0.0017563117453347	0.002062401942476	0.0026948073940863	0.0033291259555039	0.0025316925933674	0.001650600818698	0.0020570489461519	0.0114768624838581	0.0105727058039607	0.0151352081359037	0.0131177229765362	0.0131878352041772	0.0110704992529129	0.0151293962412937	0.0022832787883599	0.01423584443557	0.0011624726477024	0.0008885749910726	0.0	0.0	0.0125650910220915	0.0097500521934656	0.0113229133236167	0.0129290780836501	0.0134296469628948	0.0137210018566759	0.0163483383402826	0.0013259082471492	0.0142321798603427	0.0110185858705367	0.01253545122768	0.0	0.0	0.0099057508835083	0.0137498988080436	0.0137516886031766	0.0115221371584132	0.0059333914097308	0.0060008800570046	0.0067448209410609	0.0145591147013528	0.0079824869618852	0.0055433613733539	0.0056277188960492	0.005479507844461	0.0064437923072093	0.0160520565148818	0.0105553339698701	0.0166190401030471	0.0125241885047296	0.0153768277238276	0.019403096147799	0.0141691289704068	0.0109863531588221	0.0141820860865842	0.0040702516911541	0.0054266584375328	0.0061032014912392	0.0066475057415306	0.0080863053418903	0.0061432723771062	0.0040281978961971	0.0106985146951736	0.0060603539905444	0.0103704388624604	0.0008750948019368	0.0014883721074398	0.0017383940965452	0.011071208206324	0.0125914972031654	0.0	0.0130253745203172	0.0	0.0	0.0	0.0137639286470368
species|1736675|Devosia sp. A16	0.0023437411416322	0.0	0.0	0.0	0.0	0.0	0.0	0.0	0.0	0.0	0.0035884570850917	0.0	0.0032450039895436	0.0035609779020859	0.0029835353675126	0.0058568086023598	0.0047655020232811	0.0022325399299284	0.0042852803728593	0.0008099222756003	0.0	0.0	0.0	0.0	0.0	0.0	0.0036580767536996	0.0	0.002796607602059	0.0020980132421525	0.0	0.001552807995443	0.0	0.0	0.0	0.0	0.0	0.0	0.0	0.0022600901012978	0.0	0.0	0.0	0.0	0.0027982443220084	0.0	0.0	0.0	0.0	0.00310026946235	0.0053093461865545	0.0	0.0	0.0029650179581481	0.0025846598572731	0.0049729887522886	0.0036619697921925	0.0023024866123095	0.0	0.0	0.0	0.0	0.0	0.0	0.0	0.0	0.0	0.0029039774291248	0.0035282235997332	0.0028617538820136	0.0045755998442263	0.0029890604073822	0.0037030448597135	0.0044952688346022	0.0	0.0031843439915664	0.0	0.0028609486938749	0.0026242755347441	0.0047139735470456	0.0	0.0	0.0	0.0	0.0022619752759102	0.0025535422656792	0.0017266724304725	0.0
species|408174|Devosia insulae	0.0024455148256815	0.0	0.0	0.0	0.0	0.0	0.0	0.0	0.0	0.0	0.001678620332128	0.0	0.0029020871191281	0.0026436573819141	0.0020785106095545	0.0	0.0022242440800544	0.0025456150570973	0.0016334641105669	0.0	0.0	0.0	0.0	0.0	0.0	0.0	0.0033877243047324	0.0	0.0019280639477492	0.0013883830932457	0.002312487432416	0.0007415715231917	0.0	0.0	0.0	0.0	0.0	0.0	0.0	0.0021616812941857	0.0	0.0	0.0	0.0	0.0	0.0	0.0	0.0	0.0	0.0010477249354005	0.0	0.0	0.0	0.0	0.0	0.0018124211414298	0.0	0.0016854561057858	0.0	0.0	0.0	0.0	0.0	0.0	0.0	0.0	0.0	0.0013896701474182	0.0018012531734228	0.0022577048579106	0.0	0.0014214474212178	0.0023789081667769	0.0	0.0	0.0012491519104952	0.0	0.0022671668344645	0.0016285549148481	0.0	0.0	0.0	0.0	0.0	0.0	0.0	0.0	0.0
species|396|Rhizobium phaseoli	0.002820770249302	0.0	0.0	0.0	0.0	0.0	0.0	0.0	0.0	0.0	0.0010976753862938	0.0	0.0	0.0039895720641094	0.0024521218995441	0.0011027319674137	0.0039892729039617	0.00102436226437	0.0012574373484611	0.0	0.0	0.0	0.0	0.0013718151402545	0.0	0.0	0.0021709726787452	0.0	0.0030287295503559	0.0027576803592594	0.0	0.0020474667943759	0.0	0.0	0.0	0.0	0.0	0.0	0.0	0.0013976042677226	0.0	0.0	0.0	0.0026175194381302	0.0009586184689745	0.0	0.0	0.0	0.0	0.0021232168189102	0.0018543341057097	0.0039167377623816	0.0	0.0028198052867334	0.0025599030132305	0.0042034656470657	0.0069123193131857	0.0035633171009994	0.0	0.0	0.0	0.0015930960353671	0.0	0.0	0.0	0.0	0.0	0.0014382350353178	0.0019935658505462	0.0037873983591804	0.0017757269746939	0.0027652507491128	0.0019664714101427	0.0026149395452955	0.0	0.0011015073259814	0.0	0.001860040479119	0.0026216764519455	0.0018779066283832	0.0	0.0	0.0	0.0	0.0027353225574463	0.0017044955045435	0.0024285508045475	0.0
species|28202|Peredibacter starrii	0.0016769998963923	0.0	0.0	0.0	0.0	0.0	0.0	0.0	0.0	0.0	0.0016692168590902	0.0	0.0023056873297828	0.001738992964983	0.0021983983577102	0.0019250217812053	0.001576422206991	0.0009903604912188	0.0	0.0	0.0	0.0	0.0	0.0	0.0	0.0	0.003729353911489	0.0	0.0030772578275381	0.001784709451199	0.003012043405874	0.0038722431707321	0.0	0.0	0.0	0.0	0.0	0.0	0.0	0.0018562776337477	0.0	0.0	0.0	0.0037236717087745	0.0032052908484673	0.0	0.0	0.0	0.0	0.0015530964861192	0.0	0.0	0.0	0.0011597564511452	0.0013097005151488	0.0	0.0	0.0	0.0	0.0	0.0	0.0	0.0	0.0	0.0	0.0	0.0	0.0	0.0010670820079945	0.0012795172944905	0.0016267552856718	0.0016526355547637	0.0029675821053449	0.0	0.0	0.0006092697871154	0.0	0.0030336651884268	0.0022765257554304	0.0029562055494168	0.0	0.0	0.0	0.0	0.0031101421381675	0.0024154586524098	0.0018768513630859	0.0
species|462367|Flavisolibacter ginsengisoli	0.0017349115269933	0.0018922562660056	0.003998468133928	0.0043253181939021	0.0014022138717393	0.0019469741859945	0.0017035975157124	0.0	0.001356834884979	0.0	0.0016317410790657	0.0	0.004340749043816	0.005301901114282	0.0025795276156488	0.0038684251295708	0.0085072556996128	0.0056475612030181	0.0027223232839223	0.0016250495192693	0.0	0.0018632652158993	0.0013585304510635	0.001647225052054	0.0014040307234649	0.0	0.0061225941347652	0.0013040851012444	0.0030739732264377	0.0044792521676514	0.003652806815635	0.0024891316651655	0.0050148550854797	0.0017454292114559	0.0013919628320527	0.0009919086904182	0.0	0.0011292232774769	0.0	0.0031830953216064	0.0	0.001166982942104	0.0022507522400688	0.003044480591851	0.0018469466174689	0.00151016550771	0.0014431022479584	0.0016025789995855	0.0017570050341988	0.0028633876353798	0.0100774571421052	0.003410698321577	0.0025985955274097	0.0046758371424266	0.0040823894314438	0.0040594803901448	0.0041895497055181	0.0021726220034317	0.0018279776676671	0.0035512878392808	0.0028950556215222	0.0019378301487115	0.0	0.0024713794049358	0.0016842648135415	0.0020147647757816	0.0	0.004289395074292	0.0078561723408029	0.0032225742820236	0.0042549261061666	0.0035957511637666	0.003244138913658	0.0050061221031323	0.0	0.0028826256739588	0.0017965172745441	0.0034572591552154	0.0033204808099637	0.0018039488459734	0.0019560766212162	0.0	0.0	0.0	0.0027287622905199	0.0023263673099522	0.0024474565479954	0.0015791200921875
species|685828|Armatimonas rosea	0.0010564868291309	0.0019561926391526	0.0015337423312883	0.0	0.0008464328899637	0.0011639949059	0.0	0.0008771380239333	0.0011820330969267	0.0013868709279447	0.0009737098188564	0.0013705335291238	0.0	0.0	0.0010613977792292	0.0	0.0	0.0	0.0	0.0012055763077957	0.0	0.0016984363011415	0.0	0.0012184313740104	0.0	0.0	0.0	0.0	0.0	0.0010252904989747	0.0	0.0	0.0	0.0	0.0013652425238418	0.0011197397246496	0.0	0.0010474443391699	0.0	0.0	0.0	0.0008947642471534	0.0009456957698508	0.0	0.0	0.0011944836572917	0.0009455519659601	0.0014821328927096	0.0010023551660604	0.0	0.0	0.0	0.0015532945525318	0.0013530491929081	0.0	0.0	0.0	0.0	0.0	0.0	0.0015296757087497	0.0010607405925432	0.0	0.0	0.0011973655668318	0.0015948179209169	0.0	0.0	0.0	0.0009887169892272	0.0	0.0009399175735212	0.0	0.0	0.0	0.0006154741772968	0.0	0.0	0.0	0.0	0.0	0.0015455950540958	0.0	0.0	0.0	0.0	0.0	0.0008585533369276
species|173480|Gemmatimonas aurantiaca	0.0008207230558758	0.0013338184976714	0.0021062385905647	0.0021916350156345	0.0017268488460229	0.0015084819432392	0.0019008965153796	0.001880688486871	0.002029806236758	0.0013379399305911	0.0011835602567112	0.0025952337138949	0.0	0.0	0.0011396021068992	0.0018716467179351	0.0008911047969984	0.0013321673167765	0.0015029470985991	0.001682300341153	0.0022330571558492	0.0027629266991236	0.0	0.0012287887301529	0.0020538088908519	0.0018958879933119	0.0	0.0017178870273684	0.0	0.0	0.0	0.0	0.0	0.0012960094441755	0.0021181347560551	0.0016478480857144	0.0022372832679603	0.0013407807727119	0.0019267651751851	0.0010737050672477	0.002070181711772	0.0019927642214619	0.0014489668234431	0.0	0.0	0.0010918995537512	0.0018810459361628	0.0	0.0017317259490504	0.0009309474958335	0.001707846473084	0.0	0.0018449689691736	0.0014407703170547	0.001651705050486	0.0	0.0	0.0020468695571636	0.0021891902894058	0.0	0.0018424506511449	0.0022695590891463	0.0	0.0025918245196036	0.0018769832020467	0.001557418602677	0.0	0.0018610908317053	0.0021604019845574	0.0018692975327539	0.0019921175240001	0.0024189714277574	0.0021739391564758	0.0	0.0	0.0023252115546154	0.0015083898495291	0.0	0.0	0.0	0.0012266479289979	0.0015282990049892	0.0	0.0017496422248927	0.0	0.0	0.0	0.0024942956446793
species|2056494|Candidatus Saccharibacteria bacterium YM_S32_TM7_50_20	0.0060410460842723	0.0017859731841227	0.0019719544259421	0.0	0.0026337745785511	0.0041241926698311	0.0024531516183986	0.0012530543199047	0.0016548463356973	0.0015849953770967	0.0054944950861791	0.0009789525208027	0.0061470918972635	0.0058493399731198	0.0056335701304796	0.0068802249019671	0.0047292666208394	0.0052158725854739	0.0042519715274183	0.0025161187167579	0.0019424547772247	0.0021702207963766	0.000812887969258	0.0027137799796882	0.001792275293485	0.0	0.0090570058621889	0.0	0.0058123632234306	0.009432674294143	0.0041222602051075	0.0064924595774785	0.0	0.0017344550525456	0.001044008994539	0.0021142963746035	0.0017295711261436	0.0015756302521008	0.0021332456255703	0.0074902010002587	0.0023267838676318	0.0019883680316517	0.0024901253649321	0.0051234778048689	0.0071228698338755	0.0011944836572869	0.0014183279489401	0.0009882236679568	0.0017031132910961	0.002717918837622	0.0035780240073868	0.0032118192610325	0.0021745883814849	0.0038658548534289	0.004103728280818	0.0037957211495589	0.0043631138729033	0.0024558147058878	0.0013751104999508	0.0	0.0024474848813514	0.0025034137460172	0.0026455026455059	0.0025924645696508	0.001770851779706	0.0023048109037687	0.0	0.0031150025256777	0.0054600225931969	0.0035477492014266	0.0038414371988534	0.0071600808203397	0.0071662766018568	0.004523279315336	0.0	0.003825438341098	0.0016410660364961	0.008504410226301	0.0084740037907015	0.0081930415263669	0.0	0.0012364760432766	0.0	0.0	0.005948681746307	0.0057969328463537	0.007732557428714	0.0016632069250028
species|708132|Oligoflexus tunisiensis	0.0024653320821503	0.0	0.0	0.0	0.0	0.0	0.0	0.0	0.0	0.0	0.0036859904546111	0.0	0.0041712415141586	0.0032411948634807	0.005062058658861	0.00377302655854	0.0044551253259488	0.0027069853426646	0.0018513799175324	0.0	0.0	0.0	0.0	0.0	0.0	0.0	0.0034935904297317	0.0	0.0034874179431072	0.0030074760039226	0.0020105705645935	0.0023289829195241	0.0	0.0	0.0	0.0	0.0	0.0	0.0	0.0024927719606601	0.0	0.0	0.0	0.0023445045253026	0.0016751893282392	0.0	0.0	0.0	0.0	0.003753580851291	0.0024238227146814	0.0046571705341318	0.0	0.0049289649212801	0.0054134287959499	0.0034506556245701	0.0037555826406097	0.0029028134705627	0.0	0.0	0.0	0.0	0.0	0.0	0.0	0.0	0.0	0.0029466269399033	0.00458219992991	0.0048436060880741	0.0050682331759436	0.0050013716933092	0.005835324178866	0.0042799597180261	0.0	0.0035894802665281	0.0	0.0032086811907796	0.002905583212665	0.0050238411435034	0.0	0.0	0.0	0.0	0.0017121723106639	0.0024154557748676	0.0014322820776743	0.0
species|1492898|Flavisolibacter tropicus	0.0027869709795646	0.0011107469339831	0.0	0.0	0.0	0.0	0.0	0.0	0.0011734453325747	0.0	0.0024549600140251	0.0	0.0054452082737181	0.0063284516732998	0.0039771279678761	0.0077121395172542	0.0096891741654559	0.0100575120417609	0.002102009333098	0.0	0.0	0.0	0.0	0.0	0.0	0.0	0.0100789032951756	0.0	0.005271807386781	0.0050044574206527	0.0055193473748481	0.0057805074881428	0.0	0.0	0.0	0.0	0.0	0.0	0.0	0.0045841916107314	0.0	0.0	0.001381128758787	0.0069221993921693	0.0046771141333432	0.0008942349357837	0.0013217799901082	0.0	0.0	0.0031182488502992	0.0064764805422502	0.0063746647034559	0.0	0.0076211247323389	0.004483579065515	0.0051593914234463	0.0058343845100186	0.0027881827962723	0.0	0.0	0.0	0.0	0.0	0.0	0.0	0.0	0.0	0.0060748628103511	0.0030147129351896	0.0049719505168643	0.0054034285493295	0.0033057299393896	0.0036703122331132	0.01071810362659	0.0	0.0018212986668883	0.0	0.0049352204469801	0.0095901139847641	0.0061706084606855	0.0	0.0	0.0	0.0	0.0080880863939642	0.0036454018499741	0.0027985100459984	0.0
species|940145|Flavisolibacter rigui	0.0009764957592614	0.0	0.0	0.0	0.0018188754704924	0.0	0.001519433564164	0.0016155025654809	0.0018163349464025	0.0014068783986856	0.0	0.0024046413568162	0.0022579592365633	0.0019762757270663	0.0016064221604735	0.0009932643863279	0.0010419630985581	0.0015234672664427	0.0018570025893519	0.0011443571867009	0.0	0.0	0.0018594836536801	0.0015109730097643	0.0018845063403748	0.0	0.0016779186444946	0.0019271482506623	0.0017455175940556	0.0014735933583471	0.0	0.0012719661352375	0.0	0.0018986148735056	0.0017630724134759	0.0	0.0	0.0020119277659231	0.0	0.0012091860213462	0.0	0.0015454619170122	0.0	0.0	0.0014823273975793	0.0009606220414875	0.0016811200901177	0.0016251116933744	0.0014228034849607	0.0011169489848433	0.0038850535436176	0.0	0.0015028453361153	0.0012127292396081	0.0013366743213542	0.0016759926742998	0.001778476555145	0.001505278533133	0.0026670174477021	0.0	0.0	0.0020712648683967	0.0	0.0	0.001192190681854	0.0021377061696977	0.0	0.0019423345302099	0.0016304676203126	0.0012387270563362	0.0	0.0014951372722835	0.0019617350971714	0.0	0.0	0.0007983486995969	0.0011448384142099	0.0019471635241419	0.0012571524559788	0.0015240114006891	0.0024938936531965	0.0024315831172531	0.0	0.0	0.0	0.0015683948481784	0.0009579194223123	0.0014694532679696
species|216778|Stenotrophomonas rhizophila	0.0016942212356188	0.0	0.0	0.0	0.0	0.0	0.0	0.0	0.0	0.0	0.0029991772075577	0.0	0.0020857679039185	0.0	0.0	0.0	0.0	0.0018090043601564	0.0	0.0	0.0	0.0	0.0	0.0	0.0	0.0	0.0	0.0	0.0	0.0	0.0	0.0	0.0	0.0	0.0	0.0	0.0	0.0	0.0	0.0015127708711597	0.0	0.0	0.0	0.0024927893212625	0.000689546428143	0.0	0.0	0.0	0.0	0.0011431275432553	0.0	0.0	0.0	0.0	0.0	0.0	0.0	0.0	0.0	0.0	0.0	0.0	0.0	0.0	0.0	0.0	0.0	0.0	0.0010190780230116	0.0	0.0	0.0	0.0	0.0	0.0	0.0	0.0	0.000750437823112	0.0	0.0015712720256618	0.0	0.0	0.0	0.0	0.0	0.0	0.0	0.0
species|56731|Rhizobium giardinii	0.0013897833517774	0.0	0.0	0.0	0.0	0.0	0.0	0.0	0.0	0.0	0.0	0.0	0.0	0.0	0.0	0.0	0.0	0.0010619104319338	0.0	0.0	0.0	0.0	0.0	0.0	0.0	0.0	0.0013102086293737	0.0	0.0	0.0013438402823907	0.0	0.0	0.0	0.0	0.0	0.0	0.0	0.0	0.0	0.0	0.0	0.0	0.0	0.0	0.0	0.0	0.0	0.0	0.0	0.0	0.0	0.0	0.0	0.0	0.0	0.0	0.0	0.0	0.0	0.0	0.0	0.0	0.0	0.0	0.0	0.0	0.0	0.0	0.0	0.0	0.0	0.0	0.0	0.0	0.0	0.0	0.0	0.0	0.0	0.001575199279105	0.0	0.0	0.0	0.0	0.0	0.0	0.000891022158604	0.0
species|2590774|Pseudarthrobacter sp. NIBRBAC000502771	0.0068164495229784	0.0	0.0	0.0	0.0	0.0	0.0	0.0	0.0	0.0	0.0028591126368545	0.0	0.0042810098792535	0.0026875345822464	0.0	0.0034677773256779	0.0	0.0	0.0051141810761454	0.0	0.0	0.0	0.0	0.0	0.0	0.0	0.0043702251285953	0.0	0.0	0.0036694432810027	0.0	0.0024281466856003	0.0	0.0	0.0	0.0	0.0	0.0	0.0	0.0034675794905197	0.0	0.0	0.0	0.0	0.0022822429985993	0.0	0.0	0.0	0.0	0.0	0.0039242843951985	0.0	0.0	0.0	0.0030586716497618	0.0	0.0	0.0024632220250839	0.0	0.0	0.0	0.0	0.0	0.0	0.0	0.0	0.0	0.0	0.0026399879500257	0.00210033681777	0.0	0.0028920535538578	0.0	0.0039023153314032	0.0	0.0036844145076397	0.0	0.0018746527811483	0.0018429260081239	0.0	0.0	0.0	0.0	0.0	0.0	0.0	0.0042077981721539	0.0
species|363847|Lysobacter ginsengisoli	0.002507013842165	0.0	0.0	0.0	0.0	0.0	0.0	0.0	0.0	0.0	0.0045362468395622	0.0	0.0068071897389795	0.0026222509200895	0.0062663514068341	0.0040321566400093	0.0045906419190498	0.0057036690840746	0.0041535276087031	0.0	0.0	0.0	0.0	0.0	0.0	0.0	0.0046866898994699	0.0	0.0024284595722026	0.0062243414893636	0.0022414609354207	0.0018755504118062	0.0	0.0	0.0	0.0	0.0	0.0	0.0	0.0034129185852571	0.0	0.0	0.0	0.0031626478410171	0.0034525828826058	0.0	0.0	0.0	0.0	0.0050220487566882	0.0082613838171401	0.0063396165111409	0.0	0.0047669375717871	0.0058042052879379	0.004965240469401	0.0055458490173419	0.0043614130056617	0.0	0.0	0.0	0.0	0.0	0.0	0.0	0.0	0.0	0.0051596901039092	0.0049303286104572	0.0038193376848447	0.0053100478315354	0.0033089157304688	0.0055375728503182	0.0046232760464208	0.0	0.0037606655806343	0.0	0.0044324640385141	0.0030349037041159	0.0038505902910784	0.0	0.0	0.0	0.0	0.0023764853318523	0.0026816424631145	0.0017662885713126	0.0
species|990371|Daejeonella rubra	0.002381566049632	0.0	0.0	0.0	0.0	0.0	0.0	0.0	0.0	0.0	0.0	0.0	0.0032930845225027	0.0023713540431639	0.0021392896832636	0.0	0.0020819405562007	0.0027971689174658	0.0020753523233025	0.0	0.0	0.0	0.0	0.0	0.0	0.0	0.0024654327463305	0.0	0.0036588748272814	0.0041844098883876	0.0050711002432325	0.0061252878415899	0.0	0.0	0.0	0.0	0.0	0.0	0.0	0.0019904708136618	0.0	0.0	0.0	0.008164045600709	0.0057484381358379	0.0	0.0	0.0	0.0	0.0	0.0	0.0	0.0	0.0	0.0	0.0	0.0030450669914738	0.0	0.0	0.0	0.0	0.0	0.0	0.0	0.0	0.0	0.0	0.0	0.0014434542487762	0.0014539955798534	0.0	0.001807533800882	0.0	0.0	0.0	0.0	0.0	0.0022765447393643	0.0032648472900429	0.0033865276221817	0.0	0.0	0.0	0.0	0.0076455154427625	0.0104195197021242	0.0049707989955569	0.0
species|1310417|Ferruginibacter paludis	0.0011548177534754	0.0014883884268457	0.0025317940387389	0.0042839801106539	0.0009677976263785	0.0016180833225738	0.001154228544509	0.0021871002673559	0.0014843950622182	0.0016558378217705	0.0011162611944144	0.0022556322177649	0.0	0.0	0.0019345358247629	0.0015523639863964	0.0013845145968615	0.00112447053857	0.0010266124597912	0.0015105570198178	0.0	0.0016990434334623	0.001477979818339	0.0018315626313969	0.0026032447727108	0.00238905568476	0.0012177486870979	0.0033936828825262	0.001161748624491	0.0011735353384258	0.0014076010458813	0.0006069331749392	0.0	0.0033533823496658	0.0017993496516824	0.0014327796482907	0.0019300857196404	0.0019354250027457	0.002952184433879	0.001272829250888	0.0028048015739438	0.001194239608238	0.0034532830160329	0.0	0.0014714432295046	0.0019944897476639	0.0040007143244277	0.0008630337297864	0.0009024124222016	0.001002572350982	0.0	0.0	0.0022356840136317	0.0020450145637604	0.0017532375108093	0.0	0.001556697319279	0.0022985933333684	0.0016695160095345	0.001649520732906	0.0	0.0019639098922662	0.0033420603582235	0.003629531224047	0.0018578567637636	0.0030107513837674	0.0035629521140981	0.0016871229007501	0.0010378624635682	0.0015944623959864	0.0017408554234756	0.001261273959405	0.0017179044579953	0.0020745362161677	0.0048396964099229	0.0013801431383869	0.0014683777327283	0.0	0.0012161895138863	0.001778692509344	0.0032738354536372	0.001957702953783	0.0	0.0019847294675533	0.0	0.0011241090232945	0.0011264755099637	0.0015159489934509
species|1908690|Fimbriiglobus ruber	0.001106241937232	0.0060221287483605	0.0052645327679873	0.0033133826851815	0.0035963486592102	0.0036382234838346	0.0036837144696265	0.0037956904913736	0.0031404680235403	0.0062593911228049	0.0013477824464484	0.0041117196104126	0.0	0.0	0.0014785044194956	0.0013495680410492	0.0011577053959435	0.0011881699219588	0.0011453300335101	0.0046522806289282	0.0040184411158949	0.0039713266913054	0.0048038138400537	0.0031783827695516	0.0029935253270146	0.0047971831607026	0.0	0.004745683774456	0.0	0.0008872276171992	0.0	0.0	0.0053597763630069	0.0033948930190137	0.0033470604289407	0.005108302157292	0.0038499838229278	0.0045334941630359	0.0066088310775222	0.0	0.0044511831152283	0.0037889801950536	0.0037995507529827	0.0	0.0	0.0040679473388019	0.0037324117294678	0.0043210964193974	0.0060012638359671	0.0020907337647029	0.0021921791403032	0.0040253278079943	0.004534467459578	0.0024290865722871	0.0019990067256312	0.0	0.0021087271819217	0.0023953857992316	0.0058563597237964	0.00553660327291	0.0038667182524018	0.0033697895217143	0.0038934007954892	0.0056269845297029	0.003604498668983	0.0044492420209713	0.004029413858063	0.0021625471189685	0.0022425139453208	0.0007470396451972	0.0020988292713114	0.0020307047451688	0.0	0.0	0.0073265338257747	0.0020733451854082	0.0041121850750522	0.0007832957392159	0.0	0.0	0.0049768293481198	0.0053543216175522	0.0	0.0064329525248603	0.0	0.0	0.0	0.0048079394783524
species|466153|Singulisphaera acidiphila	0.001267784194957	0.0023141236306623	0.0	0.0	0.0015589583874829	0.0016977265839369	0.0024125976975015	0.0016439738629118	0.0015170242522018	0.0016180768526513	0.0022875523736796	0.0	0.0021111471760551	0.0019457918901515	0.001846448783545	0.0013615528775465	0.0010220947669823	0.0013885260015539	0.0013952404037295	0.0023122144044646	0.0	0.0	0.0	0.0009532272414731	0.0019860761471651	0.0	0.0	0.0016495778093214	0.0	0.0012897683151602	0.0	0.0	0.0	0.0	0.0012248541225792	0.0015024032644855	0.0017244012339099	0.0021264172078745	0.0	0.0012804834397296	0.0	0.0016515415838673	0.0015719556607115	0.0	0.0	0.0008993252648609	0.0010226725469708	0.0	0.0012922143218231	0.0015382916646917	0.0017787226525697	0.0	0.0	0.0	0.0	0.0028755463538072	0.0014411497046747	0.0	0.0013708519539121	0.0014717578292746	0.0027816055286819	0.0013080349745998	0.0018165068776056	0.0	0.0	0.0014559789372245	0.0021739681990923	0.0	0.0011625309817728	0.0014303188435705	0.0	0.0011995999491293	0.0018140283443433	0.0	0.0	0.0009711126475664	0.0011239912915162	0.0011321226765119	0.0009876285165572	0.0	0.0016442238569146	0.0	0.0	0.0	0.0	0.0	0.0	0.0013769146538109
species|392409|Sphingomonas jaspsi	0.0019915569523296	0.0	0.0	0.0	0.0014210159902822	0.0021912569332741	0.0012011523145633	0.0014763774636506	0.0015828900026453	0.0	0.0024260842782742	0.0	0.0019850413182246	0.0025748596099208	0.0036574204378882	0.0018374209920032	0.0021327163072465	0.0025385128896943	0.0022767205254838	0.0	0.0	0.0016113575559618	0.0	0.0016107994237228	0.0	0.0	0.0013628121724562	0.0	0.0016336272196043	0.0016593198052571	0.0	0.0006436726197472	0.0	0.0	0.0	0.0010825554892222	0.0	0.0014782625925847	0.0	0.0015451922418233	0.0	0.0011640933524231	0.0017625320331961	0.0	0.0008603332186862	0.0	0.0016600660038612	0.0	0.0	0.0	0.0044972217079634	0.003083664169514	0.0	0.0	0.0022917189374379	0.0020051260281302	0.0032499935812277	0.0016233232664484	0.0	0.0018203414116609	0.0	0.0	0.0	0.0	0.0014980590239413	0.0	0.0	0.0024452844260492	0.0028013651075585	0.0024209242129681	0.0027644150947158	0.0021275148888684	0.0038232229854261	0.0032560130357705	0.0	0.0022284572693529	0.001085256552123	0.0012371266935978	0.0014410676017885	0.0029180695847362	0.0	0.0	0.0	0.0	0.0	0.0	0.0	0.0
species|959|Bdellovibrio bacteriovorus	0.001478453511572	0.0	0.0	0.0	0.0	0.0	0.0	0.0	0.0	0.0	0.0017410353330313	0.0	0.0	0.0043098213577277	0.0034442461081484	0.0017732494357335	0.0023989033584647	0.0026409612087264	0.0014399341744377	0.0	0.0	0.0	0.0	0.0	0.0	0.0	0.0036507087439311	0.0	0.0023220701075892	0.0012987012987012	0.0013070581138145	0.0013616587816689	0.0	0.0	0.0	0.0010571481869689	0.0	0.0	0.0	0.0021531938674242	0.0	0.0	0.0	0.0020641018334443	0.0008140292735778	0.0	0.0	0.0	0.0	0.00142643532254	0.0	0.0	0.0	0.003779419788598	0.0017357691467394	0.0	0.0024360535955165	0.0014720902267465	0.0	0.0	0.0	0.0	0.0	0.0	0.0	0.0	0.0	0.0018521632553453	0.0020710552831397	0.0020355938118377	0.0030860610888619	0.0019521365550553	0.0021497094071105	0.0030211480363413	0.0	0.0011334766514509	0.0	0.0018666060677923	0.0014885316647143	0.0036003852175095	0.0	0.0	0.0	0.0	0.0	0.0011042098003828	0.0011262105854033	0.0
species|1892851|Flavitalea flava	0.0007712085190826	0.0	0.0022570429107587	0.0025688643046217	0.0013875146554417	0.0020219690551699	0.0019870895995186	0.0015164870414086	0.0014794424706237	0.0017189645413545	0.0011245247367643	0.0016554726260716	0.0	0.001332514719543	0.0013172974729264	0.0	0.0008942314277816	0.0008650990092394	0.0014258690742046	0.0012096791087499	0.0	0.002167868496983	0.0015280867441969	0.0019215353358296	0.0027024822222237	0.0	0.0	0.0021192021999008	0.0010709229135254	0.0	0.0	0.0	0.0	0.0	0.0018505791804245	0.001647130869547	0.0	0.0015599307048057	0.0022984421451626	0.0	0.0025666264007216	0.0016548855555557	0.0019911453692945	0.0	0.0	0.0023170361353752	0.0017318499044388	0.0015333922941013	0.0016737555523428	0.0012914850702724	0.0020261129609101	0.0	0.0018300942456893	0.0018784532252743	0.0014009410390209	0.0	0.0	0.0015550880952861	0.0	0.0	0.0	0.001891919190563	0.0025909812863232	0.0034632506403403	0.0013655590293506	0.0012500893522847	0.0	0.0	0.0013135579125485	0.0010205663707348	0.0	0.0011975006455157	0.0015095134030641	0.0	0.0	0.0010695333788506	0.001288710180841	0.0014721119322729	0.0	0.0018281487781441	0.0023952703333101	0.0018550282894096	0.0	0.0	0.0	0.0	0.0	0.0016031388784299
species|453816|Bdellovibrio exovorus	0.0013777569544151	0.0	0.0	0.0	0.0	0.0	0.0	0.0	0.0	0.0	0.0	0.0	0.0	0.0	0.0016156414025311	0.0007465502525581	0.0	0.0007262644586728	0.0	0.0	0.0	0.0	0.0	0.0	0.0	0.0	0.0012938638784909	0.0	0.0010940974583732	0.0014354066985645	0.0	0.0011655958930281	0.0	0.0	0.0	0.0	0.0	0.0	0.0	0.0006374635631451	0.0	0.0	0.0	0.0026249065791883	0.001831607968854	0.0	0.0	0.0	0.0	0.0	0.0	0.0	0.0	0.0	0.0	0.0	0.0	0.0	0.0	0.0	0.0	0.0	0.0	0.0	0.0	0.0	0.0	0.0	0.0	0.0	0.0	0.0	0.0	0.0	0.0	0.0008030688644083	0.0	0.0006563752616629	0.0012758714915396	0.0021241660937934	0.0	0.0	0.0	0.0	0.001598154640032	0.0015182884796705	0.0017268564616722	0.0
species|2528023|Planctomycetes bacterium ETA_A1	0.0021116040968731	0.002889015282948	0.0026568647393357	0.0	0.0020573754850523	0.0019587523849793	0.0018055428573288	0.001754222272662	0.0019879560277497	0.0015666383563188	0.0015642501721841	0.0021430074917037	0.0021953896816526	0.0027665795765827	0.002108836639508	0.0022627487119432	0.0017139578621627	0.0012547981139207	0.0032929881354819	0.0026608623455424	0.0030329168813697	0.0016065585939337	0.0023527413292053	0.0015647383881602	0.0024303439415646	0.002185034118374	0.001674404392488	0.0023562652845431	0.0017778993441392	0.0020426362713681	0.0	0.0	0.003122160395276	0.0015292931465852	0.0028562757812852	0.0021824636086485	0.0020631419469297	0.0018364513305496	0.0019911578116248	0.0011667992575665	0.0	0.0017920340681255	0.0041216793685321	0.0	0.0	0.0020726060159519	0.0016611128315056	0.0024181599859524	0.0029434925377889	0.0032580066698243	0.003234229765764	0.0025664960220254	0.0033101147119228	0.0027900907311925	0.0025318184094902	0.0025304807913503	0.0033488330838729	0.0023892381594237	0.0026172402043855	0.0033717859629057	0.0020715382679088	0.0022934103831868	0.0031231628227429	0.0017909009631876	0.0016254511742967	0.001730414443167	0.0037547083600095	0.0036209254476059	0.0031724090944503	0.0025029805600333	0.0025242959745906	0.0024581636110587	0.0026658214576781	0.0032729103716489	0.0041583843835449	0.0048781163022241	0.0018650162982041	0.0013889244007704	0.0012758718457612	0.0017957351290684	0.002565182179369	0.0025744144964696	0.0	0.0032574782792766	0.0	0.0	0.0	0.0025156954998811
species|363846|Dokdonella ginsengisoli	0.0014775124035805	0.0	0.0	0.0	0.0	0.0	0.0	0.0	0.0	0.0	0.0028676551660707	0.0	0.0	0.003125255109334	0.0	0.001853749984223	0.0	0.0	0.0023194736662435	0.0018156688556849	0.0	0.0	0.0	0.0	0.0017922752495812	0.0	0.0020734715468531	0.0	0.0	0.0018574235969603	0.0	0.0	0.0	0.0	0.0024725386668666	0.0	0.0	0.0	0.0	0.0013259410304771	0.0	0.0	0.0	0.0	0.0009217858546632	0.0	0.0	0.0	0.0	0.0021278390538284	0.0038620413116655	0.0	0.0	0.0	0.0	0.0	0.0	0.0018996253746622	0.0	0.0	0.0	0.0	0.0	0.0	0.0	0.0	0.0	0.0029437325995083	0.0023751475725086	0.0020368587776021	0.0	0.0017036996017098	0.0024239808655507	0.0022993955952353	0.0	0.0016694521001582	0.0014451864296362	0.0	0.0022168124099938	0.0	0.0	0.0	0.0	0.0	0.0	0.0	0.0	0.0012242513800522
species|69396|Caulobacter fusiformis	0.000844037164317	0.0	0.0	0.0	0.0	0.0	0.0	0.0	0.0	0.0	0.0	0.0	0.0	0.0	0.0	0.0	0.0	0.0	0.0	0.0	0.0	0.0	0.0	0.0	0.0	0.0	0.0	0.0	0.0	0.0	0.0	0.0	0.0	0.0	0.0	0.0	0.0	0.0	0.0	0.0	0.0	0.0	0.0	0.0	0.0	0.0	0.0	0.0	0.0	0.0	0.0	0.0	0.0	0.0	0.0	0.0	0.0	0.0	0.0	0.0	0.0	0.0	0.0	0.0	0.0	0.0	0.0	0.0	0.0	0.0	0.0	0.0	0.0	0.0	0.0	0.0	0.0	0.0	0.0	0.0	0.0	0.0	0.0	0.0	0.0	0.0	0.0	0.0
species|760012|Phenylobacterium muchangponense	0.0028172982076551	0.0	0.0	0.0	0.0012696493350257	0.0	0.0	0.0	0.0	0.00145074683062	0.0032818904120704	0.0	0.0020391098154492	0.0021342186388413	0.0026783335648809	0.0020753786785198	0.0025941659907204	0.0037164166379842	0.0029435247808713	0.0	0.0	0.0	0.0	0.000941515285824	0.0	0.0	0.0018266594868418	0.0	0.0035553261835169	0.0027838823833962	0.0031993850441726	0.0019564277174028	0.0	0.0	0.0	0.0016976307160737	0.0	0.0	0.0	0.0019407276355285	0.0	0.0012924392305015	0.0	0.0	0.0020499620656237	0.0	0.0	0.0	0.0013624906328732	0.0	0.0023084026503931	0.0	0.0	0.0016429883057891	0.0019208940364936	0.0	0.0027405602885897	0.00180002773971	0.0015715548570867	0.0	0.0	0.0016008773984025	0.0	0.0	0.0	0.0	0.0	0.0026091646531744	0.0018195645928064	0.0026171920449654	0.0025244210289606	0.0015183283927409	0.0022769852660132	0.0	0.0	0.0017333816129015	0.0015327545684629	0.0021546885193442	0.0028513921972933	0.0026150036716264	0.0	0.0	0.0	0.0015437203660822	0.0016457184987139	0.0020004709458986	0.0022955905883039	0.0016097806967741
species|365533|Belnapia moabensis	0.0010564868291308	0.0	0.0	0.0	0.0	0.0	0.0	0.0	0.0	0.0	0.0014613815745459	0.0	0.0	0.0	0.0	0.0	0.0	0.0	0.0	0.0	0.0	0.0	0.0	0.0	0.0	0.0	0.0	0.0	0.0012310184229489	0.0013677655023842	0.0	0.0	0.0	0.0	0.0	0.0	0.0	0.0	0.0	0.0012218089548049	0.0	0.0	0.0	0.0	0.0	0.0	0.0	0.0	0.0	0.0	0.0	0.0	0.0	0.0	0.0	0.0	0.0	0.0	0.0	0.0	0.0	0.0	0.0	0.0	0.0	0.0	0.0	0.0	0.0	0.0	0.0	0.0	0.0	0.0	0.0	0.0	0.0	0.0	0.0	0.0	0.0	0.0	0.0	0.0	0.0	0.0	0.0	0.0
species|424218|Georgfuchsia toluolica	0.0011249335978419	0.0	0.0	0.0	0.0	0.0017223634806156	0.0	0.0015123872168006	0.0016412118472596	0.0	0.0	0.0	0.0	0.0	0.0	0.0	0.0011666333562946	0.0	0.0008239581718867	0.001365122178864	0.0	0.002478886516032	0.0	0.0	0.0022761539384485	0.0	0.0	0.0	0.0013761229842781	0.0	0.0	0.0010930948044601	0.0	0.0	0.0	0.0	0.0	0.0016240117728425	0.0	0.0008616753322196	0.0	0.0011223468442893	0.0	0.0	0.0	0.0	0.0	0.0	0.0	0.0	0.0	0.0	0.0	0.0029286645283109	0.0	0.0	0.0022312564992775	0.0018220713454825	0.0	0.0	0.0	0.0020552972534721	0.0	0.0	0.0	0.0	0.0	0.0021273221175876	0.001492023940565	0.0016243936485067	0.0	0.0	0.0	0.0	0.0	0.0	0.0	0.0	0.0	0.0	0.0032972958601461	0.0	0.0	0.0	0.0	0.0	0.0	0.0012380392819506
species|1379270|Gemmatimonas phototrophica	0.0016668268848915	0.0027665147069976	0.0024717620474146	0.0022075189391435	0.00313168051551	0.0025141687648829	0.0030841933555371	0.0023626900834904	0.0021876749708652	0.0018932570749319	0.0013794545286614	0.0015367915074672	0.0021032543049527	0.0019782391533073	0.001057008520592	0.0016035173655674	0.0017209779954966	0.0011300054736057	0.0022119645262924	0.0023701398909134	0.002367343591202	0.0030163383270222	0.0025630897511976	0.0024796616555528	0.0018039361226408	0.001899508349663	0.0012068431704755	0.0021203101804735	0.0012299949722987	0.0022364963549509	0.0	0.0	0.002994502616887	0.0025336600174206	0.0023748117038961	0.0022071433608559	0.0027204829839071	0.0016963563362842	0.0032200226590506	0.0009407201301004	0.0029731681459433	0.002436053889644	0.0025294998810348	0.0	0.0	0.0017412792499168	0.0019323852855799	0.0028288998652974	0.0022265782418626	0.0014276694791957	0.0035485142617436	0.0	0.0025989935664022	0.0013454529230319	0.0013778866341742	0.0023503839542028	0.0024056475070807	0.001524001646799	0.0022120902466774	0.0028468577995237	0.0036951865949307	0.0026996540108132	0.0026339341491538	0.0028311274898986	0.0018515186005911	0.002386100955973	0.0033392746258882	0.0020047588654475	0.0031228160306664	0.0033641781943613	0.0022658361696271	0.0028529853755834	0.0020719717738603	0.0028631521094923	0.0	0.0037931286581131	0.0019644919346226	0.0011627648766809	0.0010345559923401	0.0	0.0027137319173209	0.0011433611178834	0.0	0.0016843686854812	0.0	0.0	0.0	0.0017058838573829
species|1859460|Luteolibacter flavescens	0.00091562191858	0.0	0.0	0.0	0.0	0.0	0.0	0.0	0.0	0.0	0.0	0.0	0.0	0.0010275867520354	0.0	0.0	0.0009595613433858	0.0	0.0	0.0	0.0	0.0	0.0	0.0	0.0	0.0	0.0	0.0	0.0	0.0	0.0	0.0009415067164482	0.0	0.0	0.0	0.0	0.0	0.0	0.0	0.0009546539379475	0.0	0.0	0.0	0.0	0.0	0.0	0.0	0.0	0.0	0.0007118358894705	0.0	0.0	0.0	0.0	0.0	0.0	0.0	0.0	0.0	0.0	0.0	0.0	0.0	0.0	0.0	0.0	0.0	0.0	0.0	0.0	0.0	0.0	0.0	0.0	0.0	0.0	0.0	0.0008167575063667	0.0	0.0	0.0	0.0	0.0	0.0	0.0	0.0	0.0	0.0
species|2021234|Ahniella affigens	0.0007656393766477	0.0	0.0	0.0	0.0	0.0	0.0	0.0	0.0	0.0	0.0	0.0	0.0	0.0	0.0	0.0	0.0	0.0	0.0	0.0	0.0	0.0	0.0	0.0	0.0	0.0	0.0	0.0	0.0	0.0	0.0	0.0	0.0	0.0	0.0	0.0	0.0	0.0	0.0	0.0	0.0	0.0	0.0	0.0	0.0	0.0	0.0	0.0	0.0	0.0	0.0	0.0	0.0	0.0	0.0	0.0	0.0	0.0	0.0	0.0	0.0	0.0	0.0	0.0	0.0	0.0	0.0	0.0	0.0	0.0	0.0	0.0	0.0	0.0	0.0	0.0	0.0	0.0	0.0	0.0	0.0	0.0	0.0	0.0	0.0	0.0	0.0	0.0
species|340221|Alsobacter metallidurans	0.0014790939061321	0.0	0.0	0.0	0.0	0.0	0.0	0.0	0.0	0.0	0.0027686759553388	0.0	0.0032928170634252	0.0022922886731799	0.0013992381463112	0.0012476582024387	0.0019878030653119	0.0023598029379162	0.003085718573376	0.0006159720516376	0.0	0.0	0.0	0.0	0.0	0.0	0.0018987363096223	0.0	0.0021752056296094	0.0030758560607153	0.0016086869093102	0.0012741200775443	0.0	0.0	0.0	0.0	0.0	0.0	0.0	0.0014909583724423	0.0	0.0	0.0	0.0015129574754	0.0007122869498855	0.0	0.0	0.0	0.0	0.0016786554059299	0.0020720487142224	0.0	0.0	0.0016069679440044	0.0013970877083002	0.0	0.0019285154921982	0.0014031858561374	0.0	0.0	0.0	0.0	0.0	0.0	0.0	0.0	0.0	0.0013474067893038	0.0024501829344569	0.0015118763759691	0.0	0.0012291234349066	0.0030714883171926	0.0022940748045708	0.0	0.001743421403716	0.0	0.0019835275823547	0.0027642580106482	0.0021324354647856	0.0	0.0	0.0	0.0	0.0	0.0015857202639413	0.0015016478754389	0.0
species|107709|Opitutus terrae	0.0009860543738554	0.0	0.0	0.0	0.0	0.0	0.0	0.0	0.0	0.0	0.0	0.0	0.0	0.0	0.0	0.001109713693903	0.0009580683992904	0.0	0.0	0.0	0.0	0.0	0.0	0.0	0.0	0.0	0.0	0.0014838654457885	0.0	0.0	0.0	0.0	0.0	0.0014578014580841	0.0	0.0	0.0	0.0	0.0	0.0	0.0	0.0	0.0	0.0	0.0	0.0	0.0	0.0	0.0	0.0	0.0	0.0	0.0	0.001545819645374	0.0	0.0014953247697114	0.0014210347863829	0.0	0.0	0.0	0.0	0.0	0.0	0.0	0.0	0.0016849946776345	0.0	0.0024414884660717	0.002047940448829	0.0016284750494358	0.0032902176859374	0.0023135672333994	0.0017403767403768	0.0028950108228883	0.0	0.0011811809371518	0.0	0.0	0.0	0.0	0.0	0.0	0.0	0.0	0.0	0.0	0.0	0.0006975745868212
species|758823|Vampirovibrio chlorellavorus	0.00084518946466	0.0	0.0	0.0	0.0	0.0	0.0	0.0	0.0	0.0	0.0	0.0	0.0	0.0010275867520354	0.0	0.0	0.001576422206991	0.0	0.0	0.0	0.0	0.0	0.0	0.0007199861977889	0.0	0.0	0.0011416393941703	0.0	0.0011637717240056	0.0014354066939996	0.0021114015684697	0.0038652730759154	0.0	0.0	0.0	0.0008084084613426	0.0	0.0	0.0	0.0009016176080835	0.0	0.0005965104140776	0.0	0.0022065930427593	0.0018311302852714	0.0	0.0	0.0	0.0	0.0	0.0	0.0	0.0	0.0012564028220938	0.0	0.001610305958132	0.0015225334975186	0.0	0.0	0.0	0.0	0.0	0.0	0.0	0.0	0.0	0.0	0.0010103512451171	0.001317936488013	0.0009305571711062	0.0021951487213258	0.0010845202805292	0.0014332514332514	0.0	0.0	0.0	0.0	0.0011084534157867	0.0010632265381343	0.0019079685746352	0.0	0.0	0.0	0.0	0.002929947616114	0.0026915113859868	0.0017268563705729	0.0
species|658062|Candidatus Koribacter versatilis	0.0	0.0175170321870427	0.0184070500474562	0.0214622386001994	0.0210376742643469	0.0208370549494111	0.0244671801887161	0.0139745621255392	0.0178234556841579	0.0219021423104408	0.0009737098344693	0.0121782821339358	0.0012074643249176	0.0	0.0	0.0	0.0	0.0	0.0	0.0157566220083496	0.0146152799190452	0.023958981668924	0.0181737569586389	0.0200656847901384	0.0154193803493399	0.0194567752511246	0.0	0.0193665549936349	0.0	0.0	0.0	0.0	0.0193378714053	0.0109457704456909	0.017558367250288	0.0244523657730466	0.0266750824514607	0.0181162617445977	0.0212457055085423	0.0	0.0277305594031015	0.0240985881065352	0.0150799512333669	0.0	0.0	0.0114558424284115	0.0186280958029417	0.0235348921684742	0.0230648043665123	0.0012295347131705	0.0	0.0	0.0218410942854581	0.0019329293339425	0.0013970125680725	0.0021783623162023	0.0023345513601282	0.0051578695042482	0.0222068019980468	0.0181894119699821	0.0238545662565644	0.0203071688092505	0.0179764615636815	0.02985333189466	0.0145949580386813	0.0175527416278839	0.0196200878965507	0.0018521636630671	0.0012652620191762	0.0012298446707009	0.0	0.0022409838136142	0.0	0.0	0.0118859755676361	0.0011767531441301	0.0103567293150301	0.0	0.0	0.0	0.0131200526428346	0.0188841445781876	0.0	0.0193077237566289	0.0	0.0	0.0	0.01640606370555
species|1002691|Occallatibacter savannae	0.0	0.0053267568283108	0.0053079324235784	0.0085569772973515	0.003895805299827	0.0053050714671254	0.0067974837438147	0.0030676953526854	0.0036919661837906	0.0047109855353136	0.0	0.0031075366831312	0.0	0.0013435552183648	0.0	0.0	0.0	0.0	0.0	0.0038511935064915	0.0068983612007103	0.0056237424169935	0.0045164922060122	0.005076059982219	0.0037089191328594	0.0095486000816466	0.0	0.0046018548467979	0.0	0.0	0.0	0.0	0.0061784870438543	0.0055498235341843	0.0036199382598442	0.0053159837518082	0.0068929128687075	0.0047097911289477	0.0080519470840953	0.0	0.0084737079999922	0.0036835780974097	0.0039023486269995	0.0	0.0	0.0016218483133156	0.0045397039954522	0.0048493901286572	0.0050804845651417	0.0	0.0	0.0	0.0046437776929129	0.0	0.0	0.0	0.0	0.0	0.0062418749341295	0.0056052637225353	0.0093574429217263	0.0054391074063241	0.0059543112641915	0.0112470316422893	0.0042037725462996	0.0054577694628737	0.0075349267616984	0.0	0.0	0.0012134492057901	0.0	0.0	0.0	0.0	0.0072762746376682	0.0012293316832981	0.0029205296298667	0.0	0.0	0.0	0.0055087874665125	0.0058297694058371	0.0	0.00654754171068	0.0	0.0	0.0	0.0035682624382986
species|1002689|Occallatibacter riparius	0.0	0.0025633897279124	0.0	0.0032659440936771	0.0016789746072177	0.0015991744705421	0.0017224385689816	0.0020192628185935	0.00150709380391	0.0022713802788788	0.0	0.0	0.0	0.0	0.0	0.0	0.0	0.0	0.0	0.0017555589508647	0.0	0.0026666530669149	0.0022066718952063	0.0016086819140859	0.0	0.0	0.0	0.0032414609108731	0.0	0.0	0.0	0.0	0.0	0.0	0.0018542550223232	0.0023800766604836	0.0039123162231986	0.0014496629284286	0.0	0.0	0.0035748050182627	0.0015344401032619	0.0017551349694617	0.0	0.0	0.0014179399246264	0.0016331596634389	0.0023003678977096	0.0024364777041269	0.0	0.0	0.0	0.0026524760243682	0.0	0.0	0.0	0.0	0.0	0.0033967978306156	0.0022948973428088	0.0021984763091645	0.0028697573548731	0.00338489794156	0.0	0.0016258894598901	0.0024978553128614	0.0	0.0	0.0	0.0	0.0	0.0	0.0	0.0	0.0	0.0	0.0014563232351034	0.0	0.0	0.0	0.0021916391557072	0.0030539517685955	0.0	0.0	0.0	0.0	0.0	0.0015669514565093
species|1325564|Nitrospira japonica	0.0	0.0112371973412837	0.0131389665088868	0.0158502073429389	0.0158373956927256	0.0177743439297536	0.0144711446184373	0.0135112965044397	0.0119839243550976	0.0130658915699069	0.0	0.0172784278648633	0.0	0.0	0.0010594459440201	0.0	0.0	0.0	0.0	0.0124978148396283	0.014169247437574	0.0141814495542197	0.012464046733224	0.0205078983870526	0.0186217934728922	0.0141426615376004	0.0	0.0153467237627354	0.0	0.0	0.0	0.0	0.0111828624394001	0.0159130238174331	0.0162240580214226	0.0133023206026654	0.0145513126299364	0.0146532604059246	0.0150488182057207	0.0	0.0235127605810017	0.0169009620220649	0.0157131381609474	0.0	0.0	0.0177925885019405	0.0150726190179025	0.0122964756434042	0.0134812280943062	0.0	0.0	0.0	0.0158214457012852	0.0	0.0	0.0	0.0	0.0019646365422396	0.0137393359501486	0.0145151518857391	0.0141474834540646	0.0131186650703013	0.0189362295300395	0.0200784338456135	0.0160952601379986	0.0141334913482497	0.013233797081369	0.0	0.0	0.0	0.0	0.0	0.0	0.0	0.021217344978458	0.0	0.014160942553369	0.0	0.0	0.0	0.0154788847488434	0.0139036726975023	0.0	0.0141004288148642	0.0	0.0	0.0	0.0127289333468219
species|363863|Microlunatus ginsengisoli	0.0	0.0092660024099292	0.0112325810412147	0.01592620671087	0.0077715546402788	0.00811664036095	0.0146237413362185	0.0103521308906329	0.0091891344198325	0.008594803973915	0.0	0.0114649218530051	0.0	0.0012979518431994	0.0	0.0	0.0	0.0	0.0	0.0100528876488985	0.0114343196549599	0.0097386039273744	0.0095457719777726	0.0090470389468841	0.0144943926044091	0.0091416759511656	0.0	0.0123919867475747	0.0	0.0	0.0	0.0	0.0120555118351621	0.0125398719764099	0.0124793798832836	0.0070797249007881	0.0084658311136803	0.0104110536390804	0.0101868306229204	0.0	0.0117812716998332	0.0075008281763465	0.0140119356825762	0.0	0.0	0.0125456359344544	0.0098175744962136	0.0097215287740925	0.0080154902688799	0.0	0.0	0.0	0.0102286678693035	0.0	0.0	0.0	0.0	0.0023529890358251	0.0099317258983714	0.0125327818303316	0.0089723757779128	0.0075998228245524	0.0125052564717223	0.0096446343097465	0.0119012893143532	0.0080716409317669	0.0118405192231162	0.0	0.0	0.0	0.0	0.0	0.0	0.0	0.0157053366532693	0.0	0.0108124773171611	0.0	0.0	0.0	0.0116206028907425	0.0111632608863802	0.0	0.0090175771815559	0.0	0.0	0.0	0.0079932690043495
species|400768|Microlunatus panaciterrae	0.0	0.0119274741733994	0.019047398585232	0.0262845663779829	0.0153656265555028	0.0143621911744311	0.0255723496607203	0.0134019643527548	0.0149391260358897	0.0161788491109741	0.00173874449379	0.0156931358670605	0.0	0.0	0.0	0.0	0.0	0.0	0.0	0.0170814746636881	0.01870384961811	0.0136843827931581	0.0124133013378333	0.0161480136233463	0.0271787185544922	0.0138342161219053	0.0014462507334711	0.0189304647255735	0.0	0.0	0.0	0.0	0.021377542363513	0.0217438158482803	0.0159871212476689	0.0107974362851513	0.0134639685325361	0.0185988652347189	0.0199769097680049	0.0	0.0167314491712	0.0123824223131278	0.0234292782779677	0.0	0.0	0.0195521399257498	0.0144240565204949	0.0130282620309219	0.0114289531036314	0.0	0.001500461680517	0.0	0.0145911599249555	0.0	0.0	0.0	0.0	0.0038453504657034	0.0160979116207366	0.0185336339898432	0.0137248397485903	0.0152644747722462	0.0226381986410582	0.0167391449100844	0.0149744908313069	0.0177244291354462	0.0190114046364777	0.0014312173766627	0.0011296598468683	0.0	0.0	0.0	0.0	0.0	0.0314740868137881	0.0	0.0158522605113191	0.0009334344553993	0.0	0.0	0.0197094887205791	0.0146167479322946	0.0	0.0152379889299108	0.0	0.0	0.0	0.0152875716945112
species|29405|Microlunatus phosphovorus	0.0	0.0072482967887194	0.0083863522195259	0.007726958372779	0.006004383804902	0.006886729278167	0.0107294686751525	0.005720236723099	0.0061630137220306	0.0074103687809894	0.0	0.0077152479306777	0.0	0.0	0.0	0.0	0.0	0.0	0.0	0.0065818287174661	0.0104963572398367	0.007228609108599	0.0055489144804354	0.0066091404885664	0.0101142423847627	0.0071232120168928	0.0	0.0073382800239999	0.0	0.0	0.0	0.0	0.0088429705425815	0.0087713533253169	0.0066015849799275	0.0055080025864426	0.0072003340991312	0.0071380290467015	0.0083811214720115	0.0	0.007122923912878	0.0056030198023668	0.0107639301872368	0.0	0.0	0.0096410924611178	0.0059992629252987	0.006807663720792	0.0066101373845922	0.0	0.0	0.0	0.0081292404668471	0.0	0.0	0.0	0.0	0.0	0.0070226824068938	0.0093251853852362	0.0052214159617925	0.0075155755124556	0.0120473914467774	0.0092108597441166	0.0065117344582417	0.0088910040836385	0.0082860226793158	0.0	0.0	0.0	0.0	0.0	0.0	0.0	0.0138033824343467	0.0	0.0078145111226209	0.0	0.0	0.0	0.0088591581933053	0.0064349200432783	0.0	0.0069746114238083	0.0	0.0	0.0	0.0058985394624842
species|446786|Microlunatus aurantiacus	0.0	0.0047539459216856	0.0048471286216377	0.0069923241581703	0.0037307936551529	0.003319264276297	0.0076374488098662	0.0041725043737589	0.0034906326022711	0.0036841759772171	0.0	0.0048151825848453	0.0	0.0	0.0	0.0	0.0	0.0	0.0	0.0050435931488142	0.0048191898874531	0.00371293550302	0.0039840419420109	0.0038209020600332	0.0069869952626285	0.0047122141669901	0.0	0.0048536618336874	0.0	0.0	0.0	0.0	0.0057313001773988	0.0060145659435493	0.0049422774525685	0.0029100808833308	0.0031403676059657	0.0044462572964584	0.0046664769501386	0.0	0.0038142620378754	0.003742429028486	0.0072462337914325	0.0	0.0	0.0059449983131092	0.0046404088247873	0.0049150230197116	0.0039011248925424	0.0	0.0	0.0	0.0038908681980471	0.0	0.0	0.0	0.0	0.0017420658950601	0.0061713711627121	0.005672526692579	0.0042244710856334	0.0035588099485927	0.006074754084885	0.0036449915277492	0.0044493664270625	0.0033706736282752	0.005768275033095	0.0	0.0	0.0	0.0	0.0	0.0	0.0	0.0068607351693222	0.0	0.0038458531472001	0.0	0.0	0.0	0.0049619351562749	0.0040556741818542	0.0	0.0062616461040362	0.0	0.0	0.0	0.0047309860962029
species|1759536|Friedmanniella endophytica	0.0	0.0016531613221891	0.0029264685342665	0.0030229842271298	0.0010483687376888	0.0016657797404599	0.0028757778307159	0.0016436447127071	0.0015242970930697	0.0016100506105269	0.0	0.001994609377592	0.0	0.0	0.0	0.0	0.0	0.0	0.0	0.0018120543186346	0.0	0.0024450058837962	0.0020436987906731	0.0012135175501627	0.0018721568852396	0.0019508619179243	0.0	0.0020755800635008	0.0	0.0	0.0	0.0	0.0	0.0029747709131484	0.0023783825479968	0.0019537323970552	0.0016793078363804	0.0020630037335462	0.002851799414245	0.0	0.0032664256731808	0.0016125215974769	0.0025468363565182	0.0	0.0	0.0022458256552333	0.0020710542012306	0.0016433133929245	0.0014735665020966	0.0	0.0	0.0	0.0026736501213133	0.0	0.0	0.0	0.0	0.0	0.0032232265828487	0.0017025853964843	0.0015498281301129	0.0	0.0019240932316217	0.0	0.0019181226075227	0.0020358502517715	0.0032783887521937	0.0	0.0	0.0	0.0	0.0	0.0	0.0	0.0049227887465685	0.0	0.0015447859347386	0.0	0.0	0.0	0.0019705274086589	0.0	0.0	0.0	0.0	0.0	0.0	0.0012547161490749
species|1855912|Luteitalea pratensis	0.0	0.0172844287009108	0.0246168544801737	0.0219636679177896	0.0144828735258288	0.0169751574820164	0.0157576413199728	0.0237242679736296	0.0216991057226043	0.0209869213418974	0.0032540730155149	0.0279762240823334	0.0029565826784199	0.0031485287766322	0.0048846933925278	0.0032503284247013	0.0043384947382928	0.0035763552031416	0.0023776910574784	0.0163106864743003	0.0234865552243088	0.0203159932957684	0.0204175978588671	0.0194218283228744	0.0200290683858315	0.027382467531827	0.0013206988463574	0.0200658806226121	0.0010897897424514	0.0016199513006989	0.0	0.0	0.0316979590509956	0.027847770280138	0.0187271488274759	0.01672353356132	0.0236143663599762	0.0191127184342169	0.0243435489969238	0.0	0.0184794296288237	0.0186298339963323	0.020482324458971	0.0	0.0	0.0258026663431365	0.0271446255101601	0.0176014161333914	0.0170857454337432	0.0068088899964011	0.0065756626087065	0.0093362059493118	0.017860588524023	0.0129802200560865	0.0051728887401776	0.0087097671004138	0.008760471194611	0.0116829099267638	0.018184806677908	0.0233940209976487	0.0150068792996433	0.0197575957314062	0.0240884609372914	0.0277068223730181	0.0290740467202913	0.0198213847056015	0.0156783662376924	0.0067433955996616	0.0071197841644024	0.0065253695339045	0.0069803708783681	0.0079003998729076	0.0116263433759775	0.0069526833213911	0.0284477542846234	0.0047023726092233	0.0226410667937441	0.0011822385575644	0.0015923339387251	0.0014561525169492	0.0296082617576297	0.0189870864996707	0.0	0.0192138716181846	0.0	0.0	0.0	0.0170552897776963
species|1002870|Gaiella occulta	0.0	0.1500864019137156	0.117063442978747	0.1180387955862635	0.1010667849582682	0.072511841590747	0.08955716794182	0.0927014301924357	0.1012594848795743	0.1046161891506541	0.0048486326176403	0.094414178045328	0.001975853972554	0.0026084894514379	0.0030173383761024	0.0022201205230473	0.0013710345978477	0.002083850596876	0.0040799771823955	0.1146250732439575	0.1484526010142157	0.1058600512566735	0.1104428368254304	0.0532504822228988	0.1165996339320826	0.1034931163696083	0.0013652695839337	0.0899583489380168	0.0018462800874671	0.0015721120984278	0.0	0.0005946481665014	0.145061987661477	0.0928488396827917	0.1051930882299079	0.107641709028887	0.0836896462915655	0.0964560071111055	0.1550981063213956	0.0013789445787073	0.0682352943260458	0.0774428342317756	0.1177380009899059	0.0	0.000966670563557	0.0728348225812316	0.0559377293644569	0.1011484845042519	0.129460518782085	0.0034296331359336	0.0066943732494791	0.0027300465713826	0.0800370260812718	0.0055088344483349	0.0034051954406515	0.0034506544413979	0.0027405603131788	0.022562796381386	0.1362119929886072	0.1243496465738018	0.1401257211120704	0.1036211410436688	0.0841739727000449	0.0702976330834864	0.0803239725049975	0.1105990682891724	0.1349154280621089	0.0057632211275393	0.0037025378430507	0.0025590592317883	0.0015366041049282	0.0023000354133945	0.0022526487751878	0.0	0.0955645765852224	0.0027955178047749	0.1364782815119428	0.0021002275246582	0.0015593989195715	0.0	0.0784549960464148	0.13582052017397	0.0	0.1535846899581628	0.0	0.0	0.0	0.1358232718241028
species|191495|Conexibacter woesei	0.0	0.0031502969262463	0.0040331264672459	0.0026467253792141	0.0029903105819928	0.0018536074169702	0.0023252649104549	0.002753698456726	0.0024375954690185	0.0020238475353811	0.0	0.0019414598986469	0.0	0.0	0.0	0.0	0.0	0.0	0.0	0.0023323630555921	0.0034701143646285	0.0033348013944712	0.0025366167685678	0.0014553773911506	0.0025391876626088	0.0028351030684151	0.0	0.0027998678523686	0.0	0.0	0.0	0.0	0.0051348017676339	0.0021760624564946	0.0024038257751718	0.0030389551984674	0.0020770837544527	0.0022881771856387	0.0025392043497737	0.0	0.0019302353678218	0.0021391640561521	0.0024861267222982	0.0	0.0	0.0012531733747952	0.0011659280627444	0.0023982866319729	0.0028093103507198	0.0008589829824707	0.0	0.0	0.0019675476813489	0.0	0.0	0.0	0.0	0.0	0.0034184264933805	0.0024422452635024	0.0043133918485282	0.0012759859250942	0.0024629625097172	0.0023353242367062	0.0020285332216536	0.0033964589035929	0.004243199427076	0.0013111219260586	0.0	0.0	0.0	0.0	0.0	0.0	0.0033915363211186	0.001931267813265	0.0036631617095556	0.0	0.0	0.0	0.0025302651201642	0.0026384454747325	0.0	0.0032448053282272	0.0	0.0	0.0	0.0027925299311925
species|912552|Conexibacter arvalis	0.0	0.0096353991348933	0.0080838990085399	0.0087133185107198	0.0089406271710602	0.0072384214384049	0.0054125453719118	0.0066675807512932	0.0067523047152916	0.0072820708603387	0.0010752507743212	0.0078820326241053	0.0	0.0	0.0	0.0	0.0	0.0	0.0	0.0071826402585607	0.010893939377357	0.0087838587877545	0.0082272122223732	0.0058561864945878	0.0090430059183678	0.0079122225396375	0.0	0.0060473408855441	0.0	0.0	0.0	0.0	0.0093760879033986	0.008040633030951	0.0077415467495283	0.0086041962588591	0.0073818027472776	0.0067331725567939	0.0108927789878503	0.0	0.0064203127939892	0.0067909968121044	0.0110083908069753	0.0	0.0	0.0059167390350102	0.0042334885140078	0.0070457518876791	0.0093343833927054	0.0019477187460136	0.0	0.0	0.0073143167186575	0.0	0.0	0.0	0.0	0.0031498530814085	0.0086099960537917	0.0080409080604821	0.0115276832468036	0.0080873789261454	0.0095223106135652	0.0056766967859555	0.0062541366909966	0.00790100494174	0.009157300532536	0.0016025179657947	0.0012265382275365	0.0	0.0	0.0	0.0	0.0	0.008349205038612	0.0016185961444225	0.0104760233163628	0.0	0.0	0.0	0.0063885208674517	0.0106827656014638	0.0	0.0110563567455065	0.0	0.0	0.0	0.0086008043421148
species|490573|Solirubrobacter ginsenosidimutans	0.0	0.0176753232980713	0.0130974121772415	0.0133607858578805	0.01449568156597	0.0121877408048844	0.0106416624249506	0.0127290322070542	0.0127705441766259	0.0122494447353142	0.0023261901595971	0.0127446590521658	0.0	0.0	0.0	0.0029592353887166	0.0013168346757148	0.0	0.0019845536090139	0.0138279367034755	0.0205418116899968	0.0141424560603836	0.0132953202527969	0.0111138000821083	0.0145390062041761	0.0125604374570041	0.0	0.0105742318522452	0.0	0.0	0.0	0.0	0.0135993775525116	0.0108965798971088	0.0115294928723392	0.0131486595972874	0.0133217613416519	0.0106463197003791	0.0191165296916539	0.0	0.0112024315030396	0.0118491530363274	0.0155785613851233	0.0	0.0	0.0095327965970762	0.0074880085083981	0.0119982767867691	0.0148655517244085	0.0028161916679586	0.0041665408272228	0.0	0.0128608300312693	0.0039013794429563	0.0023068067983473	0.0021291303939579	0.0036929410068477	0.0049329884022851	0.0183806560147877	0.0146735178092066	0.0176518476670738	0.0142621103051064	0.0104689333979082	0.0080784461657344	0.0106701389553762	0.0130365532755932	0.0173581012773208	0.0045024097340853	0.0020607845396566	0.0014805670377969	0.0	0.0018760418945777	0.0	0.0	0.0104697492928279	0.0030515750028448	0.0168931219134639	0.0	0.0014188161347115	0.0	0.0119478497218569	0.0185370683195897	0.0	0.0207164479891928	0.0	0.0	0.0	0.016120817842485
species|363832|Solirubrobacter soli	0.0	0.0064616778307473	0.0053401780664013	0.0038671587987795	0.0047124516904795	0.0055727275554004	0.004048619541544	0.0054097386042166	0.004082237224878	0.0040284470515987	0.0	0.0061096426623413	0.0	0.0	0.0	0.0	0.0	0.0	0.0	0.0051821757330371	0.0049678796622397	0.0051457980741576	0.0048389144435352	0.0030993046098146	0.0062648309619373	0.0042249646543027	0.0	0.0030801642776841	0.0	0.0	0.0	0.0	0.0041166156351025	0.0063263591302869	0.0038182202872862	0.0034353140367185	0.0023658603759221	0.003750882291921	0.0054520811774438	0.0	0.0035048458697232	0.0038610933128183	0.0051852590075291	0.0	0.0	0.0037968923240801	0.0027948035676877	0.0034580975460333	0.0035643992662935	0.0	0.0	0.0	0.0045571866221046	0.0	0.0	0.0	0.0	0.0014694648985622	0.0070560287047242	0.0043529901144202	0.0075575268115917	0.0048837417315941	0.0052929542146751	0.0050740573709602	0.0047290287869728	0.005391513284018	0.0050619630631953	0.0	0.0	0.0	0.0	0.0	0.0	0.0	0.0046380795830618	0.0005893460850288	0.006221830277841	0.0	0.0	0.0	0.0045829203500658	0.0067019955399212	0.0	0.0063735160830882	0.0	0.0	0.0	0.0062888641808986
species|496014|Baekduia soli	0.0	0.0103364099573805	0.0101449459627949	0.007181183909632	0.0100573876460303	0.0061556921947239	0.0063958967070469	0.0082903213397313	0.0085385433944364	0.0068367469391726	0.0013282064166925	0.0090232657448989	0.0029637760697529	0.0	0.0	0.0	0.0	0.0	0.0013068106719507	0.008474143588538	0.010567663099386	0.0090617413377255	0.0087985210203939	0.0061786088101518	0.0086688662551148	0.0086113518834911	0.0	0.0054716700232189	0.0	0.0	0.0	0.0	0.0124085601213034	0.0068293641597844	0.0066210982774249	0.0095227325967373	0.007297651763805	0.0073532011508106	0.0114342396108743	0.0012198887018301	0.0081078918793614	0.0070534773338938	0.0073237909903641	0.0	0.0	0.0061554874160425	0.0053640942133235	0.0065301180831017	0.0081422506681558	0.0014344576735131	0.0046215432773448	0.0	0.00695638447746	0.0024767750720762	0.0026487467369467	0.0040820497149182	0.0020992935070733	0.0027834440406311	0.0103025925995173	0.0089956467960384	0.0106164519441859	0.009558716160461	0.0066777671449627	0.0053959109598246	0.0064537889673245	0.0072928208534758	0.008109142375529	0.0024345455583426	0.0018635015948407	0.0017181973887131	0.0027439359016573	0.0026066322778865	0.0	0.0	0.0059024709552579	0.0019508255379751	0.0097399103886655	0.0	0.0	0.0	0.0066177175289351	0.01194645702426	0.0	0.0134694004740358	0.0	0.0	0.0	0.0097177236696159
species|29539|Thermoleophilum album	0.0	0.0015618271489958	0.0	0.0	0.0014324053979122	0.0	0.0	0.0013121683944166	0.0	0.0	0.0	0.0	0.0	0.0	0.0	0.0	0.0	0.0	0.0	0.0	0.0	0.0	0.0	0.0	0.00188154330753	0.0	0.0	0.0	0.0	0.0	0.0	0.0	0.0	0.0	0.0	0.0	0.0	0.0	0.0	0.0	0.0	0.0014394482430994	0.0	0.0	0.0	0.0	0.0	0.0	0.0	0.0	0.0	0.0	0.0	0.0	0.0	0.0	0.0	0.0	0.0	0.0	0.0	0.0011290062756033	0.0	0.0	0.0014250478332923	0.0	0.0	0.0	0.0	0.0	0.0	0.0	0.0	0.0	0.0	0.0	0.0	0.0	0.0	0.0	0.0	0.0	0.0	0.0	0.0	0.0	0.0	0.0011489681648502
species|1640866|Parviterribacter multiflagellatus	0.0	0.0015641160684499	0.0	0.0	0.0008137606489454	0.0016527034786764	0.0011676076134985	0.000835655715082	0.0	0.0	0.0	0.0015998578900457	0.0	0.0	0.0	0.0	0.0	0.0	0.0	0.00106093873954	0.0015895976224144	0.0013234285277608	0.0013570708799035	0.0008320810423072	0.0014024879015013	0.0	0.0	0.0013337197346188	0.0	0.0	0.0	0.0	0.0	0.0019329712962878	0.0	0.0015791492074837	0.0016036447729019	0.0009809395753714	0.0	0.0	0.0	0.0011005001309295	0.0016616854452295	0.0	0.0	0.0	0.0	0.0	0.0011639240294241	0.0008376813579488	0.0	0.0	0.0010832966310463	0.0	0.0	0.0	0.0	0.0	0.0018464886734895	0.0	0.0	0.0017017444762316	0.0	0.0	0.0013889465091614	0.0022581706009753	0.0023127379190113	0.0	0.0	0.0	0.0	0.0	0.0	0.0	0.0	0.0008515770450586	0.0015520037731453	0.0	0.0	0.0	0.001443726360442	0.0020242640832399	0.0	0.0	0.0	0.0	0.0	0.0012678544968106
species|467091|Ilumatobacter fluminis	0.0	0.0048881475133382	0.0054868659622936	0.0064982098666255	0.0037075346407483	0.0039685489522022	0.0021124467912433	0.0043222686975443	0.0039803861905479	0.0027721067676262	0.0	0.0056779250532969	0.0	0.0	0.0	0.0	0.0	0.0	0.0	0.0036377573933969	0.0057048659894853	0.0032907052099056	0.0031034992995223	0.0025102871034685	0.0042149073626582	0.0025219242317932	0.0	0.0035827567499508	0.0	0.0	0.0	0.0	0.0066206668602087	0.0032646009674588	0.003454226075384	0.0031967877395396	0.0045009792703016	0.0033033571023809	0.0058400945887421	0.0	0.0	0.0030413332515864	0.0048078374301314	0.0	0.0	0.0032012929424012	0.0029302067085751	0.0034576273236003	0.0035449901160346	0.0	0.0	0.0	0.0036508569451657	0.0013722433823955	0.0	0.0	0.0	0.0028651072477254	0.0043118507910838	0.0045081636534525	0.0030697307785393	0.0051599796600803	0.0043163446507288	0.0032837890465081	0.0044360878372322	0.0055599301706728	0.0047503995303025	0.0	0.0	0.0	0.0	0.0	0.0	0.0	0.0050413389774312	0.0008501393132092	0.0039894022948376	0.0	0.0	0.0	0.0048126701402687	0.0041759310135165	0.0	0.0050722415497561	0.0	0.0	0.0	0.0037069998909954
species|2578113|Bradyrhizobium sp. KBS0725	0.0	0.0033032346552012	0.0041180098277318	0.0060845790656236	0.0016631504286972	0.0053510964307922	0.0038128365303964	0.0031589150900831	0.0064493488191207	0.0028834783974663	0.0020868729313262	0.0020991928232887	0.0	0.0	0.0	0.0	0.0	0.0	0.0	0.0039093031983254	0.0045563061409718	0.003023567125519	0.0037801291731082	0.0022798796677277	0.0	0.005342877078507	0.0	0.005109846543395	0.0	0.0	0.0	0.0	0.0045862539756658	0.0038186024480085	0.0036456023441748	0.002992163063748	0.009059380743419	0.0025504307889778	0.0037097916109702	0.0	0.0035029191556802	0.0029529954907903	0.0040576277997085	0.0	0.0	0.0038331020841982	0.0016325349152252	0.0036805433296155	0.0032598539628515	0.0	0.0	0.0	0.0055020639160922	0.0019695479768071	0.0	0.0	0.0016596201059457	0.0024769973732901	0.0043851878613601	0.0034733597326254	0.0042979653129837	0.0027090965891697	0.0024136117192089	0.00593840335629	0.0015221168552637	0.0027775159508366	0.0047213577014145	0.0026414238635346	0.0014832129066638	0.001271455582465	0.0	0.0	0.0	0.0	0.0108589648212564	0.0009476423837903	0.003782192063595	0.0	0.0	0.0	0.003906552652203	0.004834933740583	0.0	0.0013189779651522	0.0	0.0	0.0	0.0028032910725234
species|1518501|Bradyrhizobium valentinum	0.0	0.0010099683556627	0.0	0.0	0.0	0.0	0.0012843771213415	0.0	0.0015542549166481	0.0	0.0	0.0	0.0	0.0	0.0	0.0	0.0	0.0	0.0	0.0018833497875911	0.0	0.0	0.0	0.0012608182393241	0.0	0.002018138699246	0.0	0.0	0.0	0.0	0.0	0.0	0.0	0.0029125168722853	0.0009720524836473	0.0	0.0	0.0016517041511515	0.0	0.0	0.0	0.001212696455945	0.0011364235580095	0.0	0.0	0.0007777861184513	0.0	0.0	0.0011200538852743	0.0	0.0	0.0	0.0	0.0	0.0	0.0	0.0	0.0017342581826598	0.0	0.0	0.0	0.0	0.0	0.0	0.0	0.0	0.0	0.0	0.0	0.0	0.0	0.0	0.0	0.0	0.0	0.0	0.0012108433211727	0.0	0.0	0.0	0.0	0.0020390090935113	0.0	0.0	0.0	0.0	0.0	0.0017829172429322
species|1274631|Bradyrhizobium icense	0.0	0.0045666163884066	0.005967852325985	0.0	0.0048653417455332	0.0045897542703592	0.0028876108680722	0.0046037486728208	0.003280176316078	0.0054612347508675	0.0	0.0038834996355371	0.0	0.0	0.0022756202355805	0.0	0.0016557225017414	0.0	0.0	0.0039590033153258	0.0048890303671398	0.0078770312543471	0.0049596138854054	0.0038174977538192	0.0078204235309548	0.0031546651000234	0.0	0.005747420864518	0.0	0.0	0.0	0.0	0.0039461615403887	0.0046037171207336	0.0041792114713796	0.0041152274233569	0.0	0.0036033232321746	0.0029517109635448	0.0	0.0028481527050596	0.0041528805875879	0.0050198150813486	0.0	0.0	0.0031973993233537	0.0039799828064535	0.0034107605024895	0.0022974188920956	0.0030832251238696	0.0	0.0	0.0030434069478065	0.0046798199788803	0.0	0.0	0.0019789565063522	0.0	0.0048168563566441	0.0044308861885365	0.0064416534028134	0.002466645297358	0.0045503324488701	0.0055758087163025	0.0035663109654995	0.0037660636155263	0.0055514773661135	0.0	0.0013990825552499	0.0	0.004628168639033	0.0	0.0030347575573754	0.0	0.0105924826048327	0.0011104834796309	0.0029525290717693	0.0	0.0	0.0	0.0038673225403552	0.0032157644016698	0.0	0.0040617740619435	0.0	0.0	0.0	0.0013111748824896
species|190148|Bradyrhizobium paxllaeri	0.0	0.0035260987003915	0.0020098647238734	0.0081755215502668	0.0008615768488743	0.0047206148245266	0.0037907828186574	0.0030291407690113	0.0015375628949917	0.002993301333872	0.0	0.0040863916757126	0.0	0.0	0.0026709612161422	0.0	0.0016698607207965	0.0	0.0	0.0045154944030042	0.005515944338809	0.0	0.0019055381149276	0.0038275723918356	0.0	0.0038983950144889	0.0	0.003835783130656	0.0	0.0	0.0	0.0	0.0038514045251534	0.0034779972007338	0.004728111639849	0.0041280780413246	0.0085880191606435	0.0034052401394938	0.0029521729369141	0.0	0.0053736001439565	0.0033971658583226	0.0051329940001042	0.0	0.0	0.0031858389597744	0.0014096384385999	0.0039072363412731	0.004504088508322	0.0	0.0	0.0	0.0030142002468465	0.0	0.0	0.0054555993841816	0.001876114952014	0.003461112833834	0.0069014324358261	0.0051019608929084	0.0031541634021403	0.0034960908796555	0.0047389021679626	0.0059202932027752	0.0036703859843637	0.0035129506575667	0.0055552353212261	0.0	0.0014138316337943	0.0017795200475882	0.0	0.0	0.0029335885282205	0.0	0.0	0.001051672576262	0.0058815167311665	0.0	0.0	0.0	0.0038784683255492	0.003217158187767	0.0	0.0040988825947318	0.0	0.0	0.0	0.0055992189688713
species|376|Bradyrhizobium sp.	0.0	0.002055579510359	0.0	0.0	0.0	0.0012837971803279	0.0	0.001391185567264	0.0	0.0010727029611061	0.0024166354743145	0.0	0.0	0.0	0.0	0.0	0.0	0.0014365217065637	0.0	0.0013929597330637	0.0	0.0	0.0	0.0011360416398736	0.0017964375519063	0.0	0.0	0.0	0.0	0.0	0.0	0.0	0.0	0.0	0.0	0.0016805971799879	0.0	0.0	0.0	0.0	0.0	0.0009792977603126	0.0030006228401962	0.0	0.0	0.001254938996539	0.0	0.0	0.0	0.0013238227971215	0.0	0.0	0.0	0.0	0.0	0.0	0.0034631522812158	0.0	0.0	0.0	0.0031805163331748	0.0018442200946577	0.0	0.0	0.0	0.0	0.0	0.0	0.0	0.0013672580645225	0.0	0.0	0.0	0.0	0.0	0.0012556036612308	0.0011889367616511	0.0	0.0	0.0	0.0	0.0	0.0	0.0	0.0	0.0	0.0	0.0022787931235958
species|1325107|Bradyrhizobium zhanjiangense	0.0	0.0050662505061712	0.0059072579410429	0.0061334708893772	0.0032761374415187	0.0033676089972243	0.0057609086145544	0.0030278868384305	0.0039453099930471	0.0053213388235687	0.0014059553762792	0.0027075015555897	0.0026070914221021	0.002067118539199	0.0	0.0	0.0	0.0	0.0	0.0052424512067123	0.0070467774720302	0.0046899773107727	0.0036554561427025	0.0037817748838767	0.0071070157420696	0.0049073251520336	0.0	0.0050333017562913	0.0	0.0	0.0	0.0	0.0057879151796221	0.0054285049127767	0.0055447304854119	0.0052561427734835	0.0051626562050714	0.0038711138997298	0.0045448333806655	0.0	0.0045618579099142	0.0023863610697398	0.0089076453947185	0.0	0.0	0.0043739510831267	0.0027734541485366	0.0047319241270781	0.003628717636717	0.0023540809814151	0.0038101809681662	0.0	0.0037455334291025	0.0028210648632294	0.0	0.0031232186749757	0.0031532862702736	0.0033800794896892	0.0066607800959159	0.0044818235551309	0.0053747264125441	0.0039949267697618	0.0039947454125771	0.0051118961844923	0.0029943678210776	0.003611720744721	0.0063814367204683	0.0018935407636052	0.0021574249086559	0.0017027359707668	0.0034004675276383	0.0	0.0	0.0	0.0120349960259307	0.0016411669503796	0.0057821798063133	0.0	0.0	0.0	0.0045459822733329	0.0045473913178833	0.0	0.0033563994190175	0.0	0.0	0.0	0.0053225588942626
species|1076|Rhodopseudomonas palustris	0.0	0.0015510324796611	0.0	0.0	0.0015103089736992	0.0	0.0	0.0	0.0	0.0	0.0	0.0	0.0	0.0	0.0	0.0025491763801858	0.0018636505782764	0.0	0.0019051722581651	0.0022511724284129	0.0	0.0022821704953719	0.0	0.0014472773319183	0.0	0.0	0.0	0.0	0.0	0.0	0.0	0.0	0.0	0.0	0.0	0.0	0.0	0.00154347622968	0.0	0.0	0.0	0.0	0.0016636036210967	0.0	0.0	0.0011167010164668	0.0	0.0	0.0	0.0016487923454913	0.0	0.0	0.0	0.0	0.0	0.0	0.0	0.0	0.0021981173819087	0.0	0.0	0.0	0.0	0.0	0.001444541181316	0.0	0.0	0.0	0.0	0.0	0.0	0.0	0.0	0.0	0.0	0.0	0.0013800612050845	0.0	0.0	0.0	0.0	0.0	0.0	0.0	0.0	0.0	0.0	0.0011822027781275
species|151414|Afipia birgiae	0.0	0.0022211725583208	0.0	0.0029666598001421	0.0	0.0	0.0	0.0014202603267356	0.0017133148153168	0.001326327015031	0.0	0.0023418135261667	0.0	0.0	0.0	0.0	0.001870025651206	0.0	0.0	0.0014758274779925	0.0	0.0	0.0014948903588784	0.0015071087814313	0.0	0.0	0.0	0.002440592961152	0.0	0.0	0.0	0.0	0.0	0.0	0.0025725345213842	0.0016074245195115	0.0	0.0016575491965824	0.0037017542847486	0.0	0.0	0.0012590484100436	0.0022891181065537	0.0	0.0	0.0014383199594415	0.0	0.0020886793001737	0.0019701008455275	0.0014739673111015	0.0	0.0	0.0014654317735922	0.0	0.0	0.0	0.001962526493182	0.0	0.002133672241959	0.0030169589809493	0.0	0.001557304653817	0.0028772305166545	0.0	0.0	0.0018674916220858	0.0	0.0	0.0	0.0	0.0	0.0	0.0	0.0	0.0	0.0011393883818181	0.0014408635105279	0.0	0.0	0.0	0.0	0.0022972926795151	0.0	0.0	0.0	0.0	0.0	0.0014205888105826
species|42256|Rubrobacter radiotolerans	0.0	0.0027533859235213	0.0041630148991123	0.0056305513605776	0.0029314333117851	0.0035830669633361	0.0042243928346925	0.0038504334312681	0.0024167309423841	0.0013060843391126	0.0	0.0044750834778154	0.0	0.0	0.0	0.0	0.0	0.0	0.0	0.0032209471401326	0.0042491091737669	0.0025476504985822	0.0013997086055562	0.0035913579209137	0.0044520474204397	0.0035590765462485	0.0	0.0030144975641596	0.0	0.0	0.0	0.0	0.0039437594430028	0.0033521003417174	0.002436361959344	0.0015434644922697	0.0033239945082808	0.0023329830088669	0.004384921620356	0.0	0.004395036193843	0.0022060913946996	0.0054971637345536	0.0	0.0	0.0058513650709791	0.0038553987381034	0.0022235202293589	0.0017031132910954	0.0	0.0	0.0	0.0034885826852205	0.0	0.0	0.0	0.0	0.0	0.0042961219016138	0.004398502929554	0.0020136565039216	0.0028640037480354	0.0065504782468877	0.004304666529555	0.003305308394717	0.0043429405652048	0.0037326094338343	0.0	0.0	0.0	0.0	0.0	0.0	0.0	0.0035925855017645	0.0	0.0025491562898569	0.0	0.0	0.0	0.0050308717908297	0.0027909084510688	0.0	0.0015411835236045	0.0	0.0	0.0	0.001508705812835
species|1404|Bacillus megaterium	0.0	0.009154879298181	0.0096917544300979	0.0111684495498979	0.0087204708904249	0.005983237101108	0.0141460940281082	0.0065231409698439	0.0088258378873045	0.011208412651098	0.0	0.006148805053522	0.0	0.006243214140204	0.0	0.0	0.0019876627835954	0.0017022443822853	0.0	0.0089436555127597	0.0121009108787628	0.0074355052111235	0.0090019367546331	0.0064673032878111	0.0118279169161591	0.0078367422119629	0.0	0.0077976615864887	0.0	0.0	0.0	0.0043355287128314	0.0091567567252917	0.0133335732847643	0.0117009424458532	0.0064143105314925	0.0065835975025126	0.0097306521806361	0.0083901436043253	0.0011074262903588	0.0107854928012544	0.0061913334061607	0.0098127258006478	0.0	0.0	0.0115608961943368	0.0087307142977997	0.0088966635333513	0.0075245314394773	0.0009706853038245	0.0	0.0	0.0068805120730053	0.002416159259817	0.0019041131009693	0.0	0.0	0.0018826818109984	0.0076966655338279	0.0099606027871044	0.0071629764759501	0.0050839263881227	0.0128201143225883	0.0055335755411508	0.0066073311214393	0.0080009576026241	0.0085528947072522	0.0021048390065619	0.0011990686129631	0.0022309978753144	0.0	0.0011568216775573	0.0	0.0025175613759855	0.0145651676148378	0.0008091056730353	0.0081702986711738	0.0016687582498389	0.0051247362896552	0.0	0.005530927667308	0.010854624073419	0.0	0.0071029008006915	0.0048834541982072	0.0	0.0	0.0075689688251648
species|450367|[Brevibacterium] frigoritolerans	0.0	0.0012922984122481	0.0	0.0	0.0014109787663463	0.0	0.0034283118156439	0.0	0.0014058447414992	0.0016539650055082	0.0	0.0020174440590175	0.0	0.0	0.0	0.0	0.0	0.0	0.0	0.00162612699341	0.0018865635831569	0.0	0.0013188801724332	0.0017038337902665	0.0032894005312663	0.0037112410820413	0.0	0.0020319172320151	0.0	0.0	0.0	0.0	0.0	0.0027092221023511	0.0022844708641214	0.0	0.0	0.0	0.0	0.0	0.0	0.0	0.002298448827758	0.0	0.0	0.0024011269068415	0.0013400080327119	0.0012555902790502	0.0	0.0	0.0	0.0	0.0	0.0	0.0	0.0	0.0	0.0	0.0026338163408482	0.0	0.0	0.0	0.0023692538364189	0.0	0.0013576526527406	0.0	0.0	0.0	0.0	0.0	0.0	0.0	0.0	0.0	0.0	0.0	0.0019770784545611	0.0	0.0024338234418782	0.0	0.0019603326697015	0.0	0.0028909741638914	0.0	0.0	0.0	0.0	0.0014494990321542
species|1478|Peribacillus simplex	0.0	0.0018289832405032	0.0046628002777327	0.0	0.0018003296616562	0.0034884095180846	0.0023220144380671	0.0017655076993525	0.0026620227491447	0.0019178352186595	0.0	0.0026928803807591	0.0	0.0	0.0	0.0	0.0	0.0	0.0	0.0012703036784573	0.0029940512846523	0.0030159375714466	0.0033944344728091	0.0019560581753543	0.0028805543570015	0.0	0.0	0.0019748528713891	0.0	0.0	0.0	0.0	0.0	0.0	0.0028952703736933	0.0019510570405905	0.0	0.0035815565818569	0.0	0.0	0.0	0.0016322279754393	0.0022059823134502	0.0	0.0	0.0025401950618797	0.0017742632447746	0.0024305727809701	0.0019506591590098	0.0	0.0	0.0	0.0012502642752272	0.0	0.0	0.0	0.0	0.0	0.0019989898985772	0.0	0.0034937679342835	0.0024531510099374	0.0027165754754696	0.0	0.0021052623221981	0.0028032209771868	0.0034836133102904	0.0	0.0	0.0	0.0	0.0	0.0	0.0	0.0	0.0	0.0011099498965555	0.0	0.0	0.0	0.0016959700234821	0.0038954533047571	0.0	0.0034484237912739	0.0	0.0	0.0	0.0020075700073981
species|2662614|Terrimonas suqianensis	0.0	0.0038998500635588	0.0037185855416615	0.0039251592791815	0.0020688576735376	0.0041591618143709	0.0015667691891039	0.0027345312165405	0.003094652554269	0.0037069937031315	0.0	0.0030953807935558	0.0	0.0	0.0	0.0	0.0	0.0	0.0	0.0016531006621901	0.003827497032054	0.003932805868236	0.0028358321838399	0.0029523940030316	0.0032937799516294	0.0047413165759101	0.0	0.0040409725844446	0.0	0.0	0.0	0.0	0.0059589601234456	0.0043203781601597	0.0037633032443467	0.0035393685701622	0.0038765833571717	0.003676159091767	0.0044522854622993	0.0	0.0040236592525912	0.0023321639490266	0.0027430257247126	0.0	0.0	0.0036112456790963	0.0042971681022507	0.0047533786958955	0.0028956586781633	0.0013225239670934	0.0	0.0033997683335835	0.0046305258321661	0.0021892654677363	0.001469617380026	0.0	0.0	0.0	0.0031417241570402	0.0041781129908383	0.0026424345434926	0.0031111470263831	0.0045946336283932	0.0036833028328166	0.0052050507443976	0.0035289731284513	0.0052000031943179	0.0	0.0	0.0	0.0	0.0	0.0	0.0	0.0	0.0	0.0028678364552276	0.0	0.0	0.0	0.0031602452774387	0.0028026936042722	0.0	0.0063993579066518	0.0	0.0	0.0	0.0015809160122393
species|249|Terrimonas ferruginea	0.0	0.0014884544975118	0.0	0.0	0.0010215803413378	0.001210746991818	0.0009418128546948	0.0012561833490736	0.001079624549201	0.0011787689673871	0.0	0.0015030555023485	0.0	0.0	0.0	0.0	0.0	0.0	0.0	0.0009296898109558	0.0	0.002273107601635	0.0	0.0014307255756373	0.0	0.0	0.0	0.0	0.0	0.0	0.0	0.0	0.0	0.0019445276806309	0.0	0.0008283390799872	0.0	0.0016108109155286	0.0	0.0	0.0	0.0	0.0009614418626625	0.0	0.0	0.0012335614132115	0.0013987017489909	0.0	0.0	0.0	0.0	0.0	0.0021870581372685	0.0011918786374304	0.0	0.0	0.0	0.0	0.0	0.0019590149222477	0.0	0.0	0.0	0.0	0.0023295894489508	0.0	0.0	0.0	0.0	0.0	0.0	0.0	0.0	0.0	0.0	0.0	0.0015830447038511	0.0	0.0	0.0	0.0019095429547767	0.0	0.0	0.0	0.0	0.0	0.0	0.0007340667337049
species|1397|Bacillus circulans	0.0	0.0063192632163691	0.0078913377684018	0.0108412478584287	0.0063398303631137	0.005783030594639	0.0095803059615962	0.0060646553626301	0.0074835700249919	0.0076570104357713	0.0	0.0086372169082108	0.0	0.0	0.0	0.0	0.0	0.0	0.0	0.0054831087923126	0.008113777101693	0.0063126319420426	0.009550788935082	0.0046695181560688	0.0075761665917296	0.0082849984216152	0.0	0.0079133855706345	0.0	0.0	0.0	0.0	0.0067771713371062	0.0091692006755802	0.0080088991141292	0.0058838761307104	0.0072859851904912	0.0092593370403535	0.0081925816932529	0.0	0.0084353841844353	0.0047555826877323	0.0068093929122765	0.0	0.0	0.0097659308474497	0.0067923085146493	0.0078586918783605	0.0085245108027556	0.0	0.0	0.0	0.0077714761686847	0.0	0.0	0.0	0.0	0.0	0.0083303315323854	0.0087808464533948	0.0053030365531808	0.0047577812775151	0.0071842543960115	0.007016754681426	0.005518966381204	0.0081893584890682	0.0079492901959023	0.0	0.0	0.0016957800317294	0.0	0.0	0.0	0.0	0.0109090361490441	0.0	0.006433692347533	0.0	0.0	0.0	0.0076341387151864	0.0105331296025499	0.0196186597734697	0.0076332705022422	0.0015844575551253	0.0	0.0	0.005571833368049
species|1737571|Bacillus oryzisoli	0.0	0.0086938536297364	0.0107782474807272	0.0136783637619927	0.0092837648710821	0.0078357925547686	0.0128081683870144	0.0089020972709083	0.0108272353383464	0.0129585869597566	0.0	0.0103393029932605	0.0	0.0	0.0	0.0	0.0	0.0	0.0	0.0079515065607488	0.010538297921785	0.0088084090501935	0.0135561450202361	0.0089452399931946	0.0099196039277772	0.0104008838772143	0.0	0.0103446351093124	0.0	0.0	0.0	0.0	0.0101171747611546	0.0123289768168847	0.0110201941768849	0.0080558936421929	0.0082699578919763	0.0131107100624654	0.0126511474966827	0.0	0.0142971148234001	0.0079437944517451	0.0091572701841625	0.0	0.0	0.0125458056141855	0.0098145836257172	0.0126541659364498	0.0105992964985425	0.0	0.0	0.0	0.0097474612416388	0.0	0.0	0.0	0.0	0.0	0.0095935799098807	0.0082147556311184	0.0098268980686547	0.0066336915326099	0.0111280429191138	0.011054393181789	0.0081970560105858	0.0121775117526588	0.0113603692298436	0.0	0.0	0.0	0.0	0.0	0.0	0.0	0.0143017739093782	0.0	0.0079754961040705	0.0	0.0	0.0	0.0091218867740456	0.0142482513146234	0.0673596000532909	0.0127163549782394	0.0	0.0	0.0	0.0083336587961473
species|352858|Bacillus sp. Y1	0.0	0.0020397933423553	0.0028028263959591	0.0029512601034324	0.0016226239110108	0.0014031405854711	0.0017624978936884	0.0017414209812931	0.002148624698225	0.0024000864221316	0.0	0.0021144926811308	0.0	0.0	0.0	0.0	0.0	0.0	0.0	0.0018008685048613	0.00260795171225	0.0022408503456787	0.0026577943396347	0.0016340657601675	0.0022882786781343	0.0035098201614107	0.0	0.0024728507356359	0.0	0.0	0.0	0.0	0.0	0.0021466652543707	0.0018568968887277	0.0014472554964279	0.0	0.0014048966043448	0.0030129052625173	0.0	0.0022635055459649	0.0016808055329541	0.001686582098482	0.0	0.0	0.0025662681012135	0.0017699968217053	0.0029298848109236	0.0024453676988253	0.0	0.0	0.0	0.0023225101778541	0.0	0.0	0.0	0.0	0.0	0.0	0.0016467992009977	0.0025136538945505	0.0021916428695991	0.0024382232522135	0.0	0.0023855455738018	0.0022143895568732	0.0029279005718713	0.0	0.0	0.0	0.0	0.0	0.0	0.0	0.0	0.0	0.0018439082362675	0.0	0.0	0.0	0.0021296495218231	0.0022370867146569	0.003304814706631	0.0016835618857476	0.0	0.0	0.0	0.0017648793669477
species|1456|Bacillus benzoevorans	0.0	0.0013275587230618	0.001859358545314	0.0	0.0009699181658002	0.0	0.0020197356781005	0.0011767845578853	0.0019487749122699	0.0016192208253205	0.0	0.0	0.0	0.0	0.0	0.0	0.0	0.0	0.0	0.0008424792064787	0.0	0.0	0.0019824852856716	0.001764937307257	0.0013266270947601	0.0	0.0	0.0012325317418628	0.0	0.0	0.0	0.0	0.0	0.0	0.0017071890591371	0.0013296566175634	0.0	0.0019536234569339	0.0	0.0	0.0028885149460368	0.0013015127787166	0.0	0.0	0.0	0.0022124684941667	0.0017553808228131	0.0016477030971112	0.0	0.0	0.0	0.0	0.0012232649798548	0.0	0.0	0.0	0.0	0.0	0.001833117947672	0.0	0.0	0.0	0.0	0.0	0.0	0.0	0.0027912061684457	0.0	0.0	0.0	0.0	0.0	0.0	0.0	0.0	0.0	0.0	0.0	0.0	0.0	0.0017866831923148	0.0021708865159249	0.0	0.0021161098362182	0.0	0.0	0.0	0.0018519775606256
species|1384459|Methyloceanibacter caenitepidi	0.0	0.0086461120667184	0.0076563823180026	0.0073662363029002	0.0094105981173984	0.0091417172453664	0.0105214423844783	0.0084426150247022	0.0092348139983819	0.0079898497751748	0.0	0.0089818842813041	0.0	0.0	0.0	0.0	0.0	0.0	0.0	0.0065599420406644	0.0082841586342917	0.010771241999927	0.0117988586747325	0.0084938648227176	0.0092689246227665	0.0115554696721917	0.0	0.0095663289045328	0.0	0.0	0.0	0.0	0.0094119841079882	0.0071231522977059	0.0078009848265582	0.010271484960401	0.0097348117767397	0.0088589892039741	0.0100073213623944	0.0	0.0136429013326829	0.0074820462053495	0.008006749313554	0.0	0.0	0.0073477371991316	0.0093256010388333	0.0103899388303911	0.0076346953455388	0.0	0.0	0.0	0.0091062794004224	0.0	0.0	0.0	0.0	0.001309757745917	0.008607406050392	0.0075148882870467	0.0091366771576413	0.0082459993532214	0.0068829561524326	0.0117163083107874	0.0115096008879641	0.0083462650989347	0.0076164299518048	0.0	0.0	0.0	0.0	0.0	0.0	0.0	0.0118842343472582	0.0	0.0088117242409956	0.0	0.0	0.0	0.0087409684692863	0.0115874287955246	0.0	0.0114033226286246	0.0	0.0	0.0	0.0086625259399264
species|2170729|Methyloceanibacter sp. wino2	0.0	0.0029703855838472	0.0027281249456817	0.0028944576473686	0.0028084807864493	0.0022109751407398	0.0028801936293961	0.0029094088429287	0.0020322485210113	0.0029398901544699	0.0	0.0039848707202462	0.0	0.0	0.0	0.0	0.0	0.0	0.0	0.0022644041110894	0.0033655844706604	0.0033913356413756	0.003029512121722	0.0022778924752769	0.0040037698746364	0.0029595295183798	0.0	0.0025023608329418	0.0	0.0	0.0	0.0	0.0	0.0023121133128725	0.0025540275470408	0.0040098908386839	0.0028718052675542	0.0031156207268061	0.0027914183060563	0.0	0.0033467059763656	0.0026464911822535	0.0025548931637718	0.0	0.0	0.0029307375444009	0.0028087169558457	0.0028813157538606	0.0027045991201021	0.0	0.0	0.0	0.0032622893702924	0.0	0.0	0.0	0.0	0.0	0.0021846672937253	0.002890886329293	0.0021860181482767	0.0025150663133325	0.0043580977324172	0.0024558027366569	0.0025631824709939	0.0022096088506849	0.0043868266137207	0.0	0.0	0.0	0.0	0.0	0.0	0.0	0.0	0.0	0.0026312751456546	0.0	0.0	0.0	0.0025226011798715	0.0036410342180895	0.0	0.0023577685905472	0.0	0.0	0.0	0.002290617931027
species|1640865|Parviterribacter kavangonensis	0.0	0.0018351502297475	0.002280392416034	0.0027933818956975	0.0012966366352701	0.0015767660561142	0.00141134990188	0.0015677865258399	0.0010041600164763	0.0012190514844214	0.0	0.0021779361871011	0.0	0.0	0.0	0.0	0.0	0.0	0.0	0.0017915113587027	0.0	0.0013726682760611	0.0017639005494619	0.0011663366393268	0.0015925295145514	0.0	0.0	0.0012153226498445	0.0	0.0	0.0	0.0	0.0	0.0	0.0015954134983329	0.0016804924560263	0.0	0.0012372501814777	0.0038648641868165	0.0	0.0	0.0012322495254797	0.0018784944451137	0.0	0.0	0.0011260255355779	0.0	0.0	0.0014548867761792	0.0	0.0	0.0	0.0	0.0	0.0	0.0	0.0	0.0	0.0022463805186126	0.0019430766567463	0.0031239026422476	0.0025146443337417	0.0022087961738837	0.0	0.0012812202562339	0.0014557669616745	0.0	0.0	0.0	0.0	0.0	0.0	0.0	0.0	0.0	0.0	0.0018714557732066	0.0	0.0	0.0	0.0020846228221293	0.0018982154033406	0.0	0.0018206552247531	0.0	0.0	0.0	0.0025378600449723
species|1097667|Patulibacter medicamentivorans	0.0	0.0034992525675681	0.0033859020086862	0.0043341706484507	0.0021972190284258	0.0024968396782698	0.0019612351165554	0.0028721505024209	0.0029625599152541	0.0021881501655478	0.0	0.0034296619492568	0.0	0.0	0.0	0.0	0.0	0.0	0.0	0.0027097459718958	0.0025033819856212	0.0046842078080299	0.0027590628234259	0.0014806389663644	0.0026044828285761	0.0035354822429205	0.0	0.0016121002034482	0.0	0.0	0.0	0.0	0.0033844888673443	0.0024541568034117	0.0021508450113034	0.00277407387109	0.0025821071780227	0.0023938286000244	0.0045916414524655	0.0	0.0020567397063144	0.0025540963302227	0.002971818379985	0.0	0.0	0.001271885299224	0.0025016751353583	0.0020742279814545	0.0029683795469305	0.0	0.0	0.0	0.0025303378140836	0.0	0.0	0.0	0.0	0.001289459624227	0.0030833805667065	0.0038029806120103	0.0038576070700735	0.0038141452757504	0.002296256341425	0.0029927304360654	0.0019522904443442	0.001633661565098	0.0040263581597831	0.0	0.0	0.0	0.0	0.0	0.0	0.0	0.0	0.0009578204950353	0.0026597380032281	0.0	0.0	0.0	0.0031971211966999	0.003242539629825	0.0	0.0031739800759684	0.0	0.0	0.0	0.0015912069790998
species|2578114|Bradyrhizobium sp. KBS0727	0.0	0.0026297612102153	0.0041178307268854	0.0033165280720057	0.0049464663664231	0.0015010439606932	0.0013697914473296	0.0031901011177076	0.0015721773196371	0.0028728387556814	0.0020317806999603	0.0062546634456379	0.0	0.0	0.0	0.0	0.0	0.0	0.0	0.0038487975231028	0.0046769363046937	0.0030235015006572	0.0025358666537335	0.0030545597404547	0.0076388853164353	0.0017731491911368	0.0	0.0028823167448007	0.0	0.0	0.0	0.0	0.0045862371730017	0.0038186013288445	0.0048622896753251	0.0031756935157588	0.0	0.002475202211443	0.0037990189417916	0.0	0.0030828687042952	0.0029327525899916	0.0028886957262081	0.0	0.0	0.0013489766410344	0.0037447933407913	0.0034191133557972	0.0032754766364323	0.0030677405114511	0.0	0.0	0.0	0.0015523323276222	0.0	0.0	0.0016581749712792	0.0025155033488412	0.0029060088915428	0.0033696642288588	0.0038418409057536	0.0019848303209465	0.0024136114323003	0.003724458750492	0.0032905366161977	0.0028002347533477	0.0047929672936898	0.0025569626838617	0.0014832129065785	0.0012211298828777	0.0	0.0039442760504711	0.0	0.0	0.0	0.0010507751044426	0.0036385651140553	0.0	0.0	0.0	0.0040115245164629	0.0023421211007875	0.0	0.0054753388230471	0.0	0.0	0.0	0.0028048273984647
species|673862|Candidatus Babela massiliensis	0.0	0.001339485042417	0.0	0.0	0.0016328766724172	0.0017897439887946	0.0013628620102214	0.0011904016039095	0.0006501182033096	0.0009909595543315	0.0008346084295451	0.0	0.0	0.0	0.0	0.0	0.0	0.0	0.0	0.0	0.0	0.0014380247241915	0.0011823825007389	0.0011630482941795	0.0	0.0	0.0	0.0	0.0	0.0	0.0	0.0	0.0	0.0015033794134499	0.0	0.0012437037471084	0.0016278457694062	0.0	0.0	0.0	0.0	0.0016913138001841	0.0	0.0	0.0	0.0012487783689834	0.0014979794972524	0.0012352795078943	0.0013895074229841	0.0	0.0	0.0	0.0015532251714197	0.0	0.0	0.0	0.0	0.0	0.0	0.0	0.0	0.0015930814924283	0.0	0.0	0.0015937666017354	0.0	0.0	0.0	0.0	0.0	0.0	0.0	0.0	0.0	0.0	0.0	0.0012472101877379	0.0	0.0	0.0	0.0	0.0	0.0	0.0013250421497717	0.0	0.0	0.0	0.0011805108396833
species|1603870|Brevitalea deliciosa	0.0	0.0147832855177935	0.0129282949818089	0.0143683045954489	0.0157086569350179	0.0200496650391256	0.0133384661116107	0.0197286824916142	0.014000125041994	0.0184627075751779	0.0	0.0154621648844006	0.0	0.0	0.0	0.0	0.0	0.0	0.0	0.010780185801769	0.0172733604072919	0.0179768141108272	0.0202056016102321	0.0235979297994686	0.0173017890535767	0.020192831505536	0.0	0.0150575068888117	0.0	0.0	0.0	0.0	0.014986870556436	0.014565389085682	0.0134147383524142	0.0185195504724214	0.0257905508439723	0.0154866657977546	0.0165030760012575	0.0	0.0237420504084214	0.0215907192616536	0.0104577199230789	0.0	0.0	0.01714647555399	0.0172960924747885	0.0210124488322749	0.0160067956327017	0.0011648223645894	0.0	0.0	0.0224581975416825	0.0030036861078975	0.0014843272500708	0.0	0.0016240359823216	0.0027013752418957	0.0121802527720143	0.0128172613317327	0.0134706873132694	0.0211439330355939	0.0168285065684791	0.0278615457791345	0.0146765692239906	0.0152230591327655	0.0159019397890753	0.0	0.0	0.0013376759595642	0.0	0.0	0.0	0.0	0.0188837338429524	0.0	0.0110369974051552	0.0	0.0	0.0	0.0121332918539314	0.015763381271626	0.0	0.0170216648359167	0.0	0.0	0.0	0.0152610313468555
species|1458336|Brevitalea aridisoli	0.0	0.0040338934391921	0.0026546802476995	0.0023916138836736	0.003744402215556	0.0054773942021357	0.0042554109303035	0.0039189750251748	0.0036086888909418	0.0040411805713511	0.0	0.0049915635088425	0.0	0.0	0.0	0.0	0.0	0.0	0.0	0.0032973345440059	0.0035039494894206	0.0051029848377813	0.0055472557625904	0.0062878561977257	0.005561261066296	0.0046303261966184	0.0	0.0020701713849904	0.0	0.0	0.0	0.0	0.0039962144712374	0.0048847720358257	0.0031966537872865	0.0044870903738443	0.0050414691022575	0.0040145962699661	0.0056843632389463	0.0	0.005793836624235	0.0062800430305343	0.0032752030255455	0.0	0.0	0.0058022748591456	0.0043220014189704	0.0050375691782418	0.0041613658678718	0.0	0.0	0.0	0.0047801519302787	0.0	0.0	0.0	0.0	0.0	0.0017092514295591	0.0035422720006625	0.0024968692025426	0.0052792670846913	0.0056430566617749	0.0063250363926444	0.0053164157412506	0.0035859416766052	0.0051979573805898	0.0	0.0	0.0	0.0	0.0	0.0	0.0	0.0056572170248655	0.0	0.0028314082072274	0.0	0.0	0.0	0.0040224117415069	0.0057343759188253	0.0	0.0035105390810812	0.0	0.0	0.0	0.0039727138232594
species|674703|Rhodoplanes sp. Z2-YC6860	0.0	0.0143263267668951	0.0154288710793184	0.0167633585558935	0.0182930378047428	0.0188502462140367	0.0140312931712816	0.0168279040844436	0.0147286940490906	0.0175332924477139	0.0052677153013309	0.0155476074276429	0.0031927928711814	0.0020495421817092	0.0036530577075219	0.0030895946296804	0.0021097421975451	0.0022385385236206	0.0026218902469579	0.0162355217996522	0.0174119513046341	0.0182768484183372	0.0171206578049522	0.0146175767481292	0.0147843503593558	0.0131727103808274	0.0015286089377001	0.0181887960384542	0.0015855998425141	0.0	0.0	0.0	0.0177793700294792	0.0153971186887779	0.0157011444085939	0.0178978345803039	0.0197914274276743	0.0159976157905263	0.0164844120320519	0.0014851504195021	0.0192124178638892	0.0172506210176084	0.0161559720547464	0.0	0.0	0.0143625438031847	0.0134160921793111	0.0147712616534918	0.016087954651769	0.0047732015627855	0.0083032177296811	0.0057107481491319	0.0160286794775802	0.0063748328344268	0.0042099988443538	0.0041274974177158	0.0057207838161512	0.0067894152326734	0.0151494746624292	0.0169741384314096	0.0192647820134564	0.0161747201881281	0.0185552365412395	0.0173639001583014	0.0166476024408254	0.0129777668279318	0.0196094897821965	0.0048153904322004	0.0044840793368581	0.0047641496104696	0.0061401759882734	0.0038768226360171	0.0056403230090708	0.004285788653746	0.0213036833570069	0.0041039580790128	0.017214924799849	0.0011197687094875	0.0012050165974629	0.0016835016792086	0.014283672476391	0.0176397773737802	0.0	0.0174357154186462	0.0	0.0	0.0	0.0146614629526608
species|80816|Haliangium ochraceum	0.0	0.0011465613118191	0.0014143459210079	0.0	0.0011511403204397	0.0	0.0	0.0014776494869284	0.0010467235291462	0.0012991367260638	0.0	0.0019740773828789	0.0	0.0	0.0	0.0	0.0	0.0	0.0	0.001179668236996	0.0021757243353014	0.0013737902752083	0.0012687333708431	0.0008180771533436	0.0	0.0	0.0	0.000974662894188	0.0	0.0	0.0	0.0	0.0	0.0013790682989927	0.0	0.0010428438532657	0.0	0.0	0.0	0.0	0.0	0.0009497366917594	0.0	0.0	0.0	0.0014659161780901	0.0017245132469475	0.0	0.0009410294807442	0.0	0.0	0.0	0.0	0.0	0.0	0.0	0.0	0.0013447649964665	0.0	0.0012543120822502	0.0015356651892804	0.0015069151833666	0.0	0.0	0.0021771967059157	0.0012998050228427	0.0	0.0	0.0009932840875252	0.0008142058696829	0.0	0.0	0.0	0.0	0.0	0.0007793620293858	0.0	0.0	0.0	0.0	0.0	0.001647555751751	0.0	0.0	0.0	0.0	0.0	0.0011334235354595
species|29468|Methylocystis echinoides	0.0	0.0037205403225524	0.0033511401701818	0.0060666658971052	0.0039597291624015	0.0038260010016927	0.0027575542606384	0.0036666840989455	0.0037800513280627	0.003242426434162	0.0	0.0034118282941194	0.0	0.0	0.0	0.0	0.0	0.0	0.0	0.0035340875467839	0.0040163219434035	0.0057680094018107	0.0042973842667952	0.0039696815173265	0.0043845770830867	0.0044679671079496	0.0	0.0035886425385234	0.0	0.0	0.0	0.0	0.0045414005925958	0.003690295525141	0.0028777358614983	0.0046921700200993	0.004214219714677	0.0050529979560197	0.0066700499193919	0.0	0.0052404319528302	0.0031884576304013	0.0023176808859568	0.0	0.0	0.0029956591314094	0.0033537066284288	0.00472292690441	0.0046288083688794	0.0	0.0	0.0	0.0043093030920523	0.0	0.0	0.0	0.0	0.0	0.0041582664507985	0.0041063490187169	0.0040554187608251	0.0046194762046578	0.0064762084218333	0.0072572224075476	0.0047075702858943	0.0039234446032194	0.0050976874252683	0.0	0.0	0.0	0.0	0.0	0.0	0.0	0.0079922223706359	0.0	0.0040963988267261	0.0	0.0	0.0	0.0045882402022004	0.0032868136025245	0.0	0.0058703346565618	0.0	0.0	0.0	0.0028497651942719
species|1813871|Panacibacter ginsenosidivorans	0.0	0.0024485726993408	0.0033691416308872	0.0057108745402382	0.0039069607158718	0.0039697049537916	0.0042553058257368	0.0033245396711936	0.0030353650406372	0.0033836406593144	0.0013961601906323	0.0034749084817029	0.0020936775091929	0.0015817238124692	0.0	0.0010350870525006	0.0012402548162918	0.0013148083922542	0.0011387429497906	0.0037175946863914	0.0039117370698833	0.0043354434278095	0.0047260889897861	0.0041423957209574	0.0038527693070788	0.0033128190054945	0.0	0.002974038756884	0.0	0.0	0.0	0.0	0.003756392380316	0.0034334485519939	0.0042574932319599	0.0033257353050976	0.0034588903828374	0.0049515206726159	0.0034210200075909	0.0007706436865829	0.0054383850808343	0.0022418729728437	0.0045936971961679	0.0	0.0008661834011799	0.0042840474755127	0.0047999214179167	0.0054861496478201	0.0032201994507199	0.0017017940568722	0.0025671511136089	0.003168549631596	0.005155865462079	0.0021239569829466	0.0018332670715284	0.0021811260796085	0.0025104046580024	0.0020590002798939	0.0032409714967714	0.0050498640722726	0.0048739129024518	0.0034296865940451	0.0056808734797953	0.0032836534284899	0.0042477234633396	0.0052148835089074	0.0042416315075143	0.0013411113340179	0.001561308322279	0.0013408749096746	0.0028553773102301	0.0010241446841288	0.0015456301515166	0.0021415565489595	0.0054804245961649	0.0009605994667497	0.0041198044093074	0.0010636026930327	0.0012486362661577	0.0	0.0038366910918353	0.0029632745260507	0.0	0.0031817247948706	0.0	0.0	0.0	0.0026428814466232
species|426|Methylosinus trichosporium	0.0	0.0020718639103824	0.0019881962199343	0.0	0.0024264026834813	0.0029234523911405	0.0023771247654798	0.0011985620007477	0.0026719843998735	0.0022593694677175	0.0	0.0020372178881921	0.0	0.0	0.0	0.0	0.0	0.0	0.0	0.0029259872999026	0.0	0.0033847785042468	0.0022729023641517	0.0021180275716314	0.0	0.0	0.0	0.0033128504305943	0.0	0.0	0.0	0.0	0.0	0.0	0.0026897082654922	0.0024111256666627	0.0026848691940787	0.0027045687027288	0.0	0.0	0.0032240454649449	0.0021122929973697	0.0020487760019258	0.0	0.0	0.0013086829330951	0.0021227619151826	0.0018633021069649	0.0018867331850755	0.0	0.0	0.0	0.0025822715846521	0.0	0.0	0.0	0.0	0.0	0.0025047138081116	0.0029077757858261	0.0024443310963163	0.0020965567871605	0.0	0.0	0.0022805449161233	0.0020170510424653	0.0	0.0	0.0	0.0	0.0	0.0	0.0	0.0	0.0	0.0	0.0017659653225697	0.0	0.0	0.0	0.0	0.0027719767883387	0.0	0.0021812859278751	0.0	0.0	0.0	0.0015671468949212
species|428|Methylosinus sporium	0.0	0.0013290240914474	0.0	0.0	0.0	0.0	0.0	0.0010333698345078	0.0	0.0	0.0	0.0	0.0	0.0	0.0	0.0	0.0	0.0	0.0	0.0	0.0	0.0	0.0	0.0	0.0	0.0	0.0	0.0	0.0	0.0	0.0	0.0	0.0	0.0	0.0	0.0	0.0	0.0	0.0	0.0	0.0	0.0	0.0	0.0	0.0	0.0	0.0	0.0	0.0	0.0	0.0	0.0	0.0	0.0	0.0	0.0	0.0	0.0	0.0	0.0	0.0	0.001306716841404	0.0	0.0	0.0	0.0	0.0	0.0	0.0	0.0	0.0	0.0	0.0	0.0	0.0	0.0	0.0	0.0	0.0	0.0	0.0	0.0	0.0	0.0	0.0	0.0	0.0	0.0
species|2496847|Sterolibacteriaceae bacterium M52	0.0	0.001803086085234	0.0	0.0	0.0022221159186211	0.0019444978989942	0.0	0.0019718805557489	0.0013579189886278	0.0019134382883113	0.0	0.0	0.0	0.0	0.0	0.0	0.0	0.0	0.0	0.0	0.0	0.0	0.0	0.0019362791845395	0.0	0.0	0.0	0.0	0.0	0.0	0.0	0.0	0.0	0.0	0.002469742773661	0.0	0.0	0.0014750943145196	0.0	0.0	0.0	0.001515177396206	0.0	0.0	0.0	0.0	0.0	0.0	0.0	0.0	0.0	0.0	0.0	0.0	0.0	0.0	0.0	0.0	0.0	0.0	0.0	0.0	0.0	0.0	0.0	0.0	0.0	0.0	0.0	0.0	0.0	0.0	0.0	0.0	0.0	0.0	0.0	0.0	0.0	0.0	0.0	0.0	0.0	0.0	0.0	0.0	0.0	0.0015860271777002
species|2358|Desulfomonile tiedjei	0.0	0.0019645238160772	0.0	0.0	0.001628620658522	0.0	0.0	0.0022124995471841	0.0011482465766337	0.0025960895386745	0.0	0.0	0.0	0.0	0.0	0.0	0.0	0.0	0.0	0.0	0.0	0.0037549850091474	0.0	0.001869962059059	0.0023295814273568	0.0	0.0	0.0	0.0	0.0	0.0	0.0	0.0	0.0	0.0	0.001486961591934	0.0	0.0015895055670742	0.0	0.0	0.0	0.0017118587734772	0.0	0.0	0.0	0.0014017442503491	0.0	0.0	0.0015163016945753	0.0	0.0	0.0	0.0015805030849291	0.0	0.0	0.0	0.0	0.0	0.0	0.0	0.0	0.0	0.0	0.0	0.0	0.0	0.0049202505325892	0.0	0.0	0.0	0.0	0.0	0.0	0.0	0.0	0.0	0.0018374605318474	0.0	0.0	0.0	0.0	0.0	0.0	0.0	0.0	0.0	0.0	0.0018751660954941
species|1670831|Egibacter rhizosphaerae	0.0	0.0017523773126351	0.0	0.0	0.0013410750640159	0.0012243554515635	0.0013721661494956	0.0018457315789802	0.0	0.0009837455515922	0.0	0.0	0.0	0.0	0.0	0.0	0.0	0.0	0.0	0.0012711995623449	0.0	0.0	0.0	0.0	0.0018634861497776	0.0	0.0	0.0	0.0	0.0	0.0	0.0	0.0	0.0	0.0	0.001172669986811	0.0	0.0017208023623508	0.0	0.0	0.0	0.0012594563151608	0.0	0.0	0.0	0.0012489318409836	0.0	0.0014435191600992	0.0020587578769105	0.0	0.0	0.0	0.0016286743560994	0.0	0.0	0.0	0.0	0.0	0.0	0.0	0.0	0.0017038573892154	0.0	0.0	0.0	0.0	0.0	0.0	0.0	0.0	0.0	0.0	0.0	0.0	0.0	0.0	0.0019698511497738	0.0	0.0	0.0	0.001954754389213	0.0020550233091084	0.0	0.0017655440479354	0.0	0.0	0.0	0.0018079953093885
species|56|Sorangium cellulosum	0.0	0.0025516067930231	0.0033569689537753	0.0041428369791171	0.0023723880429077	0.002497463888954	0.0014612023197325	0.0025241977263679	0.0018702224995514	0.0015684741408375	0.0	0.0022881235218212	0.0	0.0	0.0	0.0	0.0	0.0	0.0	0.0025712567870717	0.0	0.0	0.0017770546662584	0.0016494257624003	0.0031616666051731	0.0050243022672719	0.0	0.0030435020716082	0.0	0.0	0.0	0.0	0.0	0.0051658497152035	0.0022412615348563	0.0012240803185836	0.0032015137499552	0.0021238870019305	0.0031936436765683	0.0	0.0046161606289169	0.0018712787609604	0.0026946335499012	0.0	0.0	0.0016638861006934	0.0043503991714483	0.0	0.0021603415222228	0.0	0.0	0.0	0.002473803757087	0.0	0.0	0.0	0.0	0.0026409627125257	0.0039348362015811	0.0050722646520562	0.0034221675693264	0.0025069089047355	0.005561029719327	0.0	0.0022077584508018	0.0032613855605568	0.0	0.0	0.0	0.0	0.0	0.0	0.0	0.0	0.005966944288165	0.0	0.0013036097586879	0.0	0.0	0.0	0.0035892232535636	0.0040338741978762	0.0	0.0028005085628824	0.0	0.0	0.0	0.0013222019165017
species|888845|Minicystis rosea	0.0	0.0016187453191849	0.0	0.0	0.0016605846888268	0.0	0.0	0.0015185773519613	0.001167457145205	0.0	0.0	0.0	0.0	0.0	0.0	0.0	0.0	0.0	0.0	0.0016546587589003	0.0	0.0023571777642019	0.0012724095730774	0.0011426349359597	0.0017755942082612	0.0	0.0	0.0	0.0	0.0	0.0	0.0	0.0	0.0	0.0016584249132845	0.0015963138145718	0.0019061185465727	0.0012497126455983	0.0026738583415869	0.0	0.0	0.0015265647309208	0.0	0.0	0.0	0.0014084482458256	0.0023239004437892	0.0013326203248078	0.0018484004846823	0.0	0.0	0.0	0.0014297348095129	0.0	0.0	0.0	0.0	0.0	0.0	0.0	0.0020445890060317	0.0024132252067477	0.0	0.0	0.0021850948030896	0.0021445199445802	0.0	0.0	0.0	0.0	0.0025143088659529	0.0	0.0	0.0	0.0	0.0011830406940836	0.0012407366374728	0.0	0.0	0.0	0.0014301709825679	0.0020429007311207	0.0	0.0023481042279647	0.0	0.0	0.0	0.0012413924357989
species|293647|Byssovorax cruenta	0.0	0.0015588476337493	0.0	0.0	0.0	0.002805102510289	0.0016257903143921	0.0016824427273859	0.001368132403744	0.0021249982365941	0.0	0.0018834626373198	0.0	0.0	0.0	0.0	0.0	0.0	0.0	0.0	0.0	0.002028576880195	0.0016253854600276	0.0010500726384183	0.001454868795767	0.0	0.0	0.0022002319844206	0.0	0.0	0.0	0.0	0.0	0.0	0.0013697531941676	0.0010779179760811	0.0018001005139855	0.0012873453007966	0.0	0.0	0.0	0.0014104100813127	0.0030573555575588	0.0	0.0	0.0013205278762183	0.0	0.0010772982218634	0.0009919742297067	0.0	0.0	0.0	0.0015605451221337	0.0	0.0	0.0	0.0	0.0	0.0	0.0035732581869458	0.0025223241747341	0.0028419763090272	0.0	0.0	0.0015305505056603	0.002172892517493	0.0	0.0	0.0	0.001414207069908	0.0	0.0	0.0	0.0	0.0	0.0	0.0010489952050622	0.0	0.0	0.0	0.0	0.0	0.0	0.0020611571196402	0.0	0.0	0.0	0.0010371858769345
species|1817965|Skermanella rosea	0.0	0.0038137669215575	0.0041718084067727	0.0045799784818177	0.0026461400564114	0.0043361289326251	0.0031466305708081	0.0042313763284833	0.0031017765996697	0.0024117075247498	0.0	0.0037988442569365	0.0	0.0	0.0	0.0	0.0	0.0	0.0	0.0021864581090691	0.0052600369650259	0.0028670463427238	0.0025309514359751	0.0033512704067886	0.0037257921846965	0.0036368228758146	0.0	0.0030833916863527	0.000955312954179	0.0	0.0	0.0	0.0045242158958353	0.0032047067576429	0.0036421700903833	0.0032553838998691	0.0039645921114777	0.0044387620046531	0.0044742371652157	0.0	0.004632569478863	0.0029932031038611	0.0046247481753381	0.0	0.0	0.0025749349795529	0.0035515887139159	0.0030378422676051	0.0022559248032833	0.0	0.0	0.0	0.0042722438354256	0.0	0.0	0.0	0.0	0.0023790863018445	0.0032000005683603	0.0049519800494536	0.0031347709899449	0.0041453011963876	0.0048479933981618	0.0040991817345923	0.0035991560739227	0.0041830949243772	0.0073980580100317	0.0	0.0	0.0	0.0	0.0	0.0	0.0	0.0078630323825131	0.0	0.0030816472877632	0.0	0.0	0.0	0.0054547352052056	0.0036040676914302	0.0	0.004354823155373	0.0	0.0	0.0	0.002312228759681
species|913326|Skermanella stibiiresistens	0.0	0.0024376890606197	0.0023896697539742	0.0052641984596498	0.0015851106522417	0.0015451949286069	0.0015534442900912	0.0028130439890077	0.0021828780366486	0.0013523985644283	0.0	0.003442177663216	0.0	0.0	0.0	0.0	0.0	0.0	0.0	0.002209895935056	0.0026523567035343	0.0026793277791631	0.0015152160917224	0.0020443113508545	0.0025372595173025	0.0031088681182401	0.0	0.0025604627511788	0.0	0.0	0.0	0.0	0.0043416885866636	0.0021002407317282	0.0022769619123215	0.0016575258348696	0.0	0.002086133495835	0.0031239032325075	0.0	0.0022727574552462	0.0018708260822059	0.0026768945449134	0.0	0.0	0.0017726327796347	0.0017942602307112	0.0022480450989674	0.001403059744866	0.0	0.0	0.0	0.0025149112397099	0.0	0.0	0.0	0.0	0.0	0.0021378594506786	0.0031748450081609	0.0023462735124729	0.0025459125701932	0.0027116830476693	0.00219170923211	0.002588733611721	0.0030848043594046	0.0021031287570841	0.0	0.0	0.0	0.0	0.0	0.0	0.0	0.0	0.0	0.0020059996196735	0.0	0.0	0.0	0.0031087647995847	0.0	0.0	0.0	0.0	0.0	0.0	0.0013641651308982
species|228899|Peribacillus asahii	0.0	0.0037017237931707	0.0044248909828453	0.0056537747234679	0.0045877553034585	0.0031845602135523	0.0073468940651466	0.0038278886952314	0.0046227767802471	0.0037322476118027	0.0	0.0042442427944468	0.0	0.0	0.0	0.0	0.0	0.0	0.0	0.0027674487294983	0.0044205076765699	0.0041995622905754	0.0063167871186596	0.0037682148502129	0.0044864049500006	0.0043308747193257	0.0	0.0037593182046649	0.0	0.0	0.0	0.0	0.0034365686663172	0.0056969508250255	0.0048635205868723	0.0024512260618944	0.0027181554836237	0.0065436252481905	0.0040477630456808	0.0	0.003690903297391	0.0033052366118934	0.0040746295951996	0.0	0.0	0.004989784573919	0.0042212125698324	0.0064566634603481	0.0046223460390343	0.0	0.0	0.0	0.0031615861956539	0.0	0.0	0.0	0.0	0.0011533712872343	0.0037993976788826	0.0027710541658756	0.003368733072651	0.0029062424267929	0.0032949246004457	0.0041784479457671	0.0036975295138016	0.0061627933866361	0.0066692883608069	0.0	0.0	0.0	0.0	0.0	0.0	0.0	0.006065967000298	0.0	0.0028443628345497	0.0	0.0	0.0	0.0032072597417591	0.0059840712083411	0.017818171385895	0.0042400450170577	0.0	0.0	0.0	0.0036721613412622
species|29408|Rhodoplanes elegans	0.0	0.002302072012165	0.0028852890978827	0.0	0.001901141073113	0.0	0.0009948191091623	0.0013948164233928	0.0017591080770615	0.0016208770486698	0.0	0.0017153673971682	0.0	0.0	0.0	0.0	0.0	0.0	0.0	0.0019587138094073	0.0029568566132613	0.0020603758296626	0.0020610721063485	0.0011127947162948	0.0	0.0024242791825082	0.0	0.0016212288890721	0.0	0.0	0.0	0.0	0.0036300387265867	0.0024235017322024	0.0023560648288114	0.0013942195180658	0.0025036061963246	0.0018503255657609	0.0	0.0	0.0	0.0013519524604179	0.0018138347612807	0.0	0.0	0.0010842074207116	0.0020910651989139	0.001734993014049	0.0013222305931508	0.0	0.0	0.0	0.0	0.0	0.0	0.0	0.0	0.0	0.0022560461822333	0.0018445452801784	0.0024547844916029	0.0024637272757087	0.0	0.0	0.0	0.0014021747970335	0.0037073400436837	0.0	0.0	0.0	0.0	0.0	0.0	0.0	0.0	0.0008409619030467	0.0018883390920523	0.0	0.0	0.0	0.0024788111993997	0.0	0.0	0.0017587697896673	0.0	0.0	0.0	0.0019988032827511
species|1897628|Rhodoplanes azumiensis	0.0	0.0030505083069797	0.0028608723105985	0.007484833043707	0.0022815290119362	0.0032256645727379	0.0027587575674777	0.001680815353959	0.0036977230450379	0.0036982898519752	0.0023402332434424	0.0039255409167343	0.0	0.0019968091187865	0.0	0.0017281244035318	0.0016687004096291	0.0018676513836035	0.0014875417259527	0.0028714711764804	0.0040003500324065	0.0043881952525279	0.0028651770822598	0.0033889888785686	0.0035547579313316	0.0024723162439466	0.0	0.0040023632999821	0.0	0.0	0.0	0.0	0.0049071938344698	0.003150084782376	0.002507369275094	0.0024358295604655	0.0028736849578373	0.0014770591785392	0.0067976377502383	0.0	0.0039477583298717	0.0027832900520781	0.0041486959326073	0.0	0.0	0.0029104160904781	0.0015040334646311	0.0030734151399228	0.0026093260133797	0.002631758789617	0.0029792923550562	0.0	0.003523620718603	0.0023772415489501	0.0	0.00360893629861	0.0	0.0036971072347184	0.0023500219702888	0.0023869577508678	0.0031316284439762	0.0028781469282099	0.007581008507041	0.0040866882360153	0.0029967926088033	0.0023376893684548	0.0041382419896131	0.0027345548625524	0.002303428801592	0.0019259993371207	0.0	0.0024703683303303	0.0	0.0	0.0	0.00138725946061	0.0021785307306162	0.0	0.0	0.0	0.001789918532529	0.0033615095115927	0.0	0.0033626573588945	0.0	0.0	0.0	0.0023041120335136
species|200615|Rhodoplanes serenus	0.0	0.0018411676601893	0.001880045128535	0.0	0.0018998287852881	0.0023311430748287	0.0019851123889708	0.0013357494438298	0.0011156788768626	0.0018186960330569	0.0	0.0021047201861928	0.0	0.0	0.0	0.0	0.0	0.0	0.0	0.0016022780824936	0.0	0.0017569075491761	0.0014621350196679	0.0021027156374873	0.0016579547676973	0.0023201078522595	0.0	0.0013539500654506	0.0	0.0	0.0	0.0	0.0	0.0	0.002375440444117	0.0019378083216337	0.0029403169365036	0.0014529668355121	0.0	0.0	0.0	0.0019080961698337	0.0	0.0	0.0	0.0014244636144105	0.0015560112399787	0.0014085707568843	0.0017058333840656	0.0	0.0	0.0	0.0022386742239135	0.0	0.0	0.0	0.0	0.0	0.0	0.0020839961374455	0.0024903663891449	0.001742073041002	0.0	0.0035319981019551	0.0019353185536617	0.0014264662279402	0.0029996456843385	0.0	0.0010505995040212	0.0	0.0	0.0	0.0	0.0	0.0	0.0	0.002163712371192	0.0	0.0	0.0	0.0	0.0015355921094704	0.0	0.0	0.0	0.0	0.0	0.0012577098366761
species|1897629|Rhodoplanes tepidicaeni	0.0	0.0017086702797686	0.0	0.0	0.0024061573081574	0.0020750968221729	0.0013328237457367	0.0010476067205244	0.0013108438277811	0.0029373592307993	0.0	0.002529934280552	0.0	0.0	0.0	0.0	0.0	0.0	0.0	0.0014160878131874	0.0030462123816067	0.0024417349924466	0.0014307289581644	0.0012758555571011	0.0018420166909336	0.0029342667760037	0.0	0.0021479850408684	0.0	0.0	0.0	0.0	0.0	0.0	0.0025655688649378	0.0025018032216491	0.0019176592971961	0.0017269075564998	0.0	0.0	0.0	0.0013337100705718	0.0027330334667399	0.0	0.0	0.0018722020337771	0.0021487447240367	0.0017750875189401	0.0021309092032599	0.0	0.0	0.0	0.0021746812855703	0.0	0.0	0.0	0.0	0.0	0.0019910454921742	0.003304769490529	0.0021635386700844	0.001613620144537	0.0	0.0034729332363818	0.0028785918275161	0.0019073449456716	0.0	0.0	0.0	0.0	0.0	0.0	0.0	0.0	0.0	0.0	0.0018061203367813	0.0	0.0	0.0	0.0025058899444198	0.0041356206258495	0.0	0.0029860838177988	0.0	0.0	0.0	0.0011899381060915
species|1052257|Aquihabitans daechungensis	0.0	0.0029104236847885	0.003563908731216	0.0043788392020204	0.0020776109712362	0.002968889045553	0.0013280428689521	0.0037826772573417	0.0035814277102182	0.0028907064601862	0.0	0.003192657144265	0.0	0.0	0.0	0.0	0.0	0.0	0.0	0.0034623275321297	0.0030753435393157	0.0038797274549926	0.0028248150220905	0.0017827181152296	0.0017961076550446	0.0034644880893952	0.0	0.0045276429847831	0.0	0.0	0.0	0.0	0.003821649557645	0.0025694122413939	0.0031911938061005	0.0028115191060634	0.0034586724052253	0.0028941723719711	0.0041980429197325	0.0	0.0024376839538469	0.0024662754722193	0.0028724091934781	0.0	0.0	0.0022451393243487	0.0019270210385731	0.00268029155981	0.0026910715867605	0.0013430386088164	0.001618618428231	0.0	0.0027152053827619	0.0	0.0	0.0	0.0011791700371479	0.0015612535603993	0.0036900188927863	0.0031559354603009	0.0024454932756749	0.0026850331701875	0.0033297365570028	0.0029176146530633	0.0029238092289451	0.0031193085928058	0.0036978729828509	0.0	0.0	0.0010467038177799	0.0	0.0012022570269759	0.0017285884099958	0.0	0.0	0.0010876487049078	0.0036584924241525	0.0	0.0	0.0	0.0031711541190179	0.00301615244753	0.0	0.0030665553154084	0.0	0.0	0.0	0.0027471267736125
species|467976|Iamia majanohamensis	0.0	0.0009502485495303	0.0	0.0	0.0006605110937112	0.0	0.0	0.0	0.0	0.0	0.0	0.0	0.0	0.0	0.0	0.0	0.0	0.0	0.0	0.0007369568627605	0.0	0.0	0.0	0.0	0.0	0.0	0.0	0.0	0.0	0.0	0.0	0.0	0.0	0.0	0.0	0.0	0.0	0.0	0.0	0.0	0.0	0.0006352950559573	0.0	0.0	0.0	0.0	0.0	0.0	0.0	0.0	0.0	0.0	0.0	0.0	0.0	0.0	0.0	0.0	0.0	0.0	0.0	0.0	0.0	0.0	0.0	0.0	0.0	0.0	0.0	0.0	0.0	0.0	0.0	0.0	0.0	0.0	0.0009568453295002	0.0	0.0	0.0	0.0	0.0	0.0	0.0	0.0	0.0	0.0	0.0010617146195801
species|254246|Aquicella lusitana	0.0	0.0010523717613261	0.0	0.0	0.0015235448461223	0.0	0.0012211990414482	0.0	0.0	0.0011911781316561	0.0	0.0	0.0	0.0	0.0009794699283988	0.0	0.0	0.0	0.0	0.0015198367741863	0.0	0.0023915131924568	0.0	0.0010950978625522	0.0	0.0	0.0	0.0016154821141991	0.0	0.0	0.0	0.0	0.0	0.0	0.0	0.0	0.0	0.001611970226824	0.0	0.0	0.0020678409478745	0.0010429708610748	0.0	0.0	0.0	0.0017502765160767	0.00161380235469	0.001215141457337	0.0	0.0013477878811893	0.0	0.0	0.0018627062997404	0.0	0.0	0.0	0.0	0.0	0.0015760677676631	0.0	0.0	0.0011412621862523	0.0	0.0	0.0	0.0	0.0	0.0010698780491885	0.0007980004304016	0.0008682893109912	0.0	0.0010944020951185	0.0	0.0	0.0	0.0	0.0010120462312783	0.0	0.0	0.0	0.0	0.0	0.0	0.0	0.0	0.0	0.0	0.0010876805622469
species|254247|Aquicella siphonis	0.0	0.0031149229916481	0.0020815074496066	0.0022179095163827	0.0044250469533056	0.0056862648729782	0.0047379467058112	0.0035712048071486	0.0024982900745293	0.0030354797602991	0.0024801002349023	0.0033309061656954	0.0021952930374661	0.0031618097280402	0.0026069597575649	0.0021454405819077	0.0024901868945656	0.0013204806987325	0.0013727278553618	0.003354869362688	0.0019424547772247	0.0045010725092667	0.0033993487861916	0.0044015993544585	0.0050181907377185	0.0061048279327065	0.0021070854839828	0.0025780191646733	0.0	0.0008202323991797	0.0	0.0	0.0029149519898713	0.0040471587732013	0.0027070207921737	0.0041544381398891	0.0045781818486018	0.0034150407664673	0.0029855016293462	0.0014307358970077	0.0050413911717239	0.0042262323986905	0.0030906029055793	0.0	0.0	0.0043585573851863	0.0036654881262235	0.0042193626934037	0.0040198151405392	0.002655628819992	0.0035780240073868	0.002569455596604	0.0037077074463034	0.0039619865163193	0.0037634995025384	0.0036752764766678	0.0025376170849139	0.0023953279247281	0.0047070441958239	0.0027487630566245	0.0049030166123416	0.0040931849662992	0.0064049011417432	0.0063947459384729	0.0046927572162204	0.002930692989582	0.0039022734981461	0.0026375273801955	0.0021339247567698	0.0036602834084456	0.0039512676985584	0.003289975819203	0.002789025895398	0.0021399788325426	0.0044363783020769	0.0019494062985491	0.0021388010435958	0.0009237887475974	0.0	0.0016835026757321	0.0036862584476762	0.0032963318449894	0.0	0.0033079722130308	0.0	0.0	0.0	0.0033674634724496
species|1705717|Patulibacter brassicae	0.0	0.0013726542540789	0.0	0.0	0.0010503061486006	0.0	0.0	0.0013677172594198	0.0	0.0	0.0	0.0	0.0	0.0	0.0	0.0	0.0	0.0	0.0	0.0008179671272484	0.0	0.0	0.0	0.0007868359246316	0.0	0.0	0.0	0.0	0.0	0.0	0.0	0.0	0.0	0.0	0.0	0.0010064059836649	0.0	0.0	0.0	0.0	0.0	0.0008501943638214	0.0	0.0	0.0	0.0	0.0	0.0	0.0009187901755713	0.0	0.0	0.0	0.0	0.0	0.0	0.0	0.0	0.0	0.0	0.0	0.0014036169649801	0.0	0.0	0.0	0.0	0.0011387814629172	0.0	0.0	0.0	0.0	0.0	0.0	0.0	0.0	0.0	0.0	0.0	0.0	0.0	0.0	0.0	0.0	0.0	0.0	0.0	0.0	0.0	0.0009734472559374
species|2562284|Pseudolabrys sp. FHR47	0.0	0.0047242451933869	0.0037591017991621	0.0054600837130839	0.0062451524385306	0.007245377857651	0.0058897423455807	0.0053245651542681	0.0037695915574746	0.0053283592886458	0.0013425226675838	0.0056699705263981	0.0	0.0018927910339794	0.0010629395162324	0.0016769283903798	0.0008223234072514	0.0	0.0	0.0053985861313462	0.0054717036249774	0.0071515169221632	0.0046835083083732	0.0068417045609071	0.003786853979104	0.0040469986821117	0.0	0.0055541727702044	0.0	0.0	0.0	0.0	0.0059381079875337	0.0047958613189404	0.0060435684980281	0.007732978142309	0.0081736580055279	0.0056892546851248	0.0057764106495155	0.0	0.0081718700420544	0.0074551320339389	0.0035869937766773	0.0	0.0	0.0041678935515	0.0065161958113616	0.005999460738236	0.0063908332827205	0.0016313347008785	0.0020777721081883	0.0029232902137319	0.006176996711152	0.0019828956261438	0.001575746086928	0.0018693642915711	0.0012141645761976	0.0026191454595227	0.0061359815641275	0.0043772233047126	0.0095336074027755	0.0063733440463639	0.0073145733441722	0.0108476208249662	0.0057176001622558	0.0049522132246698	0.0056146123142333	0.0017437600711722	0.0019368140440735	0.0013383377090793	0.0021942792067542	0.0015964230833925	0.0020209738110847	0.0	0.0057952648711655	0.001183201612947	0.0051556221896916	0.0	0.0	0.0	0.0057078676389593	0.0056351075835554	0.0	0.0052892694195568	0.0	0.0	0.0	0.0050051218668316
species|29409|Rhodoplanes roseus	0.0	0.0014934434583308	0.002006038425423	0.0	0.0016273418464201	0.0013154120383678	0.0011548740207261	0.0009106132214768	0.0007339372850228	0.0	0.0	0.0	0.0	0.0	0.0	0.0	0.0	0.0	0.0	0.0011190577442983	0.0	0.0	0.0	0.001256409932937	0.0	0.0	0.0	0.0010456996891351	0.0	0.0	0.0	0.0	0.0	0.0	0.0014983856378012	0.0013419768723858	0.0012695601389099	0.0012098182412686	0.0	0.0	0.0032438476483875	0.0008731854843249	0.0	0.0	0.0	0.0007864359883028	0.0013787881855607	0.0	0.001417454600974	0.0	0.0	0.0	0.0011718808418258	0.0	0.0	0.0	0.0	0.0	0.0	0.0015618837813658	0.0	0.0014053790541703	0.0	0.0	0.0	0.001210130541542	0.0	0.0	0.0	0.0	0.0	0.0	0.0	0.0	0.0	0.0	0.0013081447987058	0.0	0.0	0.0	0.0	0.0	0.0	0.0	0.0	0.0	0.0	0.0012637466342586
species|1235591|Pseudorhodoplanes sinuspersici	0.0	0.0024969147138731	0.0029814821416554	0.0	0.0017155621205565	0.002422582391921	0.001626847972314	0.0018637147203733	0.0021461554837517	0.0026462516122959	0.0	0.0018510412359216	0.0	0.0	0.0	0.0	0.0	0.0	0.0	0.0023828650711767	0.0033525446762052	0.0026794823800171	0.0015989585343752	0.002697441174612	0.002939384106903	0.0035668321771285	0.0	0.0033662701569924	0.0	0.0	0.0	0.0	0.0033701195990266	0.0027987623167326	0.0019962066979203	0.0018383293832659	0.0030102740935594	0.0027553266803169	0.0045100069398886	0.0	0.0035775964039001	0.0020698144337167	0.0030493790788996	0.0	0.0	0.0021887520566097	0.0024295101301744	0.0025981310458773	0.0026024106263901	0.0010708970082869	0.0	0.0	0.0019199045085812	0.0	0.0	0.0	0.0	0.0	0.0031918126483496	0.0039035656824235	0.0030100593718304	0.0029360450756345	0.0	0.0030923722303488	0.0025613782304792	0.0015874857503809	0.0025717993439707	0.0	0.0	0.0	0.0	0.0	0.0	0.0	0.0040169706578385	0.0	0.0027520187622314	0.0	0.0	0.0	0.0019916539693841	0.0	0.0	0.0042413154612331	0.0	0.0	0.0	0.0025587521583726
species|777|Coxiella burnetii	0.0	0.0017174824900028	0.0	0.0	0.0018000542523803	0.0024906620866679	0.0	0.0018196273961571	0.0017730501590025	0.0011791302245327	0.0	0.0018786705940318	0.0017563113107405	0.0	0.0015512808097863	0.0	0.0	0.0	0.0	0.0	0.0020753037709953	0.0028307227778825	0.0	0.0024851726156168	0.001433820234788	0.0027869940277801	0.0	0.0015099823646276	0.0	0.0	0.0	0.0	0.0	0.0	0.0017640498773397	0.0016304131035388	0.0035606710411981	0.0019743675124807	0.0	0.0	0.0029714100676751	0.0022883398448795	0.0	0.0	0.0	0.0010164567066739	0.0026002684953359	0.0025529111422218	0.0	0.0015666950660543	0.0	0.0	0.0015556798242049	0.0023194453965734	0.0	0.0	0.0	0.0015553361771951	0.0022583336529415	0.0	0.0020267416251297	0.0013975995399946	0.0	0.0036294503975112	0.0019479369576778	0.0	0.0	0.0015154066503202	0.0013173756921523	0.0013376870363051	0.0024146625193187	0.0010847399566647	0.0021646922918751	0.0	0.0	0.0	0.0013575293161942	0.0	0.0	0.0	0.0014335449147338	0.0021538837796247	0.0	0.0	0.0	0.0	0.0	0.0
species|1176646|Sphingomonas daechungensis	0.0	0.0018586942486409	0.0020610598525939	0.0	0.0011401525607377	0.0019010321767371	0.0010124058323441	0.0015662144039991	0.0015408574605547	0.0010865884222495	0.0011070835288861	0.0033278321603842	0.0018897152430447	0.0014895685038073	0.001232577391585	0.0014618347563712	0.0010669464289457	0.0018751792883697	0.0013927322273125	0.0015591356886493	0.0	0.0013213926725687	0.0010868359027454	0.0021776656385974	0.0024610987253425	0.0	0.0014515887694003	0.0018367724558961	0.0	0.0014095737283179	0.0	0.0	0.0	0.0035767656913002	0.0022733526191524	0.0017069777920162	0.0	0.0012343964316028	0.0	0.001468695433704	0.0	0.0010795072390835	0.0012546401561147	0.0	0.0	0.0014137986371813	0.0018707969815294	0.0013557406561717	0.0	0.0016587285279178	0.0025056401808206	0.0	0.0017511350807086	0.0016298089829979	0.0018071307434808	0.0016570387685636	0.0018294192551523	0.0033635499755085	0.0024642911465449	0.0018922022882513	0.0021946816297852	0.001732508129868	0.0024649757210034	0.0	0.0015003204384443	0.0019164403868415	0.0	0.0014984556059932	0.0025640940964504	0.0009874510109254	0.0	0.0022493131379654	0.0	0.001860129234994	0.0	0.0011668318322401	0.0015459093057484	0.0	0.0013609824369943	0.0	0.0022750127968256	0.0017281263534527	0.0	0.0	0.0	0.0	0.0	0.0015275511511159
species|2024524|Terrimonas soli	0.0	0.0038433952021609	0.0046320450289199	0.0051524911187828	0.0039071011811771	0.0033547407392666	0.0021880927185048	0.0037117469181526	0.0040025922773587	0.0035472492034363	0.0014204428176495	0.0032775799044936	0.0	0.0022772391883849	0.0030954500370423	0.0023915958859674	0.0021813083383264	0.0009626176976887	0.0012369880526336	0.0021002571345884	0.0040792824697419	0.003225993040413	0.003743372817479	0.0034371680393264	0.0041913859863994	0.0052284454839818	0.0016771113253028	0.0041785586466692	0.0	0.0	0.0	0.0009033957959177	0.0	0.0040069935397614	0.0037947216884603	0.0029843239461113	0.0044228495485716	0.0043544561558263	0.004411029565234	0.0	0.0067934564812901	0.0032395174929713	0.0024291104043011	0.0	0.0010276193282605	0.0036134096750496	0.0041657148644398	0.0043334053907815	0.0031717657572512	0.0023374923914595	0.0	0.0	0.0031444886623771	0.0037199398207793	0.0014014217171798	0.0	0.0028121351097355	0.0022638078833753	0.0026763342965714	0.0044250678693182	0.0043074162040339	0.0031819564119798	0.0050016129893101	0.0062926025395883	0.0044849802326613	0.0033866373537039	0.0041563062288004	0.0	0.0018158468948257	0.0013798988659798	0.004436322732642	0.0013958386243533	0.0033091399982962	0.0	0.0114942508310891	0.0016610675093326	0.0035311609519874	0.0014272685777272	0.0014219576197028	0.0	0.0045062613852683	0.0027524262516776	0.0	0.0	0.0	0.0	0.0	0.0026943036759883
species|1465490|Parafilimonas terrae	0.0	0.0026043407354134	0.002683338323361	0.0042437234091721	0.0026673509854341	0.0020372439433756	0.002628539058651	0.0023017035433616	0.0021581784194044	0.0022481177464056	0.0	0.0018953508104839	0.0	0.0	0.0	0.0	0.0	0.0	0.0	0.0023641235945303	0.0	0.0026286590923067	0.0028080236895299	0.0025337818612885	0.0026664543427351	0.0030574053865128	0.0	0.0022755792302159	0.0	0.0	0.0	0.0	0.0032737866208835	0.0017807862391522	0.0039353709447075	0.0025841958246405	0.003362086957334	0.0029219527947384	0.0022811245217774	0.0	0.0030975418432886	0.003108591081807	0.0030911596327166	0.0	0.0	0.00277276753778	0.0027597682347222	0.0040352415678346	0.0021814814056728	0.0	0.0	0.0	0.0028740100502484	0.0	0.0	0.0	0.0	0.0011460380164638	0.0028472670517264	0.0029732906046182	0.0030594834822639	0.0021677503247692	0.0053066917946792	0.004335703024545	0.0030350668185379	0.003746577824969	0.0	0.0	0.0	0.0	0.0	0.0	0.0	0.0	0.0	0.0	0.00232270995688	0.0	0.0	0.0	0.0021034024237916	0.0029381874093612	0.0	0.0027724609355727	0.0	0.0	0.0	0.0020000751391728
species|1742923|Thermostilla marina	0.0	0.0032294214742339	0.0031454881197342	0.004518799921839	0.0034006065560503	0.0049543352687372	0.0023153630823386	0.0030566228808724	0.002738044731031	0.0038346550655796	0.0	0.0045044407487176	0.0	0.0	0.0	0.0	0.0	0.0	0.0	0.0021743686568176	0.0032923723952091	0.0046518420018686	0.0036743748234305	0.0050442256012455	0.0033246487816073	0.0049185368359379	0.0	0.0042652757397764	0.0	0.0	0.0	0.0	0.0047238595006163	0.0038161684406046	0.002408997467065	0.003617229054648	0.0044452223221546	0.0037362404158011	0.0049137818824209	0.0	0.0063504722284047	0.0042799251129845	0.002104055062782	0.0	0.0	0.0033416372585883	0.0042655800121044	0.005415797936795	0.0037724210629851	0.0	0.0	0.0	0.0033448136673137	0.0	0.0	0.0	0.0	0.0012113225072634	0.0032745536932994	0.0029691848932889	0.0038606317633491	0.0036361399887474	0.0027364135862159	0.0059271925870754	0.0029339903294239	0.0041451553953058	0.0033931729700279	0.0	0.0	0.0	0.0	0.0015775616639226	0.0018970456596598	0.0	0.0059280614723479	0.0	0.0028915553636038	0.0	0.0	0.0	0.0034125337161537	0.0034969493389013	0.0	0.0034562438586984	0.0	0.0	0.0	0.0029893021467711
species|360055|Zavarzinella formosa	0.0	0.0045231485639623	0.0059798305561356	0.0058191222755798	0.0041263647105628	0.0047588372755939	0.0035548868134033	0.0040209705521632	0.0037816217748746	0.0061148791879363	0.0	0.0049291248815579	0.0	0.0	0.0	0.0008877715323416	0.0008905667964086	0.0	0.0007542553626748	0.0048510026975891	0.0048571828575198	0.0036805640472861	0.0046542206604885	0.0029514306582791	0.0051826682755381	0.0048617878432076	0.0	0.0044064524925005	0.0	0.0	0.0	0.0	0.0072565258876653	0.0054041432881295	0.0038829666881266	0.0054337373220975	0.0042302646077037	0.0032612326959285	0.0055331132251699	0.0	0.0037249484974672	0.0035621486563432	0.0046415814208315	0.0	0.0	0.0052704240723864	0.0054868878844898	0.0046132647929657	0.0073293711508086	0.0015977007575916	0.0016245053704717	0.0	0.004397670788982	0.0011596107341684	0.0017464034423214	0.0014952917760278	0.0014438189051582	0.0017989111792733	0.0057952774243291	0.0052054314568044	0.0058063040146273	0.0043231076463203	0.0066464714873943	0.0057111436069546	0.0057056126713981	0.0050578107437008	0.0075664477615676	0.0015166510878826	0.0010824450337656	0.0010548830973811	0.0	0.0015967813077433	0.0	0.0	0.0059578812450823	0.001181881781639	0.0042010955231134	0.0	0.0	0.0	0.0044865174680551	0.0046403014642141	0.0	0.0061844085319624	0.0	0.0	0.0	0.0042477466412096
species|2598579|Limnoglobus roseus	0.0	0.0013863034940312	0.0015187662258751	0.0	0.0018329806912412	0.001226469775822	0.0	0.0013584172987651	0.0015838706154531	0.0017443676616235	0.0	0.0017554165082053	0.0	0.0	0.0	0.0	0.0	0.0	0.0	0.0009360643554593	0.0021176195755727	0.0013584945621699	0.0015432680816177	0.0012948622748506	0.0012320353141263	0.0025545382572814	0.0	0.0020091975300641	0.0	0.0	0.0	0.0	0.0018996111233263	0.0	0.0013524273630102	0.0012669098264451	0.0023103685656917	0.0013345600013446	0.0	0.0	0.0019309615321212	0.0012393448582393	0.0023589550342659	0.0	0.0	0.0009070706646044	0.0014305336836678	0.0020237814186196	0.0016020856709053	0.0	0.0	0.0	0.0019310525164685	0.0	0.0	0.0	0.0	0.001082879240347	0.0020650968663305	0.0019196623361933	0.0	0.0014473675103204	0.0	0.0030400130727599	0.0013499123887598	0.0017185786576809	0.0	0.0	0.0	0.0	0.0	0.0	0.0	0.0	0.0	0.0	0.0009670584302398	0.0	0.0	0.0	0.0019348342251758	0.0014628385983951	0.0	0.0023879377078747	0.0	0.0	0.0	0.0017856982773789
species|1778678|Paenibacillus psychroresistens	0.0	0.0014139008781068	0.0	0.0	0.0010882701395166	0.001802119355086	0.0025194500707868	0.0	0.0013002364069386	0.0016591927283758	0.0	0.0	0.0	0.0	0.0	0.0	0.0	0.0	0.0	0.0012625418985165	0.0	0.0	0.0014779781259237	0.0020491925984157	0.0030468638645533	0.0	0.0	0.0018451730779592	0.0	0.0	0.0	0.0	0.0	0.0019514621731186	0.0	0.0	0.0016278359955234	0.0	0.0	0.0	0.0028438469493278	0.0014938702712619	0.0024042533686954	0.0	0.0	0.0019546096210093	0.0	0.0	0.0	0.0	0.0	0.0	0.0016155367725677	0.0	0.0	0.0	0.0	0.0	0.0	0.0	0.002039523756437	0.0011379153390987	0.0	0.003110957483581	0.0	0.0	0.0	0.0	0.0	0.0	0.0	0.0	0.0	0.0	0.0	0.0	0.0	0.0	0.0	0.0	0.0014335449518745	0.0	0.0424204827658209	0.0022053100930979	0.0	0.0	0.0	0.0016634470922768
species|28049|Acidothermus cellulolyticus	0.0	0.0043141953137652	0.0045292636350057	0.0062091900522931	0.0032199314763077	0.002506669428472	0.0038071524499212	0.0034095231277943	0.0038545942534195	0.0029315968783092	0.0	0.0042028975896171	0.0	0.0	0.0	0.0	0.0	0.0	0.0	0.003283931213301	0.0059013054850387	0.0044491874137734	0.0046360172984822	0.002168339569838	0.0037381480969876	0.0033882461753474	0.0	0.0039458860053528	0.0	0.0	0.0	0.0	0.0058092204497655	0.0038155069707543	0.0034471651797866	0.0032888689537422	0.0050268865606676	0.0038903635030034	0.0057356301517437	0.0	0.003233995404175	0.0034090386934533	0.0044046666071036	0.0	0.0	0.0021964391618492	0.0019440806896758	0.0032372408863091	0.0034894894626209	0.0	0.0	0.0	0.0038734091692408	0.0	0.0	0.0	0.0	0.0	0.0039165721721381	0.0036246450206637	0.0046475740387583	0.0043361806323528	0.0041747259535649	0.0048751526213247	0.0030199531520757	0.0042461770040614	0.0062797647707119	0.0	0.0	0.0	0.0	0.0	0.0	0.0	0.0040325703882682	0.0	0.0044996478051073	0.0	0.0	0.0	0.0044867772973646	0.0044293160618659	0.0	0.0063002619201326	0.0	0.0	0.0	0.003200155370183
species|1859|Frankia alni	0.0	0.0029265890601906	0.0040538233299362	0.0	0.0022771288628979	0.0	0.0	0.0	0.0	0.0	0.0	0.0036290057521553	0.0	0.0	0.0	0.0	0.0	0.0	0.0	0.0020521997745758	0.0	0.0	0.0	0.0	0.0	0.0	0.0	0.0029384540090593	0.0	0.0	0.0	0.0	0.0	0.0	0.0029240113875783	0.0016351561165102	0.0	0.0	0.0	0.0	0.0	0.0014996844811755	0.0026340976892306	0.0	0.0	0.0021261691939008	0.0	0.0031132868396382	0.0015475732204554	0.0	0.0	0.0	0.0	0.0	0.0	0.0	0.0	0.0	0.0034475914116254	0.0	0.0018925369107308	0.0019358202605655	0.0	0.0	0.0	0.0	0.0	0.0	0.0	0.0	0.0	0.0	0.0	0.0	0.0	0.0	0.0020512604072481	0.0	0.0	0.0	0.0	0.0	0.0	0.0	0.0	0.0	0.0	0.0019912601957366
species|298654|Frankia inefficax	0.0	0.0024296232623697	0.0	0.0	0.0019375050103961	0.0	0.0	0.0022504036874199	0.0	0.0023669648035943	0.0	0.0	0.0	0.0	0.0	0.0	0.0	0.0	0.0	0.0	0.0	0.0	0.0028571744020116	0.0	0.0	0.0	0.0	0.0	0.0	0.0	0.0	0.0	0.0	0.0	0.0	0.0017741439513568	0.0	0.0	0.0	0.0	0.0	0.0	0.0	0.0	0.0	0.0	0.0	0.0025151825856315	0.0015155634346132	0.0	0.0	0.0	0.0	0.0	0.0	0.0	0.0	0.0	0.0	0.0	0.002725360380604	0.0018364475103531	0.0	0.0	0.0	0.0	0.0	0.0	0.0	0.0	0.0	0.0	0.0	0.0	0.0	0.0	0.002379227133316	0.0	0.0	0.0	0.0	0.0	0.0	0.0	0.0	0.0	0.0	0.0015514639927786
species|2528021|Planctomycetes bacterium ETA_A8	0.0	0.0040728644662467	0.0073181109166328	0.0060364858373525	0.0063734439142631	0.0075077073974188	0.0050697806262616	0.0081378651599562	0.0049015946339789	0.0074478034500096	0.0012519126443323	0.0073984514406707	0.0013127750761536	0.0014082956084254	0.0042754530952439	0.0017769455152973	0.0021950086657339	0.0009724378728972	0.0016386934369119	0.004430633045115	0.0054205709332287	0.0072783497481231	0.0057258099370574	0.0065949610540022	0.0058822978752686	0.0078800649209847	0.0	0.0075535700600113	0.0	0.0007518796994304	0.0	0.0	0.0084019204338185	0.0080247106400051	0.0062455389325977	0.0055789270815205	0.0098812907564015	0.0067818167204838	0.0058470920215871	0.0	0.0063624402152293	0.0070688886175138	0.0060839910682958	0.0	0.0	0.0091086672414672	0.0106938415652781	0.0087312290903635	0.0078294697997667	0.0059137292705099	0.003292409390464	0.005460094096401	0.0063258753210784	0.0058551037087298	0.0031706992986539	0.003762945010313	0.0035868107520502	0.00443935156474	0.005732601687486	0.0074601223538278	0.0078520138271941	0.0071135566764626	0.0064231817220729	0.0084164985536859	0.0078452778222365	0.0069399743358743	0.0078455879695072	0.0032426458276105	0.0017266433255605	0.002917865769073	0.0043137967572762	0.0035930262959	0.0037645730528326	0.0044057954861933	0.0086312300454604	0.0022968820749165	0.0057228636095993	0.0007000758415553	0.0	0.0	0.008423511137775	0.0050721532223567	0.0	0.0061973488141847	0.0	0.0	0.0	0.0043791742194542
species|1560324|Arenimicrobium luteum	0.0	0.0032135948467255	0.0033702744967504	0.0037089841487962	0.0044665974637191	0.003952091495293	0.0033472529552556	0.0040246803033837	0.0030540330564579	0.0045011905829713	0.0	0.0042054146869588	0.0	0.0	0.0	0.0	0.0	0.0	0.0	0.0028017676136303	0.0036014159801435	0.0039557638968215	0.0043022795026622	0.0053252614138555	0.0046429024106472	0.004508275641907	0.0	0.0035947509529652	0.0	0.0	0.0	0.0	0.0036884092961379	0.0037390600074931	0.0026888608688342	0.0034486316558036	0.0052883666951832	0.0030952164028012	0.0039713767199121	0.0	0.005429391930302	0.0050753512590791	0.0017964218324962	0.0	0.0	0.0045753609044282	0.0039973026210897	0.0038433422447587	0.0038804005139295	0.0	0.0	0.0	0.0043491169602666	0.0	0.0	0.0	0.0	0.0	0.0025179721932016	0.0035009335738169	0.0027973864275143	0.0044587020262717	0.0053363461910585	0.005947085194017	0.00323498939669	0.0038063192446583	0.004689254585631	0.0	0.0	0.0	0.0	0.0	0.0	0.0	0.0049004687721699	0.0	0.0023744052908429	0.0	0.0	0.0	0.0029606773028328	0.0033351337231887	0.0	0.0028780839415451	0.0	0.0	0.0	0.0039556135302668
species|360412|Longilinea arvoryzae	0.0	0.0025484559077718	0.0031554504708801	0.0	0.001993045636098	0.0020231859063019	0.0021142690653314	0.002371093125825	0.0029424992253116	0.0016548452560422	0.0	0.0044622596774086	0.0	0.0	0.0	0.0	0.0	0.0	0.0	0.0014050453919164	0.0	0.0025482981591075	0.0028720897963329	0.0024387409956842	0.0	0.003848706038487	0.0	0.0015985485954774	0.0	0.0	0.0	0.0	0.0	0.0035846438482802	0.0019274012200056	0.0014310441736552	0.0	0.0034458509791482	0.0	0.0	0.0032316442605997	0.0015298995015727	0.0	0.0	0.0	0.0017031671244548	0.0033776906210615	0.0037336838936152	0.001034334272526	0.0031704606871865	0.0	0.0	0.0022434323523771	0.0	0.0	0.0	0.0	0.0	0.0	0.0	0.0	0.0022758306781401	0.0	0.0	0.003784744375266	0.0039907768711768	0.0	0.0018521636639164	0.0	0.0013551638153428	0.0052439559816134	0.0030366568123759	0.0042500400151799	0.0	0.0	0.0017931957529385	0.0015310628015543	0.0	0.0	0.0	0.0034726121468701	0.0023699124455757	0.0	0.0	0.0	0.0	0.0	0.0013610322164099
species|1081799|Thermomarinilinea lacunifontana	0.0	0.0022368954846693	0.0	0.0	0.0017684046126447	0.0	0.0	0.0015075685804456	0.0013201782040138	0.0012594646134734	0.0	0.0018031494622491	0.0	0.0	0.0	0.0	0.0	0.0	0.0	0.0013652312684213	0.0031564890129901	0.0	0.0019279513206284	0.0013829190832138	0.0	0.0	0.0	0.0013358016237688	0.0	0.0	0.0	0.0	0.0	0.0	0.0	0.0013051393879642	0.0034589615642879	0.0015390008367531	0.0	0.0	0.0	0.0011515648788333	0.0	0.0	0.0	0.0015724023372602	0.0014357345733888	0.0	0.0014074813030418	0.0012946970265643	0.0	0.0	0.0017950889275215	0.003382622982507	0.0	0.0	0.0	0.0	0.0	0.0	0.0	0.0	0.0	0.0	0.0019132620640109	0.0	0.0	0.0	0.0	0.000796749644691	0.0023292959741295	0.0	0.0024043416392017	0.0	0.0	0.0	0.0016193558899295	0.0	0.0	0.0	0.0023648445643141	0.0	0.0	0.0	0.0	0.0	0.0	0.0014496570436486
species|331696|Pseudolabrys taiwanensis	0.0	0.0090944271235128	0.0072698976967474	0.0101372261099589	0.0124402867068258	0.0122136222297837	0.0087097997674221	0.0076058657040848	0.0092565581801442	0.0094347575240063	0.0	0.0090678268657253	0.0	0.0	0.0	0.0	0.0	0.0	0.0	0.008557772894381	0.0096245188022496	0.0138795970250335	0.0088775144096674	0.0122514668420694	0.0070409231744303	0.0132723639977775	0.0	0.0089099041568973	0.0	0.0	0.0	0.0	0.0103991629761226	0.0090001813538024	0.0104099658038132	0.0138628075858624	0.0127243476831272	0.0077229559817734	0.0112453890906039	0.0	0.0132466036304123	0.0102343319235608	0.0068404562583105	0.0	0.0	0.0078251832434733	0.0096633042684544	0.0093321714107641	0.0102410468595194	0.0010282347914213	0.0	0.0	0.0114185335738068	0.0	0.0	0.0	0.0	0.0018810653887804	0.0098482446199459	0.0094279444996891	0.014219612430844	0.0112289687808114	0.0091370871635501	0.0122974818548441	0.0103152948955418	0.0073565272118132	0.01410826539121	0.0018024213595206	0.0010656770550083	0.001047342716921	0.0	0.0011086215360462	0.0	0.0	0.0103788394323005	0.000891992504947	0.0089076685998151	0.0	0.0	0.0	0.0092849068111828	0.0083746166195971	0.0	0.0100001499459985	0.0	0.0	0.0	0.0072715056324915
species|1592106|Terriglobus albidus	0.0	0.0019970963926118	0.0	0.0	0.0014924413380747	0.0022371809697696	0.0017033651907843	0.002027793298637	0.0019058696645066	0.0021743609436773	0.0	0.002901398344344	0.0	0.0	0.0	0.0	0.0	0.0	0.0	0.0012878407570833	0.0	0.0	0.0025176804004504	0.0014939369019761	0.0017939813122807	0.0	0.0	0.0020661287967719	0.0	0.0	0.0	0.0	0.0	0.0	0.0014557833854038	0.0020448370653161	0.0019786444728334	0.0017633687714635	0.0	0.0	0.0040878201875677	0.001766897787367	0.0018166789257045	0.0	0.0	0.0013874279311394	0.0017188651395342	0.0014823637045854	0.0015387117423502	0.0	0.0	0.0	0.0023008911041447	0.0	0.0	0.0	0.0	0.0	0.0	0.0	0.002265933762765	0.0015962000668441	0.0	0.0	0.0030909717941255	0.0	0.0	0.0	0.0010446272647289	0.0	0.0	0.0	0.0	0.0	0.0	0.0	0.0	0.0	0.0	0.0	0.0	0.0036726335055928	0.0	0.0	0.0	0.0	0.0	0.0012069264340679
species|388466|Edaphobacter modestus	0.0	0.0014401019142718	0.0021598091242506	0.0	0.0017059448653037	0.001393854515244	0.0019031488432998	0.0	0.0	0.0	0.0	0.0	0.0	0.0	0.0	0.0	0.0	0.0	0.0	0.0010845755330931	0.0	0.0	0.0017325165934939	0.0019740886303556	0.0012950770480036	0.0	0.0	0.0020800308944201	0.0	0.0	0.0	0.0	0.0	0.0	0.0019847501424798	0.0014308841360269	0.0	0.0	0.0	0.0	0.0	0.0017835525623958	0.001497972678257	0.0	0.0	0.0015540510336036	0.0017409698772801	0.002140980616336	0.0016162996647841	0.0	0.0	0.0	0.0	0.0	0.0	0.0	0.0	0.0	0.0021627622857722	0.0	0.0023390708984284	0.0012976841514016	0.0	0.0	0.0	0.0019700574525692	0.0	0.0	0.0	0.0	0.0	0.0	0.0	0.0	0.0	0.0	0.0016979559253624	0.0	0.0	0.0	0.0	0.0	0.0	0.0	0.0	0.0	0.0	0.0009028349613442
species|167468|Bradyrhizobium sp. ORS 3257	0.0	0.0012475102325581	0.0	0.0	0.0015384329718622	0.0	0.0	0.0	0.0013110717802454	0.0017447314568903	0.0	0.0	0.0	0.0	0.0	0.0	0.0	0.0	0.0	0.0011582623184698	0.0	0.0	0.0	0.0	0.0016452037216046	0.0	0.0	0.0	0.0	0.0	0.0	0.0	0.0	0.0	0.0020508879341589	0.0014490318192254	0.0	0.0	0.0	0.0	0.0	0.0	0.0	0.0	0.0	0.0012771177956449	0.0	0.0	0.0019999567089913	0.0	0.0	0.0	0.0	0.0	0.0026858018477254	0.0	0.0	0.0	0.0014507441750467	0.0	0.0	0.0	0.0	0.0	0.0	0.0	0.0	0.0	0.0	0.0009002690959412	0.0	0.0	0.0	0.0	0.0	0.0	0.0	0.0	0.0	0.0	0.0	0.0	0.0	0.0	0.0	0.0	0.0	0.0008836835194527
species|748831|Brevifollis gellanilyticus	0.0	0.0012934629939249	0.0021160106820937	0.0	0.0019397534372321	0.0018962910540917	0.001653267447805	0.0019616134907812	0.001621429435043	0.0028814825079321	0.0	0.0022890556881695	0.0	0.0	0.0018529879736579	0.0	0.0010979631240157	0.0013962051338687	0.0	0.0016470076228418	0.0017577152572227	0.0021257050539865	0.0020131488125317	0.001570751299149	0.0011990486764723	0.0030146124927053	0.0	0.002667409498946	0.0	0.0	0.0	0.0	0.0	0.0018221640759274	0.0020917482555449	0.001242510584061	0.0017894326961161	0.0025366872169887	0.0	0.0	0.0032380497027638	0.0019904317854416	0.0017871856129446	0.0	0.0	0.0025672799449863	0.0026613917029252	0.0020798532427614	0.0019294606205086	0.0011269681652691	0.0	0.0	0.002542912338549	0.0022783085881305	0.0	0.0020924084771168	0.0017004203932984	0.0	0.0026330868609762	0.0027958355131285	0.0019916127126778	0.0018030037552766	0.0	0.0	0.0028777827818478	0.0024900436079131	0.0023587030660917	0.0015435281251848	0.0017809886291709	0.0025925283061123	0.0020062340395198	0.0024799808805075	0.0034320920876146	0.002701203515264	0.0	0.0018673649418038	0.0015436242303203	0.0	0.0	0.0	0.0031657199376139	0.0022618716957887	0.0	0.0029337727920737	0.0	0.0	0.0	0.0013957415264591
species|445931|Prosthecobacter fluviatilis	0.0	0.0028897477853502	0.0033110765647299	0.0	0.0024770890589114	0.00231679354911	0.0024739465621128	0.0037317151712584	0.002926557439317	0.0037109205163733	0.0	0.00387444593322	0.0	0.0	0.0	0.0	0.0010860871686727	0.0	0.0	0.0026258225368662	0.0037794017245462	0.0025936878821558	0.0035337700716458	0.0031610371126162	0.0028427773083559	0.0036773233563092	0.0	0.0023472390867551	0.001812594340293	0.0	0.0	0.0	0.0	0.0024827943349268	0.0035122351918661	0.0023942632868367	0.0041592830552455	0.0029138768392074	0.0038062301451605	0.0010551587556209	0.0055056862522346	0.0028894627006623	0.0029763931562366	0.0	0.0	0.0031675092572824	0.0040635297719281	0.0039525210405856	0.0041094663344982	0.0010290489780842	0.0	0.0	0.0039789063211466	0.0017240128402205	0.0	0.0	0.0016623824097188	0.0017215454276874	0.0031785886407402	0.002928135698202	0.0040949096045493	0.0027449930169806	0.005179261030407	0.006233906556841	0.004347757029481	0.0037587334725952	0.0044007684371272	0.0023168436511016	0.0009484298505651	0.0012689675966757	0.0020585441583187	0.0026358313523182	0.001986783790597	0.0020644419453964	0.0049526742475798	0.0011792382340179	0.0021510648814779	0.0	0.0	0.0	0.0019958349262934	0.0038447550171148	0.0	0.0041936148700068	0.0	0.0	0.0	0.002633525767405
species|1792502|Puia dinghuensis	0.0	0.001763020866466	0.0	0.0	0.0	0.0	0.0012136897938839	0.0	0.0	0.0	0.0	0.0	0.0	0.0	0.0	0.0	0.0	0.0	0.0	0.0008873406515673	0.0	0.0	0.0	0.0012639572666961	0.0	0.0	0.0	0.0	0.0	0.0	0.0	0.0	0.0	0.0	0.0010417649116272	0.0012207865541923	0.0019151917717497	0.0	0.0	0.0	0.0	0.0011583905655105	0.0	0.0	0.0	0.0010167303574864	0.0011881227255561	0.0	0.0012039724824324	0.0	0.0	0.0	0.0019228447513217	0.0	0.0	0.0	0.0	0.0	0.0	0.0	0.0019475733673868	0.0	0.0	0.0	0.0	0.0	0.0	0.0	0.0	0.0006618005238063	0.0	0.0	0.0	0.0	0.0	0.0	0.0	0.0	0.0	0.0	0.0	0.0	0.0	0.0	0.0	0.0	0.0	0.0
species|732238|Povalibacter uvarum	0.0	0.0079070818054778	0.0090804951063571	0.0083459077041972	0.0065002582976533	0.009828857927922	0.0059626160090618	0.0066297616321553	0.007374992318914	0.0058090427904135	0.0	0.0064373622794153	0.0	0.0	0.001287697785627	0.0	0.0013708019162536	0.0	0.0	0.0073848658321048	0.008783252130997	0.0083918222754312	0.0053978998515759	0.0091703870397077	0.0078675081816549	0.0066051437189545	0.0	0.0067670795752561	0.0	0.0	0.0	0.0	0.0076387717249476	0.0103506491889816	0.0089400709862742	0.0053587984042193	0.0085119579041963	0.0069450626829122	0.0066328978000628	0.0	0.0055629021092216	0.0073008913434063	0.0092602037115141	0.0	0.0	0.0095006830519317	0.0066875217706833	0.005510098625703	0.0047923640643787	0.0016825211914077	0.0025085241648748	0.0	0.0070807734676723	0.002459703216179	0.0021055636366185	0.0028883270484754	0.0013733518107367	0.0038529921159143	0.0063878534271657	0.0097466873557524	0.0048063465919049	0.0073177734013594	0.0095237881105783	0.0082703781594822	0.0081719434228829	0.0063251776750945	0.0066173482760224	0.0020403094113114	0.0016415957595142	0.0013726149381535	0.0026279753109268	0.0014762642650451	0.0021652530639155	0.0	0.0097211948310751	0.0009011635778459	0.0082125083021253	0.0	0.0	0.0	0.0075545589065562	0.0069879027690567	0.0	0.0050625692858272	0.0	0.0	0.0	0.0064486568495227
species|465721|Steroidobacter denitrificans	0.0	0.0033319142405391	0.0048218609408222	0.0040024450877621	0.00322306257189	0.0043671505480067	0.002614942458194	0.0037969252182242	0.0029357047274048	0.0034414084359477	0.0013214633464099	0.0030358912696069	0.0	0.0	0.0015699056196834	0.0	0.0	0.0	0.0	0.0033481982888065	0.0043237101622615	0.0033952774371951	0.0041663915473108	0.0041977582022896	0.0046774456911305	0.0027361121270658	0.0	0.0033589270205145	0.0	0.0	0.0	0.0	0.0040972277321955	0.0050240825932065	0.0043325388896489	0.0017673374807697	0.0050763261400795	0.0035172597778191	0.0020118938613511	0.0	0.0024429147014841	0.0032908776266537	0.0037550949966117	0.0	0.0	0.0046963221649051	0.0033418840170037	0.0027235170179495	0.0024975371163502	0.0	0.0	0.0	0.004251915331356	0.0019461798268919	0.0014019746219148	0.0	0.0	0.0022779116488905	0.0034356474392076	0.0048609687385829	0.0026380702795397	0.003652774378404	0.0036673801494959	0.0032774106886718	0.0040500429394113	0.0028471055012963	0.0039018238773386	0.0	0.0010024266831166	0.0007725548977219	0.0	0.0012827156714969	0.0	0.0	0.004999010287436	0.0	0.0030229999470514	0.0	0.0	0.0	0.0040448034775009	0.0031224126414871	0.0	0.0032830755384385	0.0	0.0	0.0	0.0032483130824061
species|363869|Bacillus pocheonensis	0.0	0.0023750869091345	0.0	0.0	0.001855735653044	0.0018746104006769	0.0025585506999173	0.0014387263139366	0.0021100738908073	0.0020361130908058	0.0	0.0	0.0	0.0	0.0	0.0021226193859999	0.0	0.0	0.0	0.0014404453348899	0.0034251678027346	0.0026383614794883	0.0027092061600154	0.0015664485076478	0.0	0.0	0.0	0.0016676578878105	0.0	0.0	0.0027998296865273	0.0	0.003137539265209	0.0	0.0017941248778072	0.0016128647131331	0.0	0.0029251922428517	0.0	0.0010348795322161	0.0	0.0015896843525398	0.0	0.0	0.0	0.0033854110531173	0.0014396820309749	0.0028451575590795	0.0022533199265071	0.0	0.0	0.0	0.001470420299869	0.0	0.0	0.0	0.0	0.0	0.0020239171192767	0.0023266511938611	0.0020495127017153	0.0021706970005256	0.0	0.0	0.0	0.0024918879865329	0.0	0.0	0.0	0.0	0.0028696977631918	0.0	0.0	0.0027384809849968	0.0038232659232642	0.0	0.0009410149465023	0.0	0.0028375373434218	0.0	0.0024115959464914	0.0	0.0072003065670316	0.0026157561192736	0.0015878631435751	0.0	0.0	0.0015020236342186
species|1035|Afipia felis	0.0	0.0019106215457938	0.0024564334114168	0.0036315325484556	0.0010315963756324	0.0016570465470789	0.0024277037136115	0.0018817877318135	0.0022374160353603	0.0012273096154548	0.001491945583868	0.0	0.0	0.0	0.0	0.0	0.0	0.0	0.0	0.0025851237878242	0.0	0.0	0.0013842532379138	0.0016405457098067	0.0019838355534291	0.0	0.0	0.0026356395769958	0.0	0.0	0.0	0.0	0.0	0.0	0.0021804586627781	0.001803827779836	0.0024155970602199	0.0019642749327463	0.0	0.0	0.0030003860515807	0.001524100307203	0.001730382243215	0.0	0.0	0.0017124724603907	0.0019914368336634	0.0022933373476527	0.0018339273882709	0.0012470386212792	0.0	0.0	0.0016802805608634	0.0	0.0	0.0	0.0	0.0014231929506878	0.0022270009138945	0.0017807062378319	0.0018236145945691	0.0027075576039652	0.0021461535527401	0.0	0.0017749117506118	0.0019876759979687	0.0037820637924021	0.0017400171847322	0.0008063495251311	0.0	0.0	0.0	0.0	0.0	0.0	0.0	0.0023857248810772	0.0	0.0	0.0	0.0018890680822072	0.0021074310900608	0.0	0.0020444358359803	0.0	0.0	0.0	0.0015054278423654
species|2211140|Acidisarcina polymorpha	0.0	0.0018539559170625	0.0	0.0	0.0014503183410612	0.0016485664227788	0.0015730453160057	0.0014170112512706	0.0012726873827569	0.0021097421357239	0.0	0.0	0.0	0.0	0.0	0.0	0.0	0.0	0.0	0.0010591015668105	0.0024361737284466	0.0018717056071508	0.0	0.0010920972716635	0.0013973036345845	0.0	0.0	0.002175392166007	0.0	0.0	0.0	0.0	0.0	0.0	0.0011424598971612	0.0016610432312829	0.0	0.0020540982852565	0.0	0.0	0.0024224655797564	0.0010962879152134	0.0	0.0	0.0	0.0011487861322512	0.0015344483620296	0.0016131674311556	0.0015446919731803	0.0	0.0	0.0	0.0025603023692314	0.0	0.0	0.0	0.0	0.0	0.0	0.0	0.0018660990534401	0.0017184969336833	0.0	0.0	0.0	0.0	0.0	0.0	0.0	0.0	0.0	0.0	0.0	0.0	0.0	0.0	0.0	0.0	0.0	0.0	0.0	0.0024471543545768	0.0	0.0020885573682783	0.0	0.0	0.0	0.0009776934730004
species|1473598|Paludibaculum fermentans	0.0	0.0011447868755886	0.0	0.0	0.000846879737692	0.0013221922220059	0.0	0.0013548501766784	0.0013959453503137	0.001245141161409	0.0	0.0015708934068672	0.0	0.0	0.0	0.0	0.0008267651170046	0.0	0.0	0.0010705704946813	0.0014802676391195	0.0	0.0	0.0010497906852975	0.0	0.0	0.0	0.0015772302358709	0.0	0.0	0.0	0.0	0.0	0.0	0.0	0.0009136842879252	0.0	0.001072670948206	0.0	0.0	0.0	0.0008077619339473	0.0	0.0	0.0	0.0012403788426197	0.0012607991240173	0.0009752767734767	0.0011734810899753	0.0009796355765237	0.0	0.0	0.0013778875417741	0.0018975174959086	0.0010924541598246	0.0	0.0014224437472802	0.0013328961271913	0.0013510782736583	0.0	0.0016725989291089	0.0010523211547288	0.0	0.0	0.0013330978787668	0.0014992945139704	0.0	0.0	0.0012279181504363	0.0010395582100952	0.0013166051972316	0.000951289203234	0.0	0.0	0.0	0.0006601410086567	0.0007231120130358	0.0	0.0	0.0	0.0019331139181674	0.0	0.0	0.0	0.0	0.0	0.0	0.0008473404124973
species|2580413|Microvirga brassicacearum	0.0	0.0021766362805156	0.0027108380164183	0.0	0.0014069300652946	0.0018980203801925	0.0013712391270294	0.0012713210285556	0.0015472875040111	0.0014550818057745	0.0	0.0021504125216166	0.0	0.0011847343255689	0.0	0.0	0.0012105957740361	0.0	0.0	0.002473351994336	0.004734390867916	0.0017097834293584	0.0020849148776794	0.0016324258345793	0.0033180610467171	0.0	0.0	0.0022060246394864	0.0	0.00106091233082	0.0	0.0	0.0	0.0040209894835393	0.0026008349901285	0.0011718351238082	0.0026444475126606	0.0016676452530464	0.0025807775293123	0.0	0.0025853027429229	0.0017011689013276	0.001725772491266	0.0	0.0005353359063511	0.0023156745437866	0.0026121577120707	0.0	0.0014309517783181	0.0	0.0016317449686358	0.0	0.0019239273808143	0.0	0.0	0.0	0.0	0.0	0.0015274459775505	0.0	0.0	0.0018228799806935	0.0037044020571964	0.0	0.001600394531658	0.0012342203479128	0.0	0.0	0.0	0.0	0.0	0.0	0.0	0.0	0.0	0.0007669032569533	0.0021068686261685	0.0	0.0	0.0	0.0037543299298687	0.0	0.0	0.0	0.0	0.0	0.0	0.0019763865278962
species|2596828|Microlunatus sp. KUDC0627	0.0	0.0017196203102913	0.0	0.0034550735770919	0.0017143685459202	0.0	0.0019380965409017	0.0010875882980921	0.0	0.0015203605305443	0.0	0.0	0.0	0.0	0.0	0.0	0.0	0.0	0.0	0.001478657323693	0.0	0.0	0.0	0.0021234621902834	0.0019037010008078	0.0	0.0	0.0018258977741568	0.0	0.0	0.0	0.0	0.0	0.0023029726451073	0.0018383228444635	0.0	0.0019472594388254	0.0019159476859591	0.0	0.0	0.0024001224783995	0.0009617555559123	0.0016935223953442	0.0	0.0	0.0022392561773308	0.0020361339462737	0.0	0.0	0.0	0.0	0.0	0.0	0.0	0.0	0.0	0.0	0.0	0.0	0.0	0.0	0.001542165801612	0.0039082854582347	0.0	0.0	0.0	0.0	0.0	0.0	0.0	0.0	0.0	0.0	0.0	0.0043308373196854	0.0	0.0016233588240706	0.0	0.0	0.0	0.0	0.0	0.0	0.0022911095695902	0.0	0.0	0.0	0.0013358150344093
species|643672|Singulisphaera rosea	0.0	0.0037290428794366	0.0035038126971869	0.0048170764696054	0.0030958158495933	0.0026898197343885	0.0031988619111798	0.0020630266943986	0.0018167775819262	0.0023234878581577	0.002517455430263	0.0025332089076233	0.0020600932191149	0.0013741037788519	0.0019890599314863	0.0015237027265087	0.0015200545266751	0.0011864112756136	0.0013146136070132	0.003955532402711	0.0	0.0036585501748022	0.0032199732614056	0.0021810919752839	0.002830730973305	0.003850756955205	0.0022236666085646	0.0028880270698438	0.0023933260393873	0.0011709288848088	0.0	0.0	0.0052232968576869	0.0035984412548943	0.002218263885287	0.0036037496518994	0.0032517448517201	0.0026164115376766	0.0035518767578634	0.0027529498643853	0.0030992683608384	0.0020407288365301	0.0031322771135759	0.0	0.0	0.002101478274364	0.0013716960336294	0.0030854270657247	0.0025389296549414	0.0021503124898413	0.0024918398178336	0.0027300465713826	0.0033152366974276	0.0017396346767178	0.001746267353639	0.0	0.0014096483135484	0.0017753634182694	0.0038706052832391	0.0042882347129517	0.0048389994577293	0.0029417972597559	0.0030851992008692	0.0048274930494496	0.0023953664232219	0.0033368543697487	0.0047334531603159	0.0027653485802237	0.0020958915015744	0.0015939919628342	0.0020855113250875	0.0019063347045463	0.0016667249109782	0.0	0.0040466936343072	0.0016661649039943	0.0025568005222196	0.0013181427689113	0.0017030877616658	0.0026936026936026	0.0020505025711531	0.0050970028271397	0.0	0.0040158341998919	0.0	0.0	0.0	0.0032944423871788
species|406548|Aquisphaera giovannonii	0.0	0.0051966132787797	0.0041651520040392	0.0028356000689838	0.0031297892075522	0.0034829902589143	0.002181610932635	0.0032991733205837	0.0036798595609206	0.0030686439309935	0.0012496455135545	0.0027046770962677	0.0	0.0	0.0	0.0	0.0	0.0	0.0	0.0041947577598163	0.0053414407594006	0.0030374448961151	0.0042425993351772	0.0023922176093995	0.0030830932859682	0.0034390508315746	0.0010490329875596	0.0044921523261811	0.0	0.0	0.0	0.0	0.0035217397527472	0.0029922407147582	0.0041568183263934	0.0040967542375376	0.0034731177379252	0.0037172887694465	0.0049722203073242	0.0	0.0038810832433221	0.0019566841862009	0.0050855771663529	0.0	0.0	0.0021143679633298	0.0027479453817153	0.0033316182253392	0.0026096959885629	0.0	0.0	0.0	0.0037395039475523	0.0	0.0	0.0	0.0	0.0016649720463949	0.0049744877959688	0.0038068280391163	0.0044400791698668	0.0030997674526655	0.0037245592681349	0.0045181513306469	0.0029518846264181	0.0030113525964447	0.0046297246952355	0.0016120640482323	0.0	0.0	0.0	0.0	0.0	0.0	0.0044227560537446	0.0	0.0038939497614808	0.0	0.0	0.0	0.0034717627671859	0.0050011343692055	0.0	0.0052467061460071	0.0	0.0	0.0	0.0037821763735005
species|445220|Reyranella massiliensis	0.0	0.0008977455232638	0.0	0.0	0.0011962688194267	0.0	0.0	0.0	0.0	0.0008104516909745	0.0	0.0	0.0	0.0	0.0010594398602969	0.0013340097757611	0.0	0.0	0.0	0.0007163082267612	0.0	0.0009842165551025	0.0	0.0006740952044097	0.0	0.0	0.0	0.0	0.0	0.0	0.0	0.0	0.0	0.0021970568985155	0.0012324895072048	0.0	0.0	0.0	0.0	0.0	0.0	0.0	0.0	0.0	0.0	0.0009180116102219	0.0	0.0	0.0010671595440459	0.000778886555699	0.0018895846454723	0.0	0.0	0.0017396072688905	0.0	0.0	0.0	0.0	0.001392632469126	0.0020276791107823	0.001367450881509	0.0	0.0	0.0025049222088728	0.0017216522535854	0.0	0.0	0.0	0.0	0.0	0.0	0.0011934889764493	0.0	0.0	0.0	0.0	0.0008020759647863	0.0	0.0	0.0	0.0017750607226474	0.0018469251165919	0.0	0.0	0.0	0.0	0.0	0.0014865723946806
species|1368237|Reyranella graminifolii	0.0	0.0010195795962205	0.0	0.0	0.0	0.0015304171504143	0.0018070557156561	0.0	0.0009942936786926	0.0010942163992189	0.0	0.0014320355503739	0.0	0.0	0.0	0.0	0.0	0.0	0.0	0.0010020694784781	0.0	0.0013558649363886	0.0014284355354464	0.0009179462765423	0.001406975812657	0.0	0.0	0.0013396578561363	0.0	0.0	0.0	0.0	0.0	0.0	0.001176762018665	0.0011654728339465	0.0	0.0011063087717387	0.0	0.0	0.0	0.0009734037594213	0.0	0.0	0.0	0.0009255290537117	0.0	0.0	0.0011137584222134	0.0016966759545503	0.0021982190174735	0.0	0.0012472819672757	0.0	0.0	0.0	0.0	0.0	0.0	0.0	0.0016326518368042	0.0014792124713982	0.0020827579335582	0.0018994234401669	0.0015560251538332	0.0021283934999314	0.0	0.0015233212748651	0.0013044987931797	0.0011311788881052	0.0	0.0011474731135365	0.0016754414112571	0.0	0.0	0.0009749651710965	0.0013049987475524	0.0	0.0	0.0	0.0	0.0014507595539949	0.0	0.0	0.0	0.0	0.0	0.0014641793720349
species|1230389|Reyranella soli	0.0	0.0018032251104097	0.0	0.0	0.0012162008356357	0.0016352652742595	0.0015319562096763	0.0017491830247193	0.0016043745196635	0.0011995322804943	0.0020865081590101	0.001700612510599	0.0014270032930845	0.0	0.0012266483622651	0.0	0.0	0.0	0.0	0.001371598970474	0.002792301549746	0.0011525559469894	0.001453621823884	0.000810766081933	0.001460601153897	0.0	0.0	0.0018474690454033	0.0	0.0	0.0	0.0	0.003429355282726	0.0	0.0	0.0016936881686043	0.0026452334927244	0.0012334475177897	0.0	0.0	0.0	0.0019594391092868	0.0026624212365223	0.0	0.0	0.0011428651379093	0.0	0.001564687474265	0.0017042136788167	0.0017005095565909	0.0015214224242149	0.0	0.0019748546323986	0.0	0.0019341386546591	0.0	0.0	0.0022895746680616	0.0021811636148328	0.0024384935488751	0.0012213826064283	0.0019345351417997	0.002472078366322	0.0018677641533405	0.0	0.0	0.0027146260946508	0.0011684706642443	0.0017706805022926	0.0017298640268184	0.0019756339291408	0.0013465771411268	0.0018039688538237	0.0018882175226586	0.0	0.0010096688444189	0.0020284131469738	0.0	0.0	0.0	0.0013977177001852	0.0	0.0	0.0037663410725124	0.0	0.0	0.0	0.0013422618827427
species|1469502|Burkholderiales bacterium GJ-E10	0.0	0.0020193348881964	0.0026039304271301	0.0	0.0033897968104854	0.0036418875148447	0.0027645758163379	0.0027335745062116	0.0017964115799802	0.0029965629534788	0.0	0.0038174374657897	0.0	0.0	0.0	0.0	0.0	0.0	0.0	0.0024456022845636	0.0032307555216786	0.002607289881689	0.0030180267060957	0.0031933866919775	0.0025962447932236	0.0043710721147836	0.0	0.0032264500862035	0.0	0.0	0.0	0.0	0.0	0.0020767543438217	0.0028988071840503	0.0030025163229753	0.0037780450741934	0.0028270207756232	0.0	0.0	0.0038484037517477	0.0029844982625229	0.0031543484037878	0.0	0.0	0.0023688060450655	0.0021037129723722	0.0027990499401327	0.0028443091991679	0.0	0.0	0.0	0.0036611689335584	0.0	0.0	0.0	0.0	0.0	0.0032417761570375	0.0025872049444441	0.0041581511496486	0.0030037142506947	0.0027400245865088	0.0	0.003543729110052	0.0025221990034344	0.0042424876467994	0.0	0.0	0.0	0.0	0.0	0.0	0.0	0.0	0.0008073386121614	0.0024553982114426	0.0	0.0	0.0	0.0	0.0034444124931615	0.0	0.0	0.0	0.0	0.0	0.0023625194064956
species|311182|Denitratisoma oestradiolicum	0.0	0.0020333533306723	0.0	0.0	0.0022923869214994	0.0030051298492839	0.0023982524470007	0.0019762637276136	0.0016743471163536	0.0018205766268914	0.0	0.0	0.0	0.0	0.0	0.0	0.0	0.0	0.0	0.0021513077975924	0.0028636023314227	0.0032132664061803	0.002224679738751	0.0019546545716598	0.0	0.0	0.0	0.0024010893970493	0.0	0.0	0.0	0.0	0.0	0.0	0.0021326056001155	0.0013834884978941	0.0029622948975382	0.0023673411876638	0.0	0.0	0.0040513690290145	0.0024211004096608	0.0	0.0	0.0	0.0018871697092835	0.0026784967361471	0.0023912337703903	0.0025934352106627	0.0	0.0	0.0	0.0026919833080265	0.0	0.0	0.0	0.0	0.0	0.0	0.0028495190409467	0.0024531148886819	0.0027616227074376	0.0	0.0	0.0	0.0025433813780811	0.0	0.0	0.0	0.0	0.0	0.001317500209988	0.0016926502754364	0.0	0.0	0.0011330796468784	0.0018111315701384	0.0	0.0	0.0	0.0025611598851179	0.0	0.0	0.0	0.0	0.0	0.0	0.0015504948448212
species|1650658|Actinobacteria bacterium IMCC26256	0.0	0.0045777758579116	0.0041992395288627	0.0049302497390268	0.005150167563354	0.0042840671952857	0.0028193432546087	0.0032321317977034	0.00360491147021	0.0037628001711317	0.0	0.0049536934683614	0.0	0.0	0.0	0.0	0.0	0.0	0.0	0.0041502599177776	0.0065739873109506	0.0055530148342262	0.0056292516433108	0.0029346231651662	0.002450921110428	0.0045026735839844	0.0	0.0035660345207461	0.0	0.0	0.0	0.0	0.0054815354710564	0.0033639454545611	0.0030000314696022	0.0047668296310395	0.0037258229476743	0.0047319342333729	0.0039808025791572	0.0	0.0040376993334811	0.0035218395943972	0.0026844312906365	0.0	0.0	0.0025329889180456	0.0021691504448714	0.0028691645793354	0.0037447387525896	0.0011648271515283	0.0	0.0	0.0036364063480718	0.0016412413785621	0.0	0.0	0.0	0.0013908386320777	0.0043628140898417	0.0030807683405331	0.0038792668256712	0.0041437210298172	0.0022341005976627	0.0062675680484697	0.0040262316389975	0.0054444473685179	0.0033184591344459	0.0	0.0	0.0	0.0	0.0	0.0	0.0	0.0048984973887685	0.0	0.0044774895112617	0.0	0.0	0.0	0.0042961893047821	0.0044395657000615	0.0	0.0039706443744626	0.0	0.0	0.0	0.0038983725055185
species|661485|Marmoricola pocheonensis	0.0	0.0023117120573717	0.0	0.0	0.0022359936768254	0.0	0.0	0.0	0.0014018816810933	0.0	0.001530115454166	0.0	0.0	0.0	0.0	0.0	0.0	0.0	0.0012342292923752	0.0012711467802447	0.0	0.0	0.0	0.001926679091149	0.0	0.0	0.0	0.0	0.0	0.001161995898838	0.0	0.0	0.0	0.0	0.0	0.0	0.0	0.0	0.0	0.0013789454690002	0.0	0.0	0.0	0.0	0.0	0.0022803778860369	0.0	0.0	0.0	0.0	0.0016699050134344	0.0	0.0	0.0	0.0	0.0	0.0	0.0	0.0	0.0	0.0031615564983743	0.0025462768510187	0.0	0.0	0.0	0.0021625859214741	0.0	0.0	0.0	0.0	0.0	0.0	0.0013308763308763	0.0023917421953486	0.0	0.0015113588060265	0.001641064744653	0.0	0.0	0.0	0.0	0.0	0.0	0.0	0.0	0.0	0.0	0.0019351203461256
species|35751|Sporichthya polymorpha	0.0	0.0025176974259605	0.0033883983036219	0.0	0.0022744100333476	0.0024809601055784	0.0022447816482571	0.0020930520741416	0.0021317200444893	0.0017312234165461	0.0	0.0	0.0	0.0	0.0	0.0	0.0	0.0	0.0	0.0022522142036208	0.0022131232214461	0.0047015062468963	0.0023577334861857	0.0015197847488299	0.0025523232079706	0.0	0.0	0.0	0.0	0.0	0.0	0.0	0.0030554318975102	0.0	0.0020381235849947	0.0015537331241881	0.0	0.0018564826801187	0.0047471779713371	0.0	0.0	0.0015230093382819	0.003692946679391	0.0	0.0	0.0018967879043511	0.0017454322566685	0.0018525970437563	0.0018262745697448	0.0	0.0	0.0	0.0025790266469616	0.0	0.0	0.0	0.0	0.0	0.0035661824079294	0.0023620320159672	0.0033545078777533	0.0020992826176068	0.0	0.0	0.0	0.0	0.0	0.0	0.0	0.0	0.0	0.0	0.0	0.0	0.0	0.0	0.0020103914788273	0.0	0.0	0.0	0.0	0.0031465682873758	0.0	0.0030880537518932	0.0	0.0	0.0	0.0013618597390355
species|125|Pirellula staleyi	0.0	0.001944981619864	0.0036695768408856	0.0	0.0020311190928279	0.0024635228028344	0.0017457523962302	0.0030771173624976	0.0026282056512115	0.002151865696617	0.0	0.0034042703912293	0.0	0.0	0.0012827605242848	0.0013319801587674	0.001715117490227	0.0010101189418019	0.0	0.001692664047401	0.0020910297955991	0.0022531653446055	0.0017843419469601	0.0021820405273353	0.0019079754084465	0.0038086205557214	0.0	0.0023367729902793	0.0	0.0	0.0	0.0	0.0	0.0031425994244697	0.0021870451647172	0.0011523587561601	0.0033704671327776	0.0024795473633647	0.0026850754874832	0.0	0.0016614543874026	0.0017702179870212	0.0025757538622506	0.0	0.0	0.0034829944700342	0.0040947150489706	0.0030005443780214	0.0022353081533132	0.0027718421737917	0.0024300743205721	0.0	0.0026537654950323	0.0019953151058465	0.003704881643835	0.0022050489941087	0.0017941490935033	0.0032345926543768	0.0021691947227244	0.0030449919676177	0.0	0.0032193576320434	0.0045773693908171	0.0052436996752216	0.0052092265010791	0.002637474522288	0.0021699229402489	0.0018204999267287	0.0013057472422388	0.0018603067126453	0.0024030104400204	0.001946661513255	0.0016701503657797	0.0	0.0040229147425832	0.0010458873015038	0.0022581289969567	0.0	0.0	0.0	0.0045222233084642	0.0022486159570461	0.0	0.0017908042110107	0.0	0.0	0.0	0.0022300430038971
species|2053591|Planctomycetales bacterium	0.0	0.0037020561894031	0.0041630133304818	0.0032488008490928	0.0038105007565713	0.0049645185648878	0.0042933281122793	0.0044383695023088	0.0030897199189234	0.0035923502434255	0.0	0.0048030217146424	0.0	0.0	0.0018609598898629	0.0	0.0017820268145889	0.0	0.0	0.0032440641214291	0.0033999998955153	0.0032951751115318	0.0040777277963625	0.0046675314196084	0.0036794346297495	0.004488768426316	0.0	0.0047503632378568	0.0	0.0	0.0	0.0	0.0049666842836177	0.0040421034354346	0.0052190381533602	0.0044956094195163	0.0051027941645924	0.0041897584737918	0.004893547362014	0.0	0.0040163537663831	0.0032457140772808	0.003115399297651	0.0	0.0	0.0040225415102405	0.0059526059581228	0.0057866427463014	0.0028985743277839	0.0	0.0	0.0	0.0053851278496932	0.0039312094528613	0.0	0.0	0.0026384585590502	0.0022400107314574	0.0026699049326734	0.0034857593960504	0.0045894790250771	0.0038552381367726	0.0046424492287628	0.005284909800454	0.0039447941831473	0.0040499225865745	0.0038768788608668	0.0015146193820279	0.0	0.0	0.0	0.0013551123296406	0.0013259721584867	0.0017360421045394	0.005597783693396	0.0008973692912418	0.0043176945630448	0.0	0.0	0.0	0.0036336109668924	0.0029913831548629	0.0	0.0027397252181928	0.0	0.0	0.0	0.0029840123345474
species|1458337|Stenotrophobacter terrae	0.0	0.0032885998982685	0.0048326446148606	0.0063439473420211	0.0037681219016393	0.0054102295332265	0.0048376107612988	0.0043346823697971	0.0038118841818751	0.0035356706474804	0.0022951731812491	0.0047114468495391	0.0018660806444451	0.0024503991779311	0.002449379490529	0.0023673900433417	0.002056202878684	0.0019807209824376	0.0	0.0039087570980655	0.0036673025312571	0.0024379128133825	0.0031423747945005	0.0045426057482654	0.0053251512244861	0.0054198298280192	0.0	0.0041100595463132	0.0010257046837836	0.0	0.0	0.0	0.0044592380229866	0.0060487126958129	0.0042344984502482	0.0024832371198043	0.0063271880795542	0.0033449439020914	0.0065396478777889	0.0	0.0054553914788617	0.0040104045141775	0.0043693762605376	0.0	0.000763164589163	0.0039438787019183	0.004388956211012	0.0038747020083891	0.0030563561959315	0.0	0.0	0.0	0.0059754473952823	0.002512805644148	0.0011760656882078	0.0021854152288934	0.002436053593179	0.0034381139501402	0.0023386292137956	0.0044301264906724	0.0033994579730891	0.0040046955242972	0.0065441381728238	0.0056043625618459	0.0064420652615303	0.0049121117323482	0.0062770683275279	0.0020205421788179	0.0022591170190586	0.0018148201767754	0.0024146635934584	0.0025541742604615	0.0	0.0	0.0054446460980024	0.0013696711137412	0.0037599362303479	0.0	0.0	0.0	0.0059956126884785	0.0059746912268291	0.0	0.0035806986633191	0.0	0.0	0.0	0.0022871716746958
species|360054|Bryobacter aggregatus	0.0	0.0011051613559466	0.0	0.0	0.0007285629056853	0.0011622773040378	0.0012276714435068	0.0	0.0008977460024557	0.0011318931075674	0.0	0.0	0.0	0.0	0.0	0.0009617642040154	0.0	0.0	0.0	0.0008934949005672	0.0	0.0014479333362704	0.0011439743372535	0.0007152048939465	0.0012797412656256	0.0	0.0	0.0	0.0	0.0	0.0	0.0	0.0	0.0	0.0009642974716698	0.0013326597416495	0.0	0.0	0.0	0.0	0.0020600553821164	0.0008883732445864	0.0	0.0	0.0	0.0011036530311336	0.0011058996171142	0.0	0.0013977449616583	0.0009300326103373	0.0	0.0	0.0012461923416454	0.0017277588533199	0.0	0.0	0.0	0.0	0.0	0.0	0.0	0.0	0.0	0.0	0.0	0.0012404506115703	0.0	0.0	0.0	0.0007711462384366	0.0	0.000736479964911	0.0015382426551578	0.0	0.0	0.0	0.0007220766343042	0.0	0.0	0.0	0.0	0.0	0.0	0.0017647007289779	0.0	0.0	0.0	0.0009706036575031
species|667306|Aciditerrimonas ferrireducens	0.0	0.0116236998183196	0.0090409086560083	0.0095265625961847	0.0085950332239531	0.0069480521394269	0.004928293676102	0.0089067812700221	0.0078160427961369	0.009429502765689	0.0021560717671195	0.0088940727642485	0.0	0.0010400318217025	0.0	0.001011697465914	0.0013022618231665	0.0014525287204542	0.0016456390565002	0.0076031641254375	0.0103286614568031	0.0091091227407726	0.0078699013229922	0.0056742400615924	0.0093637359515118	0.006482390359857	0.0	0.0054173767316742	0.0	0.0	0.0	0.0	0.0122509412025892	0.0070556038135083	0.0080760726295947	0.0093588272987503	0.0078452289679635	0.0070019066109111	0.0143445786077336	0.0006364359615461	0.0086502767452026	0.0082714822050363	0.0075377125446216	0.0	0.0	0.0066453567869344	0.0058968734477473	0.0076742480397215	0.0095296509256902	0.0018925736745458	0.004036967076272	0.0030512285163935	0.0078031978269387	0.0027835505696094	0.0014843272477442	0.0023004370830457	0.0022506432102351	0.0046585284701624	0.0092851142897062	0.0083865032482951	0.0099358763394261	0.0091953512631401	0.0051652647998892	0.0082589174996747	0.0097557979490448	0.008149566445389	0.0097052450585764	0.0020883825945293	0.0020078794199994	0.0015123280290038	0.0019756338491931	0.0024851119266663	0.0033897729543794	0.0016364551863041	0.0084113950463141	0.0022393483572985	0.0095193259552772	0.0	0.0	0.0	0.0090840518807718	0.0090852667564328	0.0	0.0092582166242585	0.0	0.0	0.0	0.009636882355694
species|1892865|Allostreptomyces psammosilenae	0.0	0.0020701942122505	0.0	0.0	0.001487433353913	0.0	0.0	0.0	0.0016205202652642	0.0019164290335361	0.0	0.0	0.0	0.0	0.0	0.0	0.0	0.0	0.0	0.001772582142887	0.0	0.0	0.0019097281011537	0.0	0.0	0.0	0.0	0.0	0.0	0.0	0.0	0.0	0.0	0.0	0.0	0.0012136156212183	0.0	0.0	0.0	0.0	0.0	0.0	0.0	0.0	0.0	0.0	0.0013606543375824	0.0	0.0019681540012075	0.0	0.0	0.0	0.0	0.0	0.0	0.0	0.0	0.0	0.0	0.0025660285007007	0.0	0.0016611156746718	0.0	0.0	0.0	0.0	0.0	0.0	0.0	0.0	0.0	0.0	0.0	0.0	0.0	0.0	0.002519470242493	0.0	0.0	0.0	0.0	0.0020933995564091	0.0	0.0024308078776083	0.0	0.0	0.0	0.0021880813798299
species|114|Gemmata obscuriglobus	0.0	0.0010511515860402	0.0024286684978397	0.0022216282216093	0.0009275819018877	0.0014820225302172	0.0014771588192496	0.0008486157162668	0.0016577413798937	0.0017862965900744	0.0011232510588833	0.0	0.0	0.0	0.0	0.000793093767285	0.0	0.0	0.0007797228493194	0.0018831772694221	0.0	0.0	0.0011422108225338	0.0019373165635352	0.0013748571355593	0.0016902673733563	0.0	0.0012879659936672	0.0	0.0	0.0	0.0	0.002105576401926	0.0020894261704221	0.0014609242329234	0.0018953166238637	0.001633346256091	0.0016310296096274	0.0018203607355913	0.0	0.0017743028851076	0.0009412192095573	0.0017448770670423	0.0	0.0	0.0012119485650054	0.0015666918162421	0.0020376578269315	0.0016348305350643	0.0009654859547702	0.0	0.0	0.0010338139567061	0.0	0.0	0.0	0.0	0.0015167423154479	0.0019911777688417	0.0021351890526483	0.0022446347288328	0.0012387307217499	0.0	0.0	0.0015867997453036	0.0016005474758816	0.0022398479875385	0.0012939888663131	0.0009989904834457	0.0008765458964796	0.0	0.0010870350825702	0.0	0.0	0.0	0.0012282355061734	0.0016438364209311	0.00071158568244	0.0	0.0	0.0017623069797379	0.0014617265950393	0.0	0.0016452804798718	0.0	0.0	0.0	0.0014436858688883
species|94|Stella humosa	0.0	0.0030322587155771	0.0	0.0035386419692454	0.0024200680748306	0.0024540449682496	0.0019544303963441	0.0	0.0023288509846912	0.0016868246400911	0.0	0.0	0.0	0.0	0.0	0.0	0.0	0.0	0.0	0.0020785788437649	0.0	0.0027900556486245	0.0024626941919513	0.0015860558807712	0.0040389587801568	0.0	0.0	0.0030414769220351	0.0	0.0	0.0	0.0	0.0030209391513012	0.0037402970332594	0.0022025852381414	0.0022719707707378	0.0026551412382944	0.0028324398481085	0.0025299433317731	0.0	0.0	0.0015277832513287	0.0	0.0	0.0	0.0015167906770604	0.0024818398617747	0.0026469791408732	0.0023545634789791	0.0	0.0	0.0	0.0016464945208844	0.0	0.0	0.0	0.0	0.0	0.0026078860801993	0.004105971552501	0.0026104353449321	0.003923847484897	0.0034806974435312	0.0053577601001746	0.0	0.0025703766553791	0.0032185669941415	0.0	0.0	0.0	0.0	0.0	0.0	0.0	0.0042347099023051	0.0	0.0019534151889196	0.0	0.0	0.0	0.0028374880686144	0.0039947885839762	0.0	0.0031922511600845	0.0	0.0	0.0	0.0011606768508536
species|2527975|Planctomycetes bacterium Pan216	0.0	0.0015619400847895	0.0	0.0022191792979203	0.0	0.0014785136290563	0.0	0.0010031391082811	0.0008255586720721	0.0	0.0	0.0	0.0	0.0	0.0	0.0	0.0	0.0	0.0	0.0006449526757884	0.0	0.0	0.0	0.0008318854643651	0.0	0.0017252925278218	0.0	0.0013418886734757	0.0	0.0	0.0	0.0	0.0	0.0	0.0012046255596334	0.0	0.0	0.0	0.0	0.0	0.0	0.0007987907089087	0.0	0.0	0.0	0.0010893223298015	0.0015207262276886	0.0	0.0	0.0	0.0	0.0	0.0013680531369397	0.0	0.0	0.0	0.0	0.0	0.0	0.0	0.0	0.0	0.0	0.0	0.0013379673252984	0.0014659603101345	0.0	0.0	0.0	0.0	0.0	0.0	0.0	0.0	0.0	0.0	0.0	0.0	0.0	0.0	0.0021250433864098	0.0	0.0	0.0	0.0	0.0	0.0	0.0009122094560383
species|86668|Neobacillus niacini	0.0	0.0016998199034381	0.0023499570768381	0.0	0.0	0.0019804654880803	0.0	0.0018191620462924	0.0010817307708586	0.0016686271938324	0.0	0.0	0.0	0.0	0.0	0.0	0.0011702235247536	0.0018454629986276	0.0	0.0011677414274194	0.0	0.0022107099549029	0.0020004435109987	0.0013724557696458	0.0020337973858663	0.0	0.0	0.0014755099411106	0.0	0.0	0.0	0.0	0.0	0.0	0.0	0.0015814345821699	0.0	0.0017820644100478	0.0	0.0009161762572654	0.0039622798897437	0.0013804928951749	0.0017121075154652	0.0	0.0	0.001797085678945	0.0020005730633782	0.0024110981644141	0.0016755410976207	0.0	0.0	0.0	0.0016842811318899	0.0	0.0024141959165166	0.0	0.0	0.0	0.0	0.0	0.0	0.0	0.0	0.0	0.0	0.0016029463878702	0.0	0.0	0.0	0.0015237803809275	0.0	0.0	0.0	0.0	0.0	0.0	0.0010328676038849	0.0018082610620425	0.0026292578448905	0.0	0.0	0.0017104016900851	0.0090523018288527	0.0018986778352164	0.0	0.0	0.0	0.0013641492481661
species|1428|Bacillus thuringiensis	0.0	0.0042020835293578	0.0051536255790693	0.0060236442435402	0.0068889823370979	0.0042819593038483	0.0051396969231662	0.003413051089777	0.0034203672591403	0.0033924796444777	0.0	0.0052090710319349	0.0	0.0	0.0	0.0	0.0	0.0	0.0	0.0032902493780969	0.0072418788559065	0.0053722544489104	0.0057602736404897	0.0066739514153978	0.005355735632672	0.0063679472972415	0.0	0.0033358855565897	0.0	0.0	0.0	0.0	0.0038158594272598	0.0046037475943784	0.0036662609223085	0.0051374600817354	0.0062329710528604	0.0036509787299037	0.0	0.0	0.0082482464394729	0.008022654568579	0.002824935341896	0.0	0.0	0.0030532189195258	0.0044429420650752	0.0049735731122288	0.0029745707941169	0.0	0.0	0.0	0.0035765942890218	0.0	0.0	0.0	0.0	0.0	0.0050966884172214	0.004462764011717	0.0055033334501349	0.0063113026618908	0.0042059819892623	0.0047144994447746	0.0025785819495293	0.0031909180297365	0.0067613237873985	0.0	0.0	0.0	0.0	0.0	0.0	0.0	0.0059975942296732	0.0	0.0046286886957847	0.0	0.0	0.0	0.0045148681404623	0.0051002353196085	0.0094915254344612	0.0039660240172154	0.0	0.0	0.0	0.002706380997534
species|1396|Bacillus cereus	0.0	0.0019740791351672	0.0	0.0	0.0042747293860637	0.0033495520357709	0.0031270941264635	0.003254590134146	0.0015769013081632	0.0020058949715933	0.0	0.0022581331616645	0.0	0.0	0.0	0.0	0.0	0.0	0.0	0.002943299149512	0.0	0.0030849685347647	0.0036394085005094	0.0046277068529216	0.0027835172436584	0.0032306957268558	0.0	0.0027798284743983	0.0	0.0	0.0	0.0	0.0039040239682553	0.0028283097114957	0.0040327134322103	0.0026624636596468	0.002870962220776	0.0028533037358167	0.0048336650630346	0.0	0.0063547757851948	0.0053808102843851	0.0030810885855273	0.0	0.0	0.0026034445883712	0.003516735071427	0.0028195666502887	0.0024818102524955	0.0	0.0	0.0	0.0028482535350842	0.0	0.0	0.0	0.0	0.0	0.0024000527687578	0.0027845896021921	0.0018733351383292	0.0040629054531129	0.0035638095961072	0.0067083479585431	0.0027357767308259	0.0022587979552465	0.0	0.0	0.0	0.0	0.0	0.0	0.0	0.0	0.0051994515403124	0.0	0.0017861357894151	0.0	0.0	0.0	0.002812603155001	0.0021464467473757	0.0075456284857108	0.0038609565679922	0.0	0.0	0.0	0.0024120872711159
species|1229656|Acidibacter ferrireducens	0.0	0.0037207923994904	0.004819903595828	0.0052306238195966	0.0030590072780116	0.0062251965326255	0.0038066467557119	0.0045109955516588	0.0054806497516307	0.0028397833849471	0.0011823619418383	0.0046989223538918	0.0	0.0011066318868073	0.0019595035923709	0.001183777503874	0.0	0.0009243364584708	0.0010970927043179	0.0036169208935999	0.0040063129780259	0.0039631387933464	0.0028081584409181	0.0040429774036331	0.0041222319448283	0.0041141333660408	0.0	0.0053677765663004	0.0	0.0	0.0	0.0	0.0056584362139917	0.0048746143221057	0.0040505526469168	0.0032951948398594	0.0044765489880171	0.0039746144345142	0.0041228319590582	0.0	0.0047828335056876	0.0045788006905946	0.0048943843379701	0.0	0.0	0.0041051006420704	0.0046506388306098	0.0032117270918834	0.0030674770703538	0.0024590694363978	0.0023084025854101	0.0	0.004427436472921	0.0026094520197129	0.001658953984945	0.0024154589496717	0.0029435650379236	0.0020464973073901	0.0034377762498772	0.0040661063916415	0.0036712217009993	0.0043988481190322	0.004873294256411	0.0063947459384721	0.0049585615589968	0.0051436242572178	0.0040719375636186	0.0013470281192119	0.0020710430525919	0.0011050366376321	0.0014268466688618	0.0019998771278426	0.0017502386712387	0.0	0.0	0.0011810711394802	0.0038725148101369	0.0	0.0009214629997164	0.0	0.0065533483486298	0.0035033484328583	0.0	0.0037490351747711	0.0	0.0	0.0	0.0034342143015714
species|349316|Luedemannella flava	0.0	0.0032240013287748	0.0	0.0	0.0029329760426456	0.0	0.0027915199348894	0.003721514626695	0.0	0.002580998483223	0.0	0.0	0.0	0.0	0.0	0.0	0.0	0.0	0.0	0.0031505591519262	0.0	0.0039385843279493	0.0031141569281999	0.0031354204079006	0.0	0.0	0.0	0.0047045918116426	0.0	0.0	0.0	0.0	0.0	0.0	0.0	0.0024570135645501	0.0	0.0027530506092137	0.0054709264028769	0.0	0.0	0.002591221325743	0.0	0.0	0.0	0.0	0.0	0.0	0.0	0.0	0.0	0.0	0.0021219830467047	0.0	0.0	0.0	0.0	0.0	0.0	0.0	0.0	0.0053539215266377	0.0	0.0	0.0039319447683979	0.0	0.0	0.0	0.0	0.0	0.0	0.0	0.0	0.0	0.0	0.0	0.0039480277659843	0.0	0.0	0.0	0.0	0.0	0.0	0.0044430809080718	0.0	0.0	0.0	0.002954424599635
species|349315|Luedemannella helvata	0.0	0.0028055930200711	0.0	0.0	0.0017665890394277	0.0	0.0	0.0	0.0	0.0019480604071596	0.0	0.0	0.0	0.0	0.0	0.0	0.0	0.0	0.0	0.0	0.0	0.0	0.0019324227675464	0.0	0.0	0.0	0.0	0.0	0.0	0.0	0.0	0.0	0.0	0.0	0.0	0.0017791506540351	0.0	0.0	0.0	0.0	0.0	0.0	0.0	0.0	0.0	0.0	0.0	0.0	0.0033446526804467	0.0	0.0	0.0	0.0018823762396269	0.0	0.0	0.0	0.0	0.0	0.0	0.0	0.0	0.0	0.0	0.0	0.0	0.0030258048112251	0.0	0.0	0.0	0.0	0.0	0.0	0.0	0.0	0.0	0.0	0.0019592908324507	0.0	0.0	0.0	0.0	0.0	0.0	0.0034352188455719	0.0	0.0	0.0	0.0019662887678482
species|666686|Bacillus sp. 1NLA3E	0.0	0.0013485623278749	0.0	0.0042570646809301	0.0018489970867082	0.0	0.00277536042335	0.0016151050852984	0.0019936535267571	0.0014185192801026	0.0	0.0024900954069551	0.0	0.0	0.0	0.0	0.0	0.0013073605094688	0.0	0.0013440252768583	0.0019599712717629	0.0012783077614377	0.0019774031869733	0.0016191912114304	0.0021246954124839	0.0028578743414158	0.0	0.0017004496225551	0.0	0.0	0.0	0.0	0.0	0.0033944493439871	0.0023372374695269	0.0012755567152387	0.0020390952638863	0.0021433059163242	0.0028758196994947	0.0	0.002108520155752	0.0021815089524191	0.0018161199382241	0.0	0.0	0.0018572446142675	0.0016983758991562	0.002184494984014	0.0017472046770187	0.0	0.0	0.0	0.0016682849752898	0.0	0.0	0.0	0.0	0.0013667828160633	0.0	0.0019507959368012	0.001702638633377	0.0015594816802117	0.0023794570750242	0.0	0.0026552033243789	0.0023036178183159	0.0	0.0	0.001535859355703	0.0016761230934252	0.0	0.0	0.0	0.0	0.0	0.0010832190392802	0.0018223595706371	0.0	0.0	0.0	0.0	0.0022818001712619	0.0	0.0021413245815173	0.0	0.0	0.0	0.0020840269928791
species|268404|Steroidobacter agariperforans	0.0	0.0019188749054166	0.0025305983828577	0.0020766287995989	0.0022066270768547	0.0022220183093781	0.0022553215241675	0.0019081938271749	0.0022022150248776	0.0013193567066855	0.0	0.0020987967351011	0.0	0.0	0.0	0.0	0.0	0.0008583124257229	0.0	0.001900032067722	0.0019492661451432	0.0014744619677667	0.0016683092787706	0.0023603671639539	0.0014426362088443	0.0027487898991284	0.0	0.0025468607089924	0.0	0.0	0.0	0.0	0.0	0.0031897729067808	0.0023431608949182	0.0014592135492732	0.0026269383168947	0.0012423743588756	0.002302647164958	0.0	0.0022084306098046	0.0015897043175604	0.0013226821318414	0.0	0.0	0.0025619624034165	0.0023422548901774	0.0016698507232244	0.0013116625864203	0.0	0.0	0.0	0.0026415653944539	0.0020713208624462	0.0	0.0	0.0015716407513927	0.0017725740964858	0.0013738274902467	0.0	0.0	0.0023007813366784	0.0021240829977876	0.0022818616329478	0.0012311287845235	0.0020903159603223	0.0	0.0	0.0011893390155759	0.0010536161916373	0.0	0.0011373316792151	0.0015207238065112	0.0	0.0030403340140355	0.0007932948129194	0.0013682814870842	0.0	0.0	0.0	0.0029408857874758	0.0	0.0	0.0012456421280039	0.0	0.0	0.0	0.0010448694364218
species|1204385|Litorilinea aerophila	0.0	0.00136447298694	0.0	0.0	0.0021711844905231	0.0027247094629409	0.0	0.0015604479174573	0.0	0.0	0.0	0.0	0.0	0.0	0.0	0.0	0.0	0.0	0.0	0.0007401496514268	0.0	0.0	0.0	0.0018777549761607	0.0	0.0	0.0	0.0	0.0	0.0	0.0	0.0	0.0	0.0	0.0	0.0	0.0	0.0017709852846021	0.0	0.0	0.0	0.0010074864720702	0.0	0.0	0.0	0.0010936583648872	0.0014149569996697	0.0	0.0016453275611555	0.0	0.0	0.0	0.0	0.0	0.0	0.0	0.0	0.0	0.0	0.0	0.0	0.0	0.0	0.0	0.0026545889962168	0.0023927843455247	0.0	0.0	0.0	0.0	0.0	0.0	0.0	0.0	0.0	0.0	0.0012922938471549	0.0	0.0	0.0	0.0	0.0	0.0	0.0	0.0	0.0	0.0	0.0012342293219465
species|192|Azospirillum brasilense	0.0	0.0023395063420716	0.0	0.0	0.0	0.0	0.0	0.0026553635054477	0.0015802966309349	0.0018357818819015	0.0	0.0	0.0	0.0	0.0	0.0	0.0	0.0	0.0	0.0	0.0	0.0	0.0	0.0015101679182987	0.0	0.0	0.0	0.0	0.0	0.0	0.0	0.0	0.0	0.0	0.0021745444485501	0.0014463364904582	0.0	0.0020863197326335	0.0	0.0	0.0	0.0011263974509035	0.0	0.0	0.0	0.0	0.0023336427318937	0.0	0.0022142918536244	0.0	0.0	0.0	0.0017295022904552	0.0	0.0	0.0	0.0	0.0	0.0024427228857342	0.0	0.0	0.0	0.0	0.0	0.0	0.0	0.0	0.0	0.0	0.0	0.0	0.0	0.0	0.0	0.0	0.0	0.0017600100879165	0.0	0.0	0.0	0.0	0.0	0.0	0.0034044358446574	0.0	0.0	0.0	0.0014336896342912
species|1071|Rhodopila globiformis	0.0	0.0016035117419575	0.0024019336457442	0.0034823328221071	0.0015740656607685	0.0016313536965324	0.0010794735844645	0.0010736624035889	0.0012513709623745	0.0019593282558586	0.0	0.0	0.0	0.0	0.0	0.0	0.0	0.0	0.0	0.0024439848814749	0.0029176625880554	0.0	0.0017989190564167	0.0013902884193065	0.0017981501480816	0.0	0.0	0.002020093575713	0.0	0.0	0.0	0.0	0.0	0.0	0.0019111292627978	0.0016856665752003	0.0	0.0019613123740813	0.0	0.0	0.0016438522642928	0.0014659280484596	0.0014313067822783	0.0	0.0	0.0015808862532474	0.0012499678233573	0.0	0.0017026987464653	0.0	0.0	0.0	0.001318873004593	0.0	0.0	0.0	0.0	0.0	0.0018277043568631	0.0020784294375814	0.002002825920417	0.0024235453030903	0.0022048751531751	0.0	0.0016518348556191	0.0016260882567306	0.0	0.0	0.0	0.0	0.0	0.0	0.0	0.0	0.0	0.0	0.0017737014297136	0.0	0.0	0.0	0.0016511702795985	0.0019930239987294	0.0	0.0020679651833969	0.0	0.0	0.0	0.001661877792995
species|161493|Anaeromyxobacter dehalogenans	0.0	0.002316269803511	0.0036073213806419	0.0039625552513914	0.0014875289541101	0.001343833575607	0.0	0.0016344052587371	0.0027372925728131	0.0016808001851799	0.0022994537169798	0.0020908275660283	0.0	0.0	0.0	0.0	0.0	0.0	0.0	0.0	0.004985847432457	0.0	0.0035324374005575	0.0011658591360201	0.0	0.0052099087472652	0.0	0.0019681922685452	0.0	0.0	0.0	0.0	0.0	0.0	0.0020604514507056	0.0015536144458637	0.0	0.0019746592353915	0.0041432429138223	0.0	0.0020816839253662	0.001562076640533	0.0	0.0	0.0	0.001010643702018	0.0025199317051829	0.0030701005295761	0.0011504744150363	0.0026669013671236	0.0	0.0	0.0013362517749904	0.0	0.0	0.0	0.0	0.0	0.0	0.0	0.001871569213705	0.0022242046980015	0.0	0.0	0.0025855269169559	0.0029920494517365	0.0	0.0017348970035286	0.0016804271113622	0.0016817834012203	0.0	0.0024486475791678	0.0025112112490028	0.0	0.0	0.001791519302121	0.0011252517659208	0.0	0.0012623332763267	0.0	0.0023793911622903	0.003655338222936	0.0	0.0	0.0	0.0	0.0	0.0015227522721188
species|1391654|Labilithrix luteola	0.0	0.0029782664914645	0.0027774945802331	0.0	0.0027061778622166	0.0026869897095438	0.0024361993634231	0.0026843862618001	0.0028359464606628	0.0021379954977175	0.0011016432799843	0.0021178974446024	0.0	0.0	0.0	0.001477937731592	0.0	0.0	0.0012342292923752	0.0017898223371346	0.0025497189358871	0.0035783848960401	0.0020937310366221	0.0025457861493894	0.0016736430601897	0.0027873142262004	0.0	0.0023698343630489	0.0	0.0	0.0	0.0	0.0051440325656938	0.0019659829886934	0.0026961738291086	0.0025759943597163	0.0028470908340277	0.0024640770648382	0.004228013492018	0.0	0.0025852959094112	0.0016808751974332	0.0028329342269741	0.0	0.0	0.0026186778989029	0.0027017834722208	0.0017315640897357	0.0027859449189137	0.0012300557207897	0.0018645751443291	0.0	0.0026163843361782	0.0022265835068899	0.0	0.0	0.0	0.0022052264237813	0.0032480644787582	0.0029040271912144	0.0029226252259303	0.0023420049631614	0.0044639946249441	0.0044941762474571	0.0031000027971359	0.0035774356971686	0.0042409344323567	0.0	0.002559054888502	0.0010478916704612	0.0	0.0017348002373336	0.0016380016465916	0.0	0.0043173872469524	0.0014685429450297	0.0021713963322105	0.0	0.0	0.0	0.0023185898843395	0.002885114345464	0.0	0.0022878291896095	0.0	0.0	0.0	0.002186091019761
species|239935|Akkermansia muciniphila	0.0	0.0023242755138841	0.0	0.0	0.0016464407387277	0.0	0.0018232463541296	0.0012322664641245	0.0019484059833636	0.0020003391131522	0.0	0.0	0.0	0.0	0.0	0.0	0.0	0.0	0.0	0.0016264773143534	0.0	0.0021641805401873	0.0028887877488679	0.0019882497668101	0.0022352335324091	0.0029023035555479	0.0	0.0021162757074785	0.0	0.0	0.0	0.0	0.0	0.0	0.0	0.0018023062141109	0.0	0.0015185607999152	0.0	0.0	0.0019672919496359	0.0014800939956619	0.00156081660617	0.0	0.0	0.0020658548904195	0.0017688070795376	0.0026462593447026	0.0022778751870337	0.0	0.0	0.0	0.0022509861086332	0.0	0.0	0.0	0.0	0.0	0.0	0.0	0.0	0.0025170587995968	0.0034808730191038	0.0	0.0025502601328347	0.0021410990263436	0.0	0.0	0.0	0.0	0.0	0.0	0.0	0.0	0.0	0.0	0.0016951830298573	0.0	0.0	0.0	0.0	0.0023986689090164	0.0	0.0020882143895562	0.0	0.0	0.0	0.0016081393188569
species|2082386|Methylibium sp. Pch-M	0.0	0.001678055380838	0.0	0.0	0.0	0.0	0.0	0.0	0.0	0.0	0.0021314599365007	0.0	0.0	0.0	0.0020731529426587	0.0	0.0	0.0	0.0	0.0	0.0	0.0	0.0033319202694873	0.0	0.0	0.0	0.0	0.0023000909898034	0.0017554618068038	0.0	0.0	0.0012473675939106	0.0	0.0044712692396032	0.0	0.0	0.0	0.0	0.0	0.0	0.0	0.0	0.002747717679697	0.0	0.0	0.0	0.0	0.0	0.0	0.0013442700227741	0.0	0.0	0.0	0.0	0.0	0.0	0.0	0.0	0.0	0.0	0.0	0.0	0.0	0.0	0.0	0.0	0.0	0.0	0.0018567430370985	0.000868221757983	0.0	0.0	0.0029995828648117	0.0	0.0	0.0	0.0	0.0	0.0	0.0	0.0	0.0	0.0	0.0	0.0	0.0	0.0	0.0
species|1796922|Piscinibacter defluvii	0.0	0.0015848247110582	0.003506656891812	0.0	0.0012375919496248	0.0	0.0	0.0019725228943623	0.0	0.0	0.0	0.0	0.0	0.0014256096456617	0.0	0.0	0.0	0.0	0.0	0.0018734396595863	0.0	0.0	0.0	0.0016086630540282	0.0	0.0	0.0	0.0	0.0	0.0	0.0	0.0	0.0	0.0	0.0	0.0	0.0	0.0	0.0	0.0	0.0	0.0	0.0019530092699155	0.0	0.0	0.0	0.0	0.0	0.0	0.0	0.0	0.0	0.0	0.0	0.0	0.0	0.0	0.0019183878031905	0.0	0.0	0.0	0.0024899105937412	0.0	0.0	0.0	0.0	0.0	0.0	0.0	0.0009280418226168	0.0	0.0	0.0	0.0	0.0	0.0008750653226759	0.0019686093188135	0.0	0.0	0.0	0.0	0.0	0.0	0.0	0.0	0.0	0.0	0.0009173346458485
species|1312852|Thermoanaerobaculum aquaticum	0.0	0.001315360476245	0.0	0.0	0.0	0.0	0.0	0.0016459060392357	0.0011287258792579	0.0016507805684521	0.0	0.0	0.0	0.0	0.0	0.0	0.0	0.0	0.0	0.0	0.0	0.0	0.0	0.0	0.0	0.0	0.0	0.0	0.0	0.0	0.0	0.0	0.0	0.0	0.0	0.0	0.0	0.0	0.0	0.0	0.0	0.0	0.0	0.0	0.0	0.0	0.0	0.0	0.0	0.0	0.0	0.0	0.0	0.0	0.0	0.0	0.0	0.0	0.0	0.0	0.0	0.0	0.0	0.0	0.0	0.0	0.0	0.0	0.0	0.0	0.0	0.0	0.0	0.0	0.0	0.0	0.0	0.0	0.0	0.0	0.0	0.0	0.0	0.0	0.0	0.0	0.0	0.0008268351343876
species|28077|Nitrospirillum amazonense	0.0	0.0010258530539231	0.0	0.0	0.0	0.0	0.0	0.0	0.0	0.0	0.0	0.0	0.0	0.0	0.0	0.0	0.0	0.0	0.0	0.0	0.0	0.0	0.0	0.0013789858028932	0.0	0.0	0.0	0.0	0.0	0.0	0.0	0.0	0.0	0.0	0.0	0.0	0.0	0.0	0.0	0.0	0.0	0.0	0.0	0.0	0.0	0.0	0.0	0.0	0.0	0.0	0.0	0.0	0.0	0.0	0.0	0.0	0.0	0.0	0.0	0.0	0.0	0.0	0.0	0.0	0.0	0.0	0.0	0.0	0.0	0.0019906207321329	0.0	0.0	0.0	0.0	0.0	0.0	0.0	0.0	0.0	0.0	0.0	0.0	0.0	0.0	0.0	0.0	0.0	0.0
species|1969806|Acidibrevibacterium fodinaquatile	0.0	0.0043898521322799	0.0039522500762013	0.0039674516784292	0.0053659740598619	0.0056724262556958	0.0053311521275043	0.0023058424904846	0.0028903464192321	0.0046181042678172	0.0	0.0032580587448864	0.0	0.0	0.0	0.0	0.0	0.0	0.0	0.0059326865953933	0.0038809125530765	0.0047699228454533	0.0034219036953876	0.0045573228267269	0.0052813372385954	0.0033178322340541	0.0	0.00484716180165	0.0	0.0	0.0	0.0	0.0042872643686885	0.0043940795559697	0.0041923993437733	0.0046589501708482	0.0054938885127883	0.0051722900709818	0.0058288344597846	0.0	0.0071461652987286	0.003542464473701	0.0027761464215463	0.0	0.0	0.0035662909468303	0.0037082937211351	0.0035418131783052	0.0044152187243089	0.0	0.0	0.0	0.0043209180272425	0.0	0.0	0.0	0.0	0.0	0.0051633918272557	0.0048127523267796	0.0065523665558909	0.005196200280282	0.0050354478766073	0.005356550512214	0.004098224539321	0.0038039581091009	0.0064472540516557	0.0	0.0	0.0	0.0	0.0	0.0	0.0	0.003831417624521	0.0	0.0031580801771654	0.0	0.0	0.0	0.0024383384299373	0.004842216200362	0.0	0.0041872948848613	0.0	0.0	0.0	0.0040457176008828
species|1813878|Sphingomonas agri	0.0	0.0022415477396161	0.0	0.0	0.0020391346346592	0.0024216866462669	0.0026647702660847	0.0009206711595061	0.0015218079764319	0.0007346233487056	0.0	0.0	0.0	0.0012908628767645	0.0	0.0	0.0	0.0	0.0008551228968044	0.0018799277245334	0.0	0.0023069904588031	0.0012636536241034	0.001450929717685	0.0026538711868114	0.0	0.0	0.0013389493979006	0.0	0.0	0.0	0.0	0.0	0.0	0.0020994891776316	0.0025562932508084	0.0020840968223053	0.0016836033906253	0.0	0.0	0.0025677083455902	0.001531567801626	0.0022447526144482	0.0	0.0	0.0	0.0009434703595591	0.002638711582088	0.001289019022944	0.0013341525670793	0.0015327540369705	0.0	0.0022769798919224	0.0	0.0014940096901241	0.0	0.0	0.0	0.0013437158776531	0.0	0.0034478190117583	0.0027876663484772	0.0026053599674468	0.0	0.0	0.0022238745810805	0.0	0.0014634879964565	0.0018883872813933	0.0014397493758283	0.0	0.0	0.0	0.0	0.0	0.0010805501055093	0.0007565288901831	0.0	0.0	0.0	0.0	0.0017817628125076	0.0	0.0	0.0	0.0	0.0	0.0012231728456307
species|360056|Schlesneria paludicola	0.0	0.0023104718956417	0.0027305636472213	0.0	0.0022912670814077	0.002244770447932	0.001675277380031	0.001867872556476	0.0019308817319772	0.0029197278187226	0.0050770529968873	0.0016962117998799	0.0023051754887616	0.0027016470596011	0.0037520388472832	0.0030570456256913	0.0029689322082316	0.0025828211909648	0.0028123875734798	0.0020404963390267	0.0024268772644557	0.0029822762931831	0.0029826773412482	0.0021312626981535	0.0017026580231524	0.0046394309638379	0.0	0.0020121477594528	0.0016411361714225	0.0	0.0	0.0	0.0044488994986446	0.0024282328856214	0.0022785689875431	0.0032621327131017	0.0037650015664701	0.0033007644454802	0.0033726023203553	0.0023211774908308	0.0050234646756963	0.0024218273218668	0.0016316016074654	0.0	0.0	0.0020831554826605	0.003274489033055	0.002964755903314	0.002627681056046	0.0043455452364926	0.0038339804781799	0.0044812735667485	0.0025657059399485	0.0031061883246234	0.0024447743682726	0.0035656711075461	0.0041614587277678	0.0019602675766217	0.0033399101717631	0.0020938145229589	0.0026400313965912	0.0018152359862686	0.0028035850819808	0.0034805665614601	0.0025677617022696	0.0030220116392762	0.003732609433322	0.0041322097906822	0.0023146181551086	0.0032471068072817	0.0055450530544614	0.0034470282880623	0.0030779573411449	0.0046571111272258	0.0	0.0025390399747084	0.0025630819496347	0.000933432552545	0.0012049900742977	0.002131510400052	0.0029457173056539	0.0022716732742079	0.0	0.0033694074947205	0.0	0.0	0.0	0.0020296742288558
species|2602016|Hypericibacter adhaerens	0.0	0.0022399629757584	0.0	0.0	0.0017524079846559	0.001732628101369	0.0016759331384905	0.0	0.0010363235098679	0.0018324154183737	0.0	0.0027964889785596	0.0	0.0	0.0	0.0	0.0	0.0	0.0	0.0017207537193097	0.0	0.0024108035737973	0.0	0.0018167985444932	0.0	0.0025213945688186	0.0	0.0	0.0	0.0	0.0	0.0	0.0	0.0	0.0019840109079822	0.0015470486583899	0.0	0.0020949815860228	0.0	0.0	0.0	0.0013724540061387	0.0019853575900112	0.0	0.0	0.0	0.0017826575936327	0.0	0.0016004354927141	0.0	0.0	0.0	0.0017385587836583	0.0	0.0	0.0	0.0	0.0	0.0	0.0021111083676623	0.0	0.0022656337850994	0.0	0.0	0.0	0.0	0.0	0.0	0.0	0.0	0.0	0.0	0.0	0.0	0.0	0.0	0.0017485344589682	0.0	0.0	0.0	0.0	0.0	0.0	0.0	0.0	0.0	0.0	0.0013442222774755
species|1837343|Paenibacillus qinlingensis	0.0	0.0035719704607057	0.0037253972229406	0.0038040893961008	0.0039193022564376	0.0045910348093888	0.0047309947311592	0.0033835390684256	0.0031914893615337	0.0043586361941167	0.0	0.0035242281856697	0.0	0.0	0.0	0.0	0.0	0.0	0.0	0.0031147708283479	0.0055845574845164	0.0053783731291666	0.0038433211049759	0.0042300139575593	0.0060061474861635	0.0051757100447763	0.0	0.0046129329851741	0.0	0.0	0.0	0.0	0.0041765970410043	0.0053191489357095	0.003653384091339	0.0040343156913092	0.0035608912402075	0.0050270107777396	0.0058299235043347	0.0	0.0055172424939393	0.0044309698695408	0.0033487892838748	0.0	0.0	0.0044576958790644	0.0051965028348219	0.0045309353961585	0.0036787425497769	0.0	0.0	0.0	0.0041996135674381	0.0	0.0	0.0	0.0	0.0	0.0037324427855809	0.0029681716704343	0.003034464170183	0.0049309664699422	0.0052910052910052	0.0063947459384721	0.0029219166061058	0.003281305427447	0.00508992195453	0.0	0.0	0.0	0.0	0.0	0.0	0.0	0.0066541695265977	0.0	0.0042703868646435	0.0	0.0	0.0	0.0035838623630652	0.0053580628541225	0.0142492020124038	0.0041250115193001	0.0	0.0	0.0	0.0030586044050449
species|47495|Pedomicrobium americanum	0.0	0.0021580593237252	0.0	0.0	0.0020013598953371	0.0	0.0	0.0026275133263793	0.0013052925695182	0.0015251620452953	0.0	0.0039628313220097	0.0	0.0	0.0	0.0	0.0	0.0	0.0	0.0016166897377596	0.0032377928807403	0.0017927566769357	0.0019934323302562	0.0015850171634479	0.0	0.003319192771758	0.0	0.0018204184191708	0.0	0.0	0.0	0.0	0.0	0.0037002646810049	0.0017088340002535	0.0011602361562364	0.0025234817732838	0.0022402065241165	0.0	0.0	0.0	0.0012868456270748	0.0029147079143961	0.0	0.0	0.0014492983531308	0.0	0.0012409243471639	0.001698918007894	0.0	0.0	0.0	0.0	0.0	0.0	0.0	0.0	0.0	0.0025537977062821	0.0024302078302602	0.0	0.0015193854729636	0.0026326753515951	0.0	0.0	0.0014190589408335	0.0	0.0	0.0	0.0	0.0	0.0	0.0	0.0	0.0	0.0	0.0013285333487905	0.0	0.0	0.0	0.0028188161298355	0.0019577537351954	0.0	0.0027715832996894	0.0	0.0	0.0	0.0008478955551309
species|1636152|Planctomyces sp. SH-PL62	0.0	0.00097526990148	0.0	0.0018611589836029	0.0010654520756808	0.0	0.0	0.0	0.0010285699350121	0.0	0.0007687029415525	0.0	0.0	0.0	0.0	0.0	0.0	0.0	0.0008724477843318	0.0010552457399513	0.0	0.0015129020338048	0.0	0.0007161061751839	0.0012831565931034	0.0	0.0	0.0013345288377766	0.0	0.0	0.0	0.0	0.0	0.0	0.000826500370408	0.0	0.0	0.0	0.0	0.0	0.0	0.0008212993440424	0.0	0.0	0.0	0.0	0.0	0.0	0.0010070761709347	0.0	0.0	0.0	0.0	0.0	0.0	0.0	0.0	0.0	0.0	0.0017131427729489	0.0	0.0	0.0	0.0	0.0	0.0	0.0	0.0	0.0	0.0	0.0	0.0	0.0	0.0	0.0	0.0	0.0010206600519195	0.0	0.0	0.0	0.0	0.0	0.0	0.0	0.0	0.0	0.0	0.0008788166339885
species|2038343|Jatrophihabitans telluris	0.0	0.0019029777007783	0.0	0.0	0.0011800694436669	0.0	0.0	0.0	0.0015123152519655	0.0019332870209433	0.0	0.0	0.0	0.0	0.0	0.0	0.0	0.0	0.0	0.0018168509921438	0.0	0.0	0.002048932897249	0.0	0.0025979355709434	0.0	0.0	0.0	0.0	0.0	0.0	0.0	0.0	0.0	0.0	0.0013375464605089	0.0	0.0020232975131013	0.0	0.0	0.0	0.0008854749682827	0.002344937986838	0.0	0.0	0.0	0.0	0.0	0.0014128582379379	0.0	0.0	0.0	0.0	0.0	0.0	0.0	0.0	0.0	0.0	0.0022103919483185	0.0	0.0	0.0	0.0	0.0021000038796383	0.0036568225338768	0.0	0.0	0.0	0.0	0.0	0.0	0.0	0.0	0.0	0.0	0.0017248262621896	0.0	0.0	0.0	0.0	0.0	0.0	0.0	0.0	0.0	0.0	0.001290152000509
species|1592105|Tellurimicrobium multivorans	0.0	0.0009531027189247	0.0016746477112506	0.0026907649737183	0.0017981019716224	0.0021622057677614	0.001398287631711	0.0012145797298337	0.0010118818265534	0.0013552271600459	0.0	0.0021415538179806	0.0	0.0	0.0	0.0	0.0	0.0	0.0	0.0012796162458158	0.001576567649672	0.0016458744831314	0.0015839004686393	0.0015237313919411	0.0017431029057488	0.0028051456670985	0.0	0.0	0.0	0.0	0.0	0.0	0.0027424082201879	0.0	0.0017083220072658	0.0011147446652992	0.0029309274836755	0.0012994821136706	0.0	0.0	0.0020288682458803	0.0018584824797053	0.0011335752040248	0.0	0.0	0.0013640227326869	0.0019621435271314	0.0016152770313564	0.0010747362485502	0.0	0.0	0.0	0.0023414585667335	0.0	0.0009194551417064	0.0	0.0	0.0	0.0018849232450467	0.0018821554911818	0.0018013610839094	0.0020625221219065	0.0	0.0025186930897268	0.0025287528898613	0.0019227649179589	0.0	0.0	0.0	0.0008022594437041	0.0	0.0	0.0	0.0	0.0	0.0	0.0017975445289333	0.0	0.0	0.0	0.0018595290068301	0.0021654427247423	0.0	0.0016017911371029	0.0	0.0	0.0	0.0017598258064443
species|2528026|Planctomycetes bacterium Mal4	0.0	0.003717351488587	0.0024730799507357	0.00427954493044	0.0025418757017341	0.0035620768904996	0.001732235404776	0.0019850639761741	0.0026488443503721	0.0027603233786734	0.0028605738375494	0.0032798925812586	0.0038500179655181	0.0039537210317032	0.0047213881026086	0.0035430488992649	0.0052427395538725	0.0022474206223857	0.0032148452699063	0.0017924910737031	0.0027734267305214	0.0029285786985363	0.0029842563915707	0.0033346786002507	0.0018816060490862	0.0058362048962246	0.0	0.0029042389794625	0.0	0.0014631655663883	0.0	0.0	0.0038216379712604	0.0	0.0020926090748135	0.0024589495950615	0.0038406229894879	0.003185714276446	0.0	0.0008242630173733	0.0041544053151582	0.0027323858514552	0.002083813268099	0.0	0.0	0.0014977037122819	0.0028890208693509	0.0040131518958383	0.0026743117317837	0.0039819063682362	0.0034618371204264	0.0021175895129975	0.0030164672847616	0.0045412491771309	0.0039977728637373	0.0062354921535465	0.0048964499864751	0.0034898060648424	0.0039285288596133	0.0028539320778217	0.0028798415718003	0.0029619408879048	0.0045758297421148	0.0047102073837479	0.0035305435320589	0.0024685876060078	0.0	0.0035349098316101	0.0034640850896528	0.0023176793934299	0.0061618890248612	0.0040792887061499	0.0043670616752475	0.0036973022519205	0.0	0.0030471290843697	0.0018585577045705	0.0022571864967971	0.0015893224614999	0.0	0.0038812402026492	0.003280916734682	0.0	0.0029962928742704	0.0	0.0	0.0	0.0020845611600038
species|1288494|Nitrosospira lacus	0.0	0.0012037056919126	0.0018706274089138	0.0	0.0	0.002355683879445	0.0010789518917532	0.001590458063413	0.0010236198305545	0.0	0.0	0.0	0.0	0.0	0.0	0.0	0.0	0.0	0.0	0.0010695707323685	0.0020818865979992	0.0	0.0019051659518938	0.0018956544321473	0.001707110593871	0.0	0.0	0.0	0.0	0.0	0.0	0.0	0.0	0.0	0.0	0.0	0.0019772911550662	0.0	0.0	0.0	0.0026443278032951	0.0015337624636485	0.0	0.0	0.0	0.0013518215366361	0.00221894563484	0.0	0.0	0.0	0.0	0.0	0.0012557627849518	0.0	0.0	0.0	0.0	0.0	0.0	0.0	0.0	0.0	0.0	0.0	0.0	0.0	0.0	0.0	0.0	0.0	0.0	0.0	0.0	0.0	0.0	0.0	0.0015499628433221	0.0	0.0	0.0	0.002466246640723	0.0	0.0	0.0	0.0	0.0	0.0	0.0
species|35799|Nitrosospira briensis	0.0	0.001147312080431	0.0026721311764477	0.0	0.0018228384150097	0.0024716180380494	0.0023138876405289	0.0	0.0014847689436672	0.0	0.0	0.0016196740094246	0.0	0.0	0.0	0.0	0.0	0.0	0.0	0.0013530598467947	0.0029751654465389	0.0	0.0	0.0022309391316336	0.0	0.0	0.0	0.0	0.0	0.0	0.0	0.0	0.0	0.0	0.0017405929957519	0.0014877631321158	0.0017021879206598	0.002285830512311	0.0	0.0	0.001979761758883	0.0019471082797138	0.0021786059409046	0.0	0.0	0.0008924355359988	0.0017224142990799	0.0	0.001131616775966	0.0	0.0	0.0	0.0017570694166606	0.0	0.0	0.0	0.0	0.0	0.0	0.0018582486406036	0.0027588204890689	0.0019648425296925	0.0020825693108116	0.0	0.0	0.0018520380182437	0.0	0.0	0.0	0.0	0.0	0.0	0.0014500782884905	0.0	0.0	0.0	0.0010633930111892	0.0	0.0	0.0	0.0	0.0	0.0	0.0	0.0	0.0	0.0	0.0
species|1442381|Dankookia rubra	0.0	0.0017159673063918	0.0023005051474671	0.0030115707718515	0.0017533252813129	0.001411492626039	0.0	0.00181693427164	0.0011525873287544	0.0009550910660847	0.0017187009340951	0.0019579050702566	0.0019757093511822	0.001659947830211	0.0022044415414761	0.0018495228236358	0.0010966415344183	0.0012544566222104	0.0015085024684581	0.0011399075235729	0.0021852779474153	0.0	0.0014779647906169	0.0014954390298051	0.0015234340156379	0.0019907100298568	0.0014460765659487	0.0014258156691124	0.0015725920780025	0.0021181600545093	0.0	0.001289386969337	0.0	0.0	0.001605876282004	0.0016016759305968	0.0	0.0017299706723893	0.0022746627182987	0.0013239341859272	0.0019816390603107	0.0019791693991461	0.0025759905783419	0.0	0.0008191740809077	0.0009230085732322	0.0018911039319202	0.0	0.0	0.0	0.0019621421975981	0.0025694555965963	0.0019698169180932	0.0	0.0	0.0	0.0021560872420115	0.0025376555337262	0.002062632916577	0.0021990104452996	0.0023455065323977	0.0018954744837635	0.0	0.0	0.0015937672686572	0.0028378857902967	0.0	0.0	0.0019167297760348	0.0015121554030475	0.0019756338487353	0.0	0.0	0.0	0.0	0.0012752089917248	0.0016421466180837	0.0015168309900239	0.0011341083073433	0.0015712682379349	0.0021503174278107	0.0018550290942264	0.0	0.0	0.0	0.0	0.0014265335235378	0.0011935455740688
species|2601677|Tepidiforma bonchosmolovskayae	0.0	0.0016371483851759	0.0024100664166524	0.0	0.0014788705792328	0.0014004199752954	0.0	0.0011814235781448	0.0016574719647672	0.0013709468262009	0.0	0.0016641110879918	0.0	0.0	0.0	0.0	0.0	0.0	0.0	0.0017298419126605	0.0	0.0026383895718489	0.0013311497631511	0.0016060542414488	0.0017026615288108	0.0	0.0	0.0012592252274379	0.0	0.0	0.0	0.0	0.0	0.0021970397779833	0.0015259132262917	0.0011858513633061	0.0013228069654166	0.0	0.0	0.0	0.0021975180973363	0.001434306053626	0.0020573661821175	0.0	0.0	0.0018459953571927	0.0011819419259647	0.0021438021405836	0.0014422250789324	0.0	0.0	0.0	0.0	0.0	0.0	0.0	0.0	0.0	0.0019644158249922	0.0024189114898295	0.0024679800944588	0.001517370300059	0.0020885547199419	0.0	0.0	0.0022172745892843	0.0	0.0	0.0	0.0	0.0	0.0	0.0	0.0	0.0	0.0	0.0017087748228503	0.0	0.0	0.0	0.0	0.0014289022314435	0.0	0.0	0.0	0.0	0.0	0.0018351463251139
species|504468|Rhodovastum atsumiense	0.0	0.0012965761280445	0.0	0.0	0.0009799041809008	0.0	0.0020408332816419	0.0011885248604984	0.0017093299762607	0.0	0.0	0.0019563814783827	0.0	0.0	0.0	0.0	0.0	0.0	0.0	0.0011081266716797	0.0	0.0013227476868718	0.0015036444266716	0.0012770957269682	0.0	0.0	0.0	0.0015201071712629	0.0	0.0	0.0	0.0	0.0	0.0	0.0	0.0012030021369053	0.0	0.0017308962933217	0.0	0.0	0.0	0.0010467310034321	0.0	0.0	0.0	0.0013706353945391	0.001187832488331	0.0	0.0015800894876736	0.0	0.0	0.0	0.0010751088575158	0.0	0.0	0.0	0.0	0.0	0.0021885955344174	0.0	0.0	0.0	0.0	0.0	0.0	0.0014912098757184	0.0	0.0	0.0	0.0	0.0	0.0	0.0	0.0	0.0	0.0	0.0	0.0	0.0	0.0	0.0	0.0	0.0	0.001576921389957	0.0	0.0	0.0	0.0
species|103816|Rhodococcus pyridinivorans	0.0	0.0011906534189642	0.0	0.0	0.0009086891773701	0.0	0.0	0.0	0.0012471138072647	0.0	0.0	0.0	0.0	0.0	0.0	0.0	0.0	0.0	0.0	0.0	0.0	0.0	0.0	0.0011935723301445	0.0	0.0	0.0	0.0	0.0	0.0	0.0	0.0	0.0	0.0	0.0	0.0013896277940063	0.0	0.0	0.0	0.0	0.0	0.0	0.0	0.0	0.0	0.0013374263589079	0.0	0.0	0.0	0.0	0.0	0.0	0.0	0.0	0.0	0.0	0.0	0.0	0.0	0.0	0.0021198309254759	0.0	0.0	0.0	0.0018593259339044	0.0	0.0	0.0	0.0	0.0	0.0	0.0	0.0	0.0	0.0	0.0	0.0	0.0	0.0	0.0	0.0	0.0	0.0	0.0	0.0	0.0	0.0	0.0012985198449051
species|1963835|Arboricoccus pini	0.0	0.0009672615265355	0.0	0.0	0.0	0.0	0.0	0.0008144853088943	0.0007092198581284	0.0009245648184387	0.0	0.0	0.0	0.0	0.0	0.0	0.0	0.0	0.0	0.0008911253785705	0.0	0.0010378044608142	0.0	0.0	0.0	0.0	0.0	0.0009225865973328	0.0	0.0	0.0	0.0	0.0	0.0	0.0	0.00074622224986	0.0	0.0	0.0	0.0	0.0	0.0	0.0	0.0	0.0	0.0	0.0	0.0	0.0	0.0	0.0	0.0	0.0	0.0	0.0	0.0	0.0	0.0	0.0	0.0	0.0	0.0	0.0	0.0	0.0	0.0	0.0	0.0	0.0	0.0	0.0	0.0	0.0	0.0	0.0	0.0	0.0	0.0	0.0	0.0	0.0011263567479008	0.0	0.0	0.0	0.0	0.0	0.0	0.0
species|529703|Adhaeribacter terreus	0.0	0.0012650692067271	0.0027388255915863	0.0	0.0018742442563482	0.0	0.0	0.0014488379672811	0.0013690095868894	0.0	0.0	0.0032996843532003	0.0	0.0	0.0	0.0	0.0	0.0	0.0	0.0019395055401474	0.0	0.0018871485185884	0.0022169671888855	0.0020381122217071	0.0021474096858911	0.0037159920375625	0.0	0.0024322737566048	0.0	0.0	0.0	0.0	0.0	0.0023558097992654	0.002088017989078	0.0009949629998134	0.0012208769966425	0.0018456359067385	0.0025589991470082	0.0	0.0	0.0018941166702679	0.0023183925811437	0.0	0.0	0.0022579302041631	0.0033524959626795	0.0016470394465947	0.0014306151645207	0.0	0.0	0.0	0.0027958993476234	0.0	0.0	0.0	0.0	0.0015553372626064	0.0	0.0019791108743003	0.0	0.0020482476103789	0.0030632135895293	0.0048392671966816	0.0025310755999946	0.0031042917079199	0.0027146250424152	0.0012628388617612	0.0	0.0	0.0	0.0	0.0	0.0	0.0	0.0	0.0019036366023368	0.0	0.0	0.0	0.0033278790723682	0.0	0.0	0.001653986101818	0.0	0.0	0.0	0.0017183944871456
species|1231|Nitrosospira multiformis	0.0	0.0022252560815136	0.0046863744480524	0.0042795459008733	0.0025613996805469	0.0040944085899558	0.0043844508908388	0.0020268864574938	0.0031594850048618	0.0026087302784868	0.0	0.0034899061556642	0.0	0.0	0.0	0.0	0.0	0.0	0.0	0.0025976893021572	0.0035064589823563	0.0039103413739882	0.0019354178125206	0.0037486023658448	0.0030638346122071	0.0	0.0	0.0038272097053159	0.0	0.0	0.0	0.0	0.0	0.004617175447072	0.0039686561692349	0.0032488857727157	0.0046271187938692	0.0028449503609869	0.0	0.0	0.0046256679672701	0.0038123156661831	0.0034547037504765	0.0	0.0	0.0022649632997132	0.002582711797129	0.0037267579251963	0.0018560000072654	0.0	0.0023456154676814	0.0	0.0014887243295817	0.0	0.0020955588103754	0.0	0.0	0.0	0.0039427790614562	0.0032638403872409	0.0049627094240614	0.0025787875017451	0.0042224107577704	0.0	0.0041465028427056	0.0023166373008644	0.0	0.0	0.0019003551734442	0.0	0.0	0.0	0.0	0.0	0.0056463463951461	0.001409571134303	0.0022544754093147	0.0	0.0	0.0	0.0034601946219661	0.0039756333177944	0.0	0.0	0.0	0.0	0.0	0.002695987224967
species|2527995|Planctomycetes bacterium Mal52	0.0	0.001488070689059	0.0	0.0	0.0010074633814447	0.0014729558945843	0.0011581394917375	0.0011990959126588	0.0007199232373498	0.0012686765611647	0.0	0.0017657835017323	0.0	0.0	0.0	0.0	0.0	0.0	0.0	0.0010869231087832	0.0	0.0	0.0020949202747511	0.0009517122601479	0.0	0.0	0.0	0.0	0.0	0.0	0.0	0.0	0.0	0.0	0.0012971974141216	0.0010704017378415	0.0022227919070928	0.0	0.0	0.0	0.0	0.0011198036688517	0.0012891589486738	0.0	0.0	0.0010630106808915	0.0016230226539484	0.0011525626152781	0.0014267503124748	0.0	0.0	0.0	0.0012876299794537	0.0	0.0	0.0	0.0	0.0	0.0	0.0020888930814921	0.0013258424662369	0.0	0.0	0.0	0.0	0.0	0.0	0.0010014679893717	0.0	0.0011060983237039	0.0	0.0013539255392594	0.0016358474623055	0.0	0.0	0.0	0.0	0.0	0.0	0.0	0.0016290876724202	0.0	0.0	0.0	0.0	0.0	0.0	0.0009754962814347
species|136996|Bradyrhizobium lupini	0.0	0.0	0.0028518877890556	0.0	0.0014845422185868	0.0	0.0021790119058409	0.0	0.0021995553677661	0.0	0.0	0.0	0.0	0.0	0.0044999672896823	0.0070445550247338	0.0	0.0023369486647918	0.0	0.0	0.0	0.0	0.0	0.0	0.0	0.0071703010658552	0.0021133303084929	0.0026047922877523	0.0	0.0	0.0	0.0	0.0073841450549477	0.0	0.0	0.0012796558599781	0.0	0.0022582544641787	0.0	0.0	0.0	0.0013667623180979	0.0028159962325295	0.0	0.0	0.0	0.003361178735265	0.0021759595101258	0.0	0.001375163869105	0.0071072170834383	0.0	0.001995376493641	0.0051803601092641	0.0	0.0	0.0	0.0023846517638175	0.0026705116411983	0.0028451702300359	0.0	0.0	0.0027475281197182	0.0	0.0	0.0	0.0	0.0	0.0024645161338331	0.0	0.0	0.0035925518751081	0.0	0.0	0.0	0.0	0.0014758577456889	0.0	0.0	0.0	0.0	0.0	0.0	0.0	0.0	0.0	0.0	0.0
species|467093|Ilumatobacter nonamiensis	0.0	0.0	0.001306387906301	0.0	0.0010087043045648	0.0	0.0	0.0011162877757724	0.0008744545387805	0.0	0.0	0.0	0.0	0.0	0.0	0.0	0.0	0.0	0.0	0.0	0.0	0.0	0.0	0.0009029377319866	0.0	0.0	0.0	0.0	0.0	0.0	0.0	0.0	0.0	0.0016428197060264	0.0	0.0	0.0	0.0	0.0	0.0	0.0	0.0	0.0	0.0	0.0	0.0007623023481563	0.0	0.0	0.0009082796997554	0.0	0.0	0.0	0.0	0.0	0.0	0.0	0.0	0.0	0.0	0.0	0.0	0.000987431801061	0.0	0.0	0.0009732328813402	0.0	0.0	0.0	0.0	0.0	0.0	0.0	0.0	0.0	0.0	0.0	0.0008574375441127	0.0	0.0	0.0	0.0	0.0	0.0	0.0	0.0	0.0	0.0	0.0012324256673483
species|386874|Sphingomonas sediminicola	0.0	0.0	0.0022758863652589	0.0	0.0015398298212826	0.0020455618175041	0.0012133427003879	0.0012464679514152	0.0020298582946257	0.0008752339302256	0.0020711949547264	0.0	0.0034901404902983	0.0018934086375484	0.0024576166140047	0.003201585648342	0.0015625983401839	0.0024171815156006	0.0030431947687243	0.0013542150462071	0.0035468938703541	0.0017513487761652	0.0008435503854375	0.0023002241639718	0.0	0.0	0.0017248812117883	0.0	0.0017745830446927	0.001933287075973	0.0	0.000955143426138	0.0	0.0	0.0	0.0011431448788603	0.0	0.0010248313369635	0.0	0.001338771854598	0.0	0.0018197120206914	0.0022090797661409	0.0	0.001526078147467	0.0014143385326201	0.0010657705035184	0.0	0.0	0.0014137509490903	0.0030147381348489	0.0040650321545411	0.0020886405159632	0.0036654321098388	0.0029566592788254	0.001898134695368	0.0031244858971096	0.001894999231338	0.0	0.0023934743584582	0.0016137157069684	0.0	0.0022762458378009	0.0	0.0	0.0021082559026938	0.0	0.0010725130604814	0.0032790624958114	0.0022848140730319	0.003278519069989	0.0023197766126479	0.0027271266481725	0.0016354926217617	0.0	0.0020419481752591	0.0011016400097884	0.0021898759926252	0.0025107627253235	0.0	0.0017559536209747	0.0	0.0	0.0	0.0024860231166764	0.0017182713499553	0.0	0.0
species|692036|Tuwongella immobilis	0.0	0.0	0.0017331976377408	0.0	0.0009722598539443	0.0	0.0	0.0007026397286453	0.001124788545546	0.001262640700789	0.0	0.0	0.0	0.0	0.0	0.0	0.0	0.0	0.0	0.0012990907736879	0.0	0.0	0.0	0.001385206331193	0.0014798992217695	0.0	0.0	0.0018762227365008	0.0	0.0	0.0	0.0	0.0	0.0	0.0016888408609379	0.0007568019374481	0.0013987470113975	0.0009920795878355	0.0	0.0	0.0	0.0010924570044221	0.0	0.0	0.0	0.0010078226264299	0.0012356053511007	0.0017694198871593	0.0011105103267734	0.0	0.0	0.0	0.0	0.0	0.0	0.0	0.0	0.0	0.0010421500648763	0.0	0.0	0.0010369510199467	0.0	0.0	0.0010919539907522	0.0	0.0	0.0	0.0	0.0	0.0	0.0	0.0	0.0	0.0	0.0	0.0012436998554459	0.0	0.0	0.0	0.0017501091061779	0.0	0.0	0.0	0.0	0.0	0.0	0.0010208357374679
species|1038693|Terrimonas pekingensis	0.0	0.0	0.0022265441307183	0.0	0.0006632583166149	0.0	0.000744428692442	0.0007721125308917	0.0	0.0	0.0	0.0	0.0	0.0	0.0	0.0	0.0	0.0	0.0	0.0009234427358174	0.0	0.0	0.0	0.0013532026959043	0.0	0.0	0.0	0.0	0.0	0.0	0.0	0.0	0.0	0.0	0.0	0.0	0.0	0.0	0.0	0.0	0.0	0.0008945557173667	0.0016074160746007	0.0	0.0	0.0011157093507541	0.0009707129499242	0.0	0.0	0.0	0.0	0.0	0.0	0.0	0.0	0.0	0.0	0.0	0.0	0.0	0.0	0.0	0.0	0.0025448649723331	0.0	0.0	0.0	0.0	0.0	0.0	0.0	0.0	0.0	0.0	0.0	0.0	0.0	0.0	0.0	0.0	0.0	0.0	0.0	0.0	0.0	0.0	0.0	0.0007367156470506
species|404589|Anaeromyxobacter sp. Fw109-5	0.0	0.0	0.0018901772127729	0.0	0.00114483109163	0.0	0.0	0.0016607569430045	0.0014730334921223	0.0	0.0	0.001736757315252	0.0	0.0	0.0	0.0	0.0	0.0	0.0	0.0	0.0	0.0	0.001367800936784	0.0009093643346697	0.0	0.0020960392136858	0.0	0.0	0.0	0.0	0.0	0.0	0.0	0.0019836367315058	0.0	0.0011112539970484	0.0	0.0017014657080093	0.0	0.0	0.0	0.0010613981351854	0.0	0.0	0.0	0.0	0.0014308084200195	0.0019872572800083	0.0	0.0	0.0	0.0	0.0011014580650022	0.0	0.0	0.0	0.0	0.0	0.0	0.0	0.0	0.0	0.0	0.0	0.0017195574025782	0.0016089450466466	0.0	0.0	0.0008943365350734	0.0	0.0	0.0014246350674727	0.0	0.0	0.0	0.0008000673183721	0.0	0.0	0.0	0.0	0.0	0.0	0.0	0.0	0.0	0.0	0.0	0.0008719969188188
species|330214|Nitrospira defluvii	0.0	0.0	0.0020151852810976	0.0	0.0014250303339696	0.0026340161778239	0.0008978380299316	0.0021794415565943	0.00170844054815	0.0009894917891812	0.0	0.0017800041409981	0.0	0.0	0.0	0.0	0.0	0.0	0.0	0.001287868815714	0.002293508022097	0.0019719929244781	0.0	0.0021208977513081	0.0	0.0023867193136038	0.0	0.0017595417642207	0.0	0.0	0.0	0.0	0.0	0.0028894014551818	0.002089488433336	0.0011814488316039	0.0	0.0015765864167892	0.0	0.0	0.0028445464958224	0.0016783637736564	0.0018894818281391	0.0	0.0	0.0016188384408179	0.0022849567566315	0.0	0.0008931896994654	0.0	0.0	0.0	0.001322570362446	0.0	0.0	0.0	0.0	0.0	0.0	0.0016474495530557	0.0020470614888558	0.0017795314749328	0.0	0.0	0.0013922511105817	0.0020649048895142	0.0	0.0	0.0	0.0	0.0	0.0	0.0	0.0	0.0	0.0	0.0013115245192996	0.0	0.0	0.0	0.0019428992449416	0.0	0.0	0.0	0.0	0.0	0.0	0.0
species|139808|Shimazuella kribbensis	0.0	0.0	0.0016337574378714	0.0	0.0014378498765143	0.0	0.0006814310051525	0.0011277488876234	0.0007092198582841	0.0009888109925832	0.0	0.0016899169790256	0.0	0.0	0.0	0.0	0.0	0.0	0.0	0.0	0.0	0.0016040872662725	0.0016257758935959	0.0009968985381273	0.0	0.0019907100199109	0.0	0.0	0.0	0.0	0.0	0.0	0.0	0.0	0.0012046257629293	0.0016790000621752	0.001424356496083	0.0	0.0	0.0	0.0028081128428484	0.0007454998195677	0.0	0.0	0.0	0.0	0.0027592500791878	0.0014823355019423	0.0008217294396275	0.0	0.0	0.0	0.0016300468508255	0.0	0.0	0.0	0.0	0.0	0.0	0.0	0.0015329092263479	0.0	0.0	0.0	0.0	0.0	0.0	0.0	0.0	0.0	0.0	0.0	0.0	0.0	0.0	0.0	0.0	0.0	0.0	0.0	0.0	0.0016486347243671	0.0031645569620253	0.0	0.0	0.0	0.0	0.0
species|1789672|Skermanella mucosa	0.0	0.0	0.0023153777943449	0.0	0.0011180982230433	0.0018600354230852	0.0015099832035205	0.0013445182221963	0.0015738001585079	0.001188975495864	0.0	0.0	0.0	0.0	0.0	0.0	0.0	0.0	0.0	0.0018132385718884	0.0	0.0020280145314844	0.0010771678667904	0.0012130735761983	0.0015011032102858	0.0033404911650694	0.0	0.0	0.0	0.0	0.0	0.0	0.0	0.0016804541285738	0.0019573560612144	0.0010636120674517	0.0017268209482843	0.0	0.0	0.0	0.0	0.0012569264640743	0.0	0.0	0.0	0.0011036394890552	0.0015087914988017	0.0014570849268401	0.0009025174494598	0.0	0.0	0.0	0.0017418548535319	0.0	0.0	0.0	0.0	0.0	0.0015484138705161	0.0	0.0022642033148762	0.0022418192162397	0.0	0.0023506601405865	0.0016915590904291	0.0	0.0	0.0	0.0	0.0	0.0	0.0	0.0	0.0	0.0	0.0	0.0011374904478397	0.0	0.0	0.0	0.0032757395618716	0.0017825642729612	0.0	0.0	0.0	0.0	0.0	0.001469198463653
species|393310|Skermanella aerolata	0.0	0.0	0.0017165515254581	0.0	0.0009799912763913	0.0011675513163312	0.0	0.0007883628059803	0.0009452279405201	0.0	0.0	0.0	0.0	0.0	0.0	0.0	0.0	0.0	0.0	0.0	0.0	0.0	0.0	0.0014711042904053	0.0	0.0	0.0	0.0016066406051152	0.0	0.0	0.0	0.0	0.0	0.0	0.0	0.0	0.0	0.0	0.0	0.0	0.0	0.0007910860943294	0.0	0.0	0.0	0.0006693945961588	0.0	0.0	0.0	0.0	0.0	0.0	0.0	0.0	0.0	0.0	0.0	0.0	0.0	0.0	0.0	0.0012822725005287	0.0019088298247786	0.0	0.0	0.0	0.0	0.0	0.0	0.0	0.0	0.0	0.0	0.0	0.0	0.0	0.0	0.0	0.0	0.0	0.0016310626987145	0.0	0.0	0.0	0.0	0.0	0.0	0.0
species|1603869|Stenotrophobacter roseus	0.0	0.0	0.0013996004546284	0.0	0.0010007081084984	0.0	0.0014705496849328	0.0012116260337563	0.0010493005789162	0.0	0.0	0.0	0.0	0.0	0.0	0.0	0.0	0.0	0.0	0.0	0.0	0.0	0.0	0.0007681909572072	0.0	0.0	0.0	0.0	0.0	0.0	0.0	0.0	0.0	0.0020372451313191	0.0	0.0011912169043324	0.0	0.0012829449356869	0.0	0.0	0.0	0.0014410347424622	0.001438444450048	0.0	0.0	0.0012847390571981	0.002056534453564	0.0012710237314877	0.0	0.0	0.0	0.0	0.0	0.0	0.0	0.0	0.0	0.0	0.0	0.0	0.0	0.0	0.0	0.0	0.0	0.0	0.0	0.0	0.0	0.0	0.0	0.0	0.0	0.0	0.0	0.0	0.0	0.0	0.0	0.0	0.0019806553449928	0.0	0.0	0.0	0.0	0.0	0.0	0.0
species|52|Chondromyces crocatus	0.0	0.0	0.0024131362261032	0.0	0.0015614831709716	0.0	0.0023219243712923	0.0016327119161502	0.0014015260129042	0.0018631300941643	0.0	0.0020850340457512	0.0	0.0	0.0	0.0	0.0	0.0	0.0	0.0008960251662846	0.0	0.0	0.001774674688321	0.0012183665990752	0.0	0.0	0.0	0.0	0.0	0.0	0.0	0.0	0.0	0.0	0.0018980566970571	0.0011228376870695	0.0	0.0	0.0	0.0	0.0	0.0012698152094484	0.0	0.0	0.0	0.0012252975644918	0.0	0.0017205368973382	0.0020485716928938	0.0	0.0	0.0	0.0014412055920443	0.0	0.0	0.0	0.0	0.0	0.0	0.0	0.0	0.0	0.0	0.0	0.0020609998696535	0.0022423494969757	0.0	0.0	0.0	0.0011815867325048	0.0022682892374725	0.0	0.0	0.0	0.0	0.0010876065272018	0.0016012573661662	0.0	0.0	0.0	0.0024717235356288	0.0	0.0	0.0	0.0	0.0	0.0	0.0009888121500997
species|360411|Bellilinea caldifistulae	0.0	0.0	0.0013384265452968	0.0	0.0	0.0	0.0	0.0	0.0	0.0	0.0	0.0	0.0	0.0	0.0	0.0	0.0	0.0	0.0	0.0	0.0	0.0	0.0	0.0	0.0	0.0	0.0	0.0	0.0	0.0	0.0	0.0	0.0	0.0	0.0	0.0	0.0	0.0	0.0	0.0	0.0	0.0008042049491152	0.0	0.0	0.0	0.0009171457843974	0.0	0.0	0.0	0.0	0.0	0.0	0.0	0.0	0.0	0.0	0.0	0.0	0.0	0.0	0.0	0.0	0.0	0.0	0.0	0.0	0.0	0.0	0.0	0.0	0.0	0.0	0.0	0.0	0.0	0.0	0.0	0.0	0.0	0.0	0.0	0.0	0.0	0.0	0.0	0.0	0.0	0.0
species|1715989|Candidatus Nitrospira inopinata	0.0	0.0	0.002374337628395	0.0	0.000923003596339	0.0	0.0	0.0007542940379047	0.0	0.0	0.0	0.0017025123767724	0.0	0.0	0.0	0.0	0.0	0.0	0.0	0.0008923760663374	0.0	0.0	0.0	0.0009056244493483	0.0	0.0	0.0	0.0	0.0	0.0	0.0	0.0	0.0	0.0	0.0	0.0010531878163651	0.0	0.0	0.0	0.0	0.0	0.0010582066738154	0.0	0.0	0.0	0.0	0.0014145504262544	0.0	0.0	0.0	0.0	0.0	0.0	0.0	0.0	0.0	0.0	0.0	0.0	0.0	0.0	0.0012855110834906	0.0	0.0	0.0	0.0	0.0	0.0	0.0	0.0	0.0	0.0	0.0	0.0	0.0	0.0	0.0	0.0	0.0	0.0	0.0018820416956556	0.0	0.0	0.0	0.0	0.0	0.0	0.0
species|407159|Knoellia remsis	0.0	0.0	0.002629272567925	0.0038040890117414	0.0018754078335808	0.0	0.0025212947997719	0.0	0.0016613397716322	0.0	0.0	0.0	0.0	0.0	0.0	0.0	0.0	0.0	0.0	0.0016845840039189	0.0040063129780058	0.0	0.0	0.0	0.0	0.0	0.0	0.0	0.0	0.0	0.0	0.0	0.0	0.0	0.0	0.0	0.0	0.0	0.0	0.0	0.0	0.0	0.0031102345277078	0.0	0.0	0.0	0.0	0.0	0.0	0.0	0.0	0.0	0.0	0.0	0.0	0.0	0.0	0.0	0.0	0.0	0.0	0.0	0.0	0.0	0.0	0.0017034374959892	0.0	0.0	0.0	0.0	0.0	0.0	0.0	0.0	0.0	0.0	0.0028886447191677	0.0	0.0	0.0	0.0	0.0	0.0	0.0	0.0	0.0	0.0	0.0
species|889272|Polyangium fumosum	0.0	0.0	0.0028543319157489	0.0	0.0	0.0017128011326863	0.0	0.0017077115685785	0.0018336713117517	0.0012437147990044	0.0	0.0017355993383482	0.0	0.0	0.0	0.0	0.0	0.0	0.0	0.0	0.0	0.0	0.0	0.0010368501556084	0.0	0.0	0.0	0.0	0.0	0.0	0.0	0.0	0.0	0.0034871379355694	0.0	0.0010251792951851	0.0	0.0016037837819799	0.0	0.0	0.0	0.0007950001152945	0.0	0.0	0.0	0.0010897139124732	0.0	0.0	0.0009945727531494	0.0	0.0	0.0	0.001346219146968	0.0	0.0	0.0	0.0	0.0	0.0	0.0	0.0	0.0017487550898804	0.0	0.0	0.0016536185572041	0.0	0.0	0.0	0.0	0.0010306214328707	0.0	0.0	0.0	0.0	0.0	0.0	0.0010509126639267	0.0	0.0	0.0	0.0	0.0	0.0	0.0	0.0	0.0	0.0	0.0010193833221035
species|1886782|Flavobacterium olei	0.0	0.0	0.0036152497808939	0.0	0.0	0.0	0.0	0.0	0.0	0.0	0.0	0.0	0.0	0.0	0.0	0.0	0.0	0.0	0.0	0.0	0.0	0.0	0.0	0.0012423423805488	0.0	0.0	0.0	0.0012580726327266	0.0	0.0	0.0	0.0	0.0	0.0	0.0	0.0	0.0	0.0	0.0	0.0	0.0	0.0	0.0	0.0	0.0	0.0	0.0030730438893704	0.0	0.0	0.0	0.0	0.0	0.0	0.0	0.0	0.0	0.0	0.0	0.0	0.0	0.0	0.0	0.0	0.0	0.0	0.0	0.0	0.0	0.0	0.0	0.0	0.0	0.0	0.0	0.0	0.0	0.0	0.0	0.0	0.0	0.0	0.0	0.0	0.0	0.0	0.0	0.0	0.0016634470916505
species|927083|Sandaracinus amylolyticus	0.0	0.0	0.0018539703304375	0.0029913529319997	0.0012100402406578	0.0017919407319079	0.0013548027464979	0.0019934723974432	0.0026578508995005	0.0	0.0	0.0021477065014068	0.0	0.0	0.0	0.0	0.0	0.0	0.0	0.0011621007038866	0.0020638792659637	0.002351897004141	0.0009590767565034	0.0016667798570776	0.0014962139364794	0.0036164714070855	0.0	0.0010906143026171	0.0011111587978439	0.0	0.0	0.0	0.0020576131687242	0.0015229471771855	0.0024094993219841	0.001011623767737	0.0	0.0017174096986183	0.0	0.0	0.0019764122974771	0.0011957333041977	0.0017313489855441	0.0	0.0	0.0011933836093543	0.0030030120040856	0.0019761501701366	0.0	0.0	0.0	0.0	0.0015658931570271	0.0017552802834816	0.0	0.0	0.0	0.0009623763727259	0.0	0.001429400098597	0.0022430913081755	0.0012892974558343	0.0020080264240083	0.0	0.0021308662506405	0.0023760986864761	0.0	0.0013490248137913	0.0013223986652311	0.0009887164516674	0.0	0.0	0.0	0.0	0.0	0.0014571814250025	0.0017825200888538	0.0	0.0	0.0	0.0030130763160856	0.0	0.0	0.0	0.0	0.0	0.0	0.0
species|153721|Sporocytophaga myxococcoides	0.0	0.0	0.001752848381849	0.0	0.0	0.0	0.0007495741056218	0.0013783597504609	0.0010047281323877	0.0	0.0	0.0	0.0	0.0	0.0	0.0	0.0	0.0	0.0	0.0011532211563663	0.0	0.0	0.0	0.0008861320328192	0.0010181627520675	0.0	0.0	0.0	0.0	0.0	0.0	0.0	0.0	0.0015066727725681	0.0014456560065477	0.0	0.0	0.001119515648191	0.0	0.0	0.0	0.0009941840234627	0.0	0.0	0.0	0.000814407147691	0.0010243479631234	0.0	0.0	0.0	0.0	0.0	0.001708605156881	0.0	0.0	0.0	0.0	0.0	0.0	0.0	0.0	0.0	0.0	0.0	0.0	0.0	0.0	0.0	0.0	0.0	0.0	0.0	0.0	0.0	0.0	0.0	0.0007877116975187	0.0	0.0	0.0	0.0025599228415243	0.0	0.0	0.0	0.0	0.0	0.0	0.0006975745862203
species|47498|Pedomicrobium manganicum	0.0	0.0	0.0042486200066086	0.0	0.0	0.0022893544678645	0.0016358160829644	0.0024347867900841	0.0	0.0015888847340013	0.0	0.0016217583508202	0.0	0.0	0.0	0.0	0.0	0.0	0.0	0.0011156834543233	0.0	0.0	0.0013013475348067	0.0012940988154217	0.0023300250201032	0.0	0.0	0.0	0.0	0.0	0.0	0.0	0.0	0.0	0.0016783899377509	0.0015312066043435	0.0019566929110056	0.0018628805601929	0.0039809283288751	0.0	0.0	0.001551329257278	0.0015518382317873	0.0	0.0	0.0019721129465734	0.0027828871897118	0.0010621145735474	0.0	0.0	0.0	0.0	0.0020190468473198	0.0	0.0	0.0	0.0	0.0	0.0	0.0	0.0	0.0015335194199427	0.0	0.004320592340308	0.0022242090645653	0.0	0.0	0.0	0.0	0.0	0.0	0.0	0.0	0.0	0.0	0.0	0.0014791091254763	0.0	0.0	0.0	0.0026053831242059	0.0	0.0	0.001451331126745	0.0	0.0	0.0	0.0015326307120911
species|1603871|Stenotrophobacter namibiensis	0.0	0.0	0.001842420681509	0.0	0.0007898747283791	0.0	0.0	0.0	0.0009827254104999	0.0	0.0	0.0	0.0	0.0	0.0	0.0	0.0	0.0	0.0	0.0	0.0	0.0013763689220933	0.0	0.0006405435912355	0.0	0.0	0.0	0.0	0.0	0.0	0.0	0.0	0.0	0.0	0.0	0.0	0.0	0.0	0.0	0.0	0.0	0.0	0.0	0.0	0.0	0.0007291831598378	0.0	0.0	0.0014551535024967	0.0	0.0	0.0	0.0	0.0	0.0	0.0	0.0	0.0	0.0	0.0	0.0	0.0	0.0	0.0	0.0017432493132356	0.0	0.0	0.0	0.0	0.0	0.0	0.0	0.0	0.0	0.0	0.0	0.0	0.0	0.0	0.0	0.0	0.0	0.0	0.0	0.0	0.0	0.0	0.0010839511009977
species|1704307|Candidatus Xiphinematobacter sp. Idaho Grape	0.0	0.0	0.0	0.002077186685446	0.0009574456038674	0.0	0.0	0.0009796395813535	0.0009762191977143	0.0011423458035625	0.0	0.0	0.0	0.0	0.0	0.0	0.0	0.0	0.0	0.0	0.0	0.0017456148654198	0.0013447344625163	0.0012475318758863	0.0	0.0	0.0	0.0014558909000149	0.0	0.0	0.0	0.0	0.0	0.0	0.0012373432861098	0.0012467337101197	0.0	0.0	0.0	0.0	0.0023478247018269	0.0010159366056582	0.0	0.0	0.0	0.0010809844311756	0.0011063250307639	0.0019530236543558	0.0012826868701389	0.0	0.0	0.0	0.0	0.0	0.0	0.0	0.0	0.0	0.0	0.0018890570345661	0.0	0.0	0.0	0.0	0.0	0.0	0.0	0.0	0.0	0.0	0.0	0.0	0.0	0.0	0.0	0.0	0.0	0.0	0.0	0.0	0.0	0.0	0.0	0.0	0.0	0.0	0.0	0.0008044977590063
species|1854496|Microvirga soli	0.0	0.0	0.0	0.0025643975572728	0.0	0.0	0.0	0.0	0.0	0.0	0.0	0.0	0.0022974935732158	0.0	0.0	0.0019440904308533	0.0015207726588347	0.0015459114269167	0.0011705113830447	0.0	0.0	0.0	0.0	0.0	0.0	0.0	0.0012774762278178	0.0	0.0009887160348911	0.0013648059181708	0.0	0.0007233504577656	0.0	0.0	0.0	0.0	0.0	0.0	0.0	0.0	0.0	0.0	0.0	0.001907229035365	0.0006883065741837	0.0	0.0	0.0	0.0	0.0	0.0017575305554327	0.0	0.0	0.0	0.0011423163358181	0.0014992863596085	0.0021009923944533	0.001345288475638	0.0	0.0	0.0	0.0	0.0	0.0	0.0	0.0	0.0	0.001399121939905	0.0009730419348978	0.0013358319469455	0.0030551685287554	0.0019600653246874	0.0013897430900651	0.0	0.0	0.0015911120596939	0.0	0.0009257308070332	0.0	0.0021310806825119	0.0	0.0	0.0	0.0	0.0	0.0	0.0	0.0
species|49319|Rubrobacter xylanophilus	0.0	0.0	0.0	0.0035630666834104	0.001300799572174	0.0009949808262451	0.001639022769629	0.001600270394076	0.0008340195387566	0.001270697726404	0.0	0.0017121524734228	0.0	0.0	0.0	0.0	0.0	0.0	0.0	0.0011472063437539	0.0	0.0	0.0	0.0012810520149501	0.0023991691975557	0.0	0.0	0.0013489832930706	0.0	0.0	0.0	0.0	0.0	0.0016201475768764	0.0012838265925384	0.0006961276986475	0.001661255336273	0.0	0.0	0.0	0.0	0.0007466565594219	0.0013758136448968	0.0	0.0	0.0012989043896594	0.0011087490831374	0.0	0.0	0.0	0.0	0.0	0.000938256269566	0.0	0.0	0.0	0.0	0.0	0.0	0.0019083806844101	0.0	0.0012137681419255	0.0025065060932021	0.0	0.0014759920612775	0.0018649004388888	0.0	0.0	0.0	0.0	0.0	0.0	0.0	0.0	0.0028901534857785	0.0	0.0012230515384656	0.0	0.0	0.0	0.0018390879371412	0.0	0.0	0.0	0.0	0.0	0.0	0.0009899804213254
species|1213358|Microbacterium saccharophilum	0.0	0.0	0.0	0.0031700744967506	0.0015716475728691	0.0025678944879032	0.0	0.0	0.0020685579196217	0.0	0.0	0.0023494860499155	0.0	0.0	0.0	0.0	0.0	0.0	0.0	0.0	0.0020638582008012	0.0	0.0	0.0014953478422721	0.0	0.0	0.0	0.0	0.0	0.0	0.0	0.0	0.0	0.0	0.0016864760681015	0.0	0.0	0.0	0.0	0.0	0.0	0.0019096757977113	0.0050661387713458	0.0	0.0	0.0	0.0020486959262469	0.0	0.0	0.0	0.0	0.0	0.0	0.0	0.0	0.0	0.0	0.0	0.0027502209999129	0.0	0.0	0.0021241086659028	0.0	0.0	0.0	0.0018579862083317	0.0	0.0	0.0	0.0	0.0	0.0	0.0	0.0	0.0	0.0	0.0018379939538007	0.0	0.0	0.0	0.0	0.0023698735283458	0.0	0.0	0.0	0.0	0.0	0.0016639368435739
species|193|Azospirillum lipoferum	0.0	0.0	0.0	0.0	0.0022387498895977	0.0026991890628453	0.0034037321776133	0.0	0.0019225523890199	0.0020240878266058	0.0	0.0	0.0	0.0	0.0	0.0	0.0	0.0	0.0	0.0021795380588014	0.0	0.0	0.0037158664418623	0.0024250586073883	0.0	0.0	0.0	0.0	0.0	0.0	0.0	0.0	0.006121873112702	0.0	0.002656432955456	0.0	0.0	0.0	0.0	0.0	0.0	0.0014435796826777	0.0	0.0	0.0	0.003182760621291	0.0	0.0	0.0	0.0	0.0	0.0	0.0017597666410653	0.0	0.0	0.0	0.0	0.0	0.0036986390006299	0.0	0.0	0.0	0.0	0.0	0.0039868832780576	0.004378878631433	0.0	0.0	0.0	0.0	0.0	0.0	0.0	0.0	0.0	0.0	0.0027787489590108	0.0	0.0	0.0	0.0	0.0	0.0	0.0	0.0	0.0	0.0	0.0014701149067459
species|45056|Legionella adelaidensis	0.0	0.0	0.0	0.0	0.0021301109365417	0.0	0.0	0.0	0.0	0.0	0.0	0.0	0.0	0.0	0.0017376572023797	0.0	0.0	0.0	0.0	0.0	0.0	0.0	0.0	0.002802423778463	0.0	0.0042468643046278	0.0	0.0	0.0	0.0	0.0	0.0	0.0	0.0	0.0	0.0016550103681515	0.0	0.0	0.0	0.0	0.0	0.002182475048804	0.0	0.0	0.0	0.0	0.0	0.0	0.0	0.0021058131022308	0.0	0.0	0.0	0.0	0.0	0.0	0.0	0.0	0.0	0.0	0.0	0.0	0.0	0.0	0.0	0.0	0.0	0.0	0.0025464155831641	0.0014733002211896	0.0025548150327731	0.0019053811361158	0.0021183996121771	0.0	0.0	0.0015675713629386	0.0	0.0	0.0	0.0	0.0	0.0	0.0	0.0	0.0	0.0	0.0	0.0
species|1615681|Acidicapsa acidisoli	0.0	0.0	0.0	0.0	0.0020628155028466	0.0	0.0	0.0010039569975672	0.0012024402562602	0.0010161576117468	0.0	0.001964388236389	0.0	0.0	0.0	0.0	0.0	0.0	0.0	0.0010349851716658	0.0	0.0014879864029124	0.0	0.0015305609043521	0.0	0.0	0.0	0.0015694040119503	0.0	0.0	0.0	0.0	0.0	0.0	0.0013428673239325	0.0019908495255739	0.0	0.0012454262555202	0.0	0.0	0.0017412534780958	0.0011068511575259	0.0	0.0	0.0	0.0	0.0012506277948935	0.0011802868533865	0.0011773826648684	0.0	0.0	0.0	0.0	0.0	0.0	0.0	0.0	0.0	0.0015904469136456	0.0	0.0016274556744948	0.0	0.0	0.0	0.0013596685239751	0.0	0.0	0.0	0.0	0.0	0.0	0.0	0.0	0.0	0.0	0.0	0.0012377657660607	0.0	0.0	0.0	0.0	0.0	0.0	0.0	0.0	0.0	0.0	0.0008456910776938
species|1670641|Bacillus ciccensis	0.0	0.0	0.0	0.0	0.0013981146768699	0.0	0.0017527448546174	0.0	0.0	0.0018903558072426	0.0	0.0	0.0	0.0	0.0	0.0	0.0	0.0	0.0	0.0	0.0	0.0	0.0018581508918851	0.0010714957851877	0.0019838054021471	0.0	0.0	0.0016112949107269	0.0	0.0	0.0	0.0	0.0	0.0	0.0	0.0011732317207371	0.0	0.0	0.0	0.0	0.002921312825104	0.000916131779453	0.0	0.0	0.0	0.0	0.0	0.0	0.0	0.0	0.0	0.0	0.0	0.0	0.0	0.0	0.0	0.0	0.0	0.0	0.0	0.0	0.0	0.0	0.0	0.0	0.0	0.0	0.0	0.0	0.0	0.0	0.0	0.0	0.0	0.0	0.0	0.0	0.0	0.0	0.0	0.0	0.0	0.0021232450137932	0.0	0.0	0.0	0.0010767022014518
species|1193713|Neobacillus mesonae	0.0	0.0	0.0	0.0	0.0014646014366112	0.0022340554124394	0.0037574667613178	0.0013719508962501	0.0017972307086863	0.0025555388120489	0.0	0.0	0.0	0.0	0.0	0.0	0.0014659246718908	0.0012559895025475	0.0	0.0020300695926293	0.0021762307038682	0.0021988518857387	0.0022849909913233	0.0021747799331179	0.0014763579079031	0.0	0.0	0.0033945198655788	0.0	0.0	0.0	0.0	0.0	0.0	0.003872988666625	0.0017475362719541	0.0	0.0022954310895683	0.0	0.0	0.0030183073252626	0.001537400150221	0.0016026355306779	0.0	0.0	0.0014580749718728	0.0023889221165364	0.0019554703335812	0.0017496952135149	0.0	0.0	0.0	0.002080475088314	0.0	0.0	0.0	0.0	0.0	0.0023971235369943	0.0024543406198651	0.0028031860046957	0.0021516885549642	0.0	0.0	0.0021327008259835	0.0018164465480467	0.0	0.0	0.0	0.0	0.0	0.0	0.0	0.0	0.0	0.0	0.0	0.0	0.0011377913090242	0.0	0.0	0.0029401826762466	0.0	0.0	0.0016921626134987	0.0	0.0	0.0015755105725463
species|53635|Acidimicrobium ferrooxidans	0.0	0.0	0.0	0.0	0.0008104339280273	0.0012055255858832	0.0	0.0	0.0012977576349794	0.0	0.0	0.0	0.0	0.0	0.0	0.0	0.0	0.0	0.0	0.0010571304498335	0.0	0.0	0.0	0.0013821697326426	0.0	0.0	0.0	0.0	0.0	0.0	0.0	0.0	0.0	0.0	0.0	0.0	0.0	0.0	0.0	0.0	0.0	0.0008310225846717	0.0	0.0	0.0	0.0	0.0	0.0	0.0017741281111043	0.0	0.0	0.0	0.0	0.0	0.0	0.0	0.0	0.0	0.0	0.0	0.0	0.0	0.0	0.0	0.0	0.0	0.0	0.0	0.0	0.0	0.0	0.0	0.0	0.0	0.0	0.0	0.0010910814836018	0.0	0.0	0.0	0.0	0.0	0.0	0.0	0.0	0.0	0.0	0.0
species|655015|Methylocystis bryophila	0.0	0.0	0.0	0.0	0.001429530941146	0.0020522452711698	0.0	0.0	0.0	0.0	0.0	0.0	0.0	0.0	0.0	0.0	0.0	0.0	0.0	0.0	0.0	0.0	0.0	0.0	0.0	0.0	0.0	0.0	0.0	0.0	0.0	0.0	0.0	0.0	0.0	0.0	0.0	0.0	0.0	0.0	0.0	0.0	0.0	0.0	0.0	0.0	0.0	0.0	0.0	0.0	0.0	0.0	0.0	0.0	0.0	0.0	0.0	0.0	0.0	0.0	0.0022373998443431	0.0013548706976775	0.0	0.0	0.0	0.0	0.0	0.0	0.0	0.0	0.0	0.0	0.0	0.0	0.0	0.0	0.0	0.0	0.0	0.0	0.0	0.0	0.0	0.0	0.0	0.0	0.0	0.0
species|152268|Metabacillus litoralis	0.0	0.0	0.0	0.0	0.0015174443804116	0.0024052457911981	0.0019746356550502	0.0012524697875138	0.0022639077031145	0.0018351773769574	0.0	0.0019500480655051	0.0	0.0	0.0	0.0	0.0	0.0	0.0	0.001800664230774	0.0	0.0018083791107552	0.002870303696747	0.0017644470289734	0.0016438836688624	0.0033870882354296	0.0	0.0015539030139848	0.0	0.0	0.0	0.0	0.0	0.0032625232948569	0.0029999578063205	0.0017622181252454	0.0	0.0020661472519243	0.0028435002601299	0.0	0.0029144290770498	0.001629126099235	0.0016291799198362	0.0	0.0	0.0020248079221479	0.0016286340804355	0.0025370134011699	0.0019734856878001	0.0	0.0	0.0	0.0024899576899897	0.0	0.0	0.0	0.0	0.0	0.0	0.0	0.0021410466189587	0.0	0.0026337497594857	0.0	0.0015951711660188	0.0	0.0	0.0	0.0	0.0	0.0	0.0	0.0	0.0	0.0	0.0	0.0013726376304273	0.0	0.0	0.0	0.0017162416896595	0.0031368429181162	0.0	0.0	0.0	0.0	0.0	0.0020411966780963
species|1177755|Methyloligella halotolerans	0.0	0.0	0.0	0.0	0.0017721013487014	0.0015110759621655	0.0014025614160959	0.0013188639408706	0.001287164570274	0.0011133732805689	0.0	0.0	0.0	0.0	0.0	0.0	0.0	0.0	0.0	0.0011817746230326	0.0	0.0017669822736357	0.0015819649816249	0.0014986000397933	0.0012650531586357	0.0	0.0	0.0	0.0	0.0	0.0	0.0	0.0	0.0	0.0	0.0008737029704401	0.0	0.0015982134888626	0.0	0.0	0.0	0.0015031168114185	0.0	0.0	0.0	0.0014779013187745	0.0	0.0020919876312465	0.0016587973669522	0.0	0.0	0.0	0.0	0.0	0.0	0.0	0.0	0.0	0.0	0.0018646371990401	0.0022017204850271	0.0	0.0018456245087293	0.0	0.0	0.0	0.0	0.0	0.0	0.0	0.0	0.0	0.0	0.0	0.0	0.0	0.0014906783578814	0.0	0.0	0.0	0.0	0.0	0.0	0.0	0.0	0.0	0.0	0.0016400572628167
species|1867774|Aliidongia dinghuensis	0.0	0.0	0.0	0.0	0.0015685768417877	0.0018898295224379	0.00211457463258	0.0	0.0	0.0016035998884752	0.0	0.0	0.0	0.0	0.0	0.0	0.0	0.0	0.0	0.0018472286009873	0.0031615140808513	0.0	0.0026948283725183	0.0015701840203263	0.0	0.0	0.0	0.0025566168520493	0.0	0.0	0.0	0.0	0.0	0.0	0.0026664474309853	0.0022656516726443	0.0025413178517889	0.0014885343503092	0.0	0.0	0.0025853154087818	0.0021194813786115	0.0022999513230398	0.0	0.0	0.0	0.0	0.0	0.0021347049016829	0.0	0.0	0.0	0.0015048831301075	0.0	0.0	0.0	0.0	0.0	0.002457578252608	0.0	0.0	0.0	0.0	0.0	0.0	0.0	0.0	0.0	0.0	0.0	0.0	0.0	0.0	0.0	0.0	0.0	0.002176983309292	0.0	0.0	0.0	0.0	0.0022679609998619	0.0	0.0021668089061635	0.0	0.0	0.0	0.0012554730739977
species|694315|Kofleria flava	0.0	0.0	0.0	0.0	0.0009785985526541	0.0	0.0	0.000827361625207	0.0	0.0	0.0	0.0014517882434107	0.0	0.0	0.0	0.0	0.0	0.0	0.0	0.0007152888030276	0.0	0.0	0.0	0.0009113483228628	0.0	0.0	0.0	0.0	0.0	0.0	0.0	0.0	0.0	0.0	0.0	0.0	0.0	0.0012636395475859	0.0	0.0	0.0	0.0	0.0	0.0	0.0	0.0	0.0	0.0	0.0	0.0008285279476621	0.0	0.0	0.0	0.0	0.0	0.0	0.0	0.0014269821399411	0.0013585990495327	0.0	0.0	0.0010010473410465	0.0	0.0	0.0012358817796897	0.0	0.0	0.0	0.0	0.0	0.0	0.001162878732073	0.0	0.0	0.0	0.0007310043329396	0.0	0.0	0.0	0.0	0.0	0.0	0.0	0.0	0.0	0.0	0.0	0.0
species|1206085|Jatrophihabitans endophyticus	0.0	0.0	0.0	0.0	0.0008912084308704	0.0	0.0021215606904978	0.0	0.0	0.0	0.0	0.0	0.0	0.0	0.0	0.0	0.0	0.0	0.0	0.0	0.0	0.0	0.0	0.0	0.0	0.0	0.0	0.0	0.0	0.0	0.0	0.0	0.0	0.0	0.0	0.0	0.0	0.0	0.0	0.0	0.0	0.0	0.0	0.0	0.0	0.0	0.0	0.0	0.0	0.0	0.0	0.0	0.0	0.0	0.0	0.0	0.0	0.0	0.0	0.0	0.0028835750173245	0.0	0.0	0.0	0.0	0.0	0.0	0.0	0.0	0.0	0.0	0.0	0.0	0.0	0.0	0.0	0.0	0.0	0.0	0.0	0.0	0.0	0.0	0.0	0.0	0.0	0.0	0.0
species|1610748|Jatrophihabitans soli	0.0	0.0	0.0	0.0	0.0006657017604266	0.0	0.0	0.0	0.0	0.0	0.0	0.0	0.0	0.0	0.0	0.0	0.0	0.0	0.0	0.0	0.0	0.0	0.0	0.0	0.0	0.0	0.0	0.0	0.0	0.0	0.0	0.0	0.0	0.0	0.0	0.0015176793404607	0.0	0.0	0.0	0.0	0.0	0.0013187524333013	0.0	0.0	0.0	0.0	0.0	0.0	0.0014649928562481	0.0	0.0	0.0	0.0	0.0	0.0	0.0	0.0	0.0	0.0	0.0	0.0	0.0	0.0	0.0	0.0	0.0	0.0	0.0	0.0	0.0	0.0	0.0	0.0	0.0	0.0	0.0	0.0	0.0	0.0	0.0	0.0	0.0021640910829428	0.0	0.0	0.0	0.0	0.0	0.0014125673741537
species|768535|Acidipila rosea	0.0	0.0	0.0	0.0	0.0009666031956497	0.0	0.0029614426348155	0.0	0.0	0.0014056900669757	0.0	0.0	0.0	0.0	0.0	0.0	0.0	0.0	0.0	0.0010956439344551	0.0	0.0017695744609647	0.0012234658499821	0.0012146828656474	0.0	0.0	0.0	0.0	0.0	0.0	0.0	0.0	0.0	0.0	0.0015081796234513	0.0015349962382362	0.0	0.0	0.0	0.0	0.0022114605749464	0.0010875378164138	0.0	0.0	0.0	0.0	0.0	0.0	0.0015122389177263	0.0	0.0	0.0	0.0	0.0	0.0	0.0	0.0	0.0	0.0	0.0	0.0013101972882435	0.0015188503510592	0.0	0.0	0.0	0.0	0.0	0.0	0.0	0.0	0.0	0.0	0.0	0.0	0.0	0.0	0.0	0.0	0.0	0.0	0.0	0.0	0.0	0.0018056315941714	0.0	0.0	0.0	0.0009677732244269
species|351604|Geobacter uraniireducens	0.0	0.0	0.0	0.0	0.0012523387145843	0.0	0.0	0.0025722626713386	0.0025724959136519	0.0	0.0	0.0022868297537973	0.0	0.0	0.0	0.0	0.0	0.0	0.0	0.001372156603063	0.0	0.0	0.0026760982238876	0.0	0.0	0.0036188468310643	0.0	0.0	0.0	0.0	0.0	0.0	0.0	0.0	0.0	0.0014254266006689	0.0019169455137983	0.0021041565253149	0.0	0.0	0.0	0.0	0.0	0.0	0.0	0.0	0.0	0.0018840843582069	0.0012563407223665	0.0	0.0	0.0	0.0	0.0	0.0	0.0	0.0	0.0	0.0	0.0	0.0	0.0	0.0	0.0	0.0032990089144478	0.0	0.0	0.0	0.0	0.0	0.0	0.0	0.0	0.0	0.0	0.0	0.0	0.0	0.0	0.0	0.0032059020513039	0.0045337440274798	0.0	0.0	0.0	0.0	0.0	0.0012508625212488
species|64104|Bacillus pseudomycoides	0.0	0.0	0.0	0.0	0.0028021584505481	0.0013637012709453	0.0010627647566906	0.0	0.0006843225295028	0.0	0.0	0.0	0.0	0.0	0.0	0.0	0.0	0.0	0.0	0.0010771257792124	0.0	0.0	0.0013348828079809	0.0013275958241036	0.0013317117469568	0.0	0.0	0.0	0.0	0.0	0.0	0.0	0.0	0.0	0.0	0.0012279380436835	0.0014655902109135	0.0	0.0	0.0	0.0	0.0016846099859444	0.0	0.0	0.0	0.0006891234717221	0.0	0.0	0.0	0.0	0.0	0.0	0.0014888080099042	0.0	0.0	0.0	0.0	0.0	0.0011500271899578	0.0	0.0019859104307849	0.002442366180499	0.0	0.0	0.0	0.0	0.0	0.0	0.0	0.0	0.0	0.0	0.0	0.0	0.0	0.0	0.0	0.0	0.0	0.0	0.0	0.0	0.0044554621135832	0.0	0.0	0.0	0.0	0.0
species|1392|Bacillus anthracis	0.0	0.0	0.0	0.0	0.0006775311711646	0.0	0.0009401175164896	0.0	0.0	0.0	0.0	0.0	0.0	0.0	0.0	0.0	0.0	0.0	0.0	0.0	0.0	0.0	0.0	0.0	0.0	0.0	0.0	0.0	0.0	0.0	0.0	0.0	0.0	0.0	0.0	0.0	0.0	0.0	0.0	0.0	0.0	0.000697015811822	0.0	0.0	0.0	0.0	0.0	0.0	0.0	0.0	0.0	0.0	0.0	0.0	0.0	0.0	0.0	0.0	0.0	0.0	0.0	0.0	0.0	0.0	0.0	0.0	0.0	0.0	0.0	0.0	0.0	0.0	0.0	0.0	0.0	0.0	0.0	0.0	0.0	0.0	0.0	0.0	0.0	0.0	0.0	0.0	0.0	0.0
species|447217|Anaeromyxobacter sp. K	0.0	0.0	0.0	0.0	0.0015427489318887	0.0021004250586607	0.0	0.001187728664162	0.001696158794588	0.0015348173162854	0.0	0.0023409944464021	0.0	0.0	0.0	0.0	0.0	0.0	0.0	0.001712501487743	0.0	0.0	0.0026178174930985	0.0013806256208787	0.0	0.0	0.0	0.0019545401676565	0.0	0.0	0.0	0.0	0.0	0.0047207750996846	0.0021158299956372	0.0011295067679173	0.0	0.0017963313978378	0.0	0.0	0.0027667666801606	0.0015010559124086	0.0023843452109481	0.0	0.0	0.0013631919378067	0.0014128117409125	0.0026913884668867	0.0015006836440958	0.0	0.0	0.0	0.0019047732180949	0.0	0.0	0.0	0.0	0.0	0.0	0.0048104358244247	0.0024807603327468	0.0018990275315121	0.0	0.0	0.001517226074074	0.0020408555922469	0.0054288239696499	0.0016126500173867	0.0	0.0	0.0037726336850763	0.0	0.0	0.0	0.0	0.0	0.001446393658836	0.0	0.0	0.0	0.0020981163731359	0.0024240007239483	0.0	0.0	0.0	0.0	0.0	0.0010488636551771
species|1654716|Bradyrhizobium viridifuturi	0.0	0.0	0.0	0.0	0.0008746208957616	0.0	0.0	0.0	0.0	0.0	0.0	0.0	0.0	0.0	0.0	0.0	0.0	0.0	0.0	0.0	0.0	0.0	0.0	0.0	0.0	0.0	0.0	0.0	0.0	0.0	0.0	0.0	0.0	0.0	0.0013372609890487	0.0	0.0	0.0	0.0	0.0	0.0	0.0	0.0	0.0	0.0	0.0013475212874152	0.0	0.0	0.0	0.0021870814791853	0.0	0.0	0.0	0.0	0.0	0.0	0.0	0.0	0.0	0.0	0.0	0.0	0.0	0.0	0.0	0.0	0.0	0.0	0.0	0.0012901841514822	0.0	0.0	0.0	0.0	0.0	0.0	0.0	0.0	0.0	0.0	0.0	0.0	0.0	0.0	0.0	0.0	0.0	0.0
species|2528019|Planctopirus ephydatiae	0.0	0.0	0.0	0.0	0.0007247718343853	0.0	0.0	0.0	0.0	0.0	0.0	0.0	0.0	0.0	0.0	0.0	0.0	0.0	0.0	0.0	0.0	0.0	0.0	0.0	0.0	0.0	0.0	0.0	0.0	0.0	0.0	0.0	0.0	0.0	0.0	0.0	0.0	0.0	0.0	0.0	0.0	0.0	0.0	0.0	0.0	0.0	0.0	0.0	0.0	0.0	0.0	0.0	0.0	0.0	0.0	0.0	0.0	0.0011516083496817	0.0	0.0	0.0	0.0	0.0	0.0	0.0	0.0	0.0	0.0	0.0	0.0	0.0	0.0	0.0	0.0	0.0	0.0	0.0	0.0	0.0	0.0	0.0	0.0	0.0	0.0	0.0	0.0	0.0	0.0
species|1930276|Planctomycetes bacterium HG15A2	0.0	0.0	0.0	0.0	0.0009095672095683	0.0	0.0	0.0	0.0	0.0	0.0	0.0	0.0	0.0	0.0	0.0	0.0	0.0	0.0	0.0	0.0	0.0	0.0	0.0	0.0	0.0	0.0	0.0	0.0	0.0	0.0	0.0	0.0	0.0	0.0	0.0	0.0	0.0	0.0	0.0	0.0	0.0	0.0	0.0	0.0	0.0	0.0	0.0	0.0	0.0	0.0	0.0	0.0	0.0	0.0	0.0	0.0	0.0	0.0	0.0	0.0	0.0	0.0	0.0	0.0	0.0	0.0	0.0	0.0	0.0	0.0	0.0	0.0	0.0	0.0	0.0	0.0	0.0	0.0	0.0	0.0	0.0	0.0	0.0	0.0	0.0	0.0	0.0
species|328517|Dokdonella fugitiva	0.0	0.0	0.0	0.0	0.0017462180495534	0.0	0.0	0.0	0.0	0.0	0.0013523289855713	0.0	0.0	0.0020869841210783	0.0	0.0	0.0	0.0	0.0013131315498584	0.00141799402731	0.0	0.0	0.0	0.0	0.0	0.0	0.0	0.0	0.0	0.0	0.0	0.0	0.0	0.0	0.0	0.001615335913674	0.0	0.0	0.0	0.0	0.0	0.0	0.0	0.0	0.0	0.0008279313459287	0.0	0.0	0.0	0.0	0.0	0.0	0.0	0.0	0.0	0.0	0.0	0.0	0.0	0.0	0.0	0.0	0.0	0.0	0.0	0.0	0.0	0.0	0.0015530855034795	0.0010438865391651	0.0	0.0014715067403041	0.0013360210945593	0.0	0.0	0.0012482378518843	0.0	0.0	0.0	0.0	0.0	0.0	0.0	0.0	0.0	0.0	0.0	0.0008194403675227
species|279810|Thiobacter subterraneus	0.0	0.0	0.0	0.0	0.0041393737817153	0.0042919715061752	0.00535395471688	0.0043606094067376	0.003144170791358	0.0052250871407787	0.0	0.005985704268597	0.0	0.0	0.0	0.0	0.0	0.0	0.0	0.0033472273500993	0.0	0.0062667607479715	0.0054934506929969	0.0052303743354535	0.0044720386976999	0.0056180256543927	0.0	0.0043989124785379	0.0	0.0	0.0	0.0	0.0	0.0056762227705016	0.0033963436583922	0.0035279618605516	0.0077903440099148	0.0042064960936538	0.0083882559786654	0.0	0.0	0.0044289954717229	0.0	0.0	0.0	0.0045725684822119	0.0059592385317533	0.0052578584059137	0.0042164735130024	0.0	0.0	0.0	0.0048060917032787	0.002845393518882	0.0	0.0	0.0	0.0	0.0052217943723403	0.0060351771641729	0.0047378526912902	0.0052046160825985	0.0051540860634888	0.0097643473924879	0.0065122507895788	0.0044553377376837	0.0069562223243015	0.0	0.0	0.0	0.0	0.0	0.0	0.0	0.0	0.0	0.0042974473796004	0.0	0.0	0.0	0.0055562679694079	0.0053415333654339	0.0	0.0065037933989732	0.0	0.0	0.0	0.0030517502059244
species|709810|Azospirillum sp. TSA2s	0.0	0.0	0.0	0.0	0.0012797463534857	0.0022751750288559	0.0	0.0	0.0012796833549936	0.0	0.0	0.0	0.0	0.0	0.0	0.0	0.0012445808949451	0.0	0.0	0.0013071344080289	0.0	0.0	0.0	0.0	0.0	0.0	0.001522162115717	0.0	0.0042609059002641	0.0	0.0	0.0014866204162622	0.0	0.0	0.0	0.0012113538705105	0.0	0.0	0.0	0.0	0.0	0.0009797828103712	0.0	0.0	0.0018315950139913	0.0	0.0	0.0	0.0017166528585724	0.0	0.0	0.0	0.001435936365638	0.0	0.0	0.0	0.0	0.0	0.0	0.0	0.0	0.0	0.0	0.0	0.0	0.0	0.0	0.0	0.0	0.0	0.0	0.0	0.0	0.0	0.0	0.0	0.0	0.0013252924835957	0.0	0.0	0.0	0.0	0.0	0.0	0.0020420847021219	0.0020013802622498	0.0009009685411817	0.001502713689266
species|1387353|Paludisphaera borealis	0.0	0.0	0.0	0.0	0.0008794454763839	0.000925360896034	0.0012016689597872	0.0	0.0	0.0008588252489212	0.0	0.0	0.0	0.0	0.0	0.0	0.0	0.0	0.0	0.0009444993186842	0.0	0.0	0.0	0.0007566620764867	0.0	0.0	0.0	0.0	0.0	0.0	0.0	0.0	0.0	0.0	0.0009893328318271	0.0013014543899734	0.0	0.0	0.0	0.0	0.0	0.0007096157625174	0.0	0.0	0.0	0.0005726581095837	0.0	0.0011528961939233	0.0009792566437187	0.0	0.0	0.0	0.0	0.0	0.0	0.0	0.0	0.0	0.0016902659079095	0.0	0.0	0.0009993887153267	0.0	0.0	0.0	0.0	0.0	0.0	0.0	0.0	0.0	0.0	0.0	0.0	0.0	0.0	0.000887635104556	0.0	0.0	0.0	0.0	0.0	0.0	0.0	0.0	0.0	0.0	0.0005948674558508
species|670291|Microvirga aerophila	0.0	0.0	0.0	0.0	0.0011109333013202	0.0	0.0	0.0	0.0	0.0	0.0	0.0	0.0	0.0	0.0013403966165104	0.0	0.0	0.0011849273665025	0.0	0.0	0.0	0.0	0.0	0.0	0.0	0.0	0.0014492788895763	0.0	0.0	0.0	0.0	0.0	0.0	0.0	0.0	0.0	0.0	0.0	0.0	0.0	0.0	0.0	0.0018501627755064	0.0	0.0	0.0	0.0	0.0	0.0	0.0	0.0	0.0	0.0	0.0	0.0	0.0	0.0	0.0020520685085122	0.0	0.0	0.0	0.0	0.0	0.0	0.0015047689388136	0.0015582768395052	0.0	0.0	0.0018026178759641	0.0012284530245546	0.0	0.0	0.0	0.0	0.0	0.000831236174524	0.0018455215782233	0.0011087054193196	0.0	0.0	0.0	0.0034867933415305	0.0	0.0	0.0	0.0	0.0	0.0
species|1577686|Silvibacterium bohemicum	0.0	0.0	0.0	0.0	0.0008671286200267	0.0	0.0	0.0	0.0	0.0	0.0	0.0	0.0	0.0	0.0	0.0	0.0	0.0	0.0	0.0	0.0	0.0	0.0	0.0	0.0	0.0	0.0	0.0	0.0	0.0	0.0	0.0	0.0	0.0	0.0	0.0	0.0	0.0	0.0	0.0	0.0	0.0	0.0	0.0	0.0	0.0	0.0	0.0	0.0	0.0	0.0	0.0	0.0	0.0	0.0	0.0	0.0	0.0	0.0	0.0	0.0	0.0	0.0	0.0	0.0	0.0	0.0	0.0	0.0	0.0	0.0	0.0	0.0	0.0	0.0	0.0	0.0	0.0	0.0	0.0	0.0	0.0	0.0	0.0	0.0	0.0	0.0	0.0
species|1507286|Terrimonas arctica	0.0	0.0	0.0	0.0	0.0013707725058442	0.0	0.0	0.0	0.0	0.0	0.0	0.0	0.0	0.0	0.0	0.0	0.0	0.0	0.0	0.0	0.0	0.0	0.0	0.0	0.0	0.0	0.0	0.0	0.0	0.0	0.0	0.0	0.0	0.0024133714801041	0.0	0.0	0.0	0.0	0.0	0.0	0.0	0.0007947176826675	0.0	0.0	0.0	0.0007815947856017	0.0	0.0	0.0012439797208789	0.0012850397736547	0.0	0.0	0.0	0.0	0.0	0.0	0.0	0.0	0.0	0.0	0.0	0.0	0.0	0.0	0.0	0.0	0.0	0.0	0.0	0.0	0.0	0.0009572853898475	0.0	0.0	0.0	0.0	0.0	0.0	0.0	0.0	0.0	0.0	0.0	0.0	0.0	0.0	0.0	0.0
species|42253|Nitrospira moscoviensis	0.0	0.0	0.0	0.0	0.0007539042930328	0.0013556642675981	0.0015022596435449	0.0010044825652443	0.0012110815207827	0.0011423212897274	0.0	0.0014402378710276	0.0	0.0	0.0	0.0	0.0	0.0	0.0	0.0007517154478836	0.0	0.0016781118506935	0.0017761458800248	0.0013978716995329	0.001436326672252	0.0025787622341083	0.0	0.0	0.0	0.0	0.0	0.0	0.0	0.0	0.0	0.0	0.0	0.0	0.0	0.0	0.0	0.000752441549808	0.0	0.0	0.0	0.001445322621991	0.001173804005897	0.0	0.0012834802295732	0.0	0.0	0.0	0.0	0.0	0.0	0.0	0.0	0.0	0.0	0.0	0.0	0.0	0.0	0.0	0.0015650409054138	0.0	0.0	0.0	0.0	0.0	0.0	0.0	0.0	0.0	0.0	0.0	0.0014845688889177	0.0	0.0	0.0	0.0014062678975253	0.0	0.0	0.0	0.0	0.0	0.0	0.0
species|1490|Paraclostridium bifermentans	0.0	0.0	0.0	0.0	0.0008464328899637	0.0	0.0	0.0	0.0	0.0	0.0	0.0	0.0	0.0	0.0	0.0	0.0	0.0	0.0	0.0	0.0	0.0	0.0	0.0	0.0	0.0	0.0	0.0	0.0	0.0	0.0	0.0	0.0	0.0	0.0	0.0	0.0	0.0	0.0	0.0	0.0	0.0	0.0	0.0	0.0	0.0	0.0	0.0	0.0	0.0	0.0	0.0	0.0	0.0	0.0	0.0	0.0	0.0	0.0	0.0	0.0	0.0	0.0	0.0	0.0	0.0	0.0	0.0	0.0	0.0	0.0	0.0	0.0	0.0	0.0	0.0	0.0	0.0	0.0	0.0	0.0	0.0	0.0	0.0	0.0	0.0	0.0	0.0
species|869555|Paenibacillus aceris	0.0	0.0	0.0	0.0	0.0020057166447127	0.0030351074576916	0.0	0.0	0.0	0.0	0.0	0.0	0.0	0.0	0.0	0.0	0.0	0.0	0.0	0.0019177001143727	0.0	0.0	0.0027336801298088	0.0016717086106725	0.0	0.0	0.0	0.0	0.0	0.0	0.0	0.0	0.0	0.0	0.0024500531075044	0.0015467276328363	0.0	0.0	0.0	0.0	0.0028338501153981	0.0	0.0	0.0	0.0	0.0	0.0	0.0	0.0	0.0	0.0	0.0	0.0	0.0	0.0	0.0	0.0	0.0	0.0	0.0	0.00226840088375	0.0	0.0	0.0	0.0	0.0	0.0	0.0	0.0	0.0	0.0	0.0	0.0	0.0	0.0	0.0	0.0	0.0	0.0	0.0	0.0	0.0	0.0135979975914627	0.0	0.0	0.0	0.0	0.0
species|371036|Bacillus acidiceler	0.0	0.0	0.0	0.0	0.0011487869174905	0.0013763859531797	0.0	0.0	0.0011820330995111	0.0	0.0	0.0	0.0	0.0	0.0	0.0	0.0	0.0	0.0	0.0	0.0	0.0	0.0	0.0011637445760529	0.0	0.0	0.0	0.0	0.0	0.0	0.0	0.0	0.0	0.0	0.0	0.0010226013715938	0.0	0.0	0.0	0.0	0.0	0.0010412336595925	0.0	0.0	0.0	0.0	0.0	0.0	0.0	0.0	0.0	0.0	0.0	0.0	0.0	0.0	0.0	0.0	0.0	0.0	0.0	0.0	0.0	0.0	0.0	0.0	0.0	0.0	0.0	0.0	0.0	0.0	0.0	0.0	0.0	0.0	0.0	0.0	0.0	0.0	0.0	0.0	0.0	0.0	0.0	0.0	0.0	0.0
species|225194|Geobacter bemidjiensis	0.0	0.0	0.0	0.0	0.0015162305440614	0.0	0.0	0.0016953243205958	0.0026253103885334	0.0	0.0	0.0026812787327639	0.0	0.0	0.0	0.0	0.0	0.0	0.0	0.0	0.0	0.0	0.0028937524284486	0.0	0.0	0.0035941617447143	0.0	0.0	0.0	0.0	0.0	0.0	0.0	0.0	0.0	0.0010555938176621	0.0	0.0015821127223039	0.0	0.0	0.0	0.0	0.0	0.0	0.0	0.001761784914424	0.0017808053349269	0.002423340970106	0.0	0.0	0.0	0.0	0.0	0.0	0.0	0.0	0.0	0.0	0.0	0.0	0.0	0.0028609617268463	0.0	0.0	0.0022806342752524	0.0	0.0	0.0	0.0	0.0	0.0	0.0	0.0	0.0	0.0	0.0	0.0	0.0	0.0	0.0	0.0020888335128987	0.0	0.0	0.0054058667123603	0.0	0.0	0.0	0.001796842739089
species|2315862|Paraflavitalea soli	0.0	0.0	0.0	0.0	0.0014898052048941	0.001350008435634	0.0016491230856409	0.0	0.0014343275925842	0.0018813272995845	0.0	0.0	0.0	0.0011620441514307	0.0015778997535801	0.0	0.001428971907225	0.0	0.0	0.0015087417040618	0.0	0.0	0.0	0.0008042344687301	0.0	0.0	0.0	0.0020400637309237	0.0	0.0	0.0	0.0	0.0	0.0	0.0018178741865565	0.0011109871399651	0.0018597503553006	0.001624649985139	0.0	0.0	0.0026113428628843	0.0018863543398019	0.0	0.0	0.0	0.0018598216222226	0.0019145718387681	0.0018125123539426	0.0011674283148971	0.0012111238712829	0.0	0.0	0.0015874883376378	0.0	0.0	0.0	0.0	0.0	0.0	0.0	0.0	0.0016497534774884	0.0024517571369937	0.0	0.0018726058735291	0.0020285858923683	0.0	0.0	0.0	0.0008493155090147	0.0	0.0014730950084988	0.0	0.0	0.0	0.0	0.0	0.0	0.0	0.0	0.0	0.0	0.0	0.0	0.0	0.0	0.0	0.0017700586173214
species|616952|Bauldia consociata	0.0	0.0	0.0	0.0	0.0006843622026551	0.0	0.0	0.0	0.0	0.0010379215797766	0.0	0.0	0.0	0.0	0.0	0.0	0.0	0.0	0.0	0.0	0.0	0.0	0.0013145063422828	0.0011362661375254	0.0	0.0	0.0	0.0	0.0	0.0	0.0	0.0	0.0	0.0	0.0	0.0	0.0	0.0	0.0	0.0	0.0	0.0009189146944257	0.0	0.0	0.0	0.0	0.0	0.0013205448564298	0.0	0.0	0.0	0.0	0.0	0.0	0.0	0.0	0.0	0.0	0.0	0.0	0.0	0.0	0.0	0.0	0.0	0.0	0.0	0.0	0.0	0.0	0.0	0.0	0.0	0.0	0.0	0.0	0.0	0.0	0.0	0.0	0.0	0.0	0.0	0.0	0.0	0.0	0.0	0.0007469521283289
species|1549638|Quisquiliibacterium transsilvanicum	0.0	0.0	0.0	0.0	0.0014094418123955	0.0	0.0	0.0	0.0011815692559823	0.0	0.0	0.0	0.0	0.0	0.0	0.0	0.0	0.0	0.0	0.0	0.0	0.0	0.0	0.0	0.0	0.0	0.0	0.0	0.0	0.0	0.0	0.0	0.0	0.0	0.0	0.0015393656287087	0.0	0.0	0.0	0.0	0.0	0.0011143266106645	0.0	0.0	0.0	0.0	0.0	0.0	0.0	0.0	0.0	0.0	0.0	0.0	0.0	0.0	0.0	0.0	0.0	0.0	0.0	0.0	0.0	0.0	0.0	0.0	0.0	0.0	0.0	0.0	0.0	0.0	0.0	0.0	0.0	0.0	0.0	0.0	0.0	0.0	0.0	0.0	0.0	0.0	0.0	0.0	0.0	0.0
species|334736|Sporosarcina soli	0.0	0.0	0.0	0.0	0.0020551835497455	0.0026036983551687	0.0	0.0	0.0	0.0	0.0	0.0	0.0	0.0	0.0	0.0	0.0	0.0	0.0	0.0	0.0	0.0	0.0	0.0015782485601294	0.0	0.0	0.0	0.0	0.0	0.0	0.0	0.0	0.0	0.0	0.0	0.0	0.0	0.0	0.0	0.0	0.0	0.0009122447856422	0.0	0.0	0.0	0.0	0.0	0.0	0.0	0.0	0.0	0.0	0.0	0.0	0.0	0.0	0.0	0.0	0.0	0.0	0.0	0.0	0.0	0.0	0.0	0.0	0.0	0.0	0.0	0.0	0.0	0.0	0.0	0.0	0.0	0.0	0.0	0.0	0.0	0.0	0.0	0.0	0.0	0.0	0.0	0.0	0.0	0.0
species|1933902|Rubrobacter spartanus	0.0	0.0	0.0	0.0	0.000967308694562	0.0016214700662217	0.0019038892671022	0.0011211038579855	0.0011234753372989	0.0009366938101435	0.0	0.0	0.0	0.0	0.0	0.0	0.0	0.0	0.0	0.0012961956341007	0.0024280791587595	0.0	0.0014084565152168	0.0012197462623839	0.002121633477395	0.0	0.0	0.0	0.0	0.0	0.0	0.0	0.0	0.0	0.0012938504335308	0.0	0.0	0.0012684617559576	0.0	0.0	0.0	0.0009907504176328	0.001888330501868	0.0	0.0	0.0014774713544048	0.0	0.0	0.0	0.0	0.0	0.0	0.0	0.0	0.0	0.0	0.0	0.0	0.0021865418838686	0.0	0.0	0.0013081665051749	0.0018159272926601	0.0	0.0	0.0	0.0	0.0	0.0	0.0	0.0	0.0	0.0	0.0	0.0	0.0	0.0013193785282779	0.0	0.0	0.0	0.0025506713691426	0.0	0.0	0.0	0.0	0.0	0.0	0.0010196485981173
species|293387|Bacillus altitudinis	0.0	0.0	0.0	0.0	0.0009213485430413	0.0	0.0	0.0	0.0	0.0	0.0	0.0	0.0	0.0	0.0	0.0	0.0	0.0	0.0	0.0	0.0	0.0	0.0	0.0	0.0	0.0	0.0	0.0	0.0	0.0	0.0	0.0	0.0	0.0	0.0	0.0	0.0	0.0	0.0	0.0	0.0	0.0	0.0	0.0	0.0	0.0	0.0	0.0	0.0	0.0	0.0	0.0	0.0	0.0	0.0	0.0	0.0	0.0	0.0	0.0	0.0	0.0	0.0	0.0	0.0	0.0	0.0	0.0	0.0	0.0	0.0	0.0	0.0	0.0	0.0	0.0	0.0	0.0	0.0	0.0	0.0	0.0	0.0	0.0	0.0	0.0	0.0	0.0
species|561879|Bacillus safensis	0.0	0.0	0.0	0.0	0.0008730212767546	0.0	0.0	0.0	0.0009673326761766	0.0	0.0	0.0	0.0	0.0	0.0	0.0	0.0	0.0	0.0	0.0	0.0	0.0	0.0	0.0	0.0	0.0	0.0	0.0	0.0	0.0	0.0	0.0	0.0	0.0	0.0	0.0	0.0	0.0	0.0	0.0	0.0	0.0	0.0	0.0	0.0	0.0	0.0	0.0	0.0	0.0	0.0	0.0	0.0	0.0	0.0	0.0	0.0	0.0	0.0	0.0	0.0	0.0	0.0	0.0	0.0	0.0	0.0	0.0	0.0	0.0	0.0	0.0	0.0	0.0	0.0	0.0	0.0	0.0	0.0	0.0	0.0	0.0	0.0	0.0	0.0	0.0	0.0	0.0
species|1333996|Variibacter gotjawalensis	0.0	0.0	0.0	0.0	0.0009756212528698	0.0011447131778009	0.0	0.0010625720663387	0.0011634458436115	0.0016156875149441	0.0	0.0	0.0	0.0	0.0013712866873301	0.0	0.0	0.0	0.0010390643070046	0.0012369012547915	0.0	0.0	0.0011341444586175	0.00086779649151	0.0	0.0	0.0	0.0012417180565401	0.0	0.0	0.0	0.0	0.0	0.0	0.0009803421226962	0.0011012514475224	0.0	0.0	0.0	0.0	0.0	0.0	0.0	0.0	0.0	0.0007635132906724	0.0	0.0	0.0	0.0	0.0	0.0	0.0	0.0015560860775344	0.0	0.0	0.0	0.0	0.0013543054477964	0.0	0.0	0.0	0.0	0.0	0.0	0.0	0.0	0.0	0.0	0.0	0.0	0.0	0.0	0.0	0.0	0.0008389210052373	0.0	0.0	0.0	0.0	0.0017282282876775	0.0	0.0	0.0	0.0	0.0	0.0	0.0010491489913777
species|630515|Microlunatus soli	0.0	0.0	0.0	0.0	0.0	0.0012512698976378	0.00145303238197	0.0009635955110005	0.0014112718100439	0.0	0.0	0.0	0.0	0.0	0.0	0.0	0.0	0.0	0.0	0.0	0.0	0.0	0.0	0.0	0.0013919966887223	0.0	0.0	0.0	0.0	0.0	0.0	0.0	0.0	0.0	0.0	0.0009647535989564	0.0	0.0	0.0	0.0	0.0	0.0	0.0	0.0	0.0	0.0011928108393142	0.0	0.00146335548546	0.0013509382346719	0.0	0.0	0.0	0.0	0.0	0.0	0.0	0.0	0.0	0.0	0.0	0.0	0.0	0.0	0.0	0.0	0.0	0.0	0.0	0.0	0.0	0.0	0.0	0.0	0.0	0.0	0.0	0.0012142695691512	0.0	0.0	0.0	0.0014883399434496	0.0	0.0	0.0	0.0	0.0	0.0	0.0007426787240634
species|1703345|Niastella vici	0.0	0.0	0.0	0.0	0.0	0.0014634466763084	0.0	0.001420033112143	0.0	0.0012741965930098	0.0	0.0	0.0	0.0	0.0	0.0	0.0	0.0	0.0	0.0	0.0	0.0	0.0015873584679812	0.0012007264972077	0.0	0.0	0.0	0.0	0.0	0.0	0.0	0.0	0.0	0.0	0.0014273915898557	0.0	0.0	0.0	0.0	0.0	0.0	0.0012812320807856	0.0	0.0	0.0	0.0	0.0010306715109395	0.0	0.0010274447865039	0.0	0.0	0.0	0.0014110815283916	0.0	0.0	0.0	0.0	0.0	0.0	0.0	0.0	0.0	0.0	0.0	0.0	0.0	0.0	0.0	0.0	0.0006837299264895	0.0	0.0	0.0	0.0	0.0	0.0	0.0	0.0	0.0	0.0	0.0	0.0	0.0	0.0022015879605119	0.0	0.0	0.0	0.0
species|255045|Bradyrhizobium canariense	0.0	0.0	0.0	0.0	0.0	0.0015822957873494	0.0	0.0	0.0	0.0	0.0	0.0	0.0	0.0	0.0	0.0	0.0	0.0	0.0	0.0011608039693828	0.0	0.0	0.0	0.0	0.0	0.0	0.0	0.0	0.0	0.0	0.0	0.0	0.0	0.0	0.0	0.0	0.0	0.0	0.0	0.0	0.0	0.0	0.0	0.0	0.0	0.0	0.0	0.0	0.0	0.0	0.0	0.0	0.0	0.0	0.0	0.0	0.0	0.0	0.0	0.0	0.0	0.0	0.0	0.0	0.0	0.0	0.0	0.0	0.0	0.0	0.0	0.0	0.0	0.0	0.0	0.0	0.0	0.0	0.0	0.0	0.0	0.0	0.0	0.0	0.0	0.0	0.0	0.0
species|1223566|Bradyrhizobium sp. CCGE-LA001	0.0	0.0	0.0	0.0	0.0	0.0019393028496462	0.0	0.0	0.0	0.0	0.0	0.0	0.0	0.0	0.0	0.0	0.0	0.0	0.0	0.0011224853782504	0.0	0.0	0.0	0.0	0.0	0.0	0.0	0.0016288325859547	0.0	0.0	0.0	0.0	0.0	0.0	0.0	0.0016172446436038	0.0	0.0	0.0	0.0	0.0	0.0	0.0014761156344664	0.0	0.0	0.0	0.0	0.0	0.0	0.0	0.0	0.0	0.0	0.0	0.0	0.0	0.0	0.0	0.0	0.0	0.0	0.0017866248768877	0.0	0.0	0.0	0.0	0.0	0.0	0.0	0.0	0.0	0.0	0.0	0.0	0.0	0.0	0.0012268193089454	0.0	0.0	0.0	0.0	0.0	0.0	0.0	0.0	0.0	0.0	0.0008040817599052
species|29421|Nitrobacter vulgaris	0.0	0.0	0.0	0.0	0.0	0.0010799808667556	0.0	0.0	0.0	0.0	0.0	0.0	0.0	0.0	0.0	0.0	0.0	0.0	0.0	0.0	0.0	0.0	0.0	0.0	0.0	0.0	0.0	0.0	0.0	0.0	0.0	0.0	0.0	0.0	0.0	0.0	0.0	0.0	0.0	0.0	0.0	0.0	0.0	0.0	0.0	0.0	0.0	0.0	0.0	0.0	0.0	0.0	0.0	0.0	0.0	0.0	0.0	0.0	0.0	0.0	0.0	0.0	0.0	0.0	0.0	0.0	0.0	0.0	0.0	0.0	0.0	0.0	0.0	0.0	0.0	0.0	0.0	0.0	0.0	0.0	0.0	0.0	0.0	0.0	0.0	0.0	0.0	0.0
species|480070|Rhizomicrobium electricum	0.0	0.0	0.0	0.0	0.0	0.0010894093844836	0.0	0.0	0.0	0.0	0.0	0.0	0.0	0.0	0.0	0.0	0.0	0.0	0.0	0.0	0.0	0.0	0.0	0.0	0.0	0.0	0.0	0.0	0.0	0.0	0.0	0.0	0.0	0.0	0.0	0.0	0.0	0.0	0.0	0.0	0.0	0.0010926774722551	0.0	0.0	0.0	0.0	0.0	0.0	0.0	0.0	0.0	0.0	0.0	0.0	0.0	0.0	0.0	0.0	0.0	0.0	0.0	0.0	0.0	0.0	0.0	0.0	0.0	0.0	0.0	0.0	0.0	0.0	0.0	0.0	0.0	0.0	0.0	0.0	0.0	0.0	0.0	0.0	0.0	0.0	0.0	0.0	0.0	0.0
species|132925|Clostridium bowmanii	0.0	0.0	0.0	0.0	0.0	0.0013540238359847	0.0	0.0	0.001891252951101	0.0	0.0	0.0	0.0	0.0	0.0	0.0	0.0	0.0	0.0	0.0	0.0	0.0	0.0	0.0009821500299121	0.0	0.0	0.0	0.0	0.0	0.0	0.0	0.0	0.0	0.0	0.0	0.0	0.0	0.0	0.0	0.0	0.0	0.000864823612409	0.0	0.0	0.0	0.0	0.0	0.002223503289457	0.0	0.0	0.0	0.0	0.0	0.0	0.0	0.0	0.0	0.0	0.0	0.0	0.0	0.0	0.0	0.0	0.0	0.0	0.0	0.0	0.0	0.0	0.0	0.0	0.0	0.0	0.0	0.0	0.0	0.0	0.0	0.0	0.0	0.0	0.0	0.0	0.0	0.0	0.0	0.0
species|238834|Clostridium estertheticum	0.0	0.0	0.0	0.0	0.0	0.0028494394844866	0.0020442930076939	0.0015663177584754	0.0	0.0	0.0	0.0	0.0	0.0	0.0	0.0	0.0	0.0	0.0	0.0014770160931745	0.0	0.0015097188148707	0.0	0.0020583804705612	0.0033157027450231	0.0	0.0	0.0	0.0	0.0	0.0	0.0	0.0	0.0	0.0	0.0011194032944537	0.0028487129921657	0.0	0.0	0.0	0.0	0.0016703456474208	0.0018035354681485	0.0	0.0	0.0015745487657304	0.0	0.0	0.0	0.0	0.0	0.0	0.0	0.0	0.0	0.0	0.0	0.0	0.0013751104999508	0.0	0.0	0.0024404500591754	0.0044493568917381	0.0032837884548911	0.0	0.0	0.0	0.0	0.0	0.0	0.0	0.0	0.0	0.0	0.0	0.0	0.0020350257672424	0.0	0.0	0.0	0.0	0.0	0.0	0.0	0.0	0.0	0.0	0.0008585477835225
species|1114878|Geobacter luticola	0.0	0.0	0.0	0.0	0.0	0.0024628384829262	0.002180928381996	0.0019663625794635	0.0018616800199189	0.0	0.0	0.0	0.0	0.0	0.0	0.0	0.0	0.0	0.0	0.0019153340368358	0.0	0.0	0.0017570970154738	0.0015075993375178	0.0	0.0	0.0	0.0	0.0	0.0	0.0	0.0	0.0	0.0	0.0	0.0015780416635971	0.0029960344963031	0.0018660018455114	0.0	0.0	0.0	0.0012488284749475	0.0	0.0	0.0	0.0	0.0029900192729243	0.0020133893374091	0.0015996113386502	0.0	0.0	0.0	0.0019838670102083	0.0	0.0	0.0	0.0	0.0	0.0	0.0	0.0	0.0	0.0	0.0	0.0	0.0	0.0	0.0	0.0	0.0	0.0	0.0	0.0	0.0	0.0	0.0	0.0	0.0	0.0	0.0	0.0027864651722804	0.0	0.0	0.0	0.0	0.0	0.0	0.0
species|220685|Neobacillus bataviensis	0.0	0.0	0.0	0.0	0.0	0.0011989077471721	0.0018099938624077	0.0	0.0012703188521021	0.0017292630353208	0.0	0.0	0.0	0.0	0.0	0.0	0.0	0.003474644833056	0.0	0.0015917407395377	0.0	0.0	0.001530118806345	0.0013026177340753	0.0	0.0	0.0015465766907404	0.0017901027909744	0.0021750981072155	0.0012180103319832	0.0	0.0008964967109855	0.0	0.0027886512932428	0.0024637757849047	0.0010387101683826	0.0	0.0	0.0029489523904675	0.0	0.0	0.0009528073080544	0.0	0.0	0.0	0.0012212742486254	0.0018057521890235	0.0016268829920882	0.0	0.0	0.0017308483924753	0.0	0.0019322577541371	0.0	0.0	0.0039882381427406	0.0	0.0	0.0022715567133175	0.0	0.0	0.0018229574560034	0.0	0.0	0.0	0.001536747716475	0.0	0.0	0.0	0.0015240808473474	0.0	0.0	0.0	0.0017137964276098	0.0	0.0	0.0013764697179783	0.0014343210006385	0.0022885081229174	0.0	0.0019482973440154	0.0	0.0042806001055084	0.0	0.0021270624898109	0.0	0.0	0.0015120308458799
species|1864941|Terrimonas terrae	0.0	0.0	0.0	0.0	0.0	0.0018469083452717	0.0012560205934829	0.0018520869230844	0.0	0.0009996079910065	0.0	0.0016775842910305	0.0	0.0	0.0	0.0	0.0	0.0010615431415629	0.0	0.0008937045287789	0.0	0.0	0.0	0.0013230686855336	0.0	0.0	0.0	0.0	0.0	0.0	0.0	0.0	0.0	0.0	0.0	0.0009278684722309	0.0	0.0016605409717983	0.0	0.0	0.0	0.0010114366429497	0.0012006491059833	0.0	0.0	0.001137935858094	0.0018127599303604	0.0	0.0010534714360807	0.0	0.0	0.0	0.0014420008293682	0.0016750503342866	0.0012491292524315	0.0021625084539453	0.0	0.0	0.0	0.0	0.0	0.0	0.0	0.0	0.0	0.0020310457675886	0.0	0.0	0.0	0.0	0.0026654575493528	0.0012544768754564	0.0	0.0	0.0	0.0	0.0	0.0	0.0	0.0	0.0	0.0	0.0	0.0	0.0	0.0	0.0	0.0
species|582850|Sporosarcina luteola	0.0	0.0	0.0	0.0	0.0	0.0017200577933044	0.0	0.0	0.0	0.0	0.0	0.0	0.0	0.0	0.0	0.0	0.0	0.0	0.0	0.0	0.0	0.0	0.0	0.0017227291920101	0.0	0.0	0.0	0.0	0.0	0.0	0.0	0.0	0.0	0.0	0.0	0.0	0.0	0.0	0.0	0.0	0.0	0.0	0.0	0.0	0.0	0.0	0.0	0.0	0.0	0.0	0.0	0.0	0.0	0.0	0.0	0.0	0.0	0.0	0.0	0.0	0.0	0.0	0.0	0.0	0.0	0.0	0.0	0.0	0.0	0.0	0.0	0.0	0.0	0.0	0.0	0.0	0.0	0.0	0.0	0.0	0.0	0.0	0.0	0.0	0.0	0.0	0.0	0.0
species|2528010|Planctomycetes bacterium Pla85_3_4	0.0	0.0	0.0	0.0	0.0	0.0015730436446449	0.0	0.0011839993922311	0.0	0.0011208519404881	0.0	0.0	0.0	0.0	0.0	0.0	0.0009615034554584	0.0	0.0	0.0012100451515207	0.0	0.0	0.0	0.0010685541066871	0.0	0.0	0.0	0.0	0.0	0.0	0.0	0.0	0.0	0.0023845211668832	0.0	0.0	0.0	0.0	0.0	0.0	0.0	0.0014476026396567	0.0	0.0	0.0	0.0010378233382904	0.0013206760952183	0.0013612556662936	0.0	0.0	0.0	0.0	0.0017626532706239	0.0	0.0	0.0	0.0	0.0	0.0	0.0	0.0	0.0	0.0	0.0	0.001774436131526	0.0	0.0	0.0	0.0	0.0	0.0	0.0	0.0	0.0	0.0	0.0	0.0	0.0	0.0	0.0	0.0018348388974671	0.0	0.0	0.0017248205419758	0.0	0.0	0.0	0.0010619553648413
species|940139|Terriglobus aquaticus	0.0	0.0	0.0	0.0	0.0	0.0018277286051348	0.0014667197501957	0.0013298375087466	0.0	0.001113682398139	0.0	0.0	0.0	0.0	0.0	0.0	0.0	0.0	0.0	0.0013021138610839	0.0	0.0	0.0	0.0010538374960979	0.001632161014885	0.0	0.0	0.0	0.0	0.0	0.0	0.0	0.0	0.0	0.0	0.001459976953397	0.0022260350463069	0.001950699667833	0.0	0.0	0.0	0.0011097930661828	0.0	0.0	0.0	0.0011347787318107	0.0	0.0011638005225292	0.0	0.0	0.0	0.0	0.0014653523524498	0.0	0.0	0.0	0.0	0.0	0.0	0.0	0.0	0.0011329394773567	0.0030772047078189	0.0	0.0	0.0	0.0	0.0	0.0	0.0	0.0	0.0	0.0	0.0	0.0	0.0	0.0013739075804379	0.0	0.0	0.0	0.0	0.0	0.0	0.0027749267514536	0.0	0.0	0.0	0.0010872837477327
species|108015|Bradyrhizobium yuanmingense	0.0	0.0	0.0	0.0	0.0	0.0013363276386204	0.0	0.0	0.0	0.0	0.0	0.0	0.0	0.0	0.0	0.0	0.0	0.0	0.0	0.0	0.0	0.0	0.0	0.0	0.0023841094496221	0.0	0.0	0.0	0.0	0.0	0.0	0.0	0.0	0.0	0.0	0.0	0.0	0.0	0.0	0.0	0.0	0.0008894784599752	0.0016306589303529	0.0	0.0	0.0	0.0	0.0	0.0	0.0	0.0	0.0	0.0	0.0	0.0	0.0	0.0	0.0	0.0	0.0	0.0	0.0	0.0017932557053293	0.0	0.0	0.0	0.0	0.0	0.0	0.0	0.0	0.0	0.0	0.0	0.0	0.0	0.0	0.0	0.0	0.0	0.0	0.0	0.0	0.0	0.0	0.0	0.0	0.0
species|446|Legionella pneumophila	0.0	0.0	0.0	0.0	0.0	0.0036609931529173	0.0030629638263859	0.0	0.0020094562648982	0.0	0.0036325731290497	0.0030322757389106	0.0037320863293805	0.0039204549583173	0.0061383987001502	0.0030877653329337	0.0028126032975003	0.0023085087871348	0.0	0.0023067183416452	0.0	0.0	0.0020689747199921	0.0030053804946183	0.0	0.0	0.0	0.0	0.0	0.0	0.0	0.0	0.0	0.0028908615879223	0.0018148007638179	0.0023246457143616	0.0	0.0	0.0	0.0015764106278185	0.0	0.003782353999003	0.0024042589730379	0.0	0.0	0.00286443218472	0.0	0.0	0.003337634276996	0.0049649313061694	0.0	0.0062630480166923	0.0029472663452571	0.0045425345964309	0.0042194647064878	0.0048310797021142	0.0045675414380604	0.0027069795184638	0.0033434433406075	0.0	0.003263308178521	0.0030023041674431	0.0	0.0058762530245412	0.0	0.0024699995346132	0.0	0.0033786187055052	0.0028408683866904	0.0030609874343146	0.0049745664728762	0.0039607897789084	0.0030360295547991	0.004531789017039	0.0	0.0020561169898489	0.0022974996182584	0.0	0.0	0.0	0.0	0.0	0.0	0.0	0.0	0.0	0.0	0.0024018947461708
species|1885912|Racemicystis persica	0.0	0.0	0.0	0.0	0.0	0.00164240634174	0.0	0.0013088205964406	0.0008492005728357	0.0	0.0	0.0018362970321722	0.0	0.0	0.0	0.0	0.0	0.0	0.0	0.0007869921414244	0.0	0.0022128821007584	0.0	0.0	0.0	0.0	0.0	0.0017801668392065	0.0	0.0	0.0	0.0	0.0	0.0	0.0012558256216819	0.0008077270735901	0.0023690978279919	0.0	0.0	0.0	0.0	0.0008741879092325	0.0	0.0	0.0	0.0	0.0	0.0018810444150062	0.0	0.0	0.0	0.0	0.0	0.0	0.0	0.0	0.0	0.0	0.0	0.0	0.0	0.0	0.0	0.0	0.0016818127428983	0.0	0.0	0.0	0.0	0.0	0.0	0.0	0.0	0.0	0.0	0.0	0.0	0.0	0.0	0.0	0.0020512640058879	0.0	0.0	0.0021419675949252	0.0	0.0	0.0	0.0011715066134157
species|1911421|Aridibacter nitratireducens	0.0	0.0	0.0	0.0	0.0	0.0012069823387723	0.0009609026299156	0.001069967664479	0.0	0.0	0.0	0.0	0.0	0.0	0.0	0.0	0.0	0.0	0.0	0.0	0.0	0.0	0.0	0.0	0.0	0.0	0.0	0.0	0.0	0.0	0.0	0.0	0.0	0.0	0.0	0.0	0.0	0.0	0.0	0.0	0.0	0.0	0.0	0.0	0.0	0.0	0.0	0.0	0.0	0.0	0.0	0.0	0.0	0.0	0.0	0.0	0.0	0.0	0.0	0.0	0.0	0.0009879014185706	0.0	0.0	0.0	0.0	0.0	0.0	0.0010671036396783	0.0	0.0	0.0	0.0	0.0	0.0	0.0	0.0	0.0	0.0	0.0	0.0	0.0	0.0	0.0	0.0	0.0	0.0	0.0
species|2558918|Nocardioides sp. SB3-45	0.0	0.0	0.0	0.0	0.0	0.0014006692086218	0.0019761499148228	0.0	0.0	0.0	0.0	0.0	0.0	0.0	0.0	0.0	0.0	0.0	0.0	0.0015749385039561	0.0	0.0	0.0	0.0	0.0	0.0	0.0	0.0	0.0	0.0	0.0	0.0	0.0	0.0	0.0	0.0	0.0	0.0	0.0	0.0	0.0	0.0012902106251534	0.0	0.0	0.0	0.0	0.0	0.0	0.0	0.0	0.0	0.0	0.0	0.0	0.0	0.0	0.0	0.0	0.0016697770580407	0.0	0.0023455027534162	0.001820657666832	0.0	0.0	0.0	0.0	0.0	0.0	0.0	0.0	0.0	0.0	0.0	0.0	0.0	0.0	0.0	0.0	0.0	0.0	0.0	0.0	0.0	0.0	0.0	0.0	0.0	0.0016634470916506
species|1476|Sporosarcina psychrophila	0.0	0.0	0.0	0.0	0.0	0.0022606145099465	0.0016413713647586	0.0	0.0	0.0011114573827029	0.0	0.0	0.0	0.0	0.0	0.0	0.0	0.0	0.0	0.0	0.0	0.0	0.0	0.0	0.0017017850483397	0.0	0.0	0.0	0.0	0.0	0.0	0.0	0.0	0.0	0.0	0.0	0.0	0.0	0.0	0.0	0.0	0.0010157942601545	0.0	0.0	0.0	0.0011934831697752	0.0	0.0	0.0011579485110881	0.0	0.0	0.0	0.0	0.0	0.0	0.0	0.0	0.0	0.0	0.0	0.0	0.0	0.0	0.0	0.0	0.0	0.0	0.0	0.0	0.0	0.0	0.0	0.0	0.0	0.0	0.0	0.0011815353536494	0.0	0.0	0.0	0.0	0.0	0.0	0.0	0.0	0.0	0.0	0.0012251349278473
species|1494448|Chelatococcus reniformis	0.0	0.0	0.0	0.0	0.0	0.0013124050576362	0.0	0.0	0.0	0.0	0.0	0.0	0.0	0.0	0.0	0.0	0.0	0.0	0.0	0.0	0.0	0.0	0.0	0.0	0.0	0.0	0.0	0.0	0.0	0.0	0.0	0.0	0.0	0.0	0.0	0.0	0.0	0.0	0.0	0.0	0.0	0.0	0.0	0.0	0.0	0.0	0.0	0.0	0.0	0.0	0.0	0.0	0.0	0.0	0.0	0.0	0.0	0.0	0.0	0.0	0.0	0.0	0.0	0.0	0.0	0.0	0.0	0.0	0.0	0.0	0.0	0.0	0.0	0.0	0.0	0.0	0.0	0.0	0.0	0.0	0.0	0.0	0.0	0.0	0.0	0.0	0.0	0.0
species|33075|Acidobacterium capsulatum	0.0	0.0	0.0	0.0	0.0	0.0	0.00105924811897	0.0	0.0008437079955637	0.0011997719673747	0.0	0.0	0.0	0.0	0.0	0.0	0.0	0.0	0.0	0.0008067392378547	0.0	0.0	0.0011681574309318	0.0009591041547767	0.0	0.0	0.0	0.0	0.0	0.0	0.0	0.0	0.0	0.0	0.0011083822822751	0.0009901569137231	0.0	0.0	0.0	0.0	0.0	0.0012175123148675	0.0	0.0	0.0	0.0008473531856576	0.0013074785091986	0.0	0.0	0.0	0.0	0.0	0.0	0.0	0.0	0.0	0.0	0.0	0.0	0.0	0.0	0.0	0.0	0.0	0.0	0.0	0.0	0.0	0.0	0.0	0.0	0.0	0.0	0.0	0.0	0.0	0.0012635749753318	0.0	0.0	0.0	0.0	0.0	0.0	0.0	0.0	0.0	0.0	0.0010776068129364
species|1577687|Terracidiphilus gabretensis	0.0	0.0	0.0	0.0	0.0	0.0	0.0011030022821165	0.0	0.0	0.0	0.0	0.0	0.0	0.0	0.0	0.0	0.0	0.0	0.0	0.0	0.0	0.0	0.0	0.0	0.0	0.0	0.0	0.0	0.0	0.0	0.0	0.0	0.0	0.0	0.0	0.0	0.0	0.0	0.0	0.0	0.0	0.0007270325058043	0.0	0.0	0.0	0.0	0.0	0.0	0.0	0.0	0.0	0.0	0.0	0.0	0.0	0.0	0.0	0.0	0.0	0.0	0.0	0.0	0.0	0.0	0.0	0.0	0.0	0.0	0.0	0.0	0.0	0.0	0.0	0.0	0.0	0.0	0.0	0.0	0.0	0.0	0.0	0.0	0.0	0.0	0.0	0.0	0.0	0.0
species|1560006|Acidipila dinghuensis	0.0	0.0	0.0	0.0	0.0	0.0	0.0008310050965891	0.0	0.0	0.0	0.0	0.0	0.0	0.0	0.0	0.0	0.0	0.0	0.0	0.0	0.0	0.0	0.0	0.0	0.0	0.0	0.0	0.0	0.0	0.0	0.0	0.0	0.0	0.0	0.0	0.0	0.0	0.0	0.0	0.0	0.0	0.0	0.0	0.0	0.0	0.0	0.0	0.0	0.0	0.0	0.0	0.0	0.0	0.0	0.0	0.0	0.0	0.0	0.0	0.0	0.0	0.0	0.0	0.0	0.0	0.0	0.0	0.0	0.0	0.0	0.0	0.0	0.0	0.0	0.0	0.0	0.0	0.0	0.0	0.0	0.0	0.0	0.0	0.0	0.0	0.0	0.0	0.0
species|1560005|Edaphobacter dinghuensis	0.0	0.0	0.0	0.0	0.0	0.0	0.0018753309948305	0.0	0.0	0.0	0.0	0.0	0.0	0.0	0.0	0.0	0.0	0.0	0.0	0.0	0.0	0.0	0.0	0.0	0.0	0.0	0.0	0.0	0.0	0.0	0.0	0.0	0.0	0.0	0.0	0.0	0.0	0.0	0.0	0.0	0.0	0.0	0.0	0.0	0.0	0.0	0.0	0.0	0.0	0.0	0.0	0.0	0.0	0.0	0.0	0.0	0.0	0.0	0.0	0.0	0.0	0.0	0.0	0.0	0.0	0.0	0.0	0.0	0.0	0.0	0.0	0.0	0.0	0.0	0.0	0.0	0.0	0.0	0.0	0.0	0.0	0.0	0.0	0.0	0.0	0.0	0.0	0.0
species|2507935|Cohnella abietis	0.0	0.0	0.0	0.0	0.0	0.0	0.0030506183597667	0.0	0.0	0.0	0.0	0.0	0.0	0.0	0.0	0.0	0.0	0.0	0.0	0.0019403784705147	0.0	0.0	0.0	0.003056939914585	0.0	0.0	0.0	0.0	0.0	0.0	0.0	0.0	0.0	0.0	0.0	0.0024848896453723	0.0	0.0	0.0	0.0	0.0	0.0	0.0	0.0	0.0	0.002054957096273	0.0	0.0	0.0	0.0	0.0	0.0	0.0	0.0	0.0	0.0	0.0	0.0	0.0	0.0	0.00285016753596	0.0019723865877719	0.0	0.0	0.0	0.0	0.0	0.0	0.0	0.0	0.0	0.0	0.0	0.0	0.0	0.0	0.0	0.0	0.0	0.0	0.0	0.0	0.0	0.0	0.0	0.0	0.0	0.0
species|590609|Rhodanobacter soli	0.0	0.0	0.0	0.0	0.0	0.0	0.001524234423943	0.0	0.0	0.0	0.0022857924946434	0.0	0.0	0.0	0.0	0.0	0.0	0.0	0.0	0.0011269383803132	0.0	0.0	0.0	0.0	0.0	0.0	0.0	0.0	0.0	0.0	0.0	0.0	0.0	0.0	0.0	0.0	0.0	0.0	0.0	0.0	0.0	0.0	0.0	0.0	0.0	0.0	0.0	0.0	0.0	0.0037005173146426	0.0	0.0	0.0	0.0	0.0	0.0	0.0	0.0	0.0	0.0	0.0	0.0	0.0	0.0	0.0	0.0	0.0	0.0	0.0	0.0	0.0	0.0	0.0	0.0	0.0	0.0	0.0	0.0	0.0	0.0	0.0	0.0	0.0	0.0	0.0	0.0	0.0	0.0
species|940133|Sphingomonas limnosediminicola	0.0	0.0	0.0	0.0	0.0	0.0	0.0008498086016194	0.0	0.0	0.0	0.0013376519563584	0.0	0.0	0.0012072089755574	0.0	0.000995757553875	0.0	0.0	0.0009996863894207	0.0011740471322851	0.0	0.0011503260783456	0.0	0.0007006852700848	0.0	0.0	0.0014901796013027	0.0	0.0	0.0	0.0	0.0	0.0	0.0	0.0	0.0	0.0	0.0	0.0	0.0008400206991055	0.0	0.000619414665501	0.0	0.0	0.0007598575981603	0.0	0.0	0.0	0.0	0.0012230020222488	0.0018857108085785	0.0	0.0	0.0	0.0	0.0	0.0	0.0	0.0	0.0	0.0	0.0	0.0	0.0	0.0	0.0011668506602493	0.0	0.0	0.0009275741151484	0.0008443360684593	0.0	0.0011848448681622	0.0	0.0	0.0	0.0006847232651696	0.0	0.0	0.0	0.0	0.0	0.0	0.0	0.0	0.0	0.0	0.0	0.0
species|1421|Lysinibacillus sphaericus	0.0	0.0	0.0	0.0	0.0	0.0	0.0012947474736192	0.0	0.0	0.0	0.0	0.0	0.0	0.0	0.0	0.0	0.0	0.0	0.0	0.0	0.0	0.0	0.0	0.0	0.0	0.0	0.0	0.0	0.0	0.0	0.0	0.0	0.0	0.0	0.0	0.0	0.0	0.0	0.0	0.0	0.0	0.0	0.0	0.0	0.0	0.0	0.0	0.0	0.0	0.0	0.0	0.0	0.0	0.0	0.0	0.0	0.0	0.0	0.0	0.0	0.0	0.0	0.0	0.0	0.0	0.0	0.0	0.0	0.0	0.0	0.0	0.0	0.0	0.0	0.0	0.0	0.0	0.0	0.0	0.0	0.0	0.0	0.0	0.0	0.0	0.0	0.0	0.0
species|540746|Rudaea cellulosilytica	0.0	0.0	0.0	0.0	0.0	0.0	0.0015673146290167	0.0	0.0	0.0	0.0019438300970773	0.0	0.0	0.0016607426290363	0.0	0.0	0.0	0.0	0.0022461049157631	0.0009876453145081	0.0	0.0	0.0	0.0	0.0	0.0	0.0	0.0	0.0	0.0	0.0	0.0	0.0	0.0	0.0	0.0011196653749853	0.0	0.0	0.0	0.0011660877474575	0.0	0.0	0.0	0.0	0.0	0.0	0.0	0.0	0.0	0.0011035795228695	0.0021933442683371	0.0	0.0	0.0	0.0	0.0	0.0	0.0	0.0	0.0	0.0	0.0	0.0	0.0	0.0	0.0	0.0	0.0	0.0011714024999463	0.0010379508899215	0.0	0.0	0.0	0.0	0.0	0.0018591076597604	0.0	0.0	0.0	0.0	0.0	0.0	0.0	0.0	0.0	0.0	0.0	0.0
species|1143711|Paenibacillus frigoriresistens	0.0	0.0	0.0	0.0	0.0	0.0	0.0026427712094861	0.0	0.0	0.0	0.0	0.0	0.0	0.0	0.0	0.0	0.0	0.0	0.0	0.0	0.0	0.0	0.0	0.0	0.0	0.0	0.0	0.0	0.0	0.0	0.0	0.0	0.0	0.0	0.0	0.0	0.0	0.0	0.0	0.0	0.0030242951879737	0.0013175192004664	0.0	0.0	0.0	0.0	0.0	0.0	0.0	0.0	0.0	0.0	0.0022617163673495	0.0	0.0	0.0	0.0	0.0	0.0	0.0	0.0	0.0	0.0	0.0	0.0	0.0	0.0	0.0	0.0	0.0	0.0	0.0	0.0	0.0	0.0	0.0	0.0	0.0	0.0	0.0	0.0	0.0	0.0126643906726974	0.0	0.0	0.0	0.0	0.0
species|1465489|Chujaibacter soli	0.0	0.0	0.0	0.0	0.0	0.0	0.0026583453337382	0.0	0.0	0.0	0.0	0.0	0.0	0.0	0.0	0.0	0.0	0.0	0.0	0.0007323441748254	0.0	0.0	0.0	0.0	0.0	0.0	0.0	0.0	0.0	0.0	0.0	0.0	0.0	0.0	0.0	0.0	0.0	0.0	0.0	0.0	0.0	0.0	0.0	0.0	0.0	0.0	0.0	0.0	0.0	0.0	0.0	0.0	0.0	0.0	0.0	0.0	0.0	0.0	0.0	0.0	0.0	0.0	0.0	0.0	0.0	0.0	0.0	0.0	0.0	0.0	0.0	0.0	0.0	0.0	0.0	0.0	0.0	0.0	0.0	0.0	0.0	0.0	0.0	0.0	0.0	0.0	0.0	0.0
species|182640|Kribbella flavida	0.0	0.0	0.0	0.0	0.0	0.0	0.0023097479410327	0.0	0.0	0.0	0.0	0.0	0.0	0.0	0.0	0.0	0.0	0.0	0.0	0.0014089420648482	0.0	0.0	0.0	0.0012738069992841	0.0	0.0	0.0	0.0	0.0	0.0	0.0	0.0	0.0	0.0	0.0	0.0	0.0	0.0	0.0	0.0	0.0	0.0011840994330212	0.0	0.0	0.0	0.0018471341530682	0.0	0.0	0.0013608653880308	0.0	0.0	0.0	0.0	0.0	0.0	0.0	0.0	0.0	0.0	0.0	0.0	0.0	0.0	0.0	0.0	0.0	0.0	0.0	0.0	0.0	0.0	0.0	0.0	0.0	0.0	0.0	0.0	0.0	0.0	0.0	0.0	0.0	0.0	0.0	0.0	0.0	0.0	0.0
species|1475481|Mizugakiibacter sediminis	0.0	0.0	0.0	0.0	0.0	0.0	0.0024959976151883	0.0	0.0	0.0	0.0	0.0	0.0	0.0	0.0	0.0	0.0	0.0	0.0	0.0	0.0	0.0	0.0	0.0	0.0	0.0	0.0	0.0	0.0	0.0	0.0	0.0	0.0	0.0	0.0	0.0	0.0	0.0	0.0	0.0	0.0	0.0	0.0017175017685388	0.0	0.0	0.0	0.0	0.0	0.0	0.0	0.0	0.0	0.0	0.0	0.0	0.0	0.0	0.0	0.0	0.0	0.0	0.0	0.0	0.0	0.0	0.0	0.0	0.0	0.0	0.0	0.0	0.0	0.0	0.0	0.0	0.0	0.0	0.0	0.0	0.0	0.0	0.0	0.0	0.0	0.0	0.0	0.0	0.0
species|2303505|Psychrobacillus sp. AK 1817	0.0	0.0	0.0	0.0	0.0	0.0	0.0019045685172898	0.0	0.0	0.0	0.0	0.0	0.0	0.0	0.0	0.0	0.0	0.0	0.0	0.0	0.0	0.0	0.0	0.0	0.0	0.0	0.0	0.0	0.0	0.0	0.0	0.0	0.0	0.0	0.0	0.0	0.0	0.0	0.0	0.0	0.0	0.0006200065504311	0.0	0.0	0.0	0.0	0.0	0.0	0.0	0.0	0.0	0.0	0.0	0.0	0.0	0.0	0.0	0.0	0.0	0.0	0.0	0.0	0.0	0.0	0.0	0.0	0.0	0.0	0.0	0.0	0.0	0.0	0.0	0.0	0.0	0.0	0.0	0.0	0.0	0.0	0.0	0.0	0.0	0.0	0.0	0.0	0.0	0.0
species|482564|Oscillatoria nigro-viridis	0.0	0.0	0.0	0.0	0.0	0.0	0.0008177172061328	0.0	0.0	0.0	0.0	0.0	0.0	0.0	0.0	0.0	0.0	0.0	0.0	0.0	0.0	0.0	0.0	0.0	0.0	0.0	0.0	0.0	0.0	0.0	0.0	0.0	0.0	0.0	0.0	0.0	0.0	0.0	0.0	0.0	0.0	0.0	0.0	0.0	0.0	0.0	0.0	0.0	0.0	0.0	0.0	0.0	0.0	0.0	0.0	0.0	0.0	0.0	0.0	0.0	0.0	0.0	0.0	0.0	0.0	0.0015963107484923	0.0	0.0	0.0	0.0	0.0	0.0	0.0	0.0	0.0	0.0	0.0	0.0	0.0	0.0	0.0	0.0	0.0	0.0	0.0	0.0	0.0	0.0
species|1233114|Azospirillum fermentarium	0.0	0.0	0.0	0.0	0.0	0.0	0.0	0.0026123767718245	0.0	0.0009431986891949	0.0	0.0	0.0	0.0	0.0	0.0	0.0	0.0	0.0	0.0	0.0	0.0	0.0	0.0	0.0	0.0	0.0	0.0	0.0	0.0	0.0	0.0	0.0	0.0	0.0	0.00163828092259	0.0	0.0	0.0	0.0	0.0	0.0009905071007201	0.0	0.0	0.0	0.0	0.0	0.0	0.0014924888242045	0.0	0.0	0.0	0.0	0.0	0.0	0.0	0.0	0.0	0.0	0.0	0.0	0.0	0.0	0.0	0.0	0.0	0.0	0.0	0.0	0.0	0.0	0.0	0.0	0.0	0.0	0.0	0.0	0.0	0.0	0.0	0.0	0.0	0.0	0.0	0.0	0.0	0.0	0.0
species|264697|Peribacillus muralis	0.0	0.0	0.0	0.0	0.0	0.0	0.0	0.0009072466137494	0.0	0.0	0.0	0.0	0.0	0.0	0.0	0.0	0.0	0.0	0.0	0.0011820551294522	0.0	0.0	0.0	0.0	0.0	0.0	0.0	0.0	0.0	0.0	0.0	0.0	0.0	0.0	0.0	0.0	0.0	0.0	0.0	0.0	0.0	0.0008414393542337	0.0	0.0	0.0	0.0	0.0012952160532711	0.0	0.0	0.0	0.0	0.0	0.0013498845332696	0.0	0.0	0.0	0.0	0.0	0.0	0.0	0.0	0.0	0.0	0.0	0.0	0.0	0.0	0.0	0.0	0.0	0.0	0.0	0.0	0.0	0.0	0.0	0.0	0.0	0.0	0.0	0.0	0.0	0.0	0.0	0.0	0.0	0.0	0.0
species|200616|Rhodoplanes tepidamans	0.0	0.0	0.0	0.0	0.0	0.0	0.0	0.0009844768918464	0.0	0.0	0.0	0.0	0.0	0.0	0.0	0.0	0.0	0.0	0.0	0.0	0.0	0.0	0.0	0.0	0.0	0.0	0.0	0.0	0.0	0.0	0.0	0.0	0.0	0.0	0.0	0.0007725947228015	0.0	0.0	0.0	0.0	0.0	0.0	0.0	0.0	0.0	0.0	0.0	0.0	0.0	0.0	0.0	0.0	0.0	0.0	0.0	0.0	0.0	0.0	0.0	0.0	0.0	0.0	0.0	0.0	0.0	0.0	0.0	0.0	0.0	0.0	0.0	0.0	0.0	0.0	0.0	0.0	0.0	0.0	0.0	0.0	0.0	0.0	0.0	0.0	0.0	0.0	0.0	0.0007391367872624
species|217070|Stella vacuolata	0.0	0.0	0.0	0.0	0.0	0.0	0.0	0.0013507950516896	0.0	0.0008347748257249	0.0	0.0	0.0	0.0	0.0	0.0	0.0	0.0	0.0	0.0013278248995832	0.0	0.0012845737387959	0.0	0.0008560806574186	0.0	0.0	0.0	0.0	0.0	0.0	0.0	0.0	0.0	0.0	0.0	0.0011516617103678	0.0	0.0	0.0030942661008209	0.0	0.0	0.0007809993895274	0.0	0.0	0.0	0.0	0.0	0.0	0.0	0.0	0.0	0.0	0.0	0.0	0.0	0.0	0.0	0.0	0.0	0.0	0.0016213602791075	0.0	0.0	0.0	0.0	0.0	0.0	0.0	0.0	0.0	0.0	0.0	0.0	0.0	0.0	0.0	0.0	0.0	0.0	0.0	0.0	0.0	0.0	0.0	0.0	0.0	0.0	0.0006680329753417
species|29542|Pelobacter acetylenicus	0.0	0.0	0.0	0.0	0.0	0.0	0.0	0.0017930460429522	0.0	0.0	0.0	0.0	0.0	0.0	0.0	0.0	0.0	0.0	0.0	0.0	0.0	0.0	0.0	0.0	0.0	0.0	0.0	0.0	0.0	0.0	0.0	0.0	0.0	0.0	0.0	0.0	0.0	0.0	0.0	0.0	0.0	0.0009955348330673	0.0	0.0	0.0	0.0016433388695039	0.0	0.0	0.0	0.0	0.0	0.0	0.001687506807347	0.0	0.0	0.0	0.0	0.0	0.0	0.0	0.0	0.0	0.0	0.0	0.0	0.0	0.0	0.0	0.0	0.0	0.0	0.0	0.0	0.0	0.0	0.0	0.0	0.0	0.0	0.0	0.0	0.0	0.0	0.0	0.0	0.0	0.0	0.0
species|29543|Pelobacter propionicus	0.0	0.0	0.0	0.0	0.0	0.0	0.0	0.0016386386361133	0.002043668711536	0.0	0.0	0.0	0.0	0.0	0.0	0.0	0.0	0.0	0.0	0.0	0.0	0.0	0.0	0.0	0.0	0.0	0.0	0.0	0.0	0.0	0.0	0.0	0.0	0.0	0.0	0.0	0.0	0.0	0.0	0.0	0.0	0.0	0.0	0.0	0.0	0.0	0.0	0.0	0.0	0.0	0.0	0.0	0.0	0.0	0.0	0.0	0.0	0.0	0.0	0.0	0.0	0.0	0.0	0.0	0.0	0.0	0.0	0.0	0.0	0.0	0.0	0.0	0.0	0.0	0.0	0.0	0.0	0.0	0.0	0.0	0.0	0.0	0.0	0.0	0.0	0.0	0.0	0.0
species|2528035|Phycisphaerae bacterium RAS2	0.0	0.0	0.0	0.0	0.0	0.0	0.0	0.0008771380221865	0.0	0.0	0.0	0.0	0.0	0.0	0.0	0.0	0.0	0.0	0.0	0.0	0.0	0.0	0.0	0.0013291980543844	0.0	0.0	0.0	0.0	0.0	0.0	0.0	0.0	0.0	0.0	0.0	0.0	0.0	0.0	0.0	0.0	0.0	0.0008450564114864	0.0	0.0	0.0	0.0007601259637311	0.0	0.0	0.0	0.0	0.0	0.0	0.0	0.0	0.0	0.0	0.0	0.0	0.0	0.0	0.0	0.0	0.0	0.0	0.0	0.0	0.0	0.0	0.0	0.0	0.0	0.0	0.0	0.0	0.0	0.0	0.0	0.0	0.0	0.0	0.0	0.0	0.0	0.0	0.0	0.0	0.0	0.0008585054837494
species|203699|Derxia gummosa	0.0	0.0	0.0	0.0	0.0	0.0	0.0	0.0013469025178163	0.0	0.0	0.0	0.0	0.0	0.0	0.0	0.0	0.0	0.0	0.0	0.0	0.0	0.0	0.0015047352748755	0.0	0.0	0.0	0.0	0.0	0.0	0.0	0.0	0.0	0.0	0.0	0.0	0.0	0.0	0.0	0.0	0.0	0.0	0.0009428238654104	0.0	0.0	0.0	0.0	0.0	0.0	0.0	0.0	0.0	0.0	0.0	0.0	0.0	0.0	0.0	0.0	0.0	0.0	0.0	0.0	0.0	0.0	0.0	0.0	0.0	0.0	0.0	0.0	0.0	0.0	0.0	0.0	0.0	0.0	0.0	0.0	0.0	0.0	0.0	0.0	0.0	0.0	0.0	0.0	0.0	0.0
species|51|Chondromyces apiculatus	0.0	0.0	0.0	0.0	0.0	0.0	0.0	0.0011666166114454	0.0	0.0	0.0	0.0	0.0	0.0	0.0	0.0	0.0	0.0	0.0	0.0008094199664368	0.0	0.0	0.0	0.0	0.0	0.0	0.0	0.0	0.0	0.0	0.0	0.0	0.0	0.0	0.0	0.0	0.0	0.0015662114297498	0.0	0.0	0.0	0.0	0.0	0.0	0.0	0.0	0.0	0.0	0.0	0.0	0.0	0.0	0.0	0.0	0.0	0.0	0.0	0.0	0.0	0.0	0.0	0.0	0.0	0.0	0.0	0.0015417799645633	0.0	0.0	0.0	0.0	0.0	0.0024895896520571	0.0	0.0	0.0	0.0	0.0008837099112148	0.0	0.0	0.0	0.0	0.0	0.0	0.0	0.0	0.0	0.0	0.0
species|1436998|Nitrospira lenta	0.0	0.0	0.0	0.0	0.0	0.0	0.0	0.0007339227570008	0.0	0.0	0.0	0.0018697939230743	0.0	0.0	0.0	0.0	0.0	0.0	0.0	0.0	0.0	0.0	0.0	0.0	0.0016447184772543	0.0	0.0	0.0	0.0	0.0	0.0	0.0	0.0	0.001893672079799	0.0	0.0	0.0023383706612402	0.0	0.0	0.0	0.0	0.0011442342393341	0.0	0.0	0.0	0.0008676433141658	0.0	0.0	0.0	0.0	0.0	0.0	0.0	0.0	0.0	0.0	0.0	0.0	0.0	0.0	0.0	0.0014565605481139	0.0	0.0	0.0011351736422286	0.0	0.0	0.0	0.0	0.0	0.0	0.0	0.0	0.0	0.0	0.0	0.0	0.0	0.0	0.0	0.0	0.0	0.0	0.0	0.0	0.0	0.0	0.0
species|2528009|Planctomycetes bacterium Pla175	0.0	0.0	0.0	0.0	0.0	0.0	0.0	0.00108980089655	0.0	0.0	0.0	0.0	0.0	0.0	0.0	0.0	0.0	0.0	0.0	0.0010527633516667	0.0	0.0013739561191035	0.0	0.0012845603144423	0.0	0.0	0.0	0.0016415044741729	0.0	0.0	0.0	0.0	0.0	0.0	0.0	0.0009741569416166	0.0	0.0	0.0	0.0	0.0022917776776692	0.0012368856743281	0.0	0.0	0.0	0.001135972710681	0.0	0.0	0.0	0.0	0.0	0.0	0.0012237017116897	0.0	0.0	0.0	0.0	0.0	0.0	0.0	0.0	0.0	0.0	0.0	0.0012753532296676	0.0	0.0	0.0	0.0	0.0	0.0	0.0	0.0	0.0	0.0	0.0	0.0	0.0	0.0	0.0	0.0	0.0	0.0	0.0	0.0	0.0	0.0	0.0
species|2057|Sphaerobacter thermophilus	0.0	0.0	0.0	0.0	0.0	0.0	0.0	0.0009365183186235	0.0	0.0	0.0	0.0	0.0	0.0	0.0	0.0	0.0	0.0	0.0	0.00094355297998	0.0	0.0	0.0	0.0007761790878847	0.0	0.0	0.0	0.0	0.0	0.0	0.0	0.0	0.0	0.0	0.0	0.0008590396137117	0.0	0.0	0.0	0.0	0.0	0.0008449994978975	0.0	0.0	0.0	0.0	0.0	0.0	0.0	0.0	0.0	0.0	0.0	0.0	0.0	0.0	0.0	0.0	0.0	0.0	0.0	0.0	0.0	0.0	0.0	0.0	0.0	0.0	0.0	0.0	0.0	0.0	0.0	0.0	0.0	0.0	0.0011815640881706	0.0	0.0	0.0	0.0	0.0	0.0	0.0	0.0	0.0	0.0	0.0
species|120962|Roseiflexus castenholzii	0.0	0.0	0.0	0.0	0.0	0.0	0.0	0.0012530538937705	0.0	0.0	0.0	0.0	0.0	0.0	0.0	0.0	0.0	0.0	0.0	0.0	0.0	0.0	0.0	0.0	0.0	0.0	0.0	0.0	0.0	0.0	0.0	0.0	0.0	0.0	0.0	0.0	0.0	0.0011972064451558	0.0	0.0	0.0	0.0	0.0	0.0	0.0	0.0	0.0	0.0	0.0	0.0	0.0	0.0	0.0014756135405581	0.0	0.0	0.0	0.0	0.0	0.0	0.0	0.0	0.0	0.0	0.0	0.0	0.0	0.0	0.0	0.0	0.0	0.0	0.0	0.0	0.0	0.0	0.0	0.0	0.0	0.0	0.0	0.0	0.0	0.0	0.0	0.0	0.0	0.0	0.0011268512557397
species|443144|Geobacter sp. M21	0.0	0.0	0.0	0.0	0.0	0.0	0.0	0.0010670997456006	0.0	0.0	0.0	0.0	0.0	0.0	0.0	0.0	0.0	0.0	0.0	0.0	0.0	0.0	0.0	0.0	0.0	0.0	0.0	0.0	0.0	0.0	0.0	0.0	0.0	0.0	0.0	0.0	0.0028182743490841	0.0012723709960374	0.0	0.0	0.0	0.0	0.0	0.0	0.0	0.0	0.0014833085955629	0.0	0.0	0.0	0.0	0.0	0.0	0.0	0.0	0.0	0.0	0.0	0.0	0.0	0.0	0.0	0.0	0.0	0.001529392400816	0.0	0.0	0.0	0.0	0.0	0.0	0.0	0.0	0.0	0.0	0.0	0.0	0.0	0.0	0.0	0.0	0.0	0.0	0.0	0.0	0.0	0.0	0.0
species|443143|Geobacter sp. M18	0.0	0.0	0.0	0.0	0.0	0.0	0.0	0.0028013313768123	0.0014001627014716	0.0	0.0	0.0035604015309593	0.0	0.0	0.0	0.0	0.0	0.0	0.0	0.0	0.0	0.0	0.0017753192132939	0.0	0.0	0.0027148452464611	0.0	0.0	0.0	0.0	0.0	0.0	0.0	0.0	0.0	0.0009574843330156	0.0	0.0015045375845531	0.0	0.0	0.0	0.0	0.0	0.0	0.0	0.0	0.0027430481710143	0.0015626045129431	0.0	0.0	0.0	0.0	0.0	0.0	0.0	0.0	0.0	0.0	0.0	0.0	0.0	0.0	0.0	0.0	0.0016566868076531	0.003310181227983	0.0	0.0	0.0	0.0	0.0	0.0	0.0	0.0	0.0	0.0	0.0	0.0	0.0	0.0	0.0027088282276245	0.0	0.0	0.0	0.0	0.0	0.0	0.0
species|2527972|Planctomycetes bacterium Pan181	0.0	0.0	0.0	0.0	0.0	0.0	0.0	0.0006370339219529	0.0	0.0	0.0	0.0	0.0	0.0	0.0	0.0	0.0	0.0	0.0	0.0	0.0	0.0	0.0	0.0	0.0	0.0	0.0	0.0	0.0	0.0	0.0	0.0	0.0	0.0	0.0	0.0	0.0	0.0	0.0	0.0	0.0	0.0	0.0	0.0	0.0	0.0	0.0	0.0	0.0	0.0	0.0	0.0	0.0	0.0	0.0	0.0	0.0	0.0	0.0	0.0	0.0	0.0	0.0	0.0	0.0	0.0	0.0	0.0	0.0	0.0	0.0	0.0	0.0	0.0	0.0	0.0	0.0	0.0	0.0	0.0	0.0	0.0	0.0	0.0	0.0	0.0	0.0	0.0
species|310767|Zoogloea oryzae	0.0	0.0	0.0	0.0	0.0	0.0	0.0	0.0015336253919884	0.0	0.0	0.0	0.0	0.0	0.0	0.0	0.0	0.0	0.0	0.0	0.0	0.0	0.0	0.0	0.0	0.0	0.0	0.0	0.0	0.0	0.0	0.0	0.0	0.0	0.0	0.0	0.0	0.0	0.0	0.0	0.0	0.0	0.0	0.0	0.0	0.0	0.0	0.0	0.0	0.0	0.0	0.0	0.0	0.0	0.0	0.0	0.0	0.0	0.0	0.0	0.0	0.0	0.0	0.0	0.0	0.0	0.0	0.0	0.0	0.0	0.0	0.0	0.0	0.0	0.0	0.0	0.0	0.0	0.0	0.0	0.0	0.0	0.0	0.0	0.0	0.0	0.0	0.0	0.0013038224043083
species|133453|Caldilinea aerophila	0.0	0.0	0.0	0.0	0.0	0.0	0.0	0.0013206984184068	0.0010485298360497	0.0011136343509947	0.0	0.0	0.0	0.0	0.0	0.0	0.0	0.0	0.0	0.0008898984724498	0.0	0.0	0.0	0.0	0.0	0.0	0.0	0.0	0.0	0.0	0.0	0.0	0.0	0.0	0.0	0.0	0.0	0.0	0.0	0.0	0.0	0.001175450079515	0.0	0.0	0.0	0.0011951685717638	0.0011867321511292	0.0	0.0	0.0	0.0	0.0	0.0	0.0	0.0	0.0	0.0	0.0	0.0	0.0	0.0	0.0	0.0	0.0	0.0	0.0	0.0	0.0	0.0	0.0	0.0	0.0	0.0	0.0	0.0	0.0	0.0	0.0	0.0	0.0	0.0	0.0	0.0	0.0	0.0	0.0	0.0	0.0
species|1542737|Marmoricola solisilvae	0.0	0.0	0.0	0.0	0.0	0.0	0.0	0.0016289706162609	0.0009621069551514	0.0	0.0	0.0	0.0	0.0	0.0	0.0	0.0	0.0	0.0	0.0012695275637856	0.0	0.0	0.0	0.0	0.0	0.0	0.001369925630868	0.0	0.0	0.0	0.0	0.0	0.0	0.0	0.0	0.0020048601147544	0.0	0.0021758703293841	0.0	0.0	0.0	0.0020008511055943	0.0027477251060613	0.0	0.0	0.0	0.0	0.0	0.0	0.0	0.0	0.0	0.0	0.0	0.0	0.0	0.0	0.0	0.0	0.0	0.0	0.0017778017263639	0.0	0.0	0.0	0.0016509872911334	0.0	0.0	0.0	0.0	0.0	0.0	0.0	0.0	0.0	0.0	0.0	0.0	0.0	0.0	0.0028667307157381	0.0	0.0	0.0	0.0	0.0	0.0	0.0
species|1082276|Hydrogenispora ethanolica	0.0	0.0	0.0	0.0	0.0	0.0	0.0	0.0009259513981033	0.0007821576004736	0.0009903930036062	0.0	0.0014687632297232	0.0	0.0	0.0	0.0	0.0	0.0	0.0	0.0008737525002434	0.0	0.0	0.0	0.0	0.0	0.0	0.0	0.0	0.0	0.0	0.0	0.0	0.0	0.0	0.0	0.0	0.0	0.001125450180068	0.0	0.0	0.0	0.0007456380176093	0.0	0.0	0.0	0.0	0.0	0.0	0.0	0.0	0.0	0.0	0.0	0.0	0.0	0.0	0.0	0.0	0.0	0.0	0.0	0.0	0.0	0.0	0.0013887312058849	0.0011528910961333	0.0	0.0	0.0	0.0	0.0	0.0	0.0	0.0	0.0	0.0	0.0	0.0	0.0	0.0	0.0	0.0015455950540958	0.0116033755274261	0.0	0.0	0.0	0.0	0.0011805108392358
species|1892554|Adhaeribacter terrae	0.0	0.0	0.0	0.0	0.0	0.0	0.0	0.0010572706725284	0.000995055639119	0.0	0.0	0.001692973502761	0.0	0.0	0.0	0.0	0.0	0.0	0.0	0.0	0.0	0.0	0.0	0.000609432818094	0.0	0.0	0.0	0.0	0.0	0.0	0.0	0.0	0.0	0.001687933709864	0.0	0.0	0.0	0.0008554445254343	0.0	0.0	0.0	0.0009654597093852	0.0	0.0	0.0	0.0014341101909251	0.000981283881309	0.0	0.0	0.0	0.0	0.0	0.0	0.0	0.0	0.0	0.0	0.0	0.0	0.0	0.0	0.0	0.0	0.0	0.0015418834933292	0.0012412208851982	0.0	0.0	0.0	0.0	0.0	0.0	0.0	0.0	0.0	0.0	0.0	0.0	0.0	0.0	0.0014847361232082	0.0	0.0	0.0	0.0	0.0	0.0	0.0
species|2528012|Planctomycetes bacterium Pla86	0.0	0.0	0.0	0.0	0.0	0.0	0.0	0.0009710355446927	0.0	0.0	0.0	0.0	0.0	0.0	0.0	0.0	0.0	0.0	0.0	0.0	0.0	0.0	0.0	0.0	0.0	0.0	0.0	0.0	0.0	0.0	0.0	0.0	0.0	0.0	0.0	0.0013058815737179	0.0	0.0	0.0	0.0	0.0	0.0	0.0	0.0	0.0	0.0007601259647537	0.0	0.0	0.0	0.0	0.0	0.0	0.0	0.0	0.0	0.0	0.0	0.0	0.0	0.0	0.0	0.0	0.0	0.0	0.0	0.0	0.0	0.0	0.0	0.0	0.0	0.0	0.0	0.0	0.0	0.0	0.0	0.0	0.0	0.0	0.0	0.0	0.0	0.0	0.0	0.0	0.0	0.0
species|2528011|Planctomycetes bacterium Pla133	0.0	0.0	0.0	0.0	0.0	0.0	0.0	0.001033688260688	0.0	0.0	0.0	0.0	0.0	0.0	0.0	0.0	0.0	0.0	0.0	0.0	0.0	0.0	0.0	0.0	0.0	0.0	0.0	0.0	0.0	0.0	0.0	0.0	0.0	0.0	0.0	0.0	0.0	0.0	0.0	0.0	0.0	0.0	0.0	0.0	0.0	0.0	0.0	0.0	0.0	0.0	0.0	0.0	0.0	0.0	0.0	0.0	0.0	0.0	0.0	0.0	0.0	0.0	0.0	0.0	0.0	0.0	0.0	0.0	0.0	0.0	0.0	0.0	0.0	0.0	0.0	0.0	0.0	0.0	0.0	0.0	0.002399511057392	0.0	0.0	0.0	0.0	0.0	0.0	0.0
species|1033741|Microvirga massiliensis	0.0	0.0	0.0	0.0	0.0	0.0	0.0	0.0012514771417923	0.0	0.0	0.0	0.0	0.0	0.0	0.0	0.0	0.0	0.0	0.0	0.0008358027008286	0.0	0.0	0.0	0.0007826590293939	0.0	0.0	0.0	0.001044567537415	0.0	0.0	0.0	0.0	0.0	0.0	0.0	0.000942199770047	0.0	0.0	0.0	0.0	0.0	0.0	0.0	0.0	0.0	0.0	0.0011116484342459	0.0013901958147456	0.0	0.0	0.0	0.0	0.0015481094704606	0.0	0.0	0.0	0.0	0.0	0.0	0.0	0.0	0.0	0.0	0.0	0.0	0.0	0.0	0.0	0.0	0.0	0.0	0.0	0.0	0.0	0.0	0.0	0.0008138827096921	0.0	0.0	0.0	0.0	0.0	0.0	0.0	0.0	0.0	0.0	0.0
species|543615|Solitalea koreensis	0.0	0.0	0.0	0.0	0.0	0.0	0.0	0.0011904016039095	0.0	0.0	0.0	0.0017621145375775	0.0	0.0	0.0	0.0	0.0	0.0	0.0	0.0	0.0	0.0	0.0	0.0007200200023027	0.0	0.0	0.0	0.0	0.0	0.0	0.0	0.0	0.0	0.001850138760407	0.0	0.0	0.0013226167494515	0.0	0.0	0.0	0.0	0.0009444748222896	0.0	0.0	0.0	0.0014659572910327	0.0015759195045704	0.0	0.0	0.0	0.0	0.0	0.0	0.0	0.0	0.0	0.0	0.0	0.0	0.0	0.0	0.0	0.001810080757449	0.0	0.0020364795469043	0.0	0.0	0.0	0.0	0.0	0.0	0.0	0.0	0.0	0.0	0.0	0.0	0.0	0.0	0.0	0.0	0.0	0.0	0.0	0.0	0.0	0.0	0.0
species|35830|Hungateiclostridium cellulolyticum	0.0	0.0	0.0	0.0	0.0	0.0	0.0	0.0	0.001773049645574	0.0015189538710708	0.0	0.0	0.0	0.0	0.0	0.0	0.0	0.0	0.0	0.0	0.0	0.0	0.0	0.0	0.0	0.0	0.0	0.0	0.0	0.0	0.0	0.0	0.0	0.0	0.0	0.0	0.0	0.0	0.0	0.0	0.0	0.0009444748222896	0.0	0.0	0.0	0.0	0.0	0.0	0.0	0.0	0.0	0.0	0.0	0.0	0.0	0.0	0.0	0.0	0.0	0.0	0.0	0.0	0.0	0.0	0.0	0.0	0.0	0.0	0.0	0.0	0.0	0.0	0.0	0.0	0.0	0.0	0.0	0.0	0.0	0.0	0.0	0.0	0.006595781233706	0.0	0.0	0.0	0.0	0.0
species|1823759|Desulfuromonas sp. DDH964	0.0	0.0	0.0	0.0	0.0	0.0	0.0	0.0	0.0013042971880121	0.0	0.0	0.0	0.0	0.0	0.0	0.0	0.0	0.0	0.0	0.0	0.0	0.0	0.0	0.0	0.0	0.0	0.0	0.0	0.0	0.0	0.0	0.0	0.0	0.0	0.0	0.0	0.0	0.0	0.0	0.0	0.0	0.0	0.0	0.0	0.0	0.0	0.0	0.0	0.0	0.0	0.0	0.0	0.0	0.0	0.0	0.0	0.0	0.0	0.0	0.0	0.0	0.0	0.0	0.0	0.0	0.0	0.0	0.0	0.0	0.0	0.0	0.0	0.0	0.0	0.0	0.0	0.0	0.0	0.0	0.0	0.0	0.0	0.0	0.0	0.0	0.0	0.0	0.0
species|2527988|Planctomycetes bacterium CA11	0.0	0.0	0.0	0.0	0.0	0.0	0.0	0.0	0.0009699557041781	0.0	0.0	0.0	0.0	0.0	0.0	0.0	0.0	0.0	0.0	0.0	0.0	0.0	0.0	0.0	0.0	0.0	0.0	0.0	0.0	0.0	0.0	0.0	0.0	0.0	0.0	0.0	0.0	0.0	0.0	0.0	0.0	0.0	0.0	0.0	0.0	0.0	0.0	0.0	0.0	0.0	0.0	0.0	0.0	0.0	0.0	0.0	0.0	0.0	0.0	0.0	0.0	0.0	0.0	0.0	0.0	0.0	0.0	0.0	0.0	0.0	0.0	0.0	0.0	0.0	0.0	0.0	0.0	0.0	0.0	0.0	0.0	0.0	0.0	0.0	0.0	0.0	0.0	0.0
species|345632|Geobacter pickeringii	0.0	0.0	0.0	0.0	0.0	0.0	0.0	0.0	0.0010145597080484	0.0	0.0	0.00194576519457	0.0	0.0	0.0	0.0	0.0	0.0	0.0	0.0	0.0	0.0	0.0	0.0	0.0	0.0	0.0	0.0	0.0	0.0	0.0	0.0	0.0	0.0	0.0	0.0	0.0	0.0	0.0	0.0	0.0	0.0	0.0	0.0	0.0	0.0	0.0	0.0	0.0	0.0	0.0	0.0	0.0	0.0	0.0	0.0	0.0	0.0	0.0	0.0	0.0	0.0	0.0	0.0	0.0	0.0	0.0	0.0	0.0	0.0	0.0	0.0	0.0	0.0	0.0	0.0	0.0	0.0	0.0	0.0	0.0	0.0	0.0	0.0	0.0	0.0	0.0	0.0
species|1765049|Azospira sp. I09	0.0	0.0	0.0	0.0	0.0	0.0	0.0	0.0	0.0014634781607449	0.0	0.0	0.0	0.0	0.0	0.0	0.0	0.0	0.0	0.0	0.0	0.0	0.0	0.0	0.0	0.0	0.0	0.0	0.0	0.0	0.0	0.0	0.0	0.0	0.0	0.0	0.0	0.0	0.0	0.0	0.0	0.0	0.0	0.0	0.0	0.0	0.0	0.0	0.0	0.0	0.0	0.0	0.0	0.0	0.0	0.0	0.0	0.0	0.0	0.0	0.0	0.0	0.0	0.0	0.0	0.0	0.0	0.0	0.0	0.0	0.0	0.0	0.0	0.0	0.0	0.0	0.0	0.0	0.0	0.0	0.0	0.0	0.0	0.0	0.0	0.0	0.0	0.0	0.0
species|47496|Pedomicrobium australicum	0.0	0.0	0.0	0.0	0.0	0.0	0.0	0.0	0.0011183719026089	0.001112810505963	0.0	0.0	0.0	0.0	0.0	0.0	0.0	0.0	0.0	0.0010280458390477	0.0	0.0	0.0011578648928511	0.0	0.0	0.0	0.0	0.0013444276599682	0.0	0.0	0.0	0.0	0.0	0.0	0.0	0.0008909323030757	0.0	0.0	0.0	0.0	0.0	0.0006651293554819	0.0	0.0	0.0	0.0007849877104797	0.0	0.0	0.0	0.0	0.0	0.0	0.0	0.0	0.0	0.0	0.0	0.0	0.0	0.0	0.0	0.0009969901625254	0.0	0.0	0.0	0.0	0.0	0.0	0.0	0.0	0.0	0.0	0.0	0.0	0.0	0.0	0.0011361439290583	0.0	0.0	0.0	0.0	0.0	0.0	0.0	0.0	0.0	0.0	0.0013779870579854
species|665099|Cytobacillus oceanisediminis	0.0	0.0	0.0	0.0	0.0	0.0	0.0	0.0	0.0006444161881277	0.0	0.0	0.0	0.0	0.0	0.0	0.0	0.0	0.0	0.0	0.0	0.0	0.0	0.0	0.0	0.0	0.0	0.0	0.0	0.0	0.0	0.0	0.0	0.0	0.0	0.0012714173237404	0.0	0.0	0.0	0.0	0.0	0.0	0.0	0.0	0.0	0.0	0.0	0.0	0.0	0.0	0.0	0.0	0.0	0.0	0.0	0.0	0.0	0.0	0.0	0.0	0.0	0.0	0.0	0.0	0.0	0.0	0.0	0.0	0.0	0.0	0.0	0.0	0.0	0.0	0.0	0.0	0.0	0.0	0.0	0.0	0.0	0.0	0.0	0.0	0.0	0.0	0.0	0.0	0.0
species|550982|Parasegetibacter luojiensis	0.0	0.0	0.0	0.0	0.0	0.0	0.0	0.0	0.0005947573622455	0.0	0.0	0.0	0.0	0.0	0.0	0.0	0.0025927961218294	0.0024259221140415	0.0008922963107931	0.0	0.0	0.0	0.0	0.0005684531214397	0.0	0.0	0.0	0.0	0.0024368795404581	0.0019054750748267	0.0018097727764318	0.0007396513995322	0.0	0.0	0.0	0.0	0.0	0.0	0.0	0.0	0.0	0.0006021810856519	0.0	0.0	0.0	0.0	0.0	0.0	0.0	0.0	0.0	0.0	0.0	0.0	0.0	0.0	0.0013458907474396	0.0	0.0	0.0	0.0	0.0	0.0	0.0	0.0	0.0	0.0	0.0	0.0	0.0	0.0	0.0	0.0021319351565338	0.0019869653844736	0.0	0.0	0.0	0.0016677330279435	0.0	0.0	0.0	0.0	0.0	0.0	0.0045376784092136	0.0020698324680155	0.0	0.0
species|2597769|Geobacter sp. FeAm09	0.0	0.0	0.0	0.0	0.0	0.0	0.0	0.0	0.0012105474700109	0.0	0.0	0.0	0.0	0.0	0.0	0.0	0.0	0.0	0.0	0.0	0.0	0.0	0.0	0.0	0.0	0.0	0.0	0.0	0.0	0.0	0.0	0.0	0.0	0.0	0.0	0.0	0.0	0.0	0.0	0.0	0.0	0.0	0.0	0.0	0.0	0.0	0.0	0.0	0.0	0.0	0.0	0.0	0.0	0.0	0.0	0.0	0.0	0.0	0.0	0.0	0.0	0.0	0.0	0.0	0.0	0.0	0.0	0.0	0.0	0.0	0.0	0.0	0.0	0.0	0.0	0.0	0.0	0.0	0.0	0.0	0.0	0.0	0.0	0.0	0.0	0.0	0.0	0.0
species|1443800|Oryzihumus terrae	0.0	0.0	0.0	0.0	0.0	0.0	0.0	0.0	0.0011424901368322	0.0011226795424283	0.0	0.0	0.0	0.0	0.0	0.0	0.0	0.0	0.0	0.0	0.0	0.0	0.0	0.0	0.0	0.0	0.0	0.0	0.0	0.0	0.0	0.0	0.0	0.0	0.0	0.0	0.0	0.0	0.0	0.0	0.0	0.0	0.0	0.0	0.0	0.0	0.0	0.0	0.0	0.0	0.0	0.0	0.0	0.0	0.0	0.0	0.0	0.0	0.0	0.0	0.0	0.0	0.0	0.0	0.0	0.0	0.0	0.0	0.0	0.0	0.0	0.0	0.0	0.0	0.0	0.0	0.0	0.0	0.0	0.0	0.0	0.0	0.0	0.0	0.0	0.0	0.0	0.0
species|425677|Labrys wisconsinensis	0.0	0.0	0.0	0.0	0.0	0.0	0.0	0.0	0.0009455642984833	0.0	0.0	0.0	0.0	0.0	0.0	0.0	0.0	0.0	0.0	0.0	0.0	0.0	0.0	0.0006645987166756	0.0	0.0	0.0	0.0	0.0	0.0	0.0	0.0	0.0	0.0	0.0	0.0	0.0	0.0	0.0	0.0	0.0	0.0	0.0	0.0	0.0	0.0	0.0	0.0	0.0	0.0	0.0	0.0	0.0	0.0	0.0	0.0	0.0	0.0	0.0	0.0	0.0	0.0	0.0	0.0	0.0	0.0	0.0	0.0	0.0	0.0	0.0	0.0	0.0	0.0	0.0	0.0	0.0	0.0	0.0	0.0	0.0	0.0	0.0	0.0014335648605046	0.0	0.0	0.0	0.0
species|134|Methylocystis parvus	0.0	0.0	0.0	0.0	0.0	0.0	0.0	0.0	0.0	0.0013683976092993	0.0	0.0	0.0	0.0	0.0	0.0	0.0	0.0	0.0	0.0014630049284753	0.0	0.0	0.0	0.0016029977577973	0.0	0.0024241663240271	0.0	0.0	0.0	0.0	0.0	0.0	0.0	0.0	0.0	0.0	0.0	0.0	0.0	0.0	0.0	0.0010639305506916	0.0	0.0	0.0	0.0011458446517707	0.0013338537296314	0.0	0.0	0.0	0.0	0.0	0.001528026791293	0.0	0.0	0.0	0.0	0.0	0.0	0.0	0.0	0.0	0.0	0.0	0.0	0.0	0.0	0.0	0.0	0.0	0.0	0.0	0.0	0.0	0.0	0.0	0.0	0.0	0.0	0.0	0.0	0.0	0.0	0.0	0.0	0.0	0.0	0.001142464589285
species|1300045|Bradyrhizobium americanum	0.0	0.0	0.0	0.0	0.0	0.0	0.0	0.0	0.0	0.0012829890707072	0.0	0.0	0.0	0.0	0.0	0.0	0.0	0.0	0.0	0.000707961941176	0.0	0.0	0.0015328124762834	0.0	0.0	0.0	0.0	0.0	0.0	0.0	0.0	0.0	0.0	0.0	0.0	0.0	0.0	0.0	0.0	0.0	0.0	0.0	0.0013152138255014	0.0	0.0	0.0	0.0	0.0	0.0	0.0	0.0	0.0	0.0	0.0	0.0	0.0	0.0	0.0	0.0	0.0	0.0	0.0	0.0	0.0	0.0	0.0	0.0	0.0	0.0	0.0	0.0	0.0	0.0	0.0	0.0	0.0	0.0	0.0	0.0	0.0	0.0	0.0	0.0	0.0	0.0	0.0	0.0	0.0010495058419063
species|748247|Azoarcus sp. KH32C	0.0	0.0	0.0	0.0	0.0	0.0	0.0	0.0	0.0	0.0010566960130446	0.0	0.0	0.0	0.0	0.0	0.0	0.0	0.0	0.0	0.0	0.0	0.0	0.0	0.0	0.0	0.0	0.0	0.0	0.0	0.0	0.0	0.0005705812439875	0.0	0.0	0.0	0.0019999371143932	0.0	0.0	0.0	0.0	0.0	0.0	0.0	0.0	0.0	0.0	0.0	0.0019049269242878	0.0	0.0	0.0	0.0	0.0	0.0	0.0	0.0	0.0	0.0	0.0	0.0	0.0	0.0	0.0	0.0	0.0	0.0	0.0	0.0	0.0	0.0	0.0	0.0	0.0	0.0	0.0	0.0	0.0	0.0	0.0	0.0	0.0	0.0	0.0	0.0	0.0	0.0	0.0	0.0
species|441950|Bradyrhizobium iriomotense	0.0	0.0	0.0	0.0	0.0	0.0	0.0	0.0	0.0	0.0010015629943163	0.0	0.0	0.0	0.0	0.0	0.0	0.0	0.0	0.0	0.0009049314645476	0.0	0.0	0.0	0.0	0.0	0.0	0.0	0.0	0.0	0.0	0.0	0.0	0.0	0.0	0.0	0.0	0.0	0.0	0.0	0.0	0.0	0.0009010371501857	0.0	0.0	0.0	0.0	0.0	0.0	0.0	0.001354896977821	0.0	0.0	0.0	0.0	0.0	0.0	0.0	0.0	0.0	0.0	0.0	0.0	0.0	0.0	0.0	0.0	0.0	0.0	0.0	0.0008032658561506	0.0	0.0	0.0	0.0	0.0	0.0	0.0009599187520639	0.0	0.0	0.0	0.0	0.0	0.0	0.0	0.0	0.0	0.0	0.0
species|556890|Patulibacter ginsengiterrae	0.0	0.0	0.0	0.0	0.0	0.0	0.0	0.0	0.0	0.0012394846435718	0.0	0.0	0.0	0.0	0.0	0.0	0.0	0.0	0.0	0.0	0.0	0.0	0.0	0.0	0.0	0.0	0.0	0.0	0.0	0.0	0.0	0.0	0.0	0.0	0.0	0.0	0.0	0.0	0.0	0.0	0.0	0.0	0.0	0.0	0.0	0.0	0.0	0.0	0.0007825296352923	0.0	0.0	0.0	0.0	0.0	0.0	0.0	0.0	0.0	0.0	0.0	0.0	0.0	0.0	0.0	0.0	0.0	0.0	0.0	0.0	0.0	0.0	0.0	0.0	0.0	0.0	0.0	0.0	0.0	0.0	0.0	0.0	0.0	0.0	0.0	0.0	0.0	0.0	0.000815269614754
species|92644|Streptomyces malaysiensis	0.0	0.0	0.0	0.0	0.0	0.0	0.0	0.0	0.0	0.0025499244541986	0.0	0.0	0.0	0.0	0.0	0.0	0.0	0.0	0.0	0.0018558632790345	0.0	0.0	0.0	0.0	0.0	0.0	0.0	0.0	0.0	0.0	0.0	0.0	0.0	0.0	0.0	0.0	0.0	0.0	0.0	0.0	0.0	0.0	0.0	0.0	0.0	0.0	0.0	0.0	0.0026097290734164	0.0	0.0	0.0	0.0	0.0	0.0	0.0	0.0	0.0	0.0	0.0	0.0	0.0	0.0	0.0	0.0	0.0	0.0	0.0	0.0	0.0	0.0	0.0	0.0	0.0	0.0	0.0	0.0028613709048693	0.0	0.0	0.0	0.0	0.0	0.0	0.0	0.0	0.0	0.0	0.0027425973142618
species|121292|Pseudarthrobacter sulfonivorans	0.0	0.0	0.0	0.0	0.0	0.0	0.0	0.0	0.0	0.0029718663322445	0.0	0.0	0.0	0.0	0.0	0.0	0.0	0.0	0.0	0.0	0.0	0.0	0.0	0.0	0.0	0.0	0.0	0.0	0.0	0.0	0.0	0.0	0.0	0.0	0.0	0.0	0.0	0.0	0.0	0.0	0.0	0.0	0.0	0.0	0.0	0.0	0.0	0.0	0.0	0.0	0.0	0.0	0.0	0.0	0.0	0.0	0.0	0.0	0.0	0.0	0.0	0.0	0.0	0.0	0.0	0.0	0.0	0.0	0.0	0.0	0.0	0.0	0.0	0.0	0.0	0.0	0.0023411578131354	0.0	0.0	0.0	0.0	0.0	0.0	0.0	0.0	0.0	0.0	0.0
species|644383|Thermosporothrix hazakensis	0.0	0.0	0.0	0.0	0.0	0.0	0.0	0.0	0.0	0.0012651474024913	0.0	0.0	0.0	0.0	0.0	0.0	0.0	0.0	0.0	0.0	0.0	0.0024559933229354	0.0	0.0011739001734173	0.0	0.0	0.0	0.0024322737569163	0.0	0.0	0.0	0.0	0.0	0.0	0.0	0.0018435828967996	0.0	0.0	0.0	0.0	0.0	0.0010908817552074	0.0	0.0	0.0	0.0011263556047475	0.0	0.0017294043559595	0.0	0.0	0.0	0.0	0.0015091615638625	0.0	0.0	0.0	0.0	0.0	0.0	0.0	0.0	0.0018963653562418	0.0	0.0	0.0	0.0	0.0	0.0	0.0	0.0	0.0	0.0	0.0	0.0	0.0	0.0	0.0	0.0	0.0	0.0	0.0	0.0	0.0	0.0	0.0	0.0	0.0	0.0007512168449876
species|34073|Variovorax paradoxus	0.0	0.0	0.0	0.0	0.0	0.0	0.0	0.0	0.0	0.0	0.0019356838015829	0.0	0.0	0.0	0.0	0.0	0.0022536665950751	0.0022640915850655	0.0027453450377138	0.0	0.0	0.0	0.0	0.0	0.0	0.0	0.0	0.0	0.0	0.0	0.0025145866270208	0.001534700015022	0.0	0.0	0.0	0.0	0.0	0.0	0.0	0.0	0.0	0.0	0.0	0.0	0.0015125609776067	0.0	0.0	0.0	0.0	0.0028248508406594	0.0	0.0	0.0	0.0	0.0	0.0	0.0	0.0	0.0	0.0	0.0	0.0	0.0	0.0	0.0	0.0	0.0	0.0	0.0	0.0011558459020652	0.0	0.0016700982912648	0.0	0.0	0.0	0.0013547289195554	0.0	0.0	0.0	0.0	0.0	0.0	0.0	0.0	0.0	0.0	0.0024701291193528	0.0
species|363844|Variovorax ginsengisoli	0.0	0.0	0.0	0.0	0.0	0.0	0.0	0.0	0.0	0.0	0.0016404910158111	0.0	0.0	0.0	0.0	0.0	0.0	0.0	0.0	0.0	0.0	0.0	0.0	0.0	0.0	0.0	0.0	0.0	0.0	0.0	0.0	0.0	0.0	0.0032437790838813	0.0	0.0	0.0	0.0	0.0	0.0	0.0	0.0	0.0	0.0	0.0	0.0	0.0	0.0	0.0	0.0	0.0	0.0	0.0	0.0	0.0	0.0	0.0	0.0	0.0	0.0	0.0	0.0	0.0	0.0	0.0	0.0	0.0	0.0	0.0	0.0	0.0	0.0	0.0	0.0	0.0	0.0	0.0	0.0	0.0	0.0	0.0	0.0	0.0	0.0	0.0	0.0	0.0	0.0
species|394093|Cystobacter miniatus	0.0	0.0	0.0	0.0	0.0	0.0	0.0	0.0	0.0	0.0	0.0011053860029563	0.0	0.0018590649641051	0.0	0.0013877481274111	0.0009244152974929	0.0009886048697119	0.0	0.0015955631437471	0.0	0.0	0.0	0.0	0.0	0.0	0.0	0.0008243962662648	0.0	0.0	0.0	0.0	0.0	0.0	0.0	0.0	0.0	0.0	0.0	0.0	0.0011624543396989	0.0	0.0	0.0	0.0	0.0	0.0	0.0	0.0	0.0	0.0016234988685785	0.0	0.0	0.0	0.0012578273951884	0.0017995124184974	0.0017631680077435	0.0	0.0016724808556502	0.0	0.0	0.0	0.0	0.0	0.0	0.0	0.0	0.0	0.0020805469861074	0.0008026930894077	0.0013089122788633	0.0016994235939671	0.000917252141185	0.0018291327312834	0.0	0.0	0.0021974626626652	0.0	0.0007063544225797	0.0	0.0	0.0	0.0	0.0	0.0	0.0	0.0	0.0	0.0
species|380|Sinorhizobium fredii	0.0	0.0	0.0	0.0	0.0	0.0	0.0	0.0	0.0	0.0	0.001326832592154	0.0	0.0	0.0	0.001283085188011	0.0019158584309173	0.0022579347336573	0.0015826485192098	0.0012112608551822	0.0	0.0	0.0	0.0	0.0	0.0	0.0	0.0	0.0	0.0	0.0013036129320288	0.0	0.0	0.0	0.0	0.0	0.0	0.0	0.0	0.0	0.0	0.0	0.0	0.0	0.0	0.0	0.0	0.0	0.0	0.0	0.0012496050708223	0.0	0.0	0.0	0.0	0.0	0.0	0.0	0.0	0.0	0.0	0.0	0.0	0.0	0.0	0.0	0.0	0.0	0.0	0.0	0.0	0.0	0.0022845618578492	0.0	0.0	0.0	0.0014817200103736	0.0	0.0	0.0	0.0	0.0	0.0	0.0	0.0	0.0	0.0	0.0	0.0
species|1165507|Luteimonas vadosa	0.0	0.0	0.0	0.0	0.0	0.0	0.0	0.0	0.0	0.0	0.0010480962381474	0.0	0.0	0.0	0.0	0.0	0.0	0.0008790710509083	0.0	0.0	0.0	0.0	0.0	0.0	0.0	0.0	0.0	0.0	0.0	0.0	0.0	0.0	0.0	0.0	0.0	0.0	0.0	0.0	0.0	0.0	0.0	0.0	0.0	0.0	0.0	0.0	0.0	0.0	0.0	0.0	0.0	0.0	0.0	0.0	0.0	0.0	0.002423956488408	0.0	0.0	0.0	0.0	0.0	0.0	0.0	0.0	0.0	0.0	0.0	0.0010749866451799	0.0	0.0	0.0	0.0	0.0	0.0	0.0009758101111876	0.0	0.0	0.0	0.0	0.0	0.0	0.0	0.0	0.0	0.0	0.0	0.0
species|358|Agrobacterium tumefaciens	0.0	0.0	0.0	0.0	0.0	0.0	0.0	0.0	0.0	0.0	0.0021515176078807	0.0	0.0	0.0	0.0	0.0	0.0024861110738355	0.0019295363478386	0.0	0.0	0.0	0.0	0.0	0.0	0.0	0.0	0.0045101618682801	0.0	0.0018661413201809	0.0034014723634208	0.0	0.0029645331132363	0.0	0.0	0.0	0.0	0.0	0.0	0.0	0.0018225015531358	0.0	0.0	0.0	0.0039285724193018	0.0014755277814326	0.0	0.0	0.0	0.0	0.0032331134830122	0.0025232036907052	0.0	0.0	0.0	0.002592256129963	0.0029469933264628	0.0	0.0	0.0	0.0	0.0	0.0	0.0	0.0	0.0	0.0	0.0	0.0033150336551213	0.0	0.0	0.0	0.0	0.0	0.0033000763524946	0.0	0.0	0.0	0.0012083823094951	0.0022710373070076	0.003242922590088	0.0	0.0	0.0	0.0	0.0021044275341766	0.004050870640856	0.0	0.0
species|1280370|Tumebacillus lipolyticus	0.0	0.0	0.0	0.0	0.0	0.0	0.0	0.0	0.0	0.0	0.0030884545810223	0.0	0.0013795321354059	0.0	0.0010769342212979	0.0009805715163098	0.0	0.0	0.0	0.0	0.0	0.0	0.0	0.0	0.0	0.0	0.001051252472198	0.0	0.0009199099422159	0.0	0.0	0.0011444049166982	0.0	0.0	0.0	0.0	0.0	0.0	0.0	0.002847933326614	0.0	0.0	0.0	0.0	0.0013684828985021	0.0	0.0	0.0	0.0	0.0	0.0	0.0	0.0	0.0025135004651238	0.0118903651407616	0.0014634776492347	0.0	0.0050014983256205	0.0	0.0	0.0	0.0	0.0	0.0	0.0	0.0	0.0	0.0	0.0	0.0	0.0011536432378405	0.0025985866380454	0.0	0.0	0.0	0.0	0.0	0.0	0.0010046760692463	0.0	0.0	0.0	0.0	0.0	0.0	0.0	0.0	0.0
species|311235|Dyella koreensis	0.0	0.0	0.0	0.0	0.0	0.0	0.0	0.0	0.0	0.0	0.0022933177740542	0.0	0.0	0.0	0.0	0.0	0.0	0.0	0.0020121008752337	0.0	0.0	0.0	0.0	0.0	0.0	0.0	0.0	0.0	0.0	0.0	0.0	0.0	0.0	0.0	0.0	0.0	0.0	0.0	0.0	0.0	0.0	0.0	0.0	0.0	0.0	0.0	0.0	0.0	0.0	0.0021237937409233	0.0029262344772703	0.0	0.0	0.0	0.0	0.0	0.0	0.0	0.0	0.0	0.0	0.0	0.0	0.0	0.0	0.0	0.0	0.0021806467017096	0.0019362203713149	0.0	0.0	0.0	0.0	0.0	0.0	0.001455520616259	0.0	0.0	0.0	0.0	0.0	0.0	0.0	0.0	0.0	0.0	0.0	0.0
species|1920170|Dyella flava	0.0	0.0	0.0	0.0	0.0	0.0	0.0	0.0	0.0	0.0	0.0016868515727856	0.0	0.0	0.0	0.0	0.0	0.0	0.0	0.0	0.0	0.0	0.0	0.0	0.0	0.0	0.0	0.0	0.0	0.0	0.0	0.0	0.0	0.0	0.0	0.0	0.0	0.0	0.0	0.0	0.0	0.0	0.0	0.0	0.0	0.0	0.0	0.0	0.0	0.0	0.0	0.0	0.0	0.0	0.0	0.0	0.0	0.0	0.0	0.0	0.0	0.0	0.0	0.0	0.0	0.0	0.0	0.0	0.0016953657025718	0.0	0.0	0.0	0.0	0.0	0.0	0.0	0.0	0.0	0.0	0.0	0.0	0.0	0.0	0.0	0.0	0.0	0.0	0.0	0.0
species|1379159|Dyella jiangningensis	0.0	0.0	0.0	0.0	0.0	0.0	0.0	0.0	0.0	0.0	0.004059810805701	0.0	0.0	0.0	0.0	0.0	0.0	0.0	0.0	0.0	0.0	0.0	0.0	0.0	0.0	0.0	0.0	0.0	0.0	0.0	0.0	0.0	0.0	0.0	0.0	0.0	0.0	0.0	0.0	0.002325811296497	0.0	0.0	0.0	0.0	0.0	0.0	0.0	0.0	0.0	0.0	0.0	0.0	0.0	0.0	0.0	0.0	0.0	0.0	0.0	0.0	0.0	0.0	0.0	0.0	0.0	0.0	0.0	0.0030957913462762	0.0	0.0	0.0	0.0	0.0	0.0	0.0	0.0	0.0	0.0	0.0	0.0	0.0	0.0	0.0	0.0	0.0	0.0	0.0	0.0
species|231455|Dyella japonica	0.0	0.0	0.0	0.0	0.0	0.0	0.0	0.0	0.0	0.0	0.0013947469075233	0.0	0.0	0.0	0.0	0.0	0.0	0.0	0.0010372155461341	0.0	0.0	0.0	0.0	0.0	0.0	0.0	0.0	0.0	0.0	0.0	0.0	0.0	0.0	0.0	0.0	0.0	0.0	0.0	0.0	0.0	0.0	0.0	0.0	0.0	0.0	0.0	0.0	0.0	0.0	0.0	0.0	0.0	0.0	0.0	0.0	0.0	0.0	0.0	0.0	0.0	0.0	0.0	0.0	0.0	0.0	0.0	0.0	0.0025816827129228	0.0	0.0	0.0	0.0	0.0	0.0	0.0	0.0	0.0	0.0	0.0	0.0	0.0	0.0	0.0	0.0	0.0	0.0	0.0	0.0
species|2493668|Mesorhizobium sp. M9A.F.Ca.ET.002.03.1.2	0.0	0.0	0.0	0.0	0.0	0.0	0.0	0.0	0.0	0.0	0.0018705167263106	0.0	0.0	0.0	0.0022127153590623	0.0021602023393291	0.0015486779952754	0.0	0.0017766995688336	0.0	0.0	0.0	0.0	0.0	0.0	0.0	0.0	0.0	0.0	0.0	0.0	0.0	0.0	0.0	0.0	0.0	0.0	0.0	0.0	0.0	0.0	0.0	0.0	0.0	0.0	0.0	0.0	0.0	0.0	0.0030913526283936	0.0038836373803832	0.002458254346167	0.0	0.003016929561999	0.0024086775069112	0.0026487967259566	0.0034579879318105	0.0	0.0	0.0	0.0	0.0	0.0	0.0	0.0	0.0	0.0	0.0016590690245447	0.0017004650435912	0.0012094254375579	0.0	0.0016658196427245	0.0	0.0	0.0	0.0015058498261906	0.0	0.0020418788826863	0.0	0.0	0.0	0.0	0.0	0.0	0.0	0.0	0.0	0.0
species|1706829|Sediminibacterium aquarii	0.0	0.0	0.0	0.0	0.0	0.0	0.0	0.0	0.0	0.0	0.0015351276312347	0.0	0.0	0.0016691688841274	0.0017615322981711	0.0	0.0	0.0012122050007266	0.0	0.0	0.0	0.0	0.0	0.0	0.0	0.0	0.0031513892418486	0.0	0.001502142845186	0.0021475405223038	0.0	0.0012846448803299	0.0	0.0	0.0	0.0	0.0	0.0	0.0	0.0013314693954381	0.0	0.0	0.0	0.0	0.0019491516016788	0.0	0.0	0.0	0.0	0.0	0.0	0.0	0.0	0.0	0.0	0.0	0.0	0.0	0.0	0.0	0.0	0.0	0.0	0.0	0.0	0.0	0.0	0.0	0.0	0.0	0.0	0.0	0.0	0.0	0.0	0.0006625212766954	0.0	0.001282516499285	0.0023670242710312	0.0	0.0	0.0	0.0	0.0	0.0022079712555594	0.0	0.0	0.0
species|33|Myxococcus fulvus	0.0	0.0	0.0	0.0	0.0	0.0	0.0	0.0	0.0	0.0	0.0008355568062151	0.0	0.0025307628488051	0.0	0.0	0.0	0.0	0.0013494092631977	0.0024188719189762	0.0	0.0	0.0	0.0	0.0	0.0	0.0	0.0012583745368204	0.0	0.0	0.0	0.0	0.0	0.0	0.0	0.0	0.0	0.0	0.0	0.0	0.0	0.0	0.0	0.0	0.0	0.0	0.0	0.0	0.0	0.0	0.0014974605698603	0.0018252663450326	0.0	0.0	0.0	0.0	0.0015351430649142	0.0033915289214266	0.0014939326175557	0.0	0.0	0.0	0.0	0.0	0.0	0.0	0.0	0.0	0.0010503034922582	0.0009558701856697	0.0021073224814482	0.001433081922768	0.0012917968978704	0.0	0.0	0.0	0.0011564737389801	0.0	0.0	0.0	0.0	0.0	0.0	0.0	0.0	0.0	0.0	0.0	0.0
species|184914|Corallococcus coralloides	0.0	0.0	0.0	0.0	0.0	0.0	0.0	0.0	0.0	0.0	0.0009566474495764	0.0	0.0	0.0	0.0010377112785151	0.00123161077779	0.0	0.0	0.0	0.0	0.0	0.0	0.0	0.0	0.0	0.0	0.0	0.0	0.0	0.0	0.0	0.0	0.0	0.0	0.0	0.0	0.0	0.0	0.0	0.0009130991591302	0.0	0.0	0.0	0.0	0.0	0.0	0.0	0.0	0.0	0.0	0.0	0.0	0.0	0.0016981078698237	0.0016453271504687	0.0	0.00117831257695	0.0014998081718202	0.0	0.0	0.0	0.0	0.0	0.0	0.0	0.0	0.0	0.0012218939691618	0.0011260706938262	0.0007805057933431	0.001902641907933	0.0	0.0	0.002064279436065	0.0	0.0015521075440733	0.0	0.0008088803208852	0.0	0.0	0.0	0.0	0.0	0.0	0.0	0.0	0.0	0.0
species|354197|Arenimonas malthae	0.0	0.0	0.0	0.0	0.0	0.0	0.0	0.0	0.0	0.0	0.0013965973647943	0.0	0.0	0.0013307074966564	0.0	0.0	0.0	0.0	0.0013710822634137	0.0	0.0	0.0	0.0	0.0	0.0	0.0	0.0	0.0	0.0	0.0012168095993068	0.0	0.0	0.0	0.0	0.0	0.0	0.0	0.0	0.0	0.0010926321819633	0.0	0.0	0.0	0.0	0.0	0.0	0.0	0.0	0.0	0.0010965230051104	0.0	0.0	0.0	0.0	0.0	0.0	0.0	0.0	0.0	0.0	0.0	0.0	0.0	0.0	0.0	0.0	0.0	0.0	0.0013011953690176	0.001224859615174	0.0	0.0	0.0017334773626957	0.0	0.0	0.0007686626933745	0.0	0.0018279893963385	0.0	0.0	0.0	0.0	0.0	0.0	0.0	0.0	0.0	0.0
species|80879|Curvibacter delicatus	0.0	0.0	0.0	0.0	0.0	0.0	0.0	0.0	0.0	0.0	0.0015262490977631	0.0	0.0025669129520558	0.0032691745702181	0.0030616368093584	0.0	0.0012335499810059	0.0	0.0022596201287722	0.0	0.0	0.0	0.0	0.0	0.0	0.0	0.0015839051833355	0.0	0.0021060946625671	0.0020062693377357	0.0	0.0013203667884481	0.0	0.0	0.0	0.0	0.0	0.0	0.0	0.0012917169962473	0.0	0.0	0.0	0.0	0.0011058930351916	0.0	0.0	0.0	0.0	0.0015688472737613	0.0	0.0029604946494459	0.0	0.0	0.0	0.0031550524194394	0.0	0.0	0.0	0.0	0.0	0.0	0.0	0.0	0.0	0.0	0.0	0.0021848778463506	0.0025382978434685	0.0026590602256	0.0027851304143022	0.0021572950366327	0.0	0.0	0.0	0.0013457606382839	0.0	0.0014538836572367	0.0014209046360209	0.0	0.0	0.0	0.0	0.0	0.0	0.0016366479733065	0.0	0.0
species|1572859|Gellertiella hungarica	0.0	0.0	0.0	0.0	0.0	0.0	0.0	0.0	0.0	0.0	0.0014994759350601	0.0	0.0	0.001221862778123	0.0	0.0	0.0	0.0	0.0	0.0	0.0	0.0	0.0	0.0	0.0	0.0	0.0	0.0	0.0	0.0011603393688905	0.0	0.0	0.0	0.0	0.0	0.0	0.0	0.0	0.0	0.0	0.0	0.0	0.0	0.0	0.0	0.0	0.0	0.0	0.0	0.0	0.0	0.0	0.0	0.0	0.0	0.0	0.0	0.0	0.0	0.0	0.0	0.0	0.0	0.0	0.0	0.0	0.0	0.0	0.0	0.0	0.0	0.0	0.0	0.0	0.0	0.0	0.0	0.0	0.0	0.0	0.0	0.0	0.0	0.0	0.0	0.0	0.0	0.0
species|529810|Dokdonella soli	0.0	0.0	0.0	0.0	0.0	0.0	0.0	0.0	0.0	0.0	0.0011779582417256	0.0	0.0	0.0009257490024289	0.0	0.0014984110688393	0.0	0.0	0.0010996816873261	0.0	0.0	0.0	0.0	0.0	0.0	0.0	0.0	0.0	0.0	0.0	0.0	0.0	0.0	0.0	0.0	0.0	0.0	0.0	0.0	0.0	0.0	0.0	0.0	0.0	0.0	0.0008552131850105	0.0	0.0	0.0	0.0016207171016066	0.0	0.0	0.0	0.0	0.0	0.0	0.0	0.0	0.0	0.0	0.0	0.0	0.0	0.0	0.0	0.0	0.0	0.0	0.0010765359200235	0.0	0.0	0.0	0.0	0.0	0.0	0.0008145343064325	0.0	0.0017059372286482	0.0	0.0	0.0	0.0	0.0	0.0	0.0	0.0	0.0	0.0
species|1141845|Dokdonella kunshanensis	0.0	0.0	0.0	0.0	0.0	0.0	0.0	0.0	0.0	0.0	0.001187028947602	0.0	0.0	0.0	0.0	0.0011390918070878	0.0	0.0	0.0009436940581949	0.0	0.0	0.0	0.0	0.0	0.0	0.0	0.0	0.0	0.0	0.0	0.0	0.0	0.0	0.0	0.0	0.0	0.0	0.0	0.0	0.0008353296786742	0.0	0.0	0.0	0.0	0.0	0.0	0.0	0.0	0.0	0.0	0.0	0.0	0.0	0.0	0.0	0.0	0.0	0.0	0.0	0.0	0.0	0.0	0.0	0.0	0.0	0.0	0.0	0.0	0.0007789250910464	0.0008673984006733	0.0	0.0	0.0	0.0	0.0	0.0	0.0	0.0	0.0	0.0	0.0	0.0	0.0	0.0	0.0	0.0	0.0	0.0
species|1329367|Arenimonas taoyuanensis	0.0	0.0	0.0	0.0	0.0	0.0	0.0	0.0	0.0	0.0	0.000848171957367	0.0	0.0	0.0	0.0	0.0	0.0	0.0	0.0	0.0	0.0	0.0	0.0	0.0	0.0	0.0	0.0	0.0	0.0	0.0009836563912779	0.0	0.0	0.0	0.0	0.0	0.0	0.0	0.0	0.0	0.0	0.0	0.0	0.0	0.0	0.0	0.0	0.0	0.0	0.0	0.0	0.0	0.0	0.0	0.0	0.0	0.0	0.0	0.0	0.0	0.0	0.0	0.0	0.0	0.0	0.0	0.0	0.0	0.0	0.0	0.0	0.0	0.0	0.0	0.0	0.0	0.0010819109366551	0.0	0.0	0.0	0.0	0.0	0.0	0.0	0.0	0.0	0.0	0.0	0.0
species|1214604|Tumebacillus algifaecis	0.0	0.0	0.0	0.0	0.0	0.0	0.0	0.0	0.0	0.0	0.0038197371299256	0.0	0.0018766283645221	0.0	0.0019241674321944	0.0008121495895701	0.0	0.0	0.0013747706066993	0.0006776742920012	0.0	0.0	0.0	0.0	0.0	0.0	0.0019571450294166	0.0	0.0013963495079884	0.0	0.0	0.0019514816032007	0.0	0.0	0.0	0.0	0.0	0.0	0.0	0.0058146688653778	0.0	0.0	0.0	0.0	0.0010825785925279	0.0	0.0	0.0	0.0	0.0	0.0	0.0	0.0	0.0020070299175525	0.0152849507249196	0.0021492032081118	0.0	0.0115274258500831	0.0	0.0	0.0	0.0	0.0	0.0	0.0	0.0	0.0	0.0	0.0	0.0010079639383672	0.0047332004051609	0.0034091285536553	0.0	0.0	0.0	0.0	0.0	0.0	0.0	0.0	0.0	0.0	0.0030327260865492	0.0	0.0	0.0	0.0	0.0
species|529704|Frateuria terrea	0.0	0.0	0.0	0.0	0.0	0.0	0.0	0.0	0.0	0.0	0.0017102411561103	0.0	0.0	0.0	0.0	0.0019065174808937	0.0	0.0	0.0	0.0	0.0	0.0	0.0	0.0	0.0	0.0	0.0	0.0	0.0	0.0	0.0	0.0	0.0	0.0	0.0	0.0	0.0	0.0	0.0	0.0016994815681099	0.0	0.0	0.0	0.0	0.00118285141353	0.0	0.0	0.0	0.0	0.0016956662581871	0.0	0.0	0.0	0.0	0.0	0.0	0.0	0.0	0.0	0.0	0.0	0.0	0.0	0.0	0.0	0.0	0.0	0.0	0.0011368902090029	0.0	0.0	0.0	0.0	0.0	0.0	0.0	0.0	0.0	0.0	0.0	0.0	0.0	0.0	0.0	0.0	0.0	0.0	0.0
species|381431|Panacagrimonas perspica	0.0	0.0	0.0	0.0	0.0	0.0	0.0	0.0	0.0	0.0	0.0009041591330064	0.0	0.0	0.0	0.0	0.0	0.0	0.0	0.0	0.0	0.0	0.0	0.0	0.0	0.0	0.0	0.0	0.0	0.0	0.0	0.0	0.0	0.0	0.0	0.0	0.0	0.0	0.0	0.0	0.0	0.0	0.0	0.0	0.0	0.0	0.0	0.0	0.0	0.0	0.0	0.0	0.0	0.0	0.0	0.0	0.0	0.0	0.0	0.0	0.0	0.0	0.0	0.0	0.0	0.0	0.0	0.0	0.0	0.0	0.0009379397532744	0.0024141470919597	0.001879374653044	0.0	0.0	0.0	0.0007633118085789	0.0	0.0	0.0	0.0	0.0	0.0	0.0	0.0	0.0	0.0	0.0	0.0
species|1720254|Lysobacter humi Lee et al. 2017	0.0	0.0	0.0	0.0	0.0	0.0	0.0	0.0	0.0	0.0	0.0013579295674033	0.0	0.0	0.0013481464143038	0.0	0.0	0.0	0.0	0.0	0.0	0.0	0.0	0.0	0.0	0.0	0.0	0.0	0.0	0.0	0.0012026134633474	0.0	0.0006992417487415	0.0	0.0	0.0	0.0	0.0	0.0	0.0	0.0010799163820076	0.0	0.0	0.0	0.0	0.0	0.0	0.0	0.0	0.0	0.0	0.0	0.0	0.0	0.0	0.0	0.0	0.0	0.0	0.0	0.0	0.0	0.0	0.0	0.0	0.0	0.0	0.0	0.0	0.0011890865962568	0.0010635429108866	0.0	0.0	0.0	0.0	0.0	0.0	0.0	0.0007947141195979	0.0011017011493994	0.0	0.0	0.0	0.0	0.0	0.0	0.0	0.0	0.0
species|2290922|Lysobacter sp. TY2-98	0.0	0.0	0.0	0.0	0.0	0.0	0.0	0.0	0.0	0.0	0.0009043978126961	0.0	0.002098801822547	0.002728221809739	0.0026110268211286	0.0012469420711265	0.0007511741134637	0.0010294224157377	0.0	0.0	0.0	0.0	0.0	0.0	0.0	0.0	0.0	0.0	0.0010181252144558	0.0011584862512512	0.0	0.0020328734513234	0.0	0.0	0.0	0.0	0.0	0.0	0.0	0.0014135365519009	0.0	0.0	0.0	0.0	0.0012633849566056	0.0	0.0	0.0	0.0	0.0	0.0017241223494322	0.0	0.0	0.0	0.0	0.0	0.0	0.0	0.0	0.0	0.0	0.0	0.0	0.0	0.0	0.0	0.0	0.0	0.0011583093625951	0.0024088394003127	0.0	0.0011629107858729	0.0012888355391768	0.0	0.0	0.0006760627420634	0.0	0.0007995273830615	0.0028696537375948	0.0	0.0	0.0	0.0	0.0	0.0	0.0014979003246621	0.0	0.0
species|2029860|Tundrisphaera lichenicola	0.0	0.0	0.0	0.0	0.0	0.0	0.0	0.0	0.0	0.0	0.0011753362457631	0.0	0.0	0.0	0.0	0.0	0.0	0.0	0.0	0.0	0.0	0.0	0.0	0.0	0.0	0.0	0.0	0.0	0.0	0.0	0.0	0.0	0.0	0.0	0.0	0.0	0.0	0.0	0.0	0.0006755622784709	0.0	0.0	0.0	0.0	0.0	0.0	0.0	0.0	0.0	0.0	0.0	0.0	0.0	0.0	0.0	0.0	0.0	0.0	0.0	0.0	0.0	0.0	0.0	0.0	0.0	0.0	0.0	0.0	0.0	0.0	0.0	0.0	0.0	0.0	0.0	0.0	0.0	0.0	0.0	0.0	0.0	0.0	0.0	0.0	0.0	0.0	0.0	0.0
species|71433|Mesorhizobium amorphae	0.0	0.0	0.0	0.0	0.0	0.0	0.0	0.0	0.0	0.0	0.0017536107616839	0.0	0.0032930845222011	0.0	0.0015582944407403	0.0014160439991697	0.0011840973990375	0.0	0.0	0.0	0.0	0.0	0.0	0.0	0.0	0.0	0.0	0.0	0.0	0.0	0.0	0.0	0.0	0.0	0.0	0.0	0.0	0.0	0.0	0.0018786395516876	0.0	0.002133741984449	0.0018955175668593	0.0	0.0	0.0014659327063304	0.0	0.0	0.0013108243883899	0.0038232484766634	0.0	0.0039490604673088	0.0	0.0034817386042926	0.0017944311661615	0.0	0.0	0.0	0.0	0.0	0.0	0.0	0.0	0.0	0.0	0.0	0.0	0.0020590284444501	0.0014847177534462	0.0021540566573571	0.0	0.0016029342305307	0.0028653460660814	0.0	0.0	0.001941026192995	0.0	0.0	0.0	0.0	0.0	0.0	0.0	0.0	0.0	0.0	0.0	0.0
species|2066070|Mesorhizobium japonicum	0.0	0.0	0.0	0.0	0.0	0.0	0.0	0.0	0.0	0.0	0.0010570115802465	0.0	0.0	0.0	0.0	0.0	0.0	0.0	0.0	0.0	0.0	0.0	0.0	0.0	0.0	0.0	0.0	0.0	0.0	0.0	0.0	0.0	0.0	0.0	0.0	0.0	0.0	0.0	0.0	0.0	0.0	0.0	0.0	0.0	0.0	0.0	0.0	0.0	0.0	0.0015046828383825	0.0041092391408728	0.0	0.0	0.0	0.0	0.0	0.0	0.0	0.0	0.0	0.0	0.0	0.0	0.0	0.0	0.0	0.0	0.0	0.0	0.0	0.0	0.0	0.0	0.0	0.0	0.0	0.0	0.0	0.0	0.0	0.0	0.0	0.0	0.0	0.0	0.0	0.0	0.0
species|371145|Lysobacter daecheongensis	0.0	0.0	0.0	0.0	0.0	0.0	0.0	0.0	0.0	0.0	0.0013166784718084	0.0	0.0	0.0	0.0	0.0	0.0	0.0	0.0	0.0	0.0	0.0	0.0	0.0	0.0	0.0	0.0	0.0	0.0	0.0	0.0	0.0	0.0	0.0	0.0	0.0	0.0	0.0	0.0	0.0	0.0	0.0	0.0	0.0	0.0	0.0	0.0	0.0	0.0	0.0	0.0	0.0	0.0	0.0	0.0	0.0	0.0	0.0	0.0	0.0	0.0	0.0	0.0	0.0	0.0	0.0	0.0	0.0	0.0	0.0	0.0	0.0	0.0	0.0	0.0	0.0011535398149497	0.0	0.0	0.0	0.0	0.0	0.0	0.0	0.0	0.0	0.0	0.0	0.0
species|81475|Frateuria aurantia	0.0	0.0	0.0	0.0	0.0	0.0	0.0	0.0	0.0	0.0	0.0011211698671324	0.0	0.0	0.0	0.0	0.0	0.0	0.0	0.0	0.0	0.0	0.0	0.0	0.0	0.0	0.0	0.0	0.0	0.0	0.0	0.0	0.0	0.0	0.0	0.0	0.0	0.0	0.0	0.0	0.0	0.0	0.0	0.0	0.0	0.0	0.0	0.0	0.0	0.0	0.0009255969655924	0.0	0.0	0.0	0.0	0.0	0.0	0.0	0.0	0.0	0.0	0.0	0.0	0.0	0.0	0.0	0.0	0.0	0.0	0.0010008233677062	0.0	0.0	0.0	0.0	0.0	0.0	0.0	0.0	0.0	0.0	0.0	0.0	0.0	0.0	0.0	0.0	0.0	0.0	0.0
species|2527968|Planctomycetes bacterium Q31a	0.0	0.0	0.0	0.0	0.0	0.0	0.0	0.0	0.0	0.0	0.0011823619418425	0.0	0.0014314620259319	0.0	0.0030420016556862	0.0038466861171583	0.0023968776680703	0.0013865046973428	0.0022011125811088	0.0	0.0	0.0	0.0	0.0	0.0	0.0	0.0012938579800593	0.0	0.0008889496717724	0.0	0.0	0.0	0.0	0.0	0.0	0.0	0.0	0.0	0.0	0.0005834096624666	0.0	0.0	0.0	0.0	0.0	0.0	0.0	0.0	0.0	0.0017949271518671	0.0023309144380179	0.0	0.0	0.0039509884152368	0.0035601158652115	0.0027979434829193	0.0027398180305782	0.0013779700827527	0.0	0.0	0.0	0.0	0.0	0.0	0.0	0.0	0.0	0.0017658788505097	0.0024477529378344	0.0011753015980659	0.0022263840072976	0.0016019223210363	0.002399205621349	0.0019145574383182	0.0	0.001511374831732	0.0	0.0007584154950119	0.0	0.0	0.0	0.0	0.0	0.0	0.0	0.0	0.0	0.0
species|29449|Rhizobium etli	0.0	0.0	0.0	0.0	0.0	0.0	0.0	0.0	0.0	0.0	0.0024262692373689	0.0	0.00409728921522	0.0	0.0019827542082635	0.0024097072110945	0.0011357651664555	0.0012465925284317	0.0014860011416246	0.0	0.0	0.0	0.0	0.0	0.0	0.0	0.0015852499111881	0.0	0.002863476184587	0.0	0.0	0.0009660546326239	0.0	0.0	0.0	0.0	0.0	0.0	0.0	0.0024113122921103	0.0	0.0	0.0	0.0033664234676008	0.0010285026412112	0.0	0.0	0.0	0.0	0.0029654682146789	0.0026392651569836	0.003157971904715	0.0	0.0025391621487454	0.0	0.0	0.0031951959173528	0.0	0.0	0.0	0.0	0.0	0.0	0.0	0.0	0.0	0.0	0.001746839228907	0.0	0.0	0.003128527779146	0.003087220347212	0.0023952320700694	0.0	0.0	0.0016202762586949	0.0	0.0021703823431077	0.0024211576629906	0.0034234736677932	0.0	0.0	0.0	0.0	0.0	0.0	0.0	0.0
species|56730|Rhizobium gallicum	0.0	0.0	0.0	0.0	0.0	0.0	0.0	0.0	0.0	0.0	0.0017554018852221	0.0	0.0	0.0019829660928906	0.0019705577330154	0.0016579716676623	0.0018611736824119	0.0014484893115889	0.001299985604562	0.0	0.0	0.0	0.0	0.0	0.0	0.0	0.0010892179404776	0.0	0.0011650719635091	0.0012742359525474	0.0026979951486905	0.001822260990713	0.0	0.0	0.0	0.0	0.0	0.0	0.0	0.0015994272794721	0.0	0.0	0.0	0.0	0.001208058354719	0.0	0.0	0.0	0.0	0.0013506914626448	0.0	0.0	0.0	0.0017555256138242	0.0015802453801467	0.0027602009647955	0.0	0.0	0.0	0.0	0.0	0.0	0.0	0.0	0.0	0.0	0.0	0.0016191292559981	0.0011615023120317	0.0014435391410556	0.0	0.0	0.002048942194485	0.0029407891294097	0.0	0.0009593290143265	0.0	0.0017387564449233	0.0	0.0	0.0	0.0	0.0	0.0	0.0019168674971868	0.0	0.0013242148510139	0.0
species|930166|Pseudomonas brassicacearum	0.0	0.0	0.0	0.0	0.0	0.0	0.0	0.0	0.0	0.0	0.0008698161470868	0.0	0.0	0.0	0.0	0.0	0.0007710656993584	0.0015025442890252	0.0	0.0	0.0	0.0	0.0	0.0	0.0	0.0	0.0	0.0	0.0	0.0011462983571255	0.0	0.0	0.0	0.0	0.0	0.0	0.0	0.0	0.0	0.0	0.0	0.0	0.0	0.0	0.0	0.0	0.0	0.0	0.0	0.0010375035878563	0.0	0.0	0.0	0.0	0.0	0.0	0.0	0.0	0.0	0.0	0.0	0.0	0.0	0.0	0.0	0.0	0.0	0.0	0.0	0.0	0.0	0.0	0.0	0.0	0.0	0.0	0.0	0.0	0.0	0.0	0.0	0.0	0.0	0.0	0.0	0.001607444736818	0.0	0.0
species|69|Lysobacter enzymogenes	0.0	0.0	0.0	0.0	0.0	0.0	0.0	0.0	0.0	0.0	0.0009832124717112	0.0	0.0025541710205454	0.0	0.0	0.0	0.0	0.0015447976757648	0.0	0.0	0.0	0.0	0.0	0.0	0.0	0.0	0.0	0.0	0.0	0.0	0.0	0.0	0.0	0.0	0.0	0.0	0.0	0.0	0.0	0.0009900737134897	0.0	0.0	0.0	0.0	0.0	0.0	0.0	0.0	0.0	0.0	0.0	0.0	0.0	0.0	0.0	0.0	0.0	0.0	0.0	0.0	0.0	0.0	0.0	0.0	0.0	0.0	0.0	0.0	0.0019017781851184	0.0	0.0	0.0	0.0	0.0	0.0	0.0009526089426366	0.0	0.0008010309130954	0.0	0.0	0.0	0.0	0.0	0.0	0.0	0.0	0.0	0.0
species|84531|Lysobacter antibioticus	0.0	0.0	0.0	0.0	0.0	0.0	0.0	0.0	0.0	0.0	0.0010011108258845	0.0	0.0	0.0	0.0	0.0	0.0	0.0	0.0	0.0	0.0	0.0	0.0	0.0	0.0	0.0	0.0	0.0	0.0	0.0	0.0	0.0	0.0	0.0	0.0	0.0	0.0	0.0	0.0	0.0	0.0	0.0	0.0	0.0	0.0	0.0	0.0	0.0	0.0	0.0	0.0	0.0	0.0	0.0	0.0	0.0	0.0	0.0	0.0	0.0	0.0	0.0	0.0	0.0	0.0	0.0	0.0	0.0	0.0	0.0	0.0	0.0	0.0	0.0	0.0	0.0	0.0	0.0	0.0	0.0	0.0	0.0	0.0	0.0	0.0	0.0	0.0	0.0
species|323415|Dokdonella koreensis	0.0	0.0	0.0	0.0	0.0	0.0	0.0	0.0	0.0	0.0	0.0014146080484216	0.0	0.0	0.0016978156707636	0.0	0.0	0.0	0.0	0.0013910627711753	0.0	0.0	0.0	0.0	0.0	0.0	0.0	0.0	0.0	0.0	0.0	0.0	0.0	0.0	0.0	0.0	0.0	0.0	0.0	0.0	0.0	0.0	0.0	0.0	0.0	0.0	0.0	0.0	0.0	0.0	0.0008615506579002	0.0	0.0	0.0	0.0	0.0	0.0022422467880481	0.0	0.0	0.0	0.0	0.0	0.0	0.0	0.0	0.0	0.0	0.0	0.0012488068490027	0.0009634312048312	0.0012405307736294	0.0	0.0	0.0	0.0	0.0	0.0011991751124397	0.0	0.0	0.0	0.0	0.0	0.0	0.0	0.0	0.0	0.0	0.0	0.0
species|363885|Lysobacter panaciterrae	0.0	0.0	0.0	0.0	0.0	0.0	0.0	0.0	0.0	0.0	0.0019691351616713	0.0	0.0027262355535092	0.0021082776543734	0.0019879398573826	0.0014612558858245	0.0014660056592856	0.0024667013702836	0.0013665117651849	0.0	0.0	0.0	0.0	0.0	0.0	0.0	0.0016399914343795	0.0	0.0013857722600046	0.0021944849868497	0.0	0.0	0.0	0.0	0.0	0.0	0.0	0.0	0.0	0.0016501622506039	0.0	0.0	0.0	0.0	0.0	0.0	0.0	0.0	0.0	0.0015587157957526	0.0023879295693434	0.0	0.0	0.0	0.0	0.0025870009794226	0.0022655945597026	0.0014007540695454	0.0	0.0	0.0	0.0	0.0	0.0	0.0	0.0	0.0	0.0	0.0026636279642397	0.001376882039618	0.0	0.0	0.0033860711146148	0.0	0.0	0.0012492111666142	0.0	0.0016038549852354	0.0014184717958127	0.0	0.0	0.0	0.0	0.0	0.0	0.0	0.0	0.0
species|453783|Lysobacter soli	0.0	0.0	0.0	0.0	0.0	0.0	0.0	0.0	0.0	0.0	0.0015666869395219	0.0	0.0	0.0	0.0	0.0	0.0015131366432431	0.0	0.0	0.0	0.0	0.0	0.0	0.0	0.0	0.0	0.0	0.0	0.0019362257717586	0.0	0.0	0.0	0.0	0.0	0.0	0.0	0.0	0.0	0.0	0.0	0.0	0.0	0.0	0.0	0.0	0.0	0.0	0.0	0.0	0.0016760762788707	0.0	0.0	0.0	0.0	0.0017288043831292	0.0	0.0	0.0	0.0	0.0	0.0	0.0	0.0	0.0	0.0	0.0	0.0	0.0	0.0011351000894801	0.0	0.0	0.0	0.0	0.0	0.0	0.0	0.0	0.001725150220175	0.0019294238837437	0.0	0.0	0.0	0.0	0.0	0.0031796606839665	0.0	0.0	0.0
species|1341696|Rehaibacterium terrae	0.0	0.0	0.0	0.0	0.0	0.0	0.0	0.0	0.0	0.0	0.0013185608481662	0.0	0.0	0.0013554373365225	0.0	0.0020419191721814	0.0	0.0	0.0	0.0	0.0	0.0	0.0	0.0	0.0	0.0	0.0	0.0	0.0	0.0	0.0	0.0	0.0	0.0	0.0	0.0	0.0	0.0	0.0	0.0011662865860003	0.0	0.0	0.0	0.0	0.0	0.0	0.0	0.0	0.0	0.0012384454995281	0.0019015446155437	0.0	0.0	0.0	0.0	0.0	0.0	0.0019346408649933	0.0	0.0	0.0	0.0	0.0	0.0	0.0	0.0	0.0	0.0018054629239688	0.0017432709146405	0.0006828502256866	0.0	0.0	0.0	0.0	0.0	0.0014127685142987	0.0	0.0	0.0	0.0	0.0	0.0	0.0	0.0	0.0	0.0	0.0	0.0
species|151783|Cupriavidus campinensis	0.0	0.0	0.0	0.0	0.0	0.0	0.0	0.0	0.0	0.0	0.0010041388326127	0.0	0.0016556551511735	0.0	0.0012191764403342	0.0066717475284173	0.0014650674029711	0.001523049817161	0.0	0.0	0.0	0.0	0.0	0.0	0.0	0.0	0.0	0.0	0.0017810702470967	0.0008086977552435	0.0032387081735961	0.0019845801981756	0.0	0.0	0.0	0.0	0.0	0.0	0.0	0.0013275717196281	0.0	0.0	0.0	0.0	0.0	0.0	0.0	0.0	0.0	0.0019619076381086	0.0017843674181889	0.0058648887719008	0.0	0.0	0.0014117933872978	0.0	0.0026233006121091	0.0	0.0	0.0	0.0	0.0	0.0	0.0	0.0	0.0	0.0	0.0	0.0019936955942438	0.0018919190099747	0.0	0.0	0.0023506507229606	0.0039573530170542	0.0	0.0	0.0	0.0042415171886903	0.0091241675331146	0.0	0.0	0.0	0.0	0.0	0.0019534978663752	0.0	0.0	0.0
species|1605891|Lysobacter maris	0.0	0.0	0.0	0.0	0.0	0.0	0.0	0.0	0.0	0.0	0.0013634637674778	0.0	0.0	0.0015299305257064	0.0	0.0019846034010968	0.0015142231067758	0.0013073800238043	0.0	0.0	0.0	0.0	0.0	0.0	0.0	0.0	0.0	0.0	0.0	0.0017844952522104	0.0	0.0	0.0	0.0	0.0	0.0	0.0	0.0	0.0	0.0013708512460288	0.0	0.0	0.0	0.0	0.0	0.0	0.0	0.0	0.0	0.0	0.0020805612489176	0.0	0.0	0.0	0.0	0.0	0.0	0.0	0.0	0.0	0.0	0.0	0.0	0.0	0.0	0.0	0.0	0.003192743979789	0.0013515411997299	0.0009837597768848	0.0	0.0019859331700208	0.0	0.0	0.0	0.0011894440640148	0.0	0.0010061500991814	0.0012813561138694	0.0	0.0	0.0	0.0	0.0	0.0	0.0	0.0	0.0
species|415996|Shinella yambaruensis	0.0	0.0	0.0	0.0	0.0	0.0	0.0	0.0	0.0	0.0	0.0014886939824696	0.0	0.0	0.0	0.0	0.0	0.0	0.0	0.0	0.0	0.0	0.0	0.0	0.0	0.0	0.0	0.0015488945936564	0.0	0.0	0.0	0.0	0.0	0.0	0.0	0.0	0.0	0.0	0.0	0.0	0.0	0.0	0.0	0.0	0.0	0.0	0.0	0.0	0.0	0.0	0.0	0.0	0.0	0.0	0.0	0.0	0.0	0.0	0.0	0.0	0.0	0.0	0.0	0.0	0.0	0.0	0.0	0.0	0.0	0.0	0.0	0.0	0.0	0.0	0.0	0.0	0.0	0.0	0.0	0.0	0.0	0.0	0.0	0.0	0.0	0.0	0.0	0.0	0.0
species|1673|Rhizobium viscosum	0.0	0.0	0.0	0.0	0.0	0.0	0.0	0.0	0.0	0.0	0.0015358484468199	0.0	0.0	0.0	0.0018215451130518	0.0	0.001352727034803	0.0	0.0	0.0	0.0	0.0	0.0	0.0	0.0	0.0	0.0	0.0	0.0	0.0	0.0	0.0	0.0	0.0	0.0	0.0	0.0	0.0	0.0	0.0012818989996395	0.0	0.0	0.0	0.0	0.0	0.0	0.0	0.0	0.0	0.0011543256660858	0.0	0.0	0.0	0.0	0.0	0.0	0.0	0.0	0.0	0.0	0.0	0.0	0.0	0.0	0.0	0.0	0.0	0.0	0.0	0.0	0.0	0.0	0.0	0.0	0.0	0.0	0.0	0.0	0.0	0.0	0.0	0.0	0.0	0.0	0.0	0.0	0.0	0.0
species|433654|Nocardioides tritolerans	0.0	0.0	0.0	0.0	0.0	0.0	0.0	0.0	0.0	0.0	0.0011823619418556	0.0	0.0	0.0	0.0	0.0	0.0	0.0	0.0	0.0	0.0	0.0	0.0	0.0	0.0	0.0	0.0	0.0	0.0	0.0	0.0	0.0	0.0	0.0	0.0	0.0	0.0	0.0	0.0	0.0	0.0	0.0	0.0	0.0	0.0	0.0	0.0	0.0	0.0	0.0	0.0	0.0	0.0	0.0	0.0	0.0	0.0	0.0	0.0	0.0	0.0	0.0	0.0	0.0	0.0	0.0	0.0	0.0	0.0008158654470466	0.0	0.0	0.0	0.0	0.0	0.0	0.0	0.0	0.0	0.0	0.0	0.0	0.0	0.0	0.0	0.0	0.0	0.0	0.0
species|391358|Caldimonas hydrothermale	0.0	0.0	0.0	0.0	0.0	0.0	0.0	0.0	0.0	0.0	0.001377435863147	0.0	0.0023078487395782	0.0	0.001994621260919	0.0	0.0	0.0	0.0	0.0	0.0	0.0	0.0	0.0	0.0	0.0	0.0	0.0	0.0	0.0014610345695932	0.0	0.0006333001180134	0.0	0.0	0.0	0.0	0.0	0.0	0.0	0.0	0.0	0.0	0.0	0.0	0.0009575584668267	0.0	0.0	0.0	0.0	0.0	0.0	0.0	0.0	0.0	0.0	0.0	0.0	0.0	0.0	0.0	0.0	0.0	0.0	0.0	0.0	0.0	0.0	0.0	0.0013323666691883	0.0025398137136941	0.0	0.0023072087362293	0.0026370652862718	0.0	0.0	0.0012590311211698	0.0	0.0015125855002934	0.0	0.0	0.0	0.0	0.0	0.0	0.0	0.0013581486751781	0.0	0.0017052389598102
species|380021|Pseudomonas protegens	0.0	0.0	0.0	0.0	0.0	0.0	0.0	0.0	0.0	0.0	0.0009218070218961	0.0	0.001261945033003	0.0	0.0011543231441109	0.0011924368504374	0.0008114140547159	0.0	0.0	0.0	0.0	0.0	0.0	0.0	0.0	0.0	0.0009592511583627	0.0	0.0	0.0015333075900362	0.001647885831075	0.0007921151161852	0.0	0.0	0.0	0.0	0.0	0.0	0.0	0.0	0.0	0.0	0.0	0.0	0.0011862495010096	0.0	0.0	0.0	0.0	0.0009510230002829	0.0	0.0	0.0	0.0	0.0	0.0	0.0	0.0	0.0	0.0	0.0	0.0	0.0	0.0	0.0	0.0	0.0	0.0013316539439178	0.0	0.0	0.0	0.0	0.0	0.0	0.0	0.0	0.0	0.0009077721042888	0.0	0.0	0.0	0.0	0.0	0.0	0.0	0.0013686291629125	0.000984842703884	0.0
species|96230|Legionella fallonii	0.0	0.0	0.0	0.0	0.0	0.0	0.0	0.0	0.0	0.0	0.0014992056406806	0.0	0.0	0.0	0.0022920273746025	0.0018693889698084	0.0	0.0	0.0	0.0	0.0	0.0	0.0	0.0	0.0	0.0	0.0	0.0	0.0	0.0	0.0	0.0	0.0	0.0	0.0	0.0	0.0	0.0	0.0	0.0011282768958724	0.0	0.0	0.0	0.0	0.0	0.0	0.0	0.0	0.0	0.0	0.0	0.0	0.0	0.0	0.0	0.0	0.0	0.0	0.0	0.0	0.0	0.0	0.0	0.0	0.0	0.0	0.0	0.0	0.0	0.0014588735808952	0.0	0.0	0.0	0.0	0.0	0.0	0.0	0.0	0.0	0.0	0.0	0.0	0.0	0.0	0.0	0.0	0.0	0.0
species|1765737|Dissulfurirhabdus thermomarina	0.0	0.0	0.0	0.0	0.0	0.0	0.0	0.0	0.0	0.0	0.0	0.0018595297353368	0.0	0.0	0.0	0.0	0.0	0.0	0.0	0.0	0.0	0.0	0.0	0.0	0.0	0.0	0.0	0.0	0.0	0.0	0.0	0.0	0.0	0.0	0.0	0.0	0.0	0.0	0.0	0.0	0.0	0.0	0.0	0.0	0.0	0.0	0.0	0.0	0.0	0.0	0.0	0.0	0.0	0.0	0.0	0.0	0.0	0.0	0.0	0.0	0.0	0.0	0.0	0.0	0.0	0.0	0.0	0.0	0.0	0.0	0.0	0.0	0.0	0.0	0.0	0.0	0.0	0.0	0.0	0.0	0.0	0.0	0.0	0.0	0.0	0.0	0.0	0.0
species|869279|Thermanaerothrix daxensis	0.0	0.0	0.0	0.0	0.0	0.0	0.0	0.0	0.0	0.0	0.0	0.0019579002324902	0.0	0.0	0.0	0.0	0.0	0.0	0.0	0.0	0.0	0.0	0.0	0.0	0.0	0.0	0.0	0.0	0.0	0.0	0.0	0.0	0.0	0.0	0.0	0.0	0.0	0.0	0.0	0.0	0.0	0.0007455482002278	0.0	0.0	0.0	0.0006853892258838	0.0011777667088488	0.0	0.0	0.0	0.0	0.0	0.0	0.0	0.0	0.0	0.0	0.0	0.0	0.0	0.0	0.0	0.0	0.0	0.0	0.0	0.0	0.0	0.0	0.0	0.0	0.0	0.0	0.0	0.0	0.0	0.0	0.0	0.0	0.0	0.0	0.0	0.0	0.0	0.0	0.0	0.0	0.0
species|1141882|Lysobacter mobilis	0.0	0.0	0.0	0.0	0.0	0.0	0.0	0.0	0.0	0.0	0.0	0.0	0.0014168831177738	0.0	0.0	0.0008407038968563	0.0	0.0007962096344813	0.0	0.0	0.0	0.0	0.0	0.0	0.0	0.0	0.0	0.0	0.0	0.0	0.0012718784203442	0.0006488263818116	0.0	0.0	0.0	0.0	0.0	0.0	0.0	0.0	0.0	0.0	0.0	0.0	0.0	0.0	0.0	0.0	0.0	0.0	0.0	0.0	0.0	0.0	0.0	0.0	0.0	0.0	0.0	0.0	0.0	0.0	0.0	0.0	0.0	0.0	0.0	0.0	0.0010444283083398	0.0009691076088895	0.0	0.0	0.0	0.0	0.0	0.0	0.0	0.0011917999681675	0.0	0.0	0.0	0.0	0.0	0.0	0.0	0.001424150959034	0.0	0.0
species|1834519|Fibrella sp. ES10-3-2-2	0.0	0.0	0.0	0.0	0.0	0.0	0.0	0.0	0.0	0.0	0.0	0.0	0.0017563080140814	0.0015018575606671	0.0	0.0008877709550935	0.0012337487495627	0.0010563845239667	0.0	0.0	0.0	0.0	0.0	0.0	0.0	0.0	0.001369967273004	0.0	0.0015043763676148	0.0025291089319786	0.0022119659501743	0.0019821605550049	0.0	0.0	0.0	0.0	0.0	0.0	0.0	0.0010607265977194	0.0	0.0	0.0	0.0035862117210045	0.002747392520987	0.0	0.0	0.0	0.0	0.0	0.0	0.0	0.0	0.0	0.0	0.0	0.0	0.0	0.0	0.0	0.0	0.0	0.0	0.0	0.0	0.0	0.0	0.0	0.0007531065645788	0.0	0.0	0.0	0.0	0.0	0.0	0.0	0.0	0.0013415970766703	0.0018433504874563	0.001907968574652	0.0	0.0	0.0	0.0	0.0009766492053626	0.0038647341643807	0.0012763721000075	0.0
species|864069|Microvirga lotononidis	0.0	0.0	0.0	0.0	0.0	0.0	0.0	0.0	0.0	0.0	0.0	0.0	0.0022164348083603	0.0021303309122594	0.0	0.0	0.0009918360194843	0.0010655421504928	0.0008907515535559	0.0	0.0	0.0	0.0	0.0	0.0	0.0	0.0	0.0	0.0	0.0	0.0	0.0015197057398665	0.0	0.0	0.0	0.0	0.0	0.0	0.0	0.0010249002094949	0.0	0.0	0.0	0.0	0.0	0.0	0.0	0.0	0.0	0.0012088866925488	0.0025618331418744	0.0	0.0	0.0016747954851635	0.0	0.0	0.001686330716544	0.0016457699422145	0.0	0.0	0.0	0.0	0.0	0.0	0.0	0.0	0.0	0.0	0.0011638546278717	0.0017614156689637	0.0	0.0	0.0	0.0	0.0	0.0007429487393813	0.0	0.0	0.0016710197593062	0.0	0.0	0.0	0.0	0.0	0.0	0.0	0.0	0.0
species|659444|Flavobacterium banpakuense	0.0	0.0	0.0	0.0	0.0	0.0	0.0	0.0	0.0	0.0	0.0	0.0	0.0026418084123245	0.0	0.0	0.0	0.0	0.0	0.0	0.0	0.0	0.0	0.0	0.0	0.0	0.0	0.0	0.0	0.0	0.0	0.0	0.0	0.0	0.0	0.0	0.0	0.0	0.0	0.0	0.0	0.0	0.0	0.0	0.0	0.0	0.0	0.0	0.0	0.0	0.0	0.0	0.0	0.0	0.0	0.0	0.0	0.0	0.0	0.0	0.0	0.0	0.0	0.0	0.0	0.0	0.0	0.0	0.0	0.0	0.0	0.0	0.0	0.0	0.0	0.0	0.0	0.0	0.0	0.0	0.0	0.0	0.0	0.0	0.0	0.0	0.0	0.0	0.0
species|1128670|Microvirga makkahensis	0.0	0.0	0.0	0.0	0.0	0.0	0.0	0.0	0.0	0.0	0.0	0.0	0.0016567896965571	0.0021877450174073	0.0	0.001744588685219	0.0011377440534449	0.0023285515639533	0.0014008271006587	0.0	0.0	0.0	0.0	0.0	0.0	0.0	0.0019436848649008	0.0	0.0014808390462469	0.002274402980868	0.0	0.0	0.0	0.0	0.0	0.0	0.0	0.0	0.0	0.0010352218258064	0.0	0.0	0.0	0.0	0.000863795084834	0.0	0.0	0.0	0.0	0.001633539364991	0.0021823744311441	0.0052498362345073	0.0	0.0	0.0017118692158678	0.0026358096374219	0.00188683496469	0.0	0.0	0.0	0.0	0.0	0.0	0.0	0.0	0.0	0.0	0.0019908377887512	0.0011477707273234	0.0019276637445726	0.0027737216633565	0.0018083071518314	0.0023309185092831	0.0027030763804735	0.0	0.0013191814004054	0.0	0.0017504294759683	0.0018567563446102	0.0	0.0	0.0	0.0	0.0	0.0	0.0	0.0014769330436876	0.0
species|520092|Tahibacter aquaticus	0.0	0.0	0.0	0.0	0.0	0.0	0.0	0.0	0.0	0.0	0.0	0.0	0.0014582823942235	0.0	0.0	0.0	0.0	0.0	0.0	0.0	0.0	0.0	0.0	0.0	0.0	0.0	0.0	0.0	0.0	0.0	0.0075070761432177	0.0	0.0	0.0	0.0	0.0	0.0	0.0	0.0	0.0009048973485288	0.0	0.0	0.0	0.0	0.0013429940300352	0.0	0.0	0.0	0.0	0.0	0.0	0.0	0.0	0.0	0.0	0.0110174113212875	0.0	0.0	0.0	0.0	0.0	0.0	0.0	0.0	0.0	0.0	0.0	0.0	0.0006654611886633	0.0	0.0	0.0	0.0	0.001764063242742	0.0	0.0	0.0	0.0012090689901113	0.0	0.0	0.0	0.0	0.0	0.0	0.0	0.0	0.0	0.0
species|1207075|Pseudomonas sp. UW4	0.0	0.0	0.0	0.0	0.0	0.0	0.0	0.0	0.0	0.0	0.0	0.0	0.0015704359348632	0.0	0.0	0.0	0.0010708788018116	0.0017750333961902	0.0	0.0	0.0	0.0	0.0	0.0	0.0	0.0	0.0	0.0	0.0	0.0	0.0022826929171959	0.0	0.0	0.0	0.0	0.0	0.0	0.0	0.0	0.0	0.0	0.0	0.0	0.0	0.0	0.0	0.0	0.0	0.0	0.0021765497378159	0.002932725415859	0.0	0.0	0.0	0.0	0.0016764056020181	0.0	0.0	0.0	0.0	0.0	0.0	0.0	0.0	0.0	0.0	0.0	0.0	0.0	0.0	0.0	0.0	0.0022417264728895	0.0	0.0	0.0	0.0	0.0018654671562191	0.0	0.0	0.0	0.0	0.0	0.0	0.0	0.0	0.0	0.0
species|1813876|Phenylobacterium hankyongense	0.0	0.0	0.0	0.0	0.0	0.0	0.0	0.0	0.0	0.0	0.0	0.0	0.0012539747070534	0.0	0.0	0.0	0.0014247498210685	0.0011996456115955	0.0	0.0	0.0	0.0	0.0	0.0	0.0	0.0	0.0	0.0	0.0016766876670265	0.0026407667839624	0.0024416385999033	0.0017548701314166	0.0	0.0	0.0	0.0	0.0	0.0	0.0	0.0010569879146206	0.0	0.0	0.0	0.0	0.0018746198039741	0.0	0.0	0.0	0.0	0.0	0.0	0.0	0.0	0.0	0.0	0.0	0.0	0.0	0.0	0.0	0.0	0.0	0.0	0.0	0.0	0.0	0.0	0.0	0.0009418261310265	0.0	0.0	0.0	0.0	0.0	0.0	0.0015240273487935	0.0	0.0011698317276633	0.0017251919225482	0.0014253994327682	0.0	0.0	0.0	0.0	0.0014985754413041	0.0017260621404046	0.0023594135449391	0.0
species|1163398|Pseudomonas donghuensis	0.0	0.0	0.0	0.0	0.0	0.0	0.0	0.0	0.0	0.0	0.0	0.0	0.0	0.002375289208811	0.0	0.0	0.0	0.0	0.0	0.0	0.0	0.0	0.0	0.0	0.0	0.0	0.0	0.0	0.0	0.0	0.0	0.0	0.0	0.0	0.0	0.0	0.0	0.0	0.0	0.0	0.0	0.0	0.0	0.0	0.0	0.0	0.0	0.0	0.0	0.0	0.0	0.0	0.0	0.0	0.0	0.0	0.0	0.0	0.0	0.0	0.0	0.0	0.0	0.0	0.0	0.0	0.0	0.0	0.0	0.0	0.0	0.0	0.0	0.0	0.0	0.0	0.0	0.000755623675479	0.0	0.0	0.0	0.0	0.0	0.0	0.0	0.0	0.0	0.0
species|2518644|Pseudomonas sp. SNU WT1	0.0	0.0	0.0	0.0	0.0	0.0	0.0	0.0	0.0	0.0	0.0	0.0	0.0	0.0014818138510599	0.0	0.0	0.0	0.0	0.0	0.0	0.0	0.0	0.0	0.0	0.0	0.0	0.0	0.0	0.0	0.0	0.0	0.0	0.0	0.0	0.0	0.0	0.0	0.0	0.0	0.0	0.0	0.0	0.0	0.0	0.0	0.0	0.0	0.0	0.0	0.0	0.0	0.0	0.0	0.0	0.0	0.0	0.0	0.0	0.0	0.0	0.0	0.0	0.0	0.0	0.0	0.0	0.0	0.0	0.0	0.0	0.0	0.0	0.0	0.0	0.0	0.0	0.0	0.0	0.0	0.0	0.0	0.0	0.0	0.0	0.0	0.0	0.0	0.0
species|1938606|Janthinobacterium sp. LM6	0.0	0.0	0.0	0.0	0.0	0.0	0.0	0.0	0.0	0.0	0.0	0.0	0.0	0.001384499728233	0.0	0.0	0.0011471501283129	0.0	0.0	0.0	0.0	0.0	0.0	0.0	0.0	0.0	0.0	0.0	0.0009758330369892	0.0015037004336307	0.0018834958071625	0.0014532387755292	0.0	0.0	0.0	0.0	0.0	0.0	0.0	0.0	0.0	0.0	0.0	0.0	0.001543194187791	0.0	0.0	0.0	0.0	0.0	0.0	0.0	0.0	0.0	0.0	0.0	0.0	0.0	0.0	0.0	0.0	0.0	0.0	0.0	0.0	0.0	0.0	0.0	0.0	0.0011585974735406	0.0027286708697528	0.0	0.0	0.0	0.0	0.0	0.0	0.0010607214121521	0.0	0.0	0.0	0.0	0.0	0.0	0.0024939714233527	0.0	0.0022525871056814	0.0
species|2082949|Microvirga sp. 17 mud 1-3	0.0	0.0	0.0	0.0	0.0	0.0	0.0	0.0	0.0	0.0	0.0	0.0	0.0	0.0013207998606494	0.0	0.0011882073881182	0.0	0.0	0.0010803326433771	0.0	0.0	0.0	0.0	0.0	0.0	0.0	0.0	0.0	0.0	0.0	0.0	0.0	0.0	0.0	0.0	0.0	0.0	0.0	0.0	0.0	0.0	0.0	0.0	0.0	0.0	0.0	0.0	0.0	0.0	0.0	0.0	0.0	0.0	0.0	0.0010686074905038	0.0	0.0	0.0	0.0	0.0	0.0	0.0	0.0	0.0	0.0	0.0	0.0	0.0	0.0009907484425319	0.0012308565303436	0.0	0.0	0.0	0.0	0.0	0.0	0.0	0.0	0.0010394980683945	0.0	0.0	0.0	0.0	0.0	0.0	0.0	0.0	0.0
species|2502779|Flavisolibacter sp. 17J28-1	0.0	0.0	0.0	0.0	0.0	0.0	0.0	0.0	0.0	0.0	0.0	0.0	0.0	0.0008822549558071	0.0	0.0	0.0012227935060604	0.0010005693907793	0.0	0.0	0.0	0.0	0.0	0.0	0.0	0.0	0.0	0.0	0.0012245383664913	0.0019535340383503	0.0015922630159825	0.0	0.0	0.0	0.0	0.0	0.0	0.0	0.0	0.0	0.0	0.0	0.0	0.0	0.0	0.0	0.0	0.0	0.0	0.0	0.0	0.0	0.0	0.0	0.0	0.0	0.0	0.0	0.0	0.0	0.0	0.0	0.0	0.0	0.0	0.0	0.0	0.0	0.0	0.0	0.0	0.0	0.0	0.0	0.0	0.0	0.0	0.0	0.0	0.0	0.0	0.0	0.0	0.0	0.003222104968595	0.0033389179064395	0.0	0.0
species|69284|Pseudoxanthomonas japonensis	0.0	0.0	0.0	0.0	0.0	0.0	0.0	0.0	0.0	0.0	0.0	0.0	0.0	0.0025911383493455	0.0	0.0	0.0	0.0	0.0	0.0	0.0	0.0	0.0	0.0	0.0	0.0	0.0	0.0	0.0	0.0015914425051611	0.0	0.0	0.0	0.0	0.0	0.0	0.0	0.0	0.0	0.0	0.0	0.0	0.0	0.0	0.0	0.0	0.0	0.0	0.0	0.0	0.0	0.0	0.0	0.0	0.0	0.0	0.0	0.0	0.0	0.0	0.0	0.0	0.0	0.0	0.0	0.0	0.0	0.0	0.0013226852001778	0.0	0.0	0.0	0.0	0.0	0.0	0.0	0.0	0.0	0.0	0.0	0.0	0.0	0.0	0.0	0.0	0.0	0.0	0.0
species|2220073|Bdellovibrio sp. NC01	0.0	0.0	0.0	0.0	0.0	0.0	0.0	0.0	0.0	0.0	0.0	0.0	0.0	0.0011442949067689	0.0	0.0	0.0	0.0	0.0	0.0	0.0	0.0	0.0	0.0	0.0	0.0	0.0	0.0	0.0011589781029591	0.0	0.0	0.0	0.0	0.0	0.0	0.0	0.0	0.0	0.0	0.000604405388228	0.0	0.0	0.0	0.0	0.0	0.0	0.0	0.0	0.0	0.0	0.0	0.0	0.0	0.0	0.0	0.0	0.0	0.0	0.0	0.0	0.0	0.0	0.0	0.0	0.0	0.0	0.0	0.0	0.0	0.0	0.0	0.0	0.0	0.0	0.0	0.0005212067320299	0.0	0.0	0.0	0.0	0.0	0.0	0.0	0.0	0.0	0.0	0.0	0.0
species|79329|Chitinophaga pinensis	0.0	0.0	0.0	0.0	0.0	0.0	0.0	0.0	0.0	0.0	0.0	0.0	0.0	0.0020538170096858	0.0	0.0	0.0	0.0	0.0	0.0	0.0	0.0	0.0	0.0	0.0	0.0	0.0015978784326794	0.0	0.0	0.0	0.0	0.0	0.0	0.0	0.0	0.0	0.0	0.0	0.0	0.0	0.0	0.0	0.0	0.0	0.0	0.0	0.0	0.0	0.0	0.0	0.0	0.0	0.0	0.0	0.0	0.0	0.0	0.0	0.0	0.0	0.0	0.0	0.0	0.0	0.0	0.0	0.0	0.0	0.0	0.0	0.0	0.0	0.0	0.0	0.0	0.0	0.0	0.0020418837183201	0.0039679647751457	0.0	0.0	0.0	0.0	0.0	0.0023084436671354	0.0	0.0	0.0
species|1685901|Lysobacter cavernae	0.0	0.0	0.0	0.0	0.0	0.0	0.0	0.0	0.0	0.0	0.0	0.0	0.0	0.0012633826185398	0.0	0.0	0.0009970826466154	0.0	0.0	0.0	0.0	0.0	0.0	0.0	0.0	0.0	0.0	0.0	0.0	0.0	0.0	0.0	0.0	0.0	0.0	0.0	0.0	0.0	0.0	0.0	0.0	0.0	0.0	0.0	0.0	0.0	0.0	0.0	0.0	0.0	0.0	0.0	0.0	0.0	0.0	0.0	0.0	0.0	0.0	0.0	0.0	0.0	0.0	0.0	0.0	0.0	0.0	0.0	0.0	0.0	0.0	0.0	0.0	0.0	0.0	0.0	0.0	0.0009619290911793	0.0012349185304316	0.0	0.0	0.0	0.0	0.0	0.0	0.0	0.0	0.0
species|1740721|Neobacillus cucumis	0.0	0.0	0.0	0.0	0.0	0.0	0.0	0.0	0.0	0.0	0.0	0.0	0.0	0.0015726087433354	0.0	0.0	0.0	0.0008631403891122	0.0	0.0	0.0	0.0	0.0	0.000736595802067	0.0	0.0	0.0	0.0	0.0	0.0	0.0	0.0	0.0	0.0	0.0	0.0	0.0	0.0	0.0	0.0	0.0	0.0	0.0	0.0	0.0	0.0	0.0	0.0	0.0	0.0	0.0	0.0	0.0	0.0	0.0	0.0026314681739296	0.0	0.0	0.0	0.0	0.0	0.0	0.0	0.0	0.0	0.0	0.0	0.0	0.0	0.0011258553033324	0.0	0.0	0.0	0.0	0.0	0.0	0.0	0.0	0.0	0.0	0.0	0.0	0.0	0.0	0.0	0.0	0.0	0.0
species|363854|Brevibacillus ginsengisoli	0.0	0.0	0.0	0.0	0.0	0.0	0.0	0.0	0.0	0.0	0.0	0.0	0.0	0.0012647221563512	0.0	0.0	0.0	0.0	0.0	0.0	0.0	0.0	0.0	0.0	0.0	0.0	0.0	0.0	0.0	0.0	0.0	0.0	0.0	0.0	0.0	0.0	0.0	0.0	0.0	0.0	0.0	0.0	0.0	0.0	0.0	0.0	0.0	0.0	0.0	0.0	0.0	0.0024088646218082	0.0	0.0	0.0	0.0	0.0015225334957369	0.0	0.0	0.0	0.0	0.0	0.0	0.0	0.0	0.0	0.0	0.0	0.0	0.0	0.0	0.0	0.0	0.0	0.0	0.0	0.0	0.0	0.0009923738659504	0.0	0.0	0.0	0.0067246835478271	0.0	0.0	0.0	0.0	0.0
species|2575867|Ilyomonas limi	0.0	0.0	0.0	0.0	0.0	0.0	0.0	0.0	0.0	0.0	0.0	0.0	0.0	0.0012425967545901	0.0	0.0014496846938418	0.0	0.0010585258781943	0.0	0.0	0.0	0.0	0.0	0.0	0.0	0.0	0.0	0.0	0.0	0.0	0.0	0.0006537469144212	0.0	0.0	0.0	0.0	0.0	0.0	0.0	0.0010427339006733	0.0	0.0	0.0	0.0	0.0	0.0	0.0	0.0	0.0	0.0	0.0	0.0	0.0	0.0	0.0	0.0	0.0	0.0	0.0	0.0	0.0	0.0	0.0	0.0	0.0	0.0	0.0	0.0	0.0	0.0006500268570085	0.0	0.0012296121953621	0.0	0.0	0.0	0.0006583422674686	0.0	0.0	0.0011253722838259	0.0	0.0	0.0	0.0	0.0	0.0	0.0	0.0	0.0
species|363850|Dyadobacter ginsengisoli	0.0	0.0	0.0	0.0	0.0	0.0	0.0	0.0	0.0	0.0	0.0	0.0	0.0	0.0014138868041633	0.0	0.0	0.0	0.0	0.0	0.0	0.0	0.0	0.0	0.0	0.0	0.0	0.001467211349612	0.0	0.0	0.0	0.0	0.0012194092008739	0.0	0.0	0.0	0.0	0.0	0.0	0.0	0.0	0.0	0.0	0.0	0.0	0.0009639967545563	0.0	0.0	0.0	0.0	0.0	0.0	0.0	0.0	0.0	0.0	0.0	0.0	0.0	0.0	0.0	0.0	0.0	0.0	0.0	0.0	0.0	0.0	0.0	0.0	0.0	0.0	0.0	0.0	0.0	0.0	0.0	0.0	0.0013168715564951	0.0	0.0	0.0	0.0	0.0	0.0	0.0	0.0	0.0	0.0
species|450362|Paenibacillus contaminans	0.0	0.0	0.0	0.0	0.0	0.0	0.0	0.0	0.0	0.0	0.0	0.0	0.0	0.0013437672911232	0.0	0.0	0.0	0.0	0.0	0.0	0.0	0.0	0.0	0.0	0.0	0.0	0.0	0.0	0.0	0.0	0.0	0.0	0.0	0.0	0.0	0.0	0.0	0.0	0.0	0.0	0.0	0.0	0.0	0.0	0.0	0.0	0.0	0.0	0.0	0.0	0.0	0.0	0.0	0.0	0.0	0.0	0.0	0.0	0.0	0.0	0.0	0.0	0.0	0.0	0.0	0.0	0.0	0.0	0.0	0.0	0.0	0.0	0.0	0.0	0.0	0.0	0.0	0.0	0.0	0.0	0.0	0.0	0.0041914463278005	0.0	0.0	0.0	0.0	0.0
species|1926870|Lysobacter olei	0.0	0.0	0.0	0.0	0.0	0.0	0.0	0.0	0.0	0.0	0.0	0.0	0.0	0.0014384653377456	0.0	0.0	0.0011624489200196	0.0	0.0	0.0	0.0	0.0	0.0	0.0	0.0	0.0	0.0	0.0	0.0	0.0	0.0	0.0	0.0	0.0	0.0	0.0	0.0	0.0	0.0	0.0	0.0	0.0	0.0	0.0	0.0009708250475941	0.0	0.0	0.0	0.0	0.0	0.0	0.0	0.0	0.0	0.0	0.0	0.0	0.0	0.0	0.0	0.0	0.0	0.0	0.0	0.0	0.0	0.0	0.0	0.0	0.0	0.0	0.0	0.0	0.0	0.0	0.0009873049338778	0.0	0.0	0.0	0.0	0.0	0.0	0.0	0.0	0.0	0.0	0.00147516452846	0.0
species|47994|Leptothrix mobilis	0.0	0.0	0.0	0.0	0.0	0.0	0.0	0.0	0.0	0.0	0.0	0.0	0.0	0.0	0.0009955539472715	0.0	0.0020953604029774	0.0	0.0	0.0	0.0	0.0	0.0	0.0	0.0	0.0	0.0	0.0	0.0	0.0	0.0	0.0	0.0	0.0	0.0	0.0	0.0	0.0	0.0	0.0	0.0	0.0	0.0	0.0	0.0	0.0	0.0	0.0	0.0	0.0	0.0	0.0	0.0	0.0	0.0	0.0	0.0	0.0	0.0	0.0	0.0	0.0	0.0	0.0	0.0	0.0	0.0	0.0	0.0017693202291557	0.0015958298267462	0.0	0.001539596947038	0.0021264110357688	0.0	0.0	0.0011103261928592	0.0	0.0	0.0	0.0	0.0	0.0	0.0	0.0	0.0	0.0	0.0	0.0
species|120|Planctopirus limnophila	0.0	0.0	0.0	0.0	0.0	0.0	0.0	0.0	0.0	0.0	0.0	0.0	0.0	0.0	0.0020523429091525	0.0011688200227081	0.0010714666418474	0.0	0.0	0.0	0.0	0.0	0.0	0.0	0.0	0.0	0.0	0.0	0.0	0.0	0.0	0.0	0.0	0.0	0.0	0.0	0.0	0.0	0.0	0.0	0.0	0.0	0.0	0.0	0.0	0.0	0.0	0.0	0.0	0.0009501387313967	0.0	0.0	0.0	0.0	0.0	0.0	0.0	0.0011669628010739	0.0	0.0	0.0	0.0	0.0	0.0	0.0	0.0	0.0	0.001732551100051	0.0008617853062	0.0014314091119874	0.0	0.0	0.0	0.0	0.0	0.0014002265143494	0.0	0.0	0.0	0.0	0.0	0.0	0.0	0.0	0.0	0.0	0.0	0.0009160645277691
species|2590869|Janthinobacterium sp. SNU WT3	0.0	0.0	0.0	0.0	0.0	0.0	0.0	0.0	0.0	0.0	0.0	0.0	0.0	0.0	0.0013142233095761	0.0	0.0	0.0	0.0	0.0	0.0	0.0	0.0	0.0	0.0	0.0	0.0	0.0	0.0	0.0	0.0	0.0008045589915001	0.0	0.0	0.0	0.0	0.0	0.0	0.0	0.000756191850375	0.0	0.0	0.0	0.0	0.0016020151606322	0.0	0.0	0.0	0.0	0.0	0.0	0.0	0.0	0.0	0.0	0.0	0.0	0.0	0.0	0.0	0.0	0.0	0.0	0.0	0.0	0.0	0.0	0.0	0.0	0.0	0.0	0.0	0.0	0.0	0.0	0.0	0.0	0.0	0.0	0.0	0.0	0.0	0.0	0.0	0.0	0.0011568148023859	0.0026260103443611	0.0
species|67774|Neorhizobium huautlense	0.0	0.0	0.0	0.0	0.0	0.0	0.0	0.0	0.0	0.0	0.0	0.0	0.0	0.0	0.0021650966590628	0.0	0.0	0.0	0.0	0.0	0.0	0.0	0.0	0.0	0.0	0.0	0.0020809991431199	0.0	0.0	0.0	0.0	0.0	0.0	0.0	0.0	0.0	0.0	0.0	0.0	0.0	0.0	0.0	0.0	0.0	0.0020244758792121	0.0	0.0	0.0	0.0	0.0	0.0	0.0	0.0	0.0	0.0	0.0	0.0	0.0	0.0	0.0	0.0	0.0	0.0	0.0	0.0	0.0	0.0	0.0	0.0	0.0	0.0	0.0	0.0	0.0	0.0	0.0	0.0	0.0	0.0	0.0	0.0	0.0	0.0	0.0	0.0	0.0	0.0	0.0
species|2572087|Candidatus Saccharibacteria bacterium oral taxon 955	0.0	0.0	0.0	0.0	0.0	0.0	0.0	0.0	0.0	0.0	0.0	0.0	0.0	0.0	0.0011430437622468	0.0	0.0	0.0	0.0	0.0	0.0	0.0	0.0	0.0	0.0	0.0	0.0	0.0	0.0008593996092731	0.001025291714197	0.0015081439774783	0.0014370664207588	0.0	0.0	0.0	0.0	0.0	0.0	0.0	0.0014729387637094	0.0	0.0	0.0	0.0	0.0011701857033833	0.0	0.0	0.0	0.0	0.0	0.0	0.0	0.0	0.0	0.0	0.0	0.0	0.0	0.0	0.0	0.0	0.0	0.0	0.0	0.0	0.0	0.0	0.0	0.0	0.0	0.0	0.0	0.0	0.0	0.0	0.0	0.0	0.0013514494868479	0.0	0.0	0.0	0.0	0.0	0.0	0.0	0.0	0.0	0.0
species|198620|Pseudomonas koreensis	0.0	0.0	0.0	0.0	0.0	0.0	0.0	0.0	0.0	0.0	0.0	0.0	0.0	0.0	0.0010933639916504	0.0	0.0	0.0	0.0	0.0	0.0	0.0	0.0	0.0	0.0	0.0	0.0	0.0	0.0010013273528204	0.0	0.0	0.0012842753735703	0.0	0.0	0.0	0.0	0.0	0.0	0.0	0.0	0.0	0.0	0.0	0.0052120362789569	0.0016561334742461	0.0	0.0	0.0	0.0	0.0	0.0	0.0	0.0	0.0	0.0	0.0	0.0	0.0	0.0	0.0	0.0	0.0	0.0	0.0	0.0	0.0	0.0	0.0	0.0	0.0	0.0	0.0	0.0	0.0	0.0	0.0	0.0	0.0013215246084604	0.0	0.0014815570968592	0.0	0.0	0.0	0.0	0.0054731682351793	0.0024759944387586	0.0018491138100338	0.0
species|2559074|Pseudomonas sp. S150	0.0	0.0	0.0	0.0	0.0	0.0	0.0	0.0	0.0	0.0	0.0	0.0	0.0	0.0	0.0010186361158085	0.0009311763630224	0.0	0.0	0.0	0.0	0.0	0.0	0.0	0.0	0.0	0.0	0.0	0.0	0.0	0.0	0.0	0.0	0.0	0.0	0.0	0.0	0.0	0.0	0.0	0.0	0.0	0.0	0.0	0.0	0.0010373080842303	0.0	0.0	0.0	0.0	0.0	0.0	0.0	0.0	0.0	0.0	0.0	0.0	0.0	0.0	0.0	0.0	0.0	0.0	0.0	0.0	0.0	0.0	0.0	0.0	0.0	0.0	0.0	0.0	0.0	0.0	0.0	0.0	0.0	0.0	0.0	0.0	0.0	0.0	0.0	0.0012666139272971	0.0	0.0	0.0
species|217203|Achromobacter spanius	0.0	0.0	0.0	0.0	0.0	0.0	0.0	0.0	0.0	0.0	0.0	0.0	0.0	0.0	0.001794600979681	0.0	0.0	0.0	0.0	0.0	0.0	0.0	0.0	0.0	0.0	0.0	0.0	0.0	0.0015968667713553	0.0013021287380279	0.0	0.0008675350771425	0.0	0.0	0.0	0.0	0.0	0.0	0.0	0.0	0.0	0.0	0.0	0.002995630263804	0.0	0.0	0.0	0.0	0.0	0.0	0.0	0.0	0.0	0.0	0.0	0.0	0.0	0.0	0.0	0.0	0.0	0.0	0.0	0.0	0.0	0.0	0.0	0.0	0.0	0.0	0.0	0.0	0.0	0.0	0.0	0.0	0.0	0.0026096594468405	0.0019471858107483	0.0	0.0	0.0	0.0	0.0	0.0022698497500092	0.0017804308486596	0.0	0.0
species|443612|Flavobacterium resistens	0.0	0.0	0.0	0.0	0.0	0.0	0.0	0.0	0.0	0.0	0.0	0.0	0.0	0.0	0.0040006531678641	0.0	0.0	0.0	0.0	0.0	0.0	0.0	0.0	0.0	0.0	0.0	0.0	0.0	0.0	0.0	0.0	0.0023014256325057	0.0	0.0	0.0	0.0	0.0	0.0	0.0	0.0	0.0	0.0	0.0	0.0045705232444894	0.0031844206259205	0.0	0.0	0.0	0.0	0.0	0.0	0.0	0.0	0.0	0.0	0.0	0.0	0.0	0.0	0.0	0.0	0.0	0.0	0.0	0.0	0.0	0.0	0.0	0.0	0.0	0.0	0.0	0.0	0.0	0.0	0.0	0.0	0.0041958542520003	0.0	0.0	0.0	0.0	0.0	0.0	0.0	0.0	0.0	0.0
species|2231053|Bdellovibrio sp. ZAP7	0.0	0.0	0.0	0.0	0.0	0.0	0.0	0.0	0.0	0.0	0.0	0.0	0.0	0.0	0.0009819152370189	0.0	0.0	0.0	0.0	0.0	0.0	0.0	0.0	0.0	0.0	0.0	0.0	0.0	0.0	0.0	0.0	0.0	0.0	0.0	0.0	0.0	0.0	0.0	0.0	0.0	0.0	0.0	0.0	0.0	0.0	0.0	0.0	0.0	0.0	0.0	0.0	0.0	0.0	0.0	0.0011455719865877	0.0	0.0	0.0	0.0	0.0	0.0	0.0	0.0	0.0	0.0	0.0	0.0	0.0	0.0	0.0	0.0015723848696249	0.0	0.0	0.0	0.0	0.0	0.0	0.0	0.0	0.0	0.0	0.0	0.0	0.0	0.0019532970158322	0.0	0.0	0.0
species|1076937|Fontimonas thermophila	0.0	0.0	0.0	0.0	0.0	0.0	0.0	0.0	0.0	0.0	0.0	0.0	0.0	0.0	0.0013879815929538	0.0	0.0	0.0	0.0	0.0	0.0	0.0	0.0	0.0	0.0	0.0	0.0	0.0	0.0	0.0	0.0	0.0	0.0	0.0	0.0	0.0	0.0	0.0	0.0	0.0	0.0	0.0	0.0	0.0	0.0	0.0	0.0	0.0	0.0	0.0	0.0	0.0	0.0	0.0	0.0	0.0	0.0	0.0	0.0	0.0	0.0	0.0	0.0	0.0	0.0	0.0	0.0	0.0	0.0	0.0012261868760465	0.0	0.001012677871666	0.0	0.0	0.0	0.0	0.0	0.0	0.0	0.0	0.0	0.0	0.0	0.0	0.0	0.0	0.0	0.0
species|2201356|Pseudomonas sp. 31-12	0.0	0.0	0.0	0.0	0.0	0.0	0.0	0.0	0.0	0.0	0.0	0.0	0.0	0.0	0.0	0.0009270420021972	0.0	0.0015938291448132	0.0	0.0	0.0	0.0	0.0	0.0	0.0	0.0	0.0	0.0	0.0	0.0019603463236309	0.0021995027126694	0.0020117157257045	0.0	0.0	0.0	0.0	0.0	0.0	0.0	0.0006117602927243	0.0	0.0	0.0	0.0	0.0	0.0	0.0	0.0	0.0	0.0	0.0	0.0	0.0	0.0	0.0	0.0016280049951875	0.0020436008729403	0.0	0.0	0.0	0.0	0.0	0.0	0.0	0.0	0.0	0.0	0.0	0.0	0.0	0.0	0.0	0.0	0.0021362218880085	0.0	0.0	0.0	0.0012087997117279	0.0013817241851851	0.0	0.0	0.0	0.0	0.0	0.0014664820641306	0.0009523418309271	0.0011901536340207	0.0
species|445710|Dyella thiooxydans	0.0	0.0	0.0	0.0	0.0	0.0	0.0	0.0	0.0	0.0	0.0	0.0	0.0	0.0	0.0	0.0011379022337293	0.0	0.0	0.0	0.0	0.0	0.0	0.0	0.0	0.0	0.0	0.0	0.0	0.0	0.0	0.0	0.0	0.0	0.0	0.0	0.0	0.0	0.0	0.0	0.0	0.0	0.0	0.0	0.0	0.0	0.0	0.0	0.0	0.0	0.0021116687960348	0.0025050825695198	0.0	0.0	0.0	0.0	0.0	0.0	0.0	0.0	0.0	0.0	0.0	0.0	0.0	0.0	0.0	0.0	0.0	0.0009411932042995	0.0	0.0	0.0019076550002796	0.0	0.0	0.0	0.0009738831492234	0.0	0.0	0.0	0.0	0.0	0.0	0.0	0.0	0.0	0.0	0.0	0.0
species|380629|Lysobacter niastensis	0.0	0.0	0.0	0.0	0.0	0.0	0.0	0.0	0.0	0.0	0.0	0.0	0.0	0.0	0.0	0.0015613189144389	0.0008502620386225	0.0	0.0	0.0	0.0	0.0	0.0	0.0	0.0	0.0	0.0	0.0	0.0015120190211184	0.0	0.0	0.0	0.0	0.0	0.0	0.0	0.0	0.0	0.0	0.0	0.0	0.0	0.0	0.0	0.0	0.0	0.0	0.0	0.0	0.0	0.0	0.0	0.0	0.0	0.0	0.0	0.0	0.0	0.0	0.0	0.0	0.0	0.0	0.0	0.0	0.0	0.0	0.0	0.0	0.0	0.0	0.0	0.0	0.0	0.0	0.0	0.0	0.0008872942741865	0.0	0.0	0.0	0.0	0.0	0.0	0.0	0.0	0.0	0.0
species|394094|Cystobacter velatus	0.0	0.0	0.0	0.0	0.0	0.0	0.0	0.0	0.0	0.0	0.0	0.0	0.0	0.0	0.0	0.0022773113602305	0.0	0.0	0.0	0.0	0.0	0.0	0.0	0.0	0.0	0.0	0.0	0.0	0.0	0.0	0.0	0.0	0.0	0.0	0.0	0.0	0.0	0.0	0.0	0.0	0.0	0.0	0.0	0.0	0.0	0.0	0.0	0.0	0.0	0.0	0.0	0.0	0.0	0.0	0.0	0.0015228929438888	0.0013611785160134	0.0010775123671124	0.0	0.0	0.0	0.0	0.0	0.0	0.0	0.0	0.0	0.0	0.0009150907862251	0.0	0.0	0.0013545006575847	0.0	0.0	0.0	0.0	0.0	0.0	0.0	0.0	0.0	0.0	0.0	0.0	0.0	0.0	0.0	0.0
species|124798|Microbacterium phyllosphaerae	0.0	0.0	0.0	0.0	0.0	0.0	0.0	0.0	0.0	0.0	0.0	0.0	0.0	0.0	0.0	0.0022194273877339	0.0	0.0	0.0	0.0	0.0	0.0	0.0	0.0	0.0	0.0	0.0019788416109956	0.0	0.0	0.0	0.0	0.0	0.0	0.0	0.0	0.0	0.0	0.0	0.0	0.0	0.0	0.0	0.0	0.0	0.0	0.0	0.0	0.0	0.0	0.0	0.0	0.0	0.0	0.0	0.0025320876626213	0.0	0.0	0.0	0.0	0.0	0.0	0.0	0.0	0.0	0.0	0.0	0.0	0.0	0.0	0.0	0.0	0.0019521365049526	0.0	0.0	0.0	0.0	0.0	0.0	0.0	0.0	0.0	0.0	0.0	0.0	0.0	0.0	0.0	0.0
species|1055487|Methylotenera versatilis	0.0	0.0	0.0	0.0	0.0	0.0	0.0	0.0	0.0	0.0	0.0	0.0	0.0	0.0	0.0	0.0015793897351133	0.0	0.0	0.0	0.0	0.0	0.0	0.0	0.0	0.0	0.0	0.0	0.0	0.0	0.0	0.0	0.0	0.0	0.0	0.0	0.0	0.0	0.0	0.0	0.0010607230837817	0.0	0.0	0.0	0.0	0.0	0.0	0.0	0.0	0.0	0.0	0.0	0.0	0.0	0.0	0.0	0.0	0.0	0.0	0.0	0.0	0.0	0.0	0.0	0.0	0.0	0.0	0.0	0.0	0.0	0.0	0.0	0.0013014237756647	0.0	0.0	0.0	0.0	0.0	0.0	0.0	0.0	0.0	0.0	0.0	0.0	0.0	0.0	0.0	0.0
species|2303750|Stenotrophomonas sp. G4	0.0	0.0	0.0	0.0	0.0	0.0	0.0	0.0	0.0	0.0	0.0	0.0	0.0	0.0	0.0	0.0	0.0015079067049243	0.0	0.0	0.0	0.0	0.0	0.0	0.0	0.0	0.0	0.0	0.0	0.0	0.0	0.0046020706174482	0.0	0.0	0.0	0.0	0.0	0.0	0.0	0.0	0.0	0.0	0.0	0.0	0.0035264652966917	0.0	0.0	0.0	0.0	0.0	0.0	0.0	0.0	0.0	0.0	0.0	0.0	0.0	0.0	0.0	0.0	0.0	0.0	0.0	0.0	0.0	0.0	0.0	0.0	0.0	0.0	0.0	0.0	0.0	0.0	0.0	0.0	0.0	0.0	0.0	0.0	0.0	0.0	0.0	0.0	0.0	0.0028916116063128	0.0	0.0
species|1302690|Cnuella takakiae	0.0	0.0	0.0	0.0	0.0	0.0	0.0	0.0	0.0	0.0	0.0	0.0	0.0	0.0	0.0	0.0	0.0011079940850494	0.0019250452031849	0.0	0.0	0.0	0.0	0.0	0.0	0.0	0.0	0.0	0.0	0.0010300154998632	0.0015856638538272	0.0019735411590961	0.0009911922804614	0.0	0.0	0.0	0.0	0.0	0.0	0.0	0.0	0.0	0.0	0.0	0.0	0.0	0.0	0.0	0.0	0.0	0.0	0.0	0.0	0.0	0.0	0.0	0.0	0.0	0.0	0.0	0.0	0.0	0.0	0.0	0.0	0.0	0.0	0.0	0.0	0.0	0.0	0.0	0.0	0.0	0.0	0.0	0.0	0.0	0.0012343861160277	0.0	0.0	0.0	0.0	0.0	0.0	0.0017477202021313	0.0034524808991594	0.0	0.0
species|879274|Shinella sp. HZN7	0.0	0.0	0.0	0.0	0.0	0.0	0.0	0.0	0.0	0.0	0.0	0.0	0.0	0.0	0.0	0.0	0.0013706152968374	0.001509292091808	0.0	0.0	0.0	0.0	0.0	0.0	0.0	0.0	0.0	0.0	0.0	0.0	0.0	0.0	0.0	0.0	0.0	0.0	0.0	0.0	0.0	0.0014616351834815	0.0	0.0	0.0	0.0	0.0	0.0	0.0	0.0	0.0	0.0	0.0	0.0	0.0	0.0	0.0	0.0	0.0	0.0	0.0	0.0	0.0	0.0	0.0	0.0	0.0	0.0	0.0	0.0	0.0	0.0	0.0	0.0	0.0	0.0	0.0	0.0	0.0	0.0015923417921553	0.0018458936679411	0.0	0.0	0.0	0.0	0.0	0.0	0.0	0.0019504066589124	0.0
species|179467|Oxalicibacterium flavum	0.0	0.0	0.0	0.0	0.0	0.0	0.0	0.0	0.0	0.0	0.0	0.0	0.0	0.0	0.0	0.0	0.0011145702494662	0.0010281448821957	0.0009084418141417	0.0	0.0	0.0	0.0	0.0	0.0	0.0	0.0	0.0	0.0010123693661546	0.0009700969182537	0.0	0.0009821817954512	0.0	0.0	0.0	0.0	0.0	0.0	0.0	0.0	0.0	0.0	0.0	0.0	0.0	0.0	0.0	0.0	0.0	0.0	0.0	0.0	0.0	0.0	0.0	0.0	0.0	0.0	0.0	0.0	0.0	0.0	0.0	0.0	0.0	0.0	0.0	0.0	0.0	0.0	0.0	0.0	0.0	0.0	0.0	0.0	0.0	0.0	0.0	0.0	0.0	0.0	0.0	0.0	0.0014941583153365	0.001443233369413	0.0	0.0
species|80842|Herbaspirillum rubrisubalbicans	0.0	0.0	0.0	0.0	0.0	0.0	0.0	0.0	0.0	0.0	0.0	0.0	0.0	0.0	0.0	0.0	0.0008709995559868	0.0	0.0	0.0	0.0	0.0	0.0	0.0	0.0	0.0	0.0	0.0	0.0	0.0	0.0	0.0	0.0	0.0	0.0	0.0	0.0	0.0	0.0	0.0	0.0	0.0	0.0	0.0	0.0	0.0	0.0	0.0	0.0	0.0	0.0	0.0	0.0	0.0	0.0	0.0	0.0	0.0	0.0	0.0	0.0	0.0	0.0	0.0	0.0	0.0	0.0	0.0	0.0	0.0	0.0	0.0	0.0	0.0	0.0	0.0	0.0	0.0	0.0	0.0	0.0	0.0	0.0	0.0	0.0	0.0	0.0	0.0
species|573741|Oxalicibacterium faecigallinarum	0.0	0.0	0.0	0.0	0.0	0.0	0.0	0.0	0.0	0.0	0.0	0.0	0.0	0.0	0.0	0.0	0.0011601816409101	0.0	0.0	0.0	0.0	0.0	0.0	0.0	0.0	0.0	0.0	0.0	0.0010241323657687	0.0	0.0	0.0	0.0	0.0	0.0	0.0	0.0	0.0	0.0	0.0008428969794204	0.0	0.0	0.0	0.0	0.0007084486463119	0.0	0.0	0.0	0.0	0.0011019443811609	0.0	0.0	0.0	0.0	0.0	0.0	0.0	0.0	0.0	0.0	0.0	0.0	0.0	0.0	0.0	0.0	0.0	0.0	0.0011908244896673	0.0	0.0	0.0	0.0	0.0	0.0	0.0	0.0	0.0007571641736215	0.0	0.0	0.0	0.0	0.0	0.0	0.0013325465052512	0.0012069259613431	0.0	0.0
species|1122943|Daejeonella oryzae	0.0	0.0	0.0	0.0	0.0	0.0	0.0	0.0	0.0	0.0	0.0	0.0	0.0	0.0	0.0	0.0	0.0010195122821848	0.0	0.0	0.0	0.0	0.0	0.0	0.0	0.0	0.0	0.0016451751704503	0.0	0.001929423999393	0.0	0.0020898639267888	0.0021794994906044	0.0	0.0	0.0	0.0	0.0	0.0	0.0	0.0	0.0	0.0	0.0	0.0023446744227679	0.0014925952975429	0.0	0.0	0.0	0.0	0.0	0.0	0.0	0.0	0.0	0.0	0.0	0.0	0.0	0.0	0.0	0.0	0.0	0.0	0.0	0.0	0.0	0.0	0.0	0.0	0.0	0.0	0.0	0.0	0.0	0.0	0.0	0.0	0.0010871970777879	0.0	0.0	0.0	0.0	0.0	0.0	0.0020542033007971	0.0033317674228427	0.0023349232138269	0.0
species|21|Phenylobacterium immobile	0.0	0.0	0.0	0.0	0.0	0.0	0.0	0.0	0.0	0.0	0.0	0.0	0.0	0.0	0.0	0.0	0.0007722889890569	0.0009400298318321	0.0	0.0	0.0	0.0	0.0	0.0	0.0	0.0	0.0	0.0	0.0012641522350436	0.0	0.0	0.0	0.0	0.0	0.0	0.0	0.0	0.0	0.0	0.0006617924818865	0.0	0.0	0.0	0.0	0.0	0.0	0.0	0.0	0.0	0.0	0.0	0.0	0.0	0.0	0.0	0.0	0.0	0.0	0.0	0.0	0.0	0.0	0.0	0.0	0.0	0.0	0.0	0.0	0.0	0.0	0.0	0.0	0.0	0.0	0.0	0.0	0.0	0.0	0.0	0.0	0.0	0.0	0.0	0.0	0.0010286617556222	0.0	0.0	0.0
species|1864509|Rhizobium altiplani	0.0	0.0	0.0	0.0	0.0	0.0	0.0	0.0	0.0	0.0	0.0	0.0	0.0	0.0	0.0	0.0	0.0029734580935779	0.0016907409056984	0.0	0.0	0.0	0.0	0.0	0.0	0.0	0.0	0.0	0.0	0.0011754860152183	0.0	0.0	0.0014279161461062	0.0	0.0	0.0	0.0	0.0	0.0	0.0	0.0011277767005554	0.0	0.0	0.0	0.0	0.0	0.0	0.0	0.0	0.0	0.0017556133756675	0.0	0.002082693168867	0.0	0.0	0.0	0.0023300042018219	0.0028278514318276	0.0	0.0	0.0	0.0	0.0	0.0	0.0	0.0	0.0	0.0	0.0	0.0	0.001522464421417	0.0	0.0	0.0024355685509621	0.0	0.0	0.0	0.0	0.0	0.0016549317103684	0.0	0.0	0.0	0.0	0.0	0.0	0.0	0.0	0.0
species|2202149|Thermomonas sp. SY21	0.0	0.0	0.0	0.0	0.0	0.0	0.0	0.0	0.0	0.0	0.0	0.0	0.0	0.0	0.0	0.0	0.0012213059505576	0.0	0.0	0.0	0.0	0.0	0.0	0.0	0.0	0.0	0.0	0.0	0.0018965867873761	0.0017610512953886	0.0	0.0	0.0	0.0	0.0	0.0	0.0	0.0	0.0	0.0	0.0	0.0	0.0	0.0	0.0006723565982507	0.0	0.0	0.0	0.0	0.0009020331544559	0.0	0.0	0.0	0.0	0.0	0.0	0.0	0.0	0.0	0.0	0.0	0.0	0.0	0.0	0.0	0.0	0.0	0.0	0.0	0.0008737056986852	0.0	0.0	0.0	0.0	0.0	0.0	0.0	0.0	0.0	0.0	0.0	0.0	0.0	0.0	0.0015528536515337	0.0	0.0	0.0
species|1842727|Rhodoferax koreense	0.0	0.0	0.0	0.0	0.0	0.0	0.0	0.0	0.0	0.0	0.0	0.0	0.0	0.0	0.0	0.0	0.0012241069929713	0.0	0.0	0.0	0.0	0.0	0.0	0.0	0.0	0.0	0.0016365229831276	0.0	0.0	0.0	0.0	0.0	0.0	0.0	0.0	0.0	0.0	0.0	0.0	0.0	0.0	0.0	0.0	0.0	0.000872092042051	0.0	0.0	0.0	0.0	0.0	0.0	0.0	0.0	0.0	0.0	0.0	0.0	0.0	0.0	0.0	0.0	0.0	0.0	0.0	0.0	0.0	0.0	0.0	0.0	0.0	0.0	0.0	0.0	0.0	0.0	0.0	0.0	0.0	0.0	0.0	0.0	0.0	0.0	0.0	0.0	0.0	0.0	0.0
species|1259844|Pseudomonas sp. FGI182	0.0	0.0	0.0	0.0	0.0	0.0	0.0	0.0	0.0	0.0	0.0	0.0	0.0	0.0	0.0	0.0	0.0013277631506892	0.0	0.0	0.0	0.0	0.0	0.0	0.0	0.0	0.0	0.0	0.0	0.0	0.0	0.0	0.0	0.0	0.0	0.0	0.0	0.0	0.0	0.0	0.0	0.0	0.0	0.0	0.0	0.0	0.0	0.0	0.0	0.0	0.0	0.0	0.0026202829694983	0.0	0.0	0.0	0.0016534427900983	0.0	0.0	0.0	0.0	0.0	0.0	0.0	0.0	0.0	0.0	0.0	0.0	0.0	0.0	0.0	0.0	0.0	0.0	0.0	0.0	0.0	0.0	0.0	0.0	0.0	0.0	0.0	0.0	0.0	0.0	0.0	0.0
species|354355|Niastella yeongjuensis	0.0	0.0	0.0	0.0	0.0	0.0	0.0	0.0	0.0	0.0	0.0	0.0	0.0	0.0	0.0	0.0	0.0014105139477787	0.0	0.0	0.0	0.0	0.0	0.0	0.0	0.0	0.0	0.0	0.0	0.0	0.0	0.0	0.0	0.0	0.0	0.0	0.0	0.0	0.0	0.0	0.0	0.0	0.0	0.0	0.0	0.0	0.0	0.0	0.0	0.0	0.0	0.0	0.0	0.0	0.0	0.0	0.0	0.0	0.0	0.0	0.0	0.0	0.0	0.0	0.0	0.0	0.0	0.0	0.0	0.0	0.0	0.0	0.0	0.0	0.0	0.0	0.0	0.0	0.0	0.0	0.0	0.0	0.0	0.0	0.0	0.0	0.0	0.0	0.0
species|2678302|Mucibacter soli	0.0	0.0	0.0	0.0	0.0	0.0	0.0	0.0	0.0	0.0	0.0	0.0	0.0	0.0	0.0	0.0	0.0011636062705423	0.0	0.0	0.0	0.0	0.0	0.0	0.0015511857592805	0.0	0.0	0.0	0.0	0.0	0.0	0.0	0.0	0.0	0.0	0.0	0.0007520269434963	0.0	0.0	0.0	0.0	0.0	0.0005966678707129	0.0	0.0	0.0	0.0008688192861695	0.0	0.0	0.0	0.0	0.0	0.0	0.0	0.0	0.0	0.0027725245369327	0.0	0.0019658028165506	0.0	0.0	0.0	0.0	0.0	0.0	0.0	0.0	0.0	0.0	0.0	0.0	0.0	0.0	0.0	0.0	0.0	0.0	0.0	0.0	0.0	0.0	0.0	0.0	0.0	0.0	0.0	0.0	0.0	0.0
species|53254|Bosea thiooxidans	0.0	0.0	0.0	0.0	0.0	0.0	0.0	0.0	0.0	0.0	0.0	0.0	0.0	0.0	0.0	0.0	0.001572794209228	0.0	0.0	0.0	0.0	0.0	0.0	0.0	0.0	0.0	0.0	0.0	0.0	0.0	0.0	0.0	0.0	0.0	0.0	0.0	0.0	0.0	0.0	0.0	0.0	0.0	0.0	0.0	0.0	0.0	0.0	0.0	0.0	0.0	0.0	0.0	0.0	0.0	0.0	0.0	0.0	0.0	0.0	0.0	0.0	0.0	0.0	0.0	0.0	0.0	0.0	0.0	0.0	0.0	0.0	0.0	0.0	0.0	0.0	0.0	0.0	0.0	0.0	0.0	0.0	0.0	0.0	0.0	0.0	0.0	0.0	0.0
species|285983|Mesobacillus subterraneus	0.0	0.0	0.0	0.0	0.0	0.0	0.0	0.0	0.0	0.0	0.0	0.0	0.0	0.0	0.0	0.0	0.0014556741370424	0.0	0.0	0.0	0.0	0.0	0.0	0.0	0.0	0.0	0.0	0.0	0.0	0.0	0.0	0.0	0.0	0.0	0.0	0.0	0.0	0.0	0.0	0.0	0.0	0.0	0.0	0.0	0.0	0.0	0.0	0.0	0.0	0.0	0.0	0.0	0.0	0.0	0.0017247767018877	0.0	0.0	0.0	0.0	0.0	0.0	0.0	0.0	0.0	0.0	0.0	0.0	0.0	0.0	0.0	0.0	0.0	0.0	0.0023463720522893	0.0	0.0	0.0	0.0	0.0	0.0	0.0	0.0	0.0	0.0	0.0	0.0	0.0	0.0
species|359408|Methylotenera mobilis	0.0	0.0	0.0	0.0	0.0	0.0	0.0	0.0	0.0	0.0	0.0	0.0	0.0	0.0	0.0	0.0	0.0017147789414874	0.0	0.0	0.0	0.0	0.0	0.0	0.0	0.0	0.0	0.0	0.0	0.0	0.0	0.0	0.0	0.0	0.0	0.0	0.0	0.0	0.0	0.0	0.0	0.0	0.0	0.0	0.0	0.0009666751482387	0.0	0.0	0.0	0.0	0.0	0.0	0.0	0.0	0.0	0.0	0.0	0.0	0.0	0.0	0.0	0.0	0.0	0.0	0.0	0.0	0.0	0.0	0.0	0.0	0.0	0.0	0.0	0.0	0.0	0.0	0.0	0.0	0.0	0.0	0.0	0.0	0.0	0.0	0.0	0.0	0.0	0.0	0.0
species|2027860|Mucilaginibacter rubeus	0.0	0.0	0.0	0.0	0.0	0.0	0.0	0.0	0.0	0.0	0.0	0.0	0.0	0.0	0.0	0.0	0.001165198936174	0.0	0.0	0.0	0.0	0.0	0.0	0.0	0.0	0.0	0.0	0.0	0.0	0.0	0.0	0.0023482570171776	0.0	0.0	0.0	0.0	0.0	0.0	0.0	0.0010607376270628	0.0	0.0	0.0	0.0	0.0017397861658223	0.0	0.0	0.0	0.0	0.0	0.0	0.0	0.0	0.0	0.0	0.0	0.0	0.0	0.0	0.0	0.0	0.0	0.0	0.0	0.0	0.0	0.0	0.0	0.0	0.0	0.0	0.0	0.0	0.0	0.0	0.0	0.0	0.0	0.0	0.0	0.0	0.0	0.0	0.0	0.0013653617039712	0.0012817342154324	0.0033009534367115	0.0
species|1084526|Nibrella saemangeumensis	0.0	0.0	0.0	0.0	0.0	0.0	0.0	0.0	0.0	0.0	0.0	0.0	0.0	0.0	0.0	0.0	0.0009607421366306	0.0	0.0	0.0	0.0	0.0	0.0	0.0	0.0	0.0	0.0	0.0	0.0008205689277899	0.001161995898838	0.0	0.0	0.0	0.0	0.0	0.0	0.0	0.0	0.0	0.0	0.0	0.0	0.0	0.0	0.0	0.0	0.0	0.0	0.0	0.0	0.0	0.0	0.0	0.0	0.0	0.0	0.0	0.0	0.0	0.0	0.0	0.0	0.0	0.0	0.0	0.0	0.0	0.0	0.0	0.0	0.0	0.0	0.0	0.0	0.0	0.0	0.0	0.0	0.0	0.0	0.0	0.0	0.0	0.0	0.0	0.0	0.0	0.0
species|455078|Rhodocytophaga aerolata	0.0	0.0	0.0	0.0	0.0	0.0	0.0	0.0	0.0	0.0	0.0	0.0	0.0	0.0	0.0	0.0	0.0009595613433858	0.0	0.0	0.0	0.0	0.0	0.0	0.0	0.0	0.0	0.0	0.0	0.0	0.0	0.0	0.0	0.0	0.0	0.0	0.0	0.0	0.0	0.0	0.0	0.0	0.0	0.0	0.0	0.0	0.0	0.0	0.0	0.0	0.0	0.0	0.0	0.0	0.0	0.0	0.0	0.0	0.0	0.0	0.0	0.0	0.0	0.0	0.0	0.0	0.0	0.0	0.0	0.0	0.0	0.0	0.0	0.0	0.0	0.0	0.0	0.0	0.0	0.0	0.0	0.0	0.0	0.0	0.0	0.0	0.0	0.0	0.0
species|324057|Paenibacillus sp. JDR-2	0.0	0.0	0.0	0.0	0.0	0.0	0.0	0.0	0.0	0.0	0.0	0.0	0.0	0.0	0.0	0.0	0.0	0.0016506045304792	0.0	0.0	0.0	0.0	0.0	0.0	0.0	0.0	0.0	0.0	0.0	0.0	0.0	0.0	0.0	0.0	0.0	0.0	0.0	0.0	0.0	0.0	0.0	0.0	0.0	0.0	0.0	0.0	0.0	0.0	0.0	0.0	0.0	0.0	0.0	0.0	0.0	0.0	0.0	0.0	0.0	0.0	0.0	0.0	0.0	0.0	0.0	0.0	0.0	0.0	0.0	0.0	0.0	0.0	0.0	0.0	0.0	0.0	0.0	0.0	0.0	0.0	0.0	0.0	0.0	0.0	0.0	0.0	0.0	0.0
species|2599640|Bosea sp. F3-2	0.0	0.0	0.0	0.0	0.0	0.0	0.0	0.0	0.0	0.0	0.0	0.0	0.0	0.0	0.0	0.0	0.0	0.0012278437492888	0.0	0.0	0.0	0.0	0.0	0.0	0.0	0.0	0.0	0.0	0.0	0.0	0.0	0.0011254519455386	0.0	0.0	0.0	0.0	0.0	0.0	0.0	0.0	0.0	0.0	0.0	0.0	0.0	0.0	0.0	0.0	0.0	0.0	0.0	0.0	0.0	0.0	0.0	0.0	0.0	0.0	0.0	0.0	0.0	0.0	0.0	0.0	0.0	0.0	0.0	0.0	0.0	0.0020356628971225	0.0	0.0	0.0	0.0	0.0	0.0	0.0	0.0	0.0	0.0	0.0	0.0	0.0	0.0	0.0	0.0	0.0	0.0
species|1571470|Rhizobium sp. ACO-34A	0.0	0.0	0.0	0.0	0.0	0.0	0.0	0.0	0.0	0.0	0.0	0.0	0.0	0.0	0.0	0.0	0.0	0.0010291336748095	0.0	0.0	0.0	0.0	0.0	0.0	0.0	0.0	0.0011369960971789	0.0	0.0	0.0	0.0	0.0	0.0	0.0	0.0	0.0	0.0	0.0	0.0	0.0	0.0	0.0	0.0	0.0	0.0	0.0	0.0	0.0	0.0	0.0	0.0	0.0	0.0	0.0	0.0	0.0	0.0	0.0	0.0	0.0	0.0	0.0	0.0	0.0	0.0	0.0	0.0	0.0	0.0	0.0	0.0	0.0	0.0	0.0	0.0	0.0	0.0	0.0	0.0	0.0	0.0	0.0	0.0	0.0	0.0	0.0	0.0	0.0
species|391905|Methylocystis heyeri	0.0	0.0	0.0	0.0	0.0	0.0	0.0	0.0	0.0	0.0	0.0	0.0	0.0	0.0	0.0	0.0	0.0	0.0016196441694403	0.0	0.0	0.0	0.0	0.0	0.0	0.0	0.0	0.0	0.0	0.0	0.0	0.0	0.0	0.0	0.0	0.0	0.0	0.0	0.0	0.0	0.0008972660423687	0.0	0.0	0.0	0.0	0.0	0.0	0.0	0.0	0.0	0.0	0.0	0.0	0.0	0.0	0.0	0.0	0.0	0.0	0.0	0.0	0.0	0.0	0.0	0.0	0.0	0.0	0.0	0.0	0.0	0.0	0.0	0.0	0.0	0.0	0.0	0.0010999810520759	0.0	0.0	0.0	0.0	0.0	0.0	0.0	0.0	0.0	0.0	0.0	0.0
species|1084520|Flaviaesturariibacter amylovorans	0.0	0.0	0.0	0.0	0.0	0.0	0.0	0.0	0.0	0.0	0.0	0.0	0.0	0.0	0.0	0.0	0.0	0.0007308896268014	0.0	0.0	0.0	0.0	0.0	0.0	0.0	0.0	0.0	0.0	0.0	0.0007530106837263	0.0	0.0	0.0	0.0	0.0	0.0	0.0	0.0	0.0	0.0	0.0	0.0	0.0	0.0	0.0	0.0	0.0	0.0	0.0	0.0	0.0	0.0	0.0	0.0	0.0	0.0	0.0	0.0	0.0	0.0	0.0	0.0	0.0	0.0	0.0	0.0	0.0	0.0	0.0	0.0	0.0	0.0	0.0	0.0	0.0	0.0	0.0	0.0	0.0	0.0	0.0	0.0	0.0	0.0	0.0	0.0008925965414553	0.0	0.0
species|1978412|Sediminibacterium roseum	0.0	0.0	0.0	0.0	0.0	0.0	0.0	0.0	0.0	0.0	0.0	0.0	0.0	0.0	0.0	0.0	0.0	0.0008423334847256	0.0	0.0	0.0	0.0	0.0	0.0	0.0	0.0	0.0	0.0	0.0011703345481057	0.0011252463237183	0.0	0.0	0.0	0.0	0.0	0.0	0.0	0.0	0.0	0.000772946283265	0.0	0.0	0.0	0.0	0.0010193585447932	0.0	0.0	0.0	0.0	0.0	0.0	0.0	0.0	0.0	0.0	0.0	0.0	0.0	0.0	0.0	0.0	0.0	0.0	0.0	0.0	0.0	0.0	0.0	0.0	0.0	0.0	0.0	0.0	0.0	0.0	0.0	0.0	0.0007889353404949	0.0	0.0	0.0	0.0	0.0	0.0	0.0	0.0	0.0	0.0
species|2527873|Paenibacillus thalictri	0.0	0.0	0.0	0.0	0.0	0.0	0.0	0.0	0.0	0.0	0.0	0.0	0.0	0.0	0.0	0.0	0.0	0.0017166211393979	0.0	0.0	0.0	0.0	0.0	0.0	0.0	0.0	0.0	0.0	0.0	0.0	0.0	0.0	0.0	0.0	0.0	0.0	0.0	0.0	0.0	0.0010607265977194	0.0	0.0	0.0	0.0	0.0	0.0	0.0	0.0	0.0	0.0	0.0	0.0	0.0	0.0	0.0	0.0	0.0	0.0	0.0	0.0	0.0	0.0	0.0	0.0	0.0	0.0	0.0	0.0	0.0	0.0	0.0	0.0	0.0	0.0	0.0	0.0	0.0	0.0	0.0	0.0	0.0	0.0	0.0196994402029876	0.0	0.0	0.0	0.0	0.0
species|637577|Luteibacter jiangsuensis	0.0	0.0	0.0	0.0	0.0	0.0	0.0	0.0	0.0	0.0	0.0	0.0	0.0	0.0	0.0	0.0	0.0	0.0011224107914441	0.0	0.0	0.0	0.0	0.0	0.0	0.0	0.0	0.0	0.0	0.0	0.0	0.0	0.0	0.0	0.0	0.0	0.0	0.0	0.0	0.0	0.0	0.0	0.0	0.0	0.0	0.0	0.0	0.0	0.0	0.0	0.0	0.0	0.0	0.0	0.0	0.0	0.0	0.0	0.0	0.0	0.0	0.0	0.0	0.0	0.0	0.0	0.0	0.0	0.0	0.0	0.0	0.0	0.0	0.0	0.0	0.0	0.0	0.0	0.0	0.0	0.0	0.0	0.0	0.0	0.0	0.0	0.0	0.0	0.0
species|354356|Niastella koreensis	0.0	0.0	0.0	0.0	0.0	0.0	0.0	0.0	0.0	0.0	0.0	0.0	0.0	0.0	0.0	0.0	0.0	0.0013205254641953	0.0	0.0	0.0	0.0	0.0	0.0012942003692879	0.0	0.0	0.0	0.0	0.001589500008173	0.0	0.0	0.0	0.0	0.0	0.0	0.0	0.0	0.0	0.0	0.0	0.0	0.0010382093471122	0.0	0.0	0.0	0.0	0.0	0.0	0.0	0.0	0.0	0.0	0.0	0.0	0.0	0.0	0.0	0.0	0.0	0.0	0.0	0.0	0.0	0.0	0.0	0.0	0.0	0.0	0.0	0.0011424120303061	0.0	0.0	0.0	0.0	0.0	0.0	0.0	0.0	0.0016173050171075	0.0	0.0	0.0	0.0	0.0	0.0	0.0	0.0	0.0013732725171288
species|420324|Microvirga lupini	0.0	0.0	0.0	0.0	0.0	0.0	0.0	0.0	0.0	0.0	0.0	0.0	0.0	0.0	0.0	0.0	0.0	0.001015478354826	0.0	0.0	0.0	0.0	0.0	0.0	0.0	0.0	0.0	0.0	0.0	0.0	0.0	0.0	0.0	0.0	0.0	0.0	0.0	0.0	0.0	0.0	0.0	0.0	0.0	0.0	0.0	0.0	0.0	0.0	0.0	0.0	0.0	0.0	0.0	0.0	0.0	0.0	0.0	0.0011335777927655	0.0	0.0	0.0	0.0	0.0	0.0	0.0	0.0	0.0	0.0	0.0	0.0	0.0	0.0	0.0012269332228778	0.0	0.0	0.0	0.0	0.0	0.0	0.0	0.0	0.0	0.0	0.0	0.0	0.0	0.0	0.0
species|1327635|Sphingomonas sp. Cra20	0.0	0.0	0.0	0.0	0.0	0.0	0.0	0.0	0.0	0.0	0.0	0.0	0.0	0.0	0.0	0.0	0.0	0.0014756303856621	0.0	0.0	0.0	0.0	0.0	0.0	0.0	0.0	0.0	0.0	0.0	0.0	0.0	0.0	0.0	0.0	0.0	0.0	0.0	0.0	0.0	0.0	0.0	0.0	0.0	0.0	0.0	0.0	0.0	0.0	0.0	0.0	0.0	0.0	0.0	0.0	0.0	0.0	0.0	0.0	0.0	0.0	0.0	0.0	0.0	0.0	0.0	0.0	0.0	0.0	0.0	0.0	0.0	0.0	0.0	0.0	0.0	0.0	0.0	0.0	0.0	0.0	0.0	0.0	0.0	0.0	0.0	0.0	0.0	0.0
species|578942|Dokdonella immobilis	0.0	0.0	0.0	0.0	0.0	0.0	0.0	0.0	0.0	0.0	0.0	0.0	0.0	0.0	0.0	0.0	0.0	0.0014559503593636	0.0010152500025963	0.0	0.0	0.0	0.0	0.0	0.0	0.0	0.0	0.0	0.0	0.0	0.0	0.0	0.0	0.0	0.0	0.0	0.0	0.0	0.0	0.0	0.0	0.0	0.0	0.0	0.0	0.0	0.0	0.0	0.0	0.0	0.0	0.0	0.0	0.0	0.0	0.0	0.0	0.0	0.0	0.0	0.0	0.0	0.0	0.0	0.0	0.0	0.0	0.0	0.0008822637930535	0.0	0.0	0.0	0.0	0.0	0.0	0.0007574833979535	0.0	0.0	0.0	0.0	0.0	0.0	0.0	0.0	0.0	0.0	0.0	0.0
species|285|Comamonas testosteroni	0.0	0.0	0.0	0.0	0.0	0.0	0.0	0.0	0.0	0.0	0.0	0.0	0.0	0.0	0.0	0.0	0.0	0.0008282215161674	0.0	0.0	0.0	0.0	0.0	0.0	0.0	0.0	0.0	0.0	0.0	0.0016344828172285	0.0	0.0	0.0	0.0	0.0	0.0	0.0	0.0	0.0	0.0	0.0	0.0	0.0	0.0	0.0	0.0	0.0	0.0	0.0	0.0	0.0	0.0	0.0	0.0	0.0	0.0	0.0	0.0	0.0	0.0	0.0	0.0	0.0	0.0	0.0	0.0	0.0	0.0	0.0	0.0	0.0	0.0	0.0	0.0	0.0	0.0	0.0	0.0	0.0	0.0	0.0	0.0	0.0	0.0	0.0	0.0	0.0	0.0
species|1495200|Fulvimonas yonginensis	0.0	0.0	0.0	0.0	0.0	0.0	0.0	0.0	0.0	0.0	0.0	0.0	0.0	0.0	0.0	0.0	0.0	0.0	0.0011445450348422	0.0	0.0	0.0	0.0	0.0	0.0	0.0	0.0	0.0	0.0	0.0	0.0	0.0	0.0	0.0	0.0	0.0	0.0	0.0	0.0	0.0	0.0	0.0	0.0	0.0	0.0	0.0	0.0	0.0	0.0	0.0	0.0	0.0	0.0	0.0	0.0	0.0	0.0	0.0	0.0	0.0	0.0	0.0	0.0	0.0	0.0	0.0	0.0	0.0	0.0	0.0	0.0	0.0	0.0	0.0	0.0	0.0014315120505727	0.0	0.0018809438626474	0.0	0.0	0.0	0.0	0.0	0.0	0.0	0.0	0.0	0.0
species|1836199|Variovorax robiniae	0.0	0.0	0.0	0.0	0.0	0.0	0.0	0.0	0.0	0.0	0.0	0.0	0.0	0.0	0.0	0.0	0.0	0.0	0.001513455989536	0.0	0.0	0.0	0.0	0.0	0.0	0.0	0.0	0.0	0.0	0.0	0.0	0.0	0.0	0.0	0.0	0.0	0.0	0.0	0.0	0.0	0.0	0.0	0.0	0.0	0.0	0.0	0.0	0.0	0.0	0.0	0.0	0.0	0.0	0.0	0.0	0.0	0.0	0.0	0.0	0.0	0.0	0.0	0.0	0.0	0.0	0.0	0.0	0.0	0.0	0.0	0.0	0.0	0.0	0.0	0.0	0.0	0.0	0.0	0.0	0.0	0.0	0.0	0.0	0.0	0.0	0.0	0.0	0.0
species|262323|Lysobacter brunescens	0.0	0.0	0.0	0.0	0.0	0.0	0.0	0.0	0.0	0.0	0.0	0.0	0.0	0.0	0.0	0.0	0.0	0.0	0.001094085713978	0.0	0.0	0.0	0.0	0.0	0.0	0.0	0.0	0.0	0.0	0.0	0.0	0.0	0.0	0.0	0.0	0.0	0.0	0.0	0.0	0.0007034847847349	0.0	0.0	0.0	0.0	0.0	0.0	0.0	0.0	0.0	0.0010191136952292	0.0	0.0	0.0	0.0	0.0	0.0	0.0	0.0	0.0	0.0	0.0	0.0	0.0	0.0	0.0	0.0	0.0	0.0013064235271948	0.0011552836708162	0.0007201733124959	0.0	0.0	0.0	0.0	0.0	0.00101927806387	0.0	0.0	0.0	0.0	0.0	0.0	0.0	0.0	0.0	0.0	0.0	0.0
species|109465|Nocardioides pyridinolyticus	0.0	0.0	0.0	0.0	0.0	0.0	0.0	0.0	0.0	0.0	0.0	0.0	0.0	0.0	0.0	0.0	0.0	0.0	0.0023998902907295	0.0	0.0	0.0	0.0	0.0	0.0	0.0	0.0	0.0	0.0	0.0	0.0	0.0	0.0	0.0	0.0	0.0	0.0	0.0	0.0	0.0	0.0	0.0	0.0	0.0	0.0	0.0	0.0	0.0	0.0	0.0	0.0038088426818609	0.0	0.0	0.0	0.0	0.0	0.0	0.0	0.0	0.0	0.0	0.0	0.0	0.0	0.0	0.0	0.0	0.0	0.0	0.0	0.0	0.0025305473212349	0.0	0.0	0.0	0.0015113588060265	0.0	0.0	0.0	0.0	0.0	0.0	0.0	0.0	0.0	0.0	0.0	0.0
species|274593|Paenibacillus phyllosphaerae	0.0	0.0	0.0	0.0	0.0	0.0	0.0	0.0	0.0	0.0	0.0	0.0	0.0	0.0	0.0	0.0	0.0	0.0	0.0016455780600569	0.0	0.0	0.0	0.0	0.0	0.0	0.0	0.0	0.0	0.0	0.0	0.0	0.0	0.0	0.0	0.0	0.0	0.0	0.0	0.0	0.0	0.0	0.0	0.0	0.0	0.0	0.0	0.0	0.0	0.0	0.0	0.0	0.0	0.0	0.0	0.0	0.0	0.0	0.0	0.0	0.0	0.0	0.0	0.0	0.0	0.0	0.0	0.0	0.0	0.0	0.0	0.0	0.0	0.0	0.0	0.0	0.0	0.0	0.0	0.0	0.0	0.0	0.0	0.0	0.0	0.0	0.0	0.0	0.0
species|1634993|Reyranella terrae	0.0	0.0	0.0	0.0	0.0	0.0	0.0	0.0	0.0	0.0	0.0	0.0	0.0	0.0	0.0	0.0	0.0	0.0	0.0009599561162918	0.0	0.0	0.0	0.0	0.0	0.0	0.0	0.0	0.0	0.0	0.0	0.0	0.0	0.0	0.0	0.0	0.0	0.0	0.0	0.0	0.0	0.0	0.0	0.0	0.0	0.0	0.0	0.0	0.0	0.0	0.000741885822758	0.0	0.0	0.0	0.0	0.0	0.0	0.0	0.0	0.0	0.0	0.0	0.0	0.0	0.0	0.0	0.0	0.0	0.0	0.0	0.0008611852857919	0.0	0.0	0.0	0.0	0.0	0.0	0.0	0.0	0.0	0.0	0.0	0.0	0.0	0.0	0.0	0.0	0.0	0.0
species|882824|Knoellia locipacati	0.0	0.0	0.0	0.0	0.0	0.0	0.0	0.0	0.0	0.0	0.0	0.0	0.0	0.0	0.0	0.0	0.0	0.0	0.0	0.0016705601339177	0.0	0.0	0.0	0.0	0.0	0.0	0.0	0.0	0.0	0.0	0.0	0.0	0.0	0.0	0.0	0.0	0.0	0.0	0.0	0.0	0.0	0.0	0.0	0.0	0.0	0.0	0.0	0.0	0.0	0.0	0.0	0.0	0.0	0.0	0.0	0.0	0.0	0.0	0.0	0.0	0.0	0.0	0.0	0.0	0.0	0.0	0.0	0.0	0.0	0.0	0.0	0.0	0.0	0.0	0.0	0.0	0.0	0.0	0.0	0.0	0.0	0.0	0.0	0.0	0.0	0.0	0.0	0.0
species|60443|Terrabacter tumescens	0.0	0.0	0.0	0.0	0.0	0.0	0.0	0.0	0.0	0.0	0.0	0.0	0.0	0.0	0.0	0.0	0.0	0.0	0.0	0.0017482428655203	0.0	0.0	0.0	0.0	0.0	0.0	0.0	0.0	0.0	0.0	0.0	0.0	0.0	0.0	0.0	0.0	0.0	0.0	0.0	0.0	0.0	0.0	0.0	0.0	0.0	0.0	0.0	0.0	0.0	0.0	0.0	0.0	0.0	0.0	0.0	0.0	0.0	0.0	0.0	0.0	0.0	0.0	0.0	0.0	0.0	0.0	0.0	0.0	0.0	0.0	0.0	0.0	0.0	0.0	0.0	0.0	0.0	0.0	0.0	0.0	0.0	0.0	0.0	0.0	0.0	0.0	0.0	0.0
species|768533|Chelativorans composti	0.0	0.0	0.0	0.0	0.0	0.0	0.0	0.0	0.0	0.0	0.0	0.0	0.0	0.0	0.0	0.0	0.0	0.0	0.0	0.0009679765389131	0.0	0.0	0.0	0.0	0.0	0.0	0.0	0.0	0.0	0.0	0.0	0.0	0.0	0.0	0.0	0.0	0.0	0.0	0.0	0.0	0.0	0.0	0.0	0.0	0.0	0.0	0.0	0.0	0.0	0.0	0.0	0.0	0.0	0.0	0.0	0.0	0.0	0.0	0.0	0.0	0.0	0.0	0.0	0.0	0.0	0.0	0.0	0.0	0.0	0.0	0.0	0.0	0.0	0.0	0.0	0.0	0.0	0.0	0.0	0.0	0.0	0.0	0.0	0.0	0.0	0.0	0.0	0.0
species|1867851|Terrimonas crocea	0.0	0.0	0.0	0.0	0.0	0.0	0.0	0.0	0.0	0.0	0.0	0.0	0.0	0.0	0.0	0.0	0.0	0.0	0.0	0.0006684518558845	0.0	0.0	0.0	0.0	0.0	0.0	0.0	0.0	0.0	0.0	0.0	0.0	0.0	0.0	0.0	0.0	0.0	0.0	0.0	0.0	0.0	0.000943222655409	0.0	0.0	0.0	0.0	0.0013777540304999	0.0	0.0	0.0	0.0	0.0	0.0	0.0	0.0	0.0	0.0	0.0	0.0	0.0	0.0	0.0	0.0	0.0	0.0017182138576031	0.0	0.0	0.0	0.0	0.0008257475728897	0.0	0.0	0.0	0.0	0.0	0.0	0.0010470833440902	0.0	0.0	0.0	0.0	0.0	0.0	0.0	0.0	0.0	0.0	0.0
species|349313|Krasilnikovia cinnamomea	0.0	0.0	0.0	0.0	0.0	0.0	0.0	0.0	0.0	0.0	0.0	0.0	0.0	0.0	0.0	0.0	0.0	0.0	0.0	0.002451280980816	0.0	0.0	0.0	0.0	0.0	0.0	0.0	0.0	0.0	0.0	0.0	0.0	0.0	0.0	0.0	0.0	0.0	0.0	0.0	0.0	0.0	0.0	0.0	0.0	0.0	0.0	0.0	0.0	0.0	0.0	0.0	0.0	0.0	0.0	0.0	0.0	0.0	0.0	0.0	0.0	0.0	0.0	0.0	0.0	0.0	0.0	0.0	0.0	0.0	0.0	0.0	0.0	0.0	0.0	0.0	0.0	0.0	0.0	0.0	0.0	0.0	0.0	0.0	0.0	0.0	0.0	0.0	0.0
species|244734|Bradyrhizobium betae	0.0	0.0	0.0	0.0	0.0	0.0	0.0	0.0	0.0	0.0	0.0	0.0	0.0	0.0	0.0	0.0	0.0	0.0	0.0	0.0010008981536328	0.0	0.0	0.0	0.0	0.0	0.0	0.0	0.0	0.0	0.0	0.0	0.0	0.0	0.0	0.0	0.0	0.0	0.0	0.0	0.0016167263924965	0.0	0.0	0.0	0.0	0.0	0.0	0.0	0.0	0.0	0.0012046480393739	0.0	0.0	0.0	0.0	0.0	0.0	0.0	0.0	0.0	0.0	0.0	0.0	0.0	0.0	0.0	0.0	0.0	0.0	0.0	0.0	0.0	0.0	0.0	0.0	0.0	0.0	0.0	0.0	0.0	0.0	0.0	0.0	0.0	0.0	0.0	0.0	0.0	0.0
species|2051552|Mycobacterium sp. PYR15	0.0	0.0	0.0	0.0	0.0	0.0	0.0	0.0	0.0	0.0	0.0	0.0	0.0	0.0	0.0	0.0	0.0	0.0	0.0	0.0034596634736619	0.0	0.0	0.0	0.0	0.0	0.0	0.0	0.0	0.0	0.0	0.0	0.0	0.0	0.0	0.0	0.0	0.0	0.0	0.0	0.0	0.0	0.0	0.0	0.0	0.0	0.0	0.0	0.0	0.0	0.0	0.0	0.0	0.0	0.0	0.0	0.0	0.0	0.0	0.0	0.0	0.0	0.0	0.0	0.0	0.0	0.0	0.0	0.0	0.0	0.0	0.0	0.0	0.0	0.0	0.0	0.0	0.0	0.0	0.0	0.0	0.0	0.0	0.0	0.0	0.0	0.0	0.0	0.0
species|1391653|Vulgatibacter incomptus	0.0	0.0	0.0	0.0	0.0	0.0	0.0	0.0	0.0	0.0	0.0	0.0	0.0	0.0	0.0	0.0	0.0	0.0	0.0	0.0013535359831396	0.0	0.0	0.0	0.0	0.0	0.0	0.0	0.0	0.0	0.0	0.0	0.0	0.0	0.0	0.0	0.0	0.0	0.0	0.0	0.0	0.0	0.0	0.0	0.0	0.0	0.0009742502112318	0.0	0.0	0.0	0.0	0.0	0.0	0.0011966876321848	0.0	0.0	0.0	0.0	0.0	0.0	0.0	0.0	0.0	0.0	0.0	0.0013694151279433	0.0	0.0	0.0	0.0	0.0	0.0	0.0	0.0	0.0	0.0	0.0	0.0011746435608463	0.0	0.0	0.0	0.0	0.0	0.0	0.0	0.0	0.0	0.0	0.0006721202408103
species|77675|Paracraurococcus ruber	0.0	0.0	0.0	0.0	0.0	0.0	0.0	0.0	0.0	0.0	0.0	0.0	0.0	0.0	0.0	0.0	0.0	0.0	0.0	0.0011157452621079	0.0	0.0	0.0	0.0	0.0	0.0	0.0	0.0	0.0	0.0	0.0	0.0	0.0	0.0	0.0	0.0	0.0	0.0014851285093561	0.0	0.0	0.0	0.0	0.0	0.0	0.0	0.0	0.0	0.0	0.0	0.0	0.0	0.0	0.0	0.0	0.0	0.0	0.0	0.0	0.0	0.0	0.0	0.0	0.0	0.0	0.0	0.0	0.0	0.0	0.0	0.0	0.0	0.0	0.0	0.0	0.0	0.0	0.0	0.0	0.0	0.0	0.0	0.0	0.0	0.0	0.0	0.0	0.0	0.0
species|1355477|Bradyrhizobium diazoefficiens	0.0	0.0	0.0	0.0	0.0	0.0	0.0	0.0	0.0	0.0	0.0	0.0	0.0	0.0	0.0	0.0	0.0	0.0	0.0	0.0013376343882421	0.0	0.0	0.0	0.0	0.0	0.0	0.0	0.0	0.0	0.0	0.0	0.0	0.0	0.0	0.0	0.0	0.0	0.0	0.0	0.0	0.0	0.0	0.0012001959081655	0.0	0.0	0.0	0.0	0.0	0.0	0.0	0.0	0.0	0.0	0.0	0.0	0.0	0.0	0.0	0.0	0.0	0.0	0.0	0.0	0.0	0.0	0.0	0.0	0.0	0.0	0.0	0.0	0.0	0.0	0.0	0.0	0.0	0.0	0.0	0.0	0.0	0.0	0.0	0.0	0.0	0.0	0.0	0.0	0.0
species|138336|Blastococcus saxobsidens	0.0	0.0	0.0	0.0	0.0	0.0	0.0	0.0	0.0	0.0	0.0	0.0	0.0	0.0	0.0	0.0	0.0	0.0	0.0	0.0015790796070785	0.0	0.0	0.0	0.0	0.0	0.0	0.0	0.0	0.0	0.0	0.0	0.0	0.0	0.0	0.0	0.0	0.0	0.0	0.0	0.0	0.0	0.0	0.0	0.0	0.0	0.0	0.0	0.0	0.0016752696253561	0.0	0.0	0.0	0.0	0.0	0.0	0.0	0.0	0.0	0.0	0.0	0.0022386215494447	0.0012995624842069	0.0	0.0	0.0	0.0	0.0	0.0	0.0	0.0	0.0	0.0	0.0	0.0	0.0	0.0	0.0	0.0	0.0	0.0	0.0	0.0	0.0	0.0	0.0	0.0	0.0	0.0
species|58107|Pseudonocardia yunnanensis	0.0	0.0	0.0	0.0	0.0	0.0	0.0	0.0	0.0	0.0	0.0	0.0	0.0	0.0	0.0	0.0	0.0	0.0	0.0	0.0023588334536806	0.0	0.0	0.0	0.0	0.0	0.0	0.0	0.0	0.0	0.0	0.0	0.0	0.0	0.0	0.0	0.0	0.0	0.0	0.0	0.0	0.0	0.0	0.0	0.0	0.0	0.0	0.0	0.0	0.0	0.0	0.0	0.0	0.0	0.0	0.0	0.0	0.0	0.0	0.0	0.0	0.0	0.0	0.0	0.0	0.0	0.0	0.0	0.0	0.0	0.0	0.0	0.0	0.0	0.0	0.0	0.0	0.0	0.0	0.0	0.0	0.0	0.0	0.0	0.0	0.0	0.0	0.0	0.0
species|1843|Nocardioides jensenii	0.0	0.0	0.0	0.0	0.0	0.0	0.0	0.0	0.0	0.0	0.0	0.0	0.0	0.0	0.0	0.0	0.0	0.0	0.0	0.001217964455934	0.0	0.0	0.0	0.0012855495293618	0.0	0.0	0.0	0.0	0.0	0.0	0.0	0.0	0.0	0.0	0.0	0.0	0.0	0.0	0.0	0.0	0.0	0.001030304557692	0.0	0.0	0.0	0.0	0.0	0.0	0.0	0.0	0.0	0.0	0.0	0.0	0.0	0.0	0.0	0.0	0.0	0.0	0.0	0.0	0.0	0.0	0.0	0.0	0.0	0.0	0.0	0.0	0.0	0.0	0.0	0.0	0.0	0.0	0.0	0.0	0.0	0.0	0.0	0.0	0.0	0.0	0.0	0.0	0.0	0.0
species|2058136|Planococcus sp. MB-3u-03	0.0	0.0	0.0	0.0	0.0	0.0	0.0	0.0	0.0	0.0	0.0	0.0	0.0	0.0	0.0	0.0	0.0	0.0	0.0	0.0013476909063338	0.0	0.0	0.0	0.0	0.0	0.0	0.0	0.0	0.0	0.0	0.0	0.0	0.0	0.0	0.0	0.0	0.0	0.0	0.0	0.0	0.0	0.0	0.0	0.0	0.0	0.0	0.0	0.0	0.0	0.0	0.0	0.0	0.0	0.0	0.0	0.0	0.0	0.0	0.0	0.0	0.0	0.0	0.0	0.0	0.0	0.0	0.0	0.0	0.0	0.0	0.0	0.0	0.0	0.0	0.0	0.0	0.0	0.0	0.0	0.0	0.0	0.0	0.0	0.0	0.0	0.0	0.0	0.0
species|1742688|Hamadaea flava	0.0	0.0	0.0	0.0	0.0	0.0	0.0	0.0	0.0	0.0	0.0	0.0	0.0	0.0	0.0	0.0	0.0	0.0	0.0	0.0012791389393466	0.0	0.0	0.0	0.0	0.0	0.0	0.0	0.0	0.0	0.0	0.0	0.0	0.0	0.0	0.0	0.0	0.0	0.0	0.0	0.0	0.0	0.0	0.0	0.0	0.0	0.0	0.0	0.0	0.0	0.0	0.0	0.0	0.0	0.0	0.0	0.0	0.0	0.0	0.0	0.0	0.0	0.0	0.0	0.0	0.0	0.0	0.0	0.0	0.0	0.0	0.0	0.0	0.0	0.0	0.0	0.0	0.0	0.0	0.0	0.0	0.0	0.0	0.0	0.0	0.0	0.0	0.0	0.0
species|913|Nitrobacter winogradskyi	0.0	0.0	0.0	0.0	0.0	0.0	0.0	0.0	0.0	0.0	0.0	0.0	0.0	0.0	0.0	0.0	0.0	0.0	0.0	0.0	0.0021855858820597	0.0	0.0	0.0011865832534813	0.0	0.0	0.0	0.0	0.0	0.0	0.0	0.0	0.0	0.0	0.0	0.0	0.0	0.0	0.0	0.0	0.0	0.0	0.0	0.0	0.0	0.0	0.0	0.0	0.0	0.0	0.0	0.0	0.0	0.0	0.0	0.0	0.0	0.0	0.0	0.0	0.0	0.0	0.0	0.0	0.0	0.0	0.0	0.0	0.0	0.0	0.0	0.0	0.0	0.0	0.0	0.0	0.0	0.0	0.0	0.0	0.0	0.0	0.0	0.0	0.0	0.0	0.0	0.0
species|1805827|Rhodococcus sp. MTM3W5.2	0.0	0.0	0.0	0.0	0.0	0.0	0.0	0.0	0.0	0.0	0.0	0.0	0.0	0.0	0.0	0.0	0.0	0.0	0.0	0.0	0.003035308565264	0.0	0.0	0.0	0.0	0.0	0.0	0.0	0.0	0.0	0.0	0.0	0.0	0.0	0.0	0.0	0.0	0.0	0.0	0.0	0.0	0.0	0.0	0.0	0.0	0.0	0.0	0.0	0.0	0.0	0.0	0.0	0.0	0.0	0.0	0.0	0.0	0.0	0.0	0.0	0.0	0.0	0.0	0.0	0.0	0.0	0.0	0.0	0.0	0.0	0.0	0.0	0.0	0.0	0.0	0.0	0.0	0.0	0.0	0.0	0.0	0.0	0.0	0.0	0.0	0.0	0.0	0.0
species|1904807|Bradyrhizobium mercantei	0.0	0.0	0.0	0.0	0.0	0.0	0.0	0.0	0.0	0.0	0.0	0.0	0.0	0.0	0.0	0.0	0.0	0.0	0.0	0.0	0.0	0.0022249531252192	0.0	0.0	0.0	0.0	0.0	0.0	0.0	0.0	0.0	0.0	0.0	0.0	0.0	0.0	0.0	0.0	0.0	0.0	0.0	0.0	0.0	0.0	0.0	0.0	0.0	0.0	0.0	0.0	0.0	0.0	0.0	0.0	0.0	0.0	0.0	0.0	0.0	0.0	0.0	0.0	0.0	0.0	0.0	0.0	0.0	0.0	0.0	0.0	0.0	0.0	0.0	0.0	0.0	0.0	0.0	0.0	0.0	0.0	0.0	0.0	0.0	0.0	0.0	0.0	0.0	0.0
species|50715|Acidisphaera rubrifaciens	0.0	0.0	0.0	0.0	0.0	0.0	0.0	0.0	0.0	0.0	0.0	0.0	0.0	0.0	0.0	0.0	0.0	0.0	0.0	0.0	0.0	0.0013210334602362	0.0	0.0	0.0	0.0	0.0	0.0	0.0	0.0	0.0	0.0	0.0	0.0	0.0	0.0	0.0	0.0	0.0	0.0	0.0	0.0	0.0	0.0	0.0	0.0	0.0	0.0	0.0	0.0	0.0	0.0	0.0	0.0	0.0	0.0	0.0	0.0	0.0	0.0	0.0	0.0	0.0	0.0	0.0	0.0	0.0	0.0	0.0	0.0	0.0	0.0	0.0	0.0	0.0	0.0	0.0	0.0	0.0	0.0	0.0	0.0	0.0	0.0	0.0	0.0	0.0	0.0012114871749442
species|454153|Luteolibacter pohnpeiensis	0.0	0.0	0.0	0.0	0.0	0.0	0.0	0.0	0.0	0.0	0.0	0.0	0.0	0.0	0.0	0.0	0.0	0.0	0.0	0.0	0.0	0.0	0.0016001376718948	0.0007990527079901	0.0	0.0	0.0	0.0	0.0	0.0	0.0	0.0	0.0	0.0	0.0	0.0	0.0	0.0	0.0	0.0	0.0	0.0	0.0	0.0	0.0	0.0	0.0013572671701897	0.0	0.0	0.0	0.0	0.0	0.0	0.0	0.0	0.0	0.0	0.0	0.0	0.0	0.0	0.0	0.0	0.0	0.0	0.0	0.0	0.0	0.0	0.0	0.0	0.0	0.0	0.0	0.0	0.0	0.0	0.0	0.0	0.0	0.0	0.0	0.0	0.0	0.0	0.0	0.0	0.0
species|1520|Clostridium beijerinckii	0.0	0.0	0.0	0.0	0.0	0.0	0.0	0.0	0.0	0.0	0.0	0.0	0.0	0.0	0.0	0.0	0.0	0.0	0.0	0.0	0.0	0.0	0.0011823825007389	0.0013291980505095	0.0	0.0022561380611673	0.0	0.0	0.0	0.0	0.0	0.0	0.0	0.0	0.0	0.0	0.0	0.0014255208680564	0.0	0.0	0.0	0.0006975862668355	0.0	0.0	0.0	0.0	0.0019698999289478	0.0	0.0	0.0	0.0	0.0	0.0	0.0	0.0	0.0	0.0	0.0	0.0	0.0	0.0	0.0	0.0	0.0	0.0014166877404081	0.0	0.0	0.0	0.0	0.0	0.0	0.0	0.0	0.0	0.0	0.0	0.0	0.0	0.0	0.0	0.0	0.0	0.0	0.0	0.0	0.0	0.0	0.0
species|1550|Clostridium subterminale	0.0	0.0	0.0	0.0	0.0	0.0	0.0	0.0	0.0	0.0	0.0	0.0	0.0	0.0	0.0	0.0	0.0	0.0	0.0	0.0	0.0	0.0	0.0018474726574047	0.0013291980505095	0.0	0.0027869940278681	0.0	0.0	0.0	0.0	0.0	0.0	0.0	0.0	0.0	0.000994962999814	0.0	0.0	0.0	0.0	0.0	0.0	0.0	0.0	0.0	0.0	0.0	0.0	0.0	0.0	0.0	0.0	0.0	0.0	0.0	0.0	0.0	0.0	0.0	0.0	0.0	0.0015932649456058	0.0	0.0	0.0	0.0	0.0	0.0	0.0	0.0	0.0	0.0	0.0	0.0	0.0	0.0	0.0	0.0	0.0	0.0	0.0	0.0	0.0	0.0	0.0	0.0	0.0	0.0
species|859143|Cytobacillus kochii	0.0	0.0	0.0	0.0	0.0	0.0	0.0	0.0	0.0	0.0	0.0	0.0	0.0	0.0	0.0	0.0	0.0	0.0	0.0	0.0	0.0	0.0	0.0	0.0010919636817357	0.0	0.0	0.0	0.0	0.0	0.0	0.0	0.0	0.0	0.0	0.0	0.0009927460949435	0.0	0.0	0.0	0.0	0.0	0.0009964988943215	0.0	0.0	0.0	0.0	0.0	0.0	0.0	0.0	0.0	0.0	0.0	0.0	0.0	0.0	0.0	0.0	0.0	0.0	0.0	0.0	0.0	0.0	0.0	0.0	0.0	0.0	0.0	0.0	0.0	0.0	0.0	0.0	0.0	0.0	0.0	0.0	0.0	0.0	0.0	0.0	0.0	0.0	0.0	0.0	0.0	0.0
species|1619310|Paenibacillus marchantiophytorum	0.0	0.0	0.0	0.0	0.0	0.0	0.0	0.0	0.0	0.0	0.0	0.0	0.0	0.0	0.0	0.0	0.0	0.0	0.0	0.0	0.0	0.0	0.0	0.0013534717629033	0.0	0.0	0.0	0.0	0.0	0.0	0.0	0.0	0.0	0.0	0.0	0.0014483520005039	0.0	0.0	0.0	0.0	0.0	0.0015084622114779	0.0	0.0	0.0	0.0	0.0	0.0	0.0	0.0	0.0	0.0	0.0	0.0	0.0	0.0	0.0	0.0	0.0	0.0	0.0	0.0	0.0	0.0	0.0	0.0	0.0	0.0	0.0	0.0	0.0	0.0	0.0	0.0	0.0	0.0	0.0	0.0	0.0	0.0	0.0	0.0	0.0223782457454505	0.0	0.0	0.0	0.0	0.0
species|2527962|Planctomycetes bacterium K2D	0.0	0.0	0.0	0.0	0.0	0.0	0.0	0.0	0.0	0.0	0.0	0.0	0.0	0.0	0.0	0.0	0.0	0.0	0.0	0.0	0.0	0.0	0.0	0.0007021914493533	0.0	0.0	0.0	0.0	0.0	0.0	0.0	0.0	0.0	0.0	0.0	0.0	0.0	0.0	0.0	0.0	0.0	0.0	0.0	0.0	0.0	0.0	0.0	0.0	0.0008581875551219	0.0	0.0	0.0	0.0	0.0	0.0	0.0	0.0	0.0	0.0	0.0	0.0	0.0	0.0	0.0	0.0	0.0	0.0	0.0	0.0	0.0	0.0	0.0	0.0	0.0	0.0	0.0	0.0	0.0	0.0	0.0	0.0	0.0	0.0	0.0	0.0	0.0	0.0	0.0
species|57664|Desulfuromonas thiophila	0.0	0.0	0.0	0.0	0.0	0.0	0.0	0.0	0.0	0.0	0.0	0.0	0.0	0.0	0.0	0.0	0.0	0.0	0.0	0.0	0.0	0.0	0.0	0.0012155598940544	0.0	0.0	0.0	0.0	0.0	0.0	0.0	0.0	0.0	0.0	0.0	0.0	0.0	0.0	0.0	0.0	0.0	0.0009355738959101	0.0	0.0	0.0	0.0015059045483625	0.0	0.0	0.0	0.0	0.0	0.0	0.0	0.0	0.0	0.0	0.0	0.0	0.0	0.0	0.0	0.0	0.0	0.0	0.0	0.0	0.0	0.0	0.0	0.0	0.0	0.0	0.0	0.0	0.0	0.0	0.0	0.0	0.0	0.0	0.0	0.0	0.0	0.0	0.0	0.0	0.0	0.0
species|1759059|Caulobacteraceae bacterium OTSz_A_272	0.0	0.0	0.0	0.0	0.0	0.0	0.0	0.0	0.0	0.0	0.0	0.0	0.0	0.0	0.0	0.0	0.0	0.0	0.0	0.0	0.0	0.0	0.0	0.0007199822773593	0.0	0.0	0.0	0.0	0.0	0.0	0.0	0.0	0.0	0.0	0.0	0.0	0.0	0.0	0.0	0.0	0.0	0.000658067559751	0.0	0.0	0.0	0.0	0.0	0.0	0.0	0.0	0.0	0.0	0.0	0.0	0.0	0.0	0.0	0.0	0.0	0.0	0.0	0.0	0.0	0.0	0.0	0.0	0.0	0.0	0.0	0.0	0.0	0.0	0.0	0.0	0.0	0.0	0.0	0.0	0.0	0.0	0.0	0.0	0.0	0.0	0.0	0.0	0.0	0.0
species|483547|Geoalkalibacter subterraneus	0.0	0.0	0.0	0.0	0.0	0.0	0.0	0.0	0.0	0.0	0.0	0.0	0.0	0.0	0.0	0.0	0.0	0.0	0.0	0.0	0.0	0.0	0.0	0.0014387668583079	0.0	0.0	0.0	0.0	0.0	0.0	0.0	0.0	0.0	0.0	0.0	0.0013608542175813	0.0	0.0	0.0	0.0	0.0	0.000884180901362	0.0	0.0	0.0	0.0014946487703809	0.0019747107952051	0.0	0.0015682945254696	0.0	0.0	0.0	0.0	0.0	0.0	0.0	0.0	0.0	0.0	0.0	0.0	0.0	0.0	0.0	0.0	0.0	0.0	0.0	0.0	0.0	0.0	0.0	0.0	0.0	0.0	0.0	0.0	0.0	0.0	0.0	0.0	0.0	0.0	0.0	0.0	0.0	0.0	0.0
species|1928661|Bradyrhizobium cajani	0.0	0.0	0.0	0.0	0.0	0.0	0.0	0.0	0.0	0.0	0.0	0.0	0.0	0.0	0.0	0.0	0.0	0.0	0.0	0.0	0.0	0.0	0.0	0.0	0.0019287292322362	0.0	0.0	0.0014540295666585	0.0	0.0	0.0	0.0	0.0	0.0	0.0	0.0	0.0	0.0	0.0	0.0	0.0	0.0	0.0011888179156537	0.0	0.0	0.0	0.0	0.0	0.0	0.0	0.0	0.0	0.0	0.0	0.0	0.0	0.0	0.0	0.0012669789927429	0.0	0.0	0.0	0.0	0.0	0.0	0.0	0.0	0.0	0.0	0.0	0.0	0.0	0.0	0.0	0.0	0.0	0.0	0.0	0.0	0.0	0.0	0.0	0.0	0.0	0.0	0.0	0.0	0.0
species|2202148|Azospirillum thermophilum	0.0	0.0	0.0	0.0	0.0	0.0	0.0	0.0	0.0	0.0	0.0	0.0	0.0	0.0	0.0	0.0	0.0	0.0	0.0	0.0	0.0	0.0	0.0	0.0	0.0029276692383161	0.0	0.0	0.0	0.0	0.0	0.0	0.0	0.0	0.0	0.0	0.0	0.0	0.0	0.0	0.0	0.0	0.0	0.0	0.0	0.0	0.0	0.0	0.0	0.0	0.0	0.0	0.0	0.0	0.0	0.0	0.0	0.0	0.0	0.0	0.0	0.0	0.0	0.0	0.0	0.0	0.0	0.0	0.0	0.0	0.0	0.0	0.0	0.0	0.0	0.0	0.0	0.0	0.0	0.0	0.0	0.0	0.0	0.0	0.0	0.0	0.0	0.0	0.0
species|648895|Massilia suwonensis	0.0	0.0	0.0	0.0	0.0	0.0	0.0	0.0	0.0	0.0	0.0	0.0	0.0	0.0	0.0	0.0	0.0	0.0	0.0	0.0	0.0	0.0	0.0	0.0	0.0	0.0	0.0015137277218732	0.0	0.0007943275962815	0.0	0.0	0.0	0.0	0.0	0.0	0.0	0.0	0.0	0.0	0.0007305077874778	0.0	0.0	0.0	0.0	0.0010683942929314	0.0	0.0	0.0	0.0	0.0	0.0	0.0	0.0	0.0	0.0	0.0	0.0	0.0	0.0	0.0	0.0	0.0	0.0	0.0	0.0	0.0	0.0	0.0	0.0	0.0	0.0	0.0	0.0	0.0	0.0	0.0	0.0	0.000861265545113	0.0	0.0	0.0	0.0	0.0	0.0	0.0012359516380245	0.0	0.0	0.0
species|986|Flavobacterium johnsoniae	0.0	0.0	0.0	0.0	0.0	0.0	0.0	0.0	0.0	0.0	0.0	0.0	0.0	0.0	0.0	0.0	0.0	0.0	0.0	0.0	0.0	0.0	0.0	0.0	0.0	0.0	0.0017180202871223	0.0	0.0	0.0	0.0165409891554932	0.0	0.0	0.0	0.0	0.0	0.0	0.0	0.0	0.0013287483985052	0.0	0.0	0.0	0.0	0.0011481075526604	0.0	0.0	0.0	0.0	0.0	0.0	0.0	0.0	0.0	0.0	0.0	0.0	0.0	0.0	0.0	0.0	0.0	0.0	0.0	0.0	0.0	0.0	0.0	0.0	0.0	0.0	0.0	0.0	0.0	0.0	0.0	0.0	0.0013661055750044	0.0	0.0	0.0	0.0	0.0	0.0	0.0	0.0	0.0	0.0
species|99117|Friedmanniella capsulata	0.0	0.0	0.0	0.0	0.0	0.0	0.0	0.0	0.0	0.0	0.0	0.0	0.0	0.0	0.0	0.0	0.0	0.0	0.0	0.0	0.0	0.0	0.0	0.0	0.0	0.0	0.0	0.0014872955723737	0.0	0.0	0.0	0.0	0.0	0.0	0.0015749491448987	0.001292873450985	0.0	0.0	0.0	0.0	0.0	0.0	0.0	0.0	0.0	0.0	0.0	0.0	0.0	0.0	0.0	0.0	0.0	0.0	0.0	0.0	0.0	0.0	0.0	0.0	0.0	0.0	0.0	0.0	0.0	0.0	0.0	0.0	0.0	0.0	0.0	0.0	0.0	0.0	0.0	0.0	0.0	0.0	0.0	0.0	0.0	0.0	0.0	0.0	0.0	0.0	0.0	0.0
species|83|Hyphomicrobium vulgare	0.0	0.0	0.0	0.0	0.0	0.0	0.0	0.0	0.0	0.0	0.0	0.0	0.0	0.0	0.0	0.0	0.0	0.0	0.0	0.0	0.0	0.0	0.0	0.0	0.0	0.0	0.0	0.0013492686816854	0.0	0.0	0.0	0.0	0.0	0.0	0.0	0.0	0.0	0.0	0.0	0.0	0.0	0.000755778192957	0.0	0.0	0.0	0.0	0.0	0.0	0.0	0.0	0.0	0.0	0.0	0.0	0.0	0.0	0.0	0.0	0.0	0.0	0.0	0.0	0.0	0.0	0.0	0.0	0.0	0.0	0.0	0.0	0.0	0.0	0.0	0.0	0.0	0.0	0.0	0.0	0.0	0.0	0.0	0.0	0.0	0.0	0.0	0.0	0.0	0.0009419100830465
species|319709|Mycobacterium barrassiae	0.0	0.0	0.0	0.0	0.0	0.0	0.0	0.0	0.0	0.0	0.0	0.0	0.0	0.0	0.0	0.0	0.0	0.0	0.0	0.0	0.0	0.0	0.0	0.0	0.0	0.0	0.0	0.0028329779918586	0.0	0.0	0.0	0.0	0.0	0.0	0.0	0.0	0.0	0.0	0.0	0.0	0.0	0.0	0.0	0.0	0.0	0.0	0.0	0.0	0.0	0.0	0.0	0.0	0.0	0.0	0.0	0.0	0.0	0.0	0.0	0.0	0.0	0.0	0.0	0.0	0.0	0.0	0.0	0.0	0.0	0.0	0.0	0.0	0.0	0.0	0.0	0.0	0.0	0.0	0.0	0.0	0.0	0.0	0.0	0.0	0.0	0.0	0.0	0.0
species|652764|Azospirillum sp. TSH100	0.0	0.0	0.0	0.0	0.0	0.0	0.0	0.0	0.0	0.0	0.0	0.0	0.0	0.0	0.0	0.0	0.0	0.0	0.0	0.0	0.0	0.0	0.0	0.0	0.0	0.0	0.0	0.0036939245990807	0.0010793764438957	0.0	0.0	0.0	0.0	0.0	0.0	0.0	0.0	0.0	0.0	0.0	0.0	0.0	0.0	0.0	0.0	0.0	0.0	0.0	0.0	0.0	0.0	0.0	0.0	0.0	0.0	0.0	0.0	0.0	0.0	0.0	0.0	0.0	0.0	0.0	0.0	0.0	0.0	0.0	0.0	0.0	0.0	0.0	0.0	0.0	0.0	0.0	0.0	0.0	0.0	0.0	0.0	0.0	0.0	0.0	0.0	0.0	0.0	0.0
species|2572088|Candidatus Saccharibacteria bacterium oral taxon 957	0.0	0.0	0.0	0.0	0.0	0.0	0.0	0.0	0.0	0.0	0.0	0.0	0.0	0.0	0.0	0.0	0.0	0.0	0.0	0.0	0.0	0.0	0.0	0.0	0.0	0.0	0.0	0.0	0.0018074494196265	0.0	0.0	0.0	0.0	0.0	0.0	0.0	0.0	0.0	0.0	0.0	0.0	0.0	0.0	0.0	0.0	0.0	0.0	0.0	0.0	0.0	0.0	0.0	0.0	0.0	0.0	0.0	0.0	0.0	0.0	0.0	0.0	0.0	0.0	0.0	0.0	0.0	0.0	0.0	0.0	0.0	0.0	0.0	0.0	0.0	0.0	0.0	0.0	0.0	0.0	0.0	0.0	0.0	0.0	0.0	0.0	0.0	0.0	0.0
species|1890295|Pseudoduganella danionis	0.0	0.0	0.0	0.0	0.0	0.0	0.0	0.0	0.0	0.0	0.0	0.0	0.0	0.0	0.0	0.0	0.0	0.0	0.0	0.0	0.0	0.0	0.0	0.0	0.0	0.0	0.0	0.0	0.0008884883407063	0.0	0.0	0.0	0.0	0.0	0.0	0.0	0.0	0.0	0.0	0.0008145868662316	0.0	0.0	0.0	0.0	0.0008505953610486	0.0	0.0	0.0	0.0	0.0	0.0	0.0	0.0	0.0	0.0	0.0	0.0	0.0	0.0	0.0	0.0	0.0	0.0	0.0	0.0	0.0	0.0	0.0	0.0	0.0	0.0	0.0	0.0	0.0	0.0	0.0	0.0	0.0	0.0	0.0	0.0	0.0	0.0	0.0	0.0	0.0	0.0	0.0
species|87645|Aquaspirillum arcticum	0.0	0.0	0.0	0.0	0.0	0.0	0.0	0.0	0.0	0.0	0.0	0.0	0.0	0.0	0.0	0.0	0.0	0.0	0.0	0.0	0.0	0.0	0.0	0.0	0.0	0.0	0.0	0.0	0.0010768554423043	0.000784018973465	0.0	0.0	0.0	0.0	0.0	0.0	0.0	0.0	0.0	0.0007977363321317	0.0	0.0	0.0	0.0	0.0008998200481823	0.0	0.0	0.0	0.0	0.0	0.0	0.0	0.0	0.0	0.0	0.0	0.0	0.0	0.0	0.0	0.0	0.0	0.0	0.0	0.0	0.0	0.0	0.0	0.0	0.0	0.0	0.0	0.0	0.0	0.0	0.0006041785399348	0.0	0.0	0.0	0.0	0.0	0.0	0.0	0.0	0.0	0.0	0.0	0.0
species|180195|Herbaspirillum autotrophicum	0.0	0.0	0.0	0.0	0.0	0.0	0.0	0.0	0.0	0.0	0.0	0.0	0.0	0.0	0.0	0.0	0.0	0.0	0.0	0.0	0.0	0.0	0.0	0.0	0.0	0.0	0.0	0.0	0.0008011827126209	0.0013744870484683	0.0	0.0006817859279928	0.0	0.0	0.0	0.0	0.0	0.0	0.0	0.0	0.0	0.0	0.0	0.0	0.0010228239437355	0.0	0.0	0.0	0.0	0.0	0.0	0.0	0.0	0.0	0.0	0.0	0.0	0.0	0.0	0.0	0.0	0.0	0.0	0.0	0.0	0.0	0.0	0.0	0.0	0.0	0.0	0.0	0.0	0.0	0.0	0.0	0.0	0.0007674622438781	0.0	0.0	0.0	0.0	0.0	0.0	0.0011248710929008	0.0	0.0	0.0
species|1443434|Brevundimonas denitrificans	0.0	0.0	0.0	0.0	0.0	0.0	0.0	0.0	0.0	0.0	0.0	0.0	0.0	0.0	0.0	0.0	0.0	0.0	0.0	0.0	0.0	0.0	0.0	0.0	0.0	0.0	0.0	0.0	0.0021759537175375	0.0017207074385766	0.0	0.0009960864745882	0.0	0.0	0.0	0.0	0.0	0.0	0.0	0.0	0.0	0.0	0.0	0.0	0.0010440396683281	0.0	0.0	0.0	0.0	0.0	0.0	0.0	0.0	0.0	0.0	0.0	0.0	0.0	0.0	0.0	0.0	0.0	0.0	0.0	0.0	0.0	0.0	0.0	0.0	0.0	0.0	0.0	0.0	0.0	0.0	0.0	0.0	0.0	0.0	0.0	0.0	0.0	0.0	0.0	0.0	0.0	0.0014362727186962	0.0
species|1708790|Altererythrobacter rigui	0.0	0.0	0.0	0.0	0.0	0.0	0.0	0.0	0.0	0.0	0.0	0.0	0.0	0.0	0.0	0.0	0.0	0.0	0.0	0.0	0.0	0.0	0.0	0.0	0.0	0.0	0.0	0.0	0.0014359956236323	0.0027163637681131	0.0	0.0013379583746283	0.0	0.0	0.0	0.0	0.0	0.0	0.0	0.001059959825206	0.0	0.0	0.0	0.0	0.0008649198677	0.0	0.0	0.0	0.0	0.0	0.0	0.0	0.0	0.0	0.0	0.0	0.0	0.0	0.0	0.0	0.0	0.0	0.0	0.0	0.0	0.0	0.0	0.0	0.0	0.0012213526859827	0.0	0.0	0.0	0.0	0.0	0.0	0.0	0.0008167551484744	0.0012758717464325	0.0	0.0	0.0	0.0	0.0	0.0016869395365355	0.0012422360123509	0.0012763722492447	0.0
species|1368430|Rhizobium rosettiformans	0.0	0.0	0.0	0.0	0.0	0.0	0.0	0.0	0.0	0.0	0.0	0.0	0.0	0.0	0.0	0.0	0.0	0.0	0.0	0.0	0.0	0.0	0.0	0.0	0.0	0.0	0.0	0.0	0.0010397428648847	0.0	0.0	0.0	0.0	0.0	0.0	0.0	0.0	0.0	0.0	0.0	0.0	0.0	0.0	0.0	0.0	0.0	0.0	0.0	0.0	0.0	0.0	0.0	0.0	0.0	0.0	0.0	0.0	0.0	0.0	0.0	0.0	0.0	0.0	0.0	0.0	0.0	0.0	0.0	0.0	0.0	0.0	0.0	0.0	0.0	0.0	0.0	0.0	0.0	0.0	0.0	0.0	0.0	0.0	0.0	0.0	0.0	0.0	0.0
species|538966|Dyadobacter sp. 32	0.0	0.0	0.0	0.0	0.0	0.0	0.0	0.0	0.0	0.0	0.0	0.0	0.0	0.0	0.0	0.0	0.0	0.0	0.0	0.0	0.0	0.0	0.0	0.0	0.0	0.0	0.0	0.0	0.0013040039990945	0.0	0.0	0.0	0.0	0.0	0.0	0.0	0.0	0.0	0.0	0.0	0.0	0.0	0.0	0.0	0.0	0.0	0.0	0.0	0.0	0.0	0.0	0.0	0.0	0.0	0.0	0.0	0.0	0.0	0.0	0.0	0.0	0.0	0.0	0.0	0.0	0.0	0.0	0.0	0.0	0.0	0.0	0.0	0.0	0.0	0.0	0.0	0.0	0.0	0.0	0.0	0.0	0.0	0.0	0.0	0.0	0.0	0.0	0.0
species|2010972|Caulobacter rhizosphaerae	0.0	0.0	0.0	0.0	0.0	0.0	0.0	0.0	0.0	0.0	0.0	0.0	0.0	0.0	0.0	0.0	0.0	0.0	0.0	0.0	0.0	0.0	0.0	0.0	0.0	0.0	0.0	0.0	0.0008910457901417	0.0	0.0	0.0	0.0	0.0	0.0	0.0	0.0	0.0	0.0	0.0	0.0	0.0	0.0	0.0	0.0	0.0	0.0	0.0	0.0	0.0	0.0	0.0	0.0	0.0	0.0	0.0	0.0	0.0	0.0	0.0	0.0	0.0	0.0	0.0	0.0	0.0	0.0	0.0	0.0	0.0	0.0	0.0	0.0	0.0	0.0	0.0	0.0	0.0	0.0	0.0	0.0	0.0	0.0	0.0	0.0	0.0	0.0	0.0
species|1843099|Lacibacter nakdongensis	0.0	0.0	0.0	0.0	0.0	0.0	0.0	0.0	0.0	0.0	0.0	0.0	0.0	0.0	0.0	0.0	0.0	0.0	0.0	0.0	0.0	0.0	0.0	0.0	0.0	0.0	0.0	0.0	0.0010302312382791	0.0	0.0	0.0006992722658106	0.0	0.0	0.0	0.0	0.0	0.0	0.0	0.0	0.0	0.0	0.0	0.0	0.0	0.0	0.0	0.0	0.0	0.0	0.0	0.0	0.0	0.0	0.0	0.0	0.0	0.0	0.0	0.0	0.0	0.0	0.0	0.0	0.0	0.0	0.0	0.0	0.0	0.0	0.0	0.0	0.0	0.0	0.0	0.0	0.0	0.0	0.0	0.0	0.0	0.0	0.0	0.0	0.0	0.0	0.0	0.0
species|363852|Pedobacter ginsengisoli	0.0	0.0	0.0	0.0	0.0	0.0	0.0	0.0	0.0	0.0	0.0	0.0	0.0	0.0	0.0	0.0	0.0	0.0	0.0	0.0	0.0	0.0	0.0	0.0	0.0	0.0	0.0	0.0	0.0011701840466092	0.0	0.0037200965499656	0.0025883133976791	0.0	0.0	0.0	0.0	0.0	0.0	0.0	0.0	0.0	0.0	0.0	0.0	0.0018320038209436	0.0	0.0	0.0	0.0	0.0	0.0	0.0	0.0	0.0	0.0	0.0	0.0	0.0	0.0	0.0	0.0	0.0	0.0	0.0	0.0	0.0	0.0	0.0	0.0	0.0	0.0	0.0	0.0	0.0	0.0	0.0	0.0	0.0	0.0	0.0	0.0	0.0	0.0	0.0	0.0024716352558544	0.0020605971649186	0.001653143866282	0.0
species|651661|Dyadobacter psychrophilus	0.0	0.0	0.0	0.0	0.0	0.0	0.0	0.0	0.0	0.0	0.0	0.0	0.0	0.0	0.0	0.0	0.0	0.0	0.0	0.0	0.0	0.0	0.0	0.0	0.0	0.0	0.0	0.0	0.0016973917843613	0.0	0.0039266295418091	0.0013620544662768	0.0	0.0098156461264489	0.0	0.0	0.0	0.0	0.0	0.0013261839827968	0.0	0.0	0.0	0.00386773613865	0.0010864409499972	0.0	0.0	0.0	0.0	0.0	0.0	0.0	0.0	0.0	0.0	0.0	0.0	0.0	0.0	0.0	0.0	0.0	0.0	0.0	0.0	0.0	0.0	0.0	0.0	0.0	0.0	0.0	0.0	0.0	0.0	0.0	0.0	0.0	0.0	0.0	0.0	0.0	0.0	0.0	0.0027333564804133	0.0	0.0	0.0
species|573737|Pandoraea oxalativorans	0.0	0.0	0.0	0.0	0.0	0.0	0.0	0.0	0.0	0.0	0.0	0.0	0.0	0.0	0.0	0.0	0.0	0.0	0.0	0.0	0.0	0.0	0.0	0.0	0.0	0.0	0.0	0.0	0.0013684890768684	0.0	0.0	0.0	0.0	0.0	0.0	0.0	0.0	0.0	0.0	0.0	0.0	0.0	0.0	0.0	0.0	0.0	0.0	0.0	0.0	0.0	0.0	0.0	0.0	0.0	0.0	0.0	0.0	0.0	0.0	0.0	0.0	0.0	0.0	0.0	0.0	0.0	0.0	0.0	0.0	0.0	0.0	0.0	0.0	0.0	0.0	0.0	0.0	0.0	0.0	0.0	0.0	0.0	0.0	0.0	0.0	0.0	0.0	0.0
species|995|Solitalea canadensis	0.0	0.0	0.0	0.0	0.0	0.0	0.0	0.0	0.0	0.0	0.0	0.0	0.0	0.0	0.0	0.0	0.0	0.0	0.0	0.0	0.0	0.0	0.0	0.0	0.0	0.0	0.0	0.0	0.0016411378555806	0.0	0.0	0.0	0.0	0.0	0.0	0.0	0.0	0.0	0.0	0.0	0.0	0.0	0.0	0.0	0.0	0.0	0.0	0.0	0.0	0.0	0.0	0.0	0.0	0.0	0.0	0.0	0.0	0.0	0.0	0.0	0.0	0.0	0.0	0.0	0.0	0.0	0.0	0.0	0.0	0.0	0.0	0.0	0.0	0.0	0.0	0.0	0.0	0.0	0.0	0.0	0.0	0.0	0.0	0.0	0.0009894844805303	0.0	0.0	0.0
species|1757089|Phenylobacterium panacis	0.0	0.0	0.0	0.0	0.0	0.0	0.0	0.0	0.0	0.0	0.0	0.0	0.0	0.0	0.0	0.0	0.0	0.0	0.0	0.0	0.0	0.0	0.0	0.0	0.0	0.0	0.0	0.0	0.0	0.0009100180773644	0.0	0.0	0.0	0.0	0.0	0.0	0.0	0.0	0.0	0.0	0.0	0.0	0.0	0.0	0.0	0.0	0.0	0.0	0.0	0.0	0.0	0.0	0.0	0.0	0.0	0.0	0.0	0.0	0.0	0.0	0.0	0.0	0.0	0.0	0.0	0.0	0.0	0.0	0.0	0.0	0.0	0.0	0.0	0.0	0.0	0.0	0.0	0.0	0.0	0.0	0.0	0.0	0.0	0.0	0.0	0.0	0.0	0.0
species|426421|Sediminibacterium salmoneum	0.0	0.0	0.0	0.0	0.0	0.0	0.0	0.0	0.0	0.0	0.0	0.0	0.0	0.0	0.0	0.0	0.0	0.0	0.0	0.0	0.0	0.0	0.0	0.0	0.0	0.0	0.0	0.0	0.0	0.0010968738612136	0.0	0.0008943841080481	0.0	0.0	0.0	0.0	0.0	0.0	0.0	0.0011858161710533	0.0	0.0	0.0	0.0	0.0	0.0	0.0	0.0	0.0	0.0	0.0	0.0	0.0	0.0	0.0	0.0	0.0	0.0	0.0	0.0	0.0	0.0	0.0	0.0	0.0	0.0	0.0	0.0	0.0	0.0	0.0	0.0	0.0	0.0	0.0	0.0	0.0	0.0	0.0	0.0	0.0	0.0	0.0	0.0	0.0016728841440238	0.0015983757317691	0.0	0.0
species|687525|Rubellimicrobium roseum	0.0	0.0	0.0	0.0	0.0	0.0	0.0	0.0	0.0	0.0	0.0	0.0	0.0	0.0	0.0	0.0	0.0	0.0	0.0	0.0	0.0	0.0	0.0	0.0	0.0	0.0	0.0	0.0	0.0	0.0016404647983595	0.0	0.0	0.0	0.0	0.0	0.0	0.0	0.0	0.0	0.0	0.0	0.0	0.0	0.0	0.0	0.0	0.0	0.0	0.0	0.0	0.0	0.0	0.0	0.0	0.0	0.0	0.0	0.0	0.0	0.0	0.0	0.0	0.0	0.0	0.0	0.0	0.0	0.0	0.0	0.0	0.0	0.0	0.0	0.0	0.0	0.0	0.0	0.0	0.0	0.0	0.0	0.0	0.0	0.0	0.0	0.0	0.0	0.0
species|2071607|Sphingomonas rhizophila	0.0	0.0	0.0	0.0	0.0	0.0	0.0	0.0	0.0	0.0	0.0	0.0	0.0	0.0	0.0	0.0	0.0	0.0	0.0	0.0	0.0	0.0	0.0	0.0	0.0	0.0	0.0	0.0	0.0	0.0010370811745345	0.0	0.0	0.0	0.0	0.0	0.0	0.0	0.0	0.0	0.0	0.0	0.0	0.0	0.0	0.0	0.0	0.0	0.0	0.0	0.0	0.0	0.0	0.0	0.0	0.0	0.0	0.0	0.0	0.0	0.0	0.0	0.0	0.0	0.0	0.0	0.0	0.0	0.0	0.0	0.0	0.0	0.0	0.0	0.0	0.0	0.0	0.0	0.0	0.0	0.0	0.0	0.0	0.0	0.0	0.0	0.0	0.0	0.0
species|502331|Mucilaginibacter panaciglaebae	0.0	0.0	0.0	0.0	0.0	0.0	0.0	0.0	0.0	0.0	0.0	0.0	0.0	0.0	0.0	0.0	0.0	0.0	0.0	0.0	0.0	0.0	0.0	0.0	0.0	0.0	0.0	0.0	0.0	0.0	0.0037419413286813	0.0043729155291686	0.0	0.0	0.0	0.0	0.0	0.0	0.0	0.0016969744199962	0.0	0.0	0.0	0.003999448330389	0.0031355056770036	0.0	0.0	0.0	0.0	0.0	0.0	0.0	0.0	0.0	0.0	0.0	0.0	0.0	0.0	0.0	0.0	0.0	0.0	0.0	0.0	0.0	0.0	0.0	0.0	0.0	0.0	0.0	0.0	0.0	0.0	0.0	0.0	0.0018105481554043	0.0	0.0	0.0	0.0	0.0	0.0	0.0031552354300179	0.0037684530823133	0.0041717791953575	0.0
species|1196020|Mucilaginibacter puniceus	0.0	0.0	0.0	0.0	0.0	0.0	0.0	0.0	0.0	0.0	0.0	0.0	0.0	0.0	0.0	0.0	0.0	0.0	0.0	0.0	0.0	0.0	0.0	0.0	0.0	0.0	0.0	0.0	0.0	0.0	0.0021927742057356	0.0015883524202214	0.0	0.0	0.0	0.0	0.0	0.0	0.0	0.0	0.0	0.0	0.0	0.0	0.0011834927260456	0.0	0.0	0.0	0.0	0.0	0.0	0.0	0.0	0.0	0.0	0.0	0.0	0.0	0.0	0.0	0.0	0.0	0.0	0.0	0.0	0.0	0.0	0.0	0.0	0.0	0.0	0.0	0.0	0.0	0.0	0.0	0.0	0.0	0.0	0.0	0.0	0.0	0.0	0.0	0.0015482434029044	0.0014033822450151	0.0	0.0
species|2183896|Flavobacterium crocinum	0.0	0.0	0.0	0.0	0.0	0.0	0.0	0.0	0.0	0.0	0.0	0.0	0.0	0.0	0.0	0.0	0.0	0.0	0.0	0.0	0.0	0.0	0.0	0.0	0.0	0.0	0.0	0.0	0.0	0.0	0.0020526799254059	0.0	0.0	0.0	0.0	0.0	0.0	0.0	0.0	0.0	0.0	0.0	0.0	0.0	0.0	0.0	0.0	0.0	0.0	0.0	0.0	0.0	0.0	0.0	0.0	0.0	0.0	0.0	0.0	0.0	0.0	0.0	0.0	0.0	0.0	0.0	0.0	0.0	0.0	0.0	0.0	0.0	0.0	0.0	0.0	0.0	0.0	0.0013970809390015	0.0	0.0	0.0	0.0	0.0	0.0	0.0	0.0	0.0	0.0
species|1617283|Flavobacterium nitrogenifigens	0.0	0.0	0.0	0.0	0.0	0.0	0.0	0.0	0.0	0.0	0.0	0.0	0.0	0.0	0.0	0.0	0.0	0.0	0.0	0.0	0.0	0.0	0.0	0.0	0.0	0.0	0.0	0.0	0.0	0.0	0.0070720397710386	0.0	0.0	0.0	0.0	0.0	0.0	0.0	0.0	0.0	0.0	0.0	0.0	0.0	0.0	0.0	0.0	0.0	0.0	0.0	0.0	0.0	0.0	0.0	0.0	0.0	0.0	0.0	0.0	0.0	0.0	0.0	0.0	0.0	0.0	0.0	0.0	0.0	0.0	0.0	0.0	0.0	0.0	0.0	0.0	0.0	0.0	0.0017102906408742	0.0	0.0	0.0	0.0	0.0	0.0	0.0	0.0	0.0	0.0
species|877464|Flavobacterium chungbukense	0.0	0.0	0.0	0.0	0.0	0.0	0.0	0.0	0.0	0.0	0.0	0.0	0.0	0.0	0.0	0.0	0.0	0.0	0.0	0.0	0.0	0.0	0.0	0.0	0.0	0.0	0.0	0.0	0.0	0.0	0.0018197794598914	0.0	0.0	0.0	0.0	0.0	0.0	0.0	0.0	0.0	0.0	0.0	0.0	0.0	0.0	0.0	0.0	0.0	0.0	0.0	0.0	0.0	0.0	0.0	0.0	0.0	0.0	0.0	0.0	0.0	0.0	0.0	0.0	0.0	0.0	0.0	0.0	0.0	0.0	0.0	0.0	0.0	0.0	0.0	0.0	0.0	0.0	0.0	0.0	0.0	0.0	0.0	0.0	0.0	0.0	0.0	0.0	0.0
species|279826|Mesobacillus foraminis	0.0	0.0	0.0	0.0	0.0	0.0	0.0	0.0	0.0	0.0	0.0	0.0	0.0	0.0	0.0	0.0	0.0	0.0	0.0	0.0	0.0	0.0	0.0	0.0	0.0	0.0	0.0	0.0	0.0	0.0	0.0037442393812847	0.0014072566554001	0.0	0.0	0.0	0.0	0.0	0.0	0.0	0.0	0.0	0.0	0.0	0.0	0.0	0.0	0.0	0.0	0.0	0.0	0.0	0.0	0.0	0.0	0.0017618272999889	0.0	0.0	0.0	0.0	0.0	0.0	0.0	0.0	0.0	0.0	0.0	0.0	0.0	0.0	0.0	0.0022451369637535	0.0	0.0	0.0041249861476704	0.0	0.0	0.0	0.0	0.0	0.0	0.0	0.0	0.0	0.0	0.0028895325294643	0.0	0.0	0.0
species|1805474|Bacillus mediterraneensis	0.0	0.0	0.0	0.0	0.0	0.0	0.0	0.0	0.0	0.0	0.0	0.0	0.0	0.0	0.0	0.0	0.0	0.0	0.0	0.0	0.0	0.0	0.0	0.0	0.0	0.0	0.0	0.0	0.0	0.0	0.0043411059838436	0.0014234327552363	0.0	0.0	0.0	0.0	0.0	0.0	0.0	0.0	0.0	0.0	0.0	0.0	0.0	0.0	0.0	0.0	0.0	0.0	0.0	0.0	0.0	0.0	0.0	0.0	0.0	0.0	0.0	0.0	0.0	0.0	0.0	0.0	0.0	0.0	0.0	0.0	0.0010066028690045	0.0	0.0026764656592031	0.0014296555287586	0.0	0.0028772574431228	0.0	0.0	0.0	0.0	0.0	0.0	0.0	0.0	0.0	0.0	0.0026224408378496	0.0	0.0	0.0
species|283877|Leucobacter chromiireducens	0.0	0.0	0.0	0.0	0.0	0.0	0.0	0.0	0.0	0.0	0.0	0.0	0.0	0.0	0.0	0.0	0.0	0.0	0.0	0.0	0.0	0.0	0.0	0.0	0.0	0.0	0.0	0.0	0.0	0.0	0.0060325754954404	0.0	0.0	0.0	0.0	0.0	0.0	0.0	0.0	0.0	0.0	0.0	0.0	0.0	0.0	0.0	0.0	0.0	0.0	0.0	0.0	0.0	0.0	0.0	0.0	0.0	0.0	0.0	0.0	0.0	0.0	0.0	0.0	0.0	0.0	0.0	0.0	0.0	0.0	0.0	0.0	0.0	0.0	0.0	0.0	0.0	0.0	0.0	0.0	0.0	0.0	0.0	0.0	0.0	0.0	0.0	0.0	0.0
species|1827305|Stenotrophomonas sp. MYb57	0.0	0.0	0.0	0.0	0.0	0.0	0.0	0.0	0.0	0.0	0.0	0.0	0.0	0.0	0.0	0.0	0.0	0.0	0.0	0.0	0.0	0.0	0.0	0.0	0.0	0.0	0.0	0.0	0.0	0.0	0.0018549323541062	0.0	0.0	0.0	0.0	0.0	0.0	0.0	0.0	0.0	0.0	0.0	0.0	0.0046419351347143	0.0	0.0	0.0	0.0	0.0	0.0	0.0	0.0	0.0	0.0	0.0	0.0	0.0	0.0	0.0	0.0	0.0	0.0	0.0	0.0	0.0	0.0	0.0	0.0	0.0	0.0	0.0	0.0	0.0	0.0	0.0	0.0	0.0	0.0010489817331573	0.0	0.0	0.0	0.0	0.0	0.0	0.0	0.0044532854555151	0.0	0.0
species|40324|Stenotrophomonas maltophilia	0.0	0.0	0.0	0.0	0.0	0.0	0.0	0.0	0.0	0.0	0.0	0.0	0.0	0.0	0.0	0.0	0.0	0.0	0.0	0.0	0.0	0.0	0.0	0.0	0.0	0.0	0.0	0.0	0.0	0.0	0.002109886030359	0.00197843944572	0.0	0.0	0.0	0.0	0.0	0.0	0.0	0.0	0.0	0.0	0.0	0.0036518906482817	0.0016660483456727	0.0	0.0	0.0	0.0	0.0011512074200854	0.0	0.0	0.0	0.0	0.0	0.0	0.0	0.0	0.0	0.0	0.0	0.0	0.0	0.0	0.0	0.0	0.0	0.0	0.0	0.0	0.0	0.0	0.0	0.0	0.0	0.0	0.0	0.0015558190565102	0.0	0.0	0.0	0.0	0.0	0.0	0.0	0.0023083795592772	0.0	0.0
species|299567|Adhaeribacter aquaticus	0.0	0.0	0.0	0.0	0.0	0.0	0.0	0.0	0.0	0.0	0.0	0.0	0.0	0.0	0.0	0.0	0.0	0.0	0.0	0.0	0.0	0.0	0.0	0.0	0.0	0.0	0.0	0.0	0.0	0.0	0.002376509553702	0.0010210466181299	0.0	0.0	0.0	0.0	0.0	0.0	0.0	0.0	0.0	0.0	0.0	0.0	0.0011327631492651	0.0	0.0	0.0	0.0	0.0	0.0	0.0	0.0	0.0	0.0	0.0	0.0	0.0	0.0	0.0	0.0	0.0	0.0	0.0	0.0	0.0	0.0	0.0	0.0	0.0	0.0	0.0	0.0	0.0	0.0	0.0	0.0	0.0	0.0	0.0	0.0	0.0	0.0	0.0	0.0016008982675813	0.0019322620938213	0.0	0.0
species|931629|Mucilaginibacter lutimaris	0.0	0.0	0.0	0.0	0.0	0.0	0.0	0.0	0.0	0.0	0.0	0.0	0.0	0.0	0.0	0.0	0.0	0.0	0.0	0.0	0.0	0.0	0.0	0.0	0.0	0.0	0.0	0.0	0.0	0.0	0.0016309097889981	0.0011006474205976	0.0	0.0	0.0	0.0	0.0	0.0	0.0	0.0	0.0	0.0	0.0	0.0	0.0	0.0	0.0	0.0	0.0	0.0	0.0	0.0	0.0	0.0	0.0	0.0	0.0	0.0	0.0	0.0	0.0	0.0	0.0	0.0	0.0	0.0	0.0	0.0	0.0	0.0	0.0	0.0	0.0	0.0	0.0	0.0	0.0	0.0	0.0	0.0	0.0	0.0	0.0	0.0	0.0	0.0	0.0	0.0
species|2492395|Mucilaginibacter terrigena	0.0	0.0	0.0	0.0	0.0	0.0	0.0	0.0	0.0	0.0	0.0	0.0	0.0	0.0	0.0	0.0	0.0	0.0	0.0	0.0	0.0	0.0	0.0	0.0	0.0	0.0	0.0	0.0	0.0	0.0	0.0021546023992332	0.0017322981935102	0.0	0.0	0.0	0.0	0.0	0.0	0.0	0.0	0.0	0.0	0.0	0.0	0.0	0.0	0.0	0.0	0.0	0.0	0.0	0.0	0.0	0.0	0.0	0.0	0.0	0.0	0.0	0.0	0.0	0.0	0.0	0.0	0.0	0.0	0.0	0.0	0.0	0.0	0.0	0.0	0.0	0.0	0.0	0.0	0.0	0.0	0.0	0.0	0.0	0.0	0.0	0.0	0.0	0.0	0.0	0.0
species|80866|Delftia acidovorans	0.0	0.0	0.0	0.0	0.0	0.0	0.0	0.0	0.0	0.0	0.0	0.0	0.0	0.0	0.0	0.0	0.0	0.0	0.0	0.0	0.0	0.0	0.0	0.0	0.0	0.0	0.0	0.0	0.0	0.0	0.0016612057970291	0.0	0.0	0.0	0.0	0.0	0.0	0.0	0.0	0.0	0.0	0.0	0.0	0.0	0.0	0.0	0.0	0.0	0.0	0.0	0.0	0.0	0.0	0.0	0.0	0.0	0.0	0.0	0.0	0.0	0.0	0.0	0.0	0.0	0.0	0.0	0.0	0.0	0.0	0.0	0.0	0.0	0.0	0.0	0.0	0.0	0.0	0.0	0.0	0.0	0.0	0.0	0.0	0.0	0.0	0.0014424005165041	0.0	0.0
species|742013|Delftia sp. Cs1-4	0.0	0.0	0.0	0.0	0.0	0.0	0.0	0.0	0.0	0.0	0.0	0.0	0.0	0.0	0.0	0.0	0.0	0.0	0.0	0.0	0.0	0.0	0.0	0.0	0.0	0.0	0.0	0.0	0.0	0.0	0.0013629293506851	0.0	0.0	0.0	0.0	0.0	0.0	0.0	0.0	0.0	0.0	0.0	0.0	0.0	0.0011912043255239	0.0	0.0	0.0	0.0	0.0	0.0	0.0	0.0	0.0	0.0	0.0	0.0	0.0	0.0	0.0	0.0	0.0	0.0	0.0	0.0	0.0	0.0	0.0	0.0	0.0	0.0	0.0	0.0	0.0	0.0	0.0	0.0	0.0	0.0	0.0	0.0	0.0	0.0	0.0	0.0	0.0	0.0	0.0
species|180282|Delftia tsuruhatensis	0.0	0.0	0.0	0.0	0.0	0.0	0.0	0.0	0.0	0.0	0.0	0.0	0.0	0.0	0.0	0.0	0.0	0.0	0.0	0.0	0.0	0.0	0.0	0.0	0.0	0.0	0.0	0.0	0.0	0.0	0.00194541356724	0.0020911194996385	0.0	0.0	0.0	0.0	0.0	0.0	0.0	0.0	0.0	0.0	0.0	0.0	0.0013810935524574	0.0	0.0	0.0	0.0	0.0	0.0	0.0	0.0	0.0	0.0	0.0	0.0	0.0	0.0	0.0	0.0	0.0	0.0	0.0	0.0	0.0	0.0	0.0	0.0	0.0	0.0	0.0	0.0	0.0	0.0	0.0	0.0	0.0	0.0	0.0	0.0	0.0	0.0	0.0	0.0	0.0011555971415174	0.0	0.0
species|878220|Chryseobacterium sp. StRB126	0.0	0.0	0.0	0.0	0.0	0.0	0.0	0.0	0.0	0.0	0.0	0.0	0.0	0.0	0.0	0.0	0.0	0.0	0.0	0.0	0.0	0.0	0.0	0.0	0.0	0.0	0.0	0.0	0.0	0.0	0.002714659159461	0.0	0.0	0.0	0.0	0.0	0.0	0.0	0.0	0.0	0.0	0.0	0.0	0.0	0.0	0.0	0.0	0.0	0.0	0.0	0.0	0.0	0.0	0.0	0.0	0.0	0.0	0.0	0.0	0.0	0.0	0.0	0.0	0.0	0.0	0.0	0.0	0.0	0.0	0.0	0.0	0.0	0.0	0.0	0.0	0.0	0.0	0.0	0.0	0.0	0.0	0.0	0.0	0.0	0.0	0.0	0.0	0.0
species|220687|Neobacillus novalis	0.0	0.0	0.0	0.0	0.0	0.0	0.0	0.0	0.0	0.0	0.0	0.0	0.0	0.0	0.0	0.0	0.0	0.0	0.0	0.0	0.0	0.0	0.0	0.0	0.0	0.0	0.0	0.0	0.0	0.0	0.0018153735609079	0.0	0.0	0.0	0.0	0.0	0.0	0.0009346496924626	0.0	0.0	0.0	0.0	0.0	0.0	0.0	0.0007072023250833	0.0	0.0	0.0	0.0	0.0	0.0	0.0	0.0	0.0	0.0	0.0	0.0	0.0	0.0	0.0	0.0	0.0	0.0	0.0	0.0	0.0	0.0	0.0	0.0	0.0	0.0	0.0	0.0	0.0	0.0	0.0	0.0	0.0012828785739366	0.0	0.0	0.0	0.0	0.0	0.0	0.0	0.0	0.0
species|414048|Pedobacter insulae	0.0	0.0	0.0	0.0	0.0	0.0	0.0	0.0	0.0	0.0	0.0	0.0	0.0	0.0	0.0	0.0	0.0	0.0	0.0	0.0	0.0	0.0	0.0	0.0	0.0	0.0	0.0	0.0	0.0	0.0	0.0015940474940218	0.0	0.0	0.0	0.0	0.0	0.0	0.0	0.0	0.0	0.0	0.0	0.0	0.0	0.0	0.0	0.0	0.0	0.0	0.0	0.0	0.0	0.0	0.0	0.0	0.0	0.0	0.0	0.0	0.0	0.0	0.0	0.0	0.0	0.0	0.0	0.0	0.0	0.0	0.0	0.0	0.0	0.0	0.0	0.0	0.0	0.0	0.0	0.0	0.0	0.0	0.0	0.0	0.0	0.0	0.0	0.0	0.0
species|379895|Comamonas odontotermitis	0.0	0.0	0.0	0.0	0.0	0.0	0.0	0.0	0.0	0.0	0.0	0.0	0.0	0.0	0.0	0.0	0.0	0.0	0.0	0.0	0.0	0.0	0.0	0.0	0.0	0.0	0.0	0.0	0.0	0.0	0.0023151775533284	0.0	0.0	0.0	0.0	0.0	0.0	0.0	0.0	0.0	0.0	0.0	0.0	0.0	0.0	0.0	0.0	0.0	0.0	0.0	0.0	0.0	0.0	0.0	0.0	0.0	0.0	0.0	0.0	0.0	0.0	0.0	0.0	0.0	0.0	0.0	0.0	0.0	0.0	0.0	0.0	0.0	0.0	0.0	0.0	0.0	0.0	0.0	0.0	0.0	0.0	0.0	0.0	0.0	0.0	0.0	0.0	0.0
species|392414|Deinococcus roseus	0.0	0.0	0.0	0.0	0.0	0.0	0.0	0.0	0.0	0.0	0.0	0.0	0.0	0.0	0.0	0.0	0.0	0.0	0.0	0.0	0.0	0.0	0.0	0.0	0.0	0.0	0.0	0.0	0.0	0.0	0.0021114015684697	0.0007765829562579	0.0	0.0	0.0	0.0	0.0	0.0	0.0	0.0	0.0	0.0	0.0	0.0	0.00053143272869	0.0	0.0	0.0	0.0	0.0	0.0	0.0	0.0	0.0	0.0	0.0	0.0	0.0	0.0	0.0	0.0	0.0	0.0	0.0	0.0	0.0	0.0	0.0	0.0	0.0	0.0	0.0	0.0	0.0	0.0	0.0	0.0	0.0	0.0	0.0	0.0	0.0	0.0	0.0	0.0	0.0	0.0	0.0
species|415425|Flavobacterium terrae	0.0	0.0	0.0	0.0	0.0	0.0	0.0	0.0	0.0	0.0	0.0	0.0	0.0	0.0	0.0	0.0	0.0	0.0	0.0	0.0	0.0	0.0	0.0	0.0	0.0	0.0	0.0	0.0	0.0	0.0	0.0018730476616493	0.0	0.0	0.0	0.0	0.0	0.0	0.0	0.0	0.0	0.0	0.0	0.0	0.0	0.0	0.0	0.0	0.0	0.0	0.0	0.0	0.0	0.0	0.0	0.0	0.0	0.0	0.0	0.0	0.0	0.0	0.0	0.0	0.0	0.0	0.0	0.0	0.0	0.0	0.0	0.0	0.0	0.0	0.0	0.0	0.0	0.0	0.0014175142011349	0.0	0.0	0.0	0.0	0.0	0.0	0.0	0.0	0.0	0.0
species|564835|Pedobacter koreensis	0.0	0.0	0.0	0.0	0.0	0.0	0.0	0.0	0.0	0.0	0.0	0.0	0.0	0.0	0.0	0.0	0.0	0.0	0.0	0.0	0.0	0.0	0.0	0.0	0.0	0.0	0.0	0.0	0.0	0.0	0.0020300580452822	0.0011397767407201	0.0	0.0	0.0	0.0	0.0	0.0	0.0	0.0	0.0	0.0	0.0	0.0024805083231982	0.001730274751012	0.0	0.0	0.0	0.0	0.0	0.0	0.0	0.0	0.0	0.0	0.0	0.0	0.0	0.0	0.0	0.0	0.0	0.0	0.0	0.0	0.0	0.0	0.0	0.0	0.0	0.0	0.0	0.0	0.0	0.0	0.0	0.0	0.0	0.0	0.0	0.0	0.0	0.0	0.0	0.0	0.0	0.0	0.0
species|1717229|Spirosoma aerophilum	0.0	0.0	0.0	0.0	0.0	0.0	0.0	0.0	0.0	0.0	0.0	0.0	0.0	0.0	0.0	0.0	0.0	0.0	0.0	0.0	0.0	0.0	0.0	0.0	0.0	0.0	0.0	0.0	0.0	0.0	0.0019103157048059	0.0015319689070948	0.0	0.0	0.0	0.0	0.0	0.0	0.0	0.0	0.0	0.0	0.0	0.0	0.0013736962081638	0.0	0.0	0.0	0.0	0.0	0.0	0.0	0.0	0.0	0.0	0.0	0.0	0.0	0.0	0.0	0.0	0.0	0.0	0.0	0.0	0.0	0.0	0.0	0.0	0.0	0.0	0.0	0.0	0.0	0.0	0.0	0.0	0.0	0.0	0.0	0.0	0.0	0.0	0.0	0.0019533015305261	0.0012422360248447	0.0	0.0
species|1211324|Mucilaginibacter carri	0.0	0.0	0.0	0.0	0.0	0.0	0.0	0.0	0.0	0.0	0.0	0.0	0.0	0.0	0.0	0.0	0.0	0.0	0.0	0.0	0.0	0.0	0.0	0.0	0.0	0.0	0.0	0.0	0.0	0.0	0.0	0.0019247406831836	0.0	0.0	0.0	0.0	0.0	0.0	0.0	0.0	0.0	0.0	0.0	0.0	0.0	0.0	0.0	0.0	0.0	0.0	0.0	0.0	0.0	0.0	0.0	0.0	0.0	0.0	0.0	0.0	0.0	0.0	0.0	0.0	0.0	0.0	0.0	0.0	0.0	0.0	0.0	0.0	0.0	0.0	0.0	0.0	0.0	0.0	0.0	0.0	0.0	0.0	0.0	0.0	0.0	0.0	0.0	0.0
species|538021|Mucilaginibacter ximonensis	0.0	0.0	0.0	0.0	0.0	0.0	0.0	0.0	0.0	0.0	0.0	0.0	0.0	0.0	0.0	0.0	0.0	0.0	0.0	0.0	0.0	0.0	0.0	0.0	0.0	0.0	0.0	0.0	0.0	0.0	0.0	0.001034980706115	0.0	0.0	0.0	0.0	0.0	0.0	0.0	0.0	0.0	0.0	0.0	0.0	0.0007369885575252	0.0	0.0	0.0	0.0	0.0	0.0	0.0	0.0	0.0	0.0	0.0	0.0	0.0	0.0	0.0	0.0	0.0	0.0	0.0	0.0	0.0	0.0	0.0	0.0	0.0	0.0	0.0	0.0	0.0	0.0	0.0	0.0	0.0	0.0	0.0	0.0	0.0	0.0	0.0	0.0	0.0	0.0	0.0
species|1295612|Mucilaginibacter yixingensis	0.0	0.0	0.0	0.0	0.0	0.0	0.0	0.0	0.0	0.0	0.0	0.0	0.0	0.0	0.0	0.0	0.0	0.0	0.0	0.0	0.0	0.0	0.0	0.0	0.0	0.0	0.0	0.0	0.0	0.0	0.0	0.0010156449545148	0.0	0.0	0.0	0.0	0.0	0.0	0.0	0.0	0.0	0.0	0.0	0.0	0.0	0.0	0.0	0.0	0.0	0.0	0.0	0.0	0.0	0.0	0.0	0.0	0.0	0.0	0.0	0.0	0.0	0.0	0.0	0.0	0.0	0.0	0.0	0.0	0.0	0.0	0.0	0.0	0.0	0.0	0.0	0.0	0.0	0.0	0.0	0.0	0.0	0.0	0.0	0.0	0.0	0.0	0.0	0.0
species|862126|Mucilaginibacter ginsenosidivorax	0.0	0.0	0.0	0.0	0.0	0.0	0.0	0.0	0.0	0.0	0.0	0.0	0.0	0.0	0.0	0.0	0.0	0.0	0.0	0.0	0.0	0.0	0.0	0.0	0.0	0.0	0.0	0.0	0.0	0.0	0.0	0.001218122902705	0.0	0.0	0.0	0.0	0.0	0.0	0.0	0.0	0.0	0.0	0.0	0.0	0.0	0.0	0.0	0.0	0.0	0.0	0.0	0.0	0.0	0.0	0.0	0.0	0.0	0.0	0.0	0.0	0.0	0.0	0.0	0.0	0.0	0.0	0.0	0.0	0.0	0.0	0.0	0.0	0.0	0.0	0.0	0.0	0.0	0.0	0.0	0.0	0.0	0.0	0.0	0.0	0.0	0.0014088491935855	0.0	0.0
species|169427|Paraburkholderia terricola	0.0	0.0	0.0	0.0	0.0	0.0	0.0	0.0	0.0	0.0	0.0	0.0	0.0	0.0	0.0	0.0	0.0	0.0	0.0	0.0	0.0	0.0	0.0	0.0	0.0	0.0	0.0	0.0	0.0	0.0	0.0	0.0010406775156467	0.0	0.0	0.0	0.0	0.0	0.0	0.0	0.0	0.0	0.0	0.0	0.0	0.0	0.0	0.0	0.0	0.0	0.0016780233008317	0.0	0.0	0.0	0.0	0.0	0.0	0.0	0.0	0.0	0.0	0.0	0.0	0.0	0.0	0.0	0.0	0.0	0.0	0.0	0.0	0.0	0.0	0.0	0.0	0.0	0.0	0.0	0.0	0.0	0.0	0.0	0.0	0.0	0.0	0.0	0.0	0.0	0.0
species|1399969|Caballeronia megalochromosomata	0.0	0.0	0.0	0.0	0.0	0.0	0.0	0.0	0.0	0.0	0.0	0.0	0.0	0.0	0.0	0.0	0.0	0.0	0.0	0.0	0.0	0.0	0.0	0.0	0.0	0.0	0.0	0.0	0.0	0.0	0.0	0.000985441958044	0.0	0.0	0.0	0.0	0.0	0.0	0.0	0.0	0.0	0.0	0.0	0.0	0.0	0.0	0.0	0.0	0.0	0.0	0.0	0.0	0.0	0.0	0.0	0.0	0.0	0.0	0.0	0.0	0.0	0.0	0.0	0.0	0.0	0.0	0.0	0.0	0.0	0.0	0.0	0.0	0.0	0.0	0.0	0.0	0.0	0.0	0.0	0.0	0.0	0.0	0.0	0.0	0.0	0.0	0.0	0.0
species|471|Acinetobacter calcoaceticus	0.0	0.0	0.0	0.0	0.0	0.0	0.0	0.0	0.0	0.0	0.0	0.0	0.0	0.0	0.0	0.0	0.0	0.0	0.0	0.0	0.0	0.0	0.0	0.0	0.0	0.0	0.0	0.0	0.0	0.0	0.0	0.0017759846033503	0.0	0.0	0.0	0.0	0.0	0.0	0.0	0.0	0.0	0.0	0.0	0.0	0.0	0.0	0.0	0.0	0.0	0.0	0.0	0.0	0.0	0.0	0.0	0.0	0.0	0.0	0.0	0.0	0.0	0.0	0.0	0.0	0.0	0.0	0.002544960977265	0.0	0.0	0.0	0.0	0.0	0.0	0.0	0.0	0.0	0.0	0.0	0.0	0.0	0.0	0.0	0.0	0.0	0.0012429890930483	0.0	0.0	0.0
species|572036|Daejeonella lutea	0.0	0.0	0.0	0.0	0.0	0.0	0.0	0.0	0.0	0.0	0.0	0.0	0.0	0.0	0.0	0.0	0.0	0.0	0.0	0.0	0.0	0.0	0.0	0.0	0.0	0.0	0.0	0.0	0.0	0.0	0.0	0.0006785517526987	0.0	0.0	0.0	0.0	0.0	0.0	0.0	0.0	0.0	0.0	0.0	0.0	0.0013607557519958	0.0	0.0	0.0	0.0	0.0	0.0	0.0	0.0	0.0	0.0	0.0	0.0	0.0	0.0	0.0	0.0	0.0	0.0	0.0	0.0	0.0	0.0	0.0	0.0	0.0	0.0	0.0	0.0	0.0	0.0	0.0	0.0	0.0	0.0	0.0	0.0	0.0	0.0	0.0	0.0012257570090443	0.0	0.0	0.0
species|502330|Mucilaginibacter hankyongensis	0.0	0.0	0.0	0.0	0.0	0.0	0.0	0.0	0.0	0.0	0.0	0.0	0.0	0.0	0.0	0.0	0.0	0.0	0.0	0.0	0.0	0.0	0.0	0.0	0.0	0.0	0.0	0.0	0.0	0.0	0.0	0.0016209565984977	0.0	0.0	0.0	0.0	0.0	0.0	0.0	0.0	0.0	0.0	0.0	0.0	0.0022698668929853	0.0	0.0	0.0	0.0	0.0	0.0	0.0	0.0	0.0	0.0	0.0	0.0	0.0	0.0	0.0	0.0	0.0	0.0	0.0	0.0	0.0	0.0	0.0	0.0	0.0	0.0	0.0	0.0	0.0	0.0	0.0	0.0	0.0	0.0	0.0	0.0	0.0	0.0	0.0	0.0	0.0017515314205982	0.0018649486127858	0.0
species|1237077|Cellvibrio zantedeschiae	0.0	0.0	0.0	0.0	0.0	0.0	0.0	0.0	0.0	0.0	0.0	0.0	0.0	0.0	0.0	0.0	0.0	0.0	0.0	0.0	0.0	0.0	0.0	0.0	0.0	0.0	0.0	0.0	0.0	0.0	0.0	0.002093284101415	0.0	0.0	0.0	0.0	0.0	0.0	0.0	0.0	0.0	0.0	0.0	0.0	0.0018315950139913	0.0	0.0	0.0	0.0	0.0	0.0	0.0	0.0	0.0	0.0	0.0	0.0	0.0	0.0	0.0	0.0	0.0	0.0	0.0	0.0	0.0	0.0	0.0	0.0	0.0	0.0	0.0	0.0	0.0	0.0	0.0	0.0	0.0	0.0	0.0	0.0	0.0	0.0	0.0	0.0	0.0012776706736187	0.0021773406411893	0.0
species|659014|Dyadobacter soli	0.0	0.0	0.0	0.0	0.0	0.0	0.0	0.0	0.0	0.0	0.0	0.0	0.0	0.0	0.0	0.0	0.0	0.0	0.0	0.0	0.0	0.0	0.0	0.0	0.0	0.0	0.0	0.0	0.0	0.0	0.0	0.0012147683071538	0.0	0.0	0.0	0.0	0.0	0.0	0.0	0.0	0.0	0.0	0.0	0.0	0.0005917100466416	0.0	0.0	0.0	0.0	0.0	0.0	0.0	0.0	0.0	0.0	0.0	0.0	0.0	0.0	0.0	0.0	0.0	0.0	0.0	0.0	0.0	0.0	0.0	0.0	0.0	0.0	0.0	0.0	0.0	0.0	0.0	0.0	0.0007077208623945	0.0	0.0	0.0	0.0	0.0	0.0	0.0	0.0	0.0	0.0
species|393003|Chitinophaga ginsengisegetis	0.0	0.0	0.0	0.0	0.0	0.0	0.0	0.0	0.0	0.0	0.0	0.0	0.0	0.0	0.0	0.0	0.0	0.0	0.0	0.0	0.0	0.0	0.0	0.0	0.0	0.0	0.0	0.0	0.0	0.0	0.0	0.001089084194452	0.0	0.0	0.0	0.0	0.0	0.0	0.0	0.0	0.0	0.0	0.0	0.0	0.0	0.0	0.0	0.0	0.0	0.0	0.0	0.0	0.0	0.0	0.0	0.0	0.0	0.0	0.0	0.0	0.0	0.0	0.0	0.0	0.0	0.0	0.0	0.0	0.0012148397829236	0.0	0.0	0.0	0.0	0.0	0.0	0.0	0.0	0.0	0.0	0.0	0.0	0.0	0.0	0.0	0.0	0.0	0.0	0.0
species|363860|Paenibacillus pocheonensis	0.0	0.0	0.0	0.0	0.0	0.0	0.0	0.0	0.0	0.0	0.0	0.0	0.0	0.0	0.0	0.0	0.0	0.0	0.0	0.0	0.0	0.0	0.0	0.0	0.0	0.0	0.0	0.0	0.0	0.0	0.0	0.001238850346878	0.0	0.0	0.0	0.0	0.0	0.0	0.0	0.0	0.0	0.0	0.0	0.0	0.0	0.0	0.0	0.0	0.0	0.0	0.0	0.0	0.0	0.0	0.0	0.0	0.0	0.0	0.0	0.0	0.0	0.0	0.0	0.0	0.0	0.0	0.0	0.0	0.0	0.0	0.0	0.0	0.0	0.0	0.0	0.0	0.0	0.0	0.0	0.0	0.0	0.0	0.0033505811142404	0.0	0.0	0.0	0.0	0.0
species|126348|Cellvibrio gandavensis	0.0	0.0	0.0	0.0	0.0	0.0	0.0	0.0	0.0	0.0	0.0	0.0	0.0	0.0	0.0	0.0	0.0	0.0	0.0	0.0	0.0	0.0	0.0	0.0	0.0	0.0	0.0	0.0	0.0	0.0	0.0	0.0012310295306679	0.0	0.0	0.0	0.0	0.0	0.0	0.0	0.0	0.0	0.0	0.0	0.0017966334994795	0.0	0.0	0.0	0.0	0.0	0.0	0.0	0.0	0.0	0.0	0.0	0.0	0.0	0.0	0.0	0.0	0.0	0.0	0.0	0.0	0.0	0.0	0.0	0.0	0.0	0.0	0.0	0.0	0.0	0.0	0.0	0.0	0.0	0.0	0.0	0.0	0.0	0.0	0.0	0.0	0.0	0.0009076556866333	0.0	0.0
species|2685926|Siphonobacter intestinalis	0.0	0.0	0.0	0.0	0.0	0.0	0.0	0.0	0.0	0.0	0.0	0.0	0.0	0.0	0.0	0.0	0.0	0.0	0.0	0.0	0.0	0.0	0.0	0.0	0.0	0.0	0.0	0.0	0.0	0.0	0.0	0.0010901883052527	0.0	0.0	0.0	0.0	0.0	0.0	0.0	0.0	0.0	0.0	0.0	0.0	0.0	0.0	0.0	0.0	0.0	0.0	0.0	0.0	0.0	0.0	0.0	0.0	0.0	0.0	0.0	0.0	0.0	0.0	0.0	0.0	0.0	0.0	0.0	0.0	0.0	0.0	0.0	0.0	0.0	0.0	0.0	0.0	0.0	0.0	0.0	0.0	0.0	0.0	0.0	0.0	0.0011542217881559	0.0	0.0	0.0
species|2173175|Pararcticibacter amylolyticus	0.0	0.0	0.0	0.0	0.0	0.0	0.0	0.0	0.0	0.0	0.0	0.0	0.0	0.0	0.0	0.0	0.0	0.0	0.0	0.0	0.0	0.0	0.0	0.0	0.0	0.0	0.0	0.0	0.0	0.0	0.0	0.0009231329054683	0.0	0.0	0.0	0.0	0.0	0.0	0.0	0.0	0.0	0.0	0.0	0.0	0.0	0.0	0.0	0.0	0.0	0.0	0.0	0.0	0.0	0.0	0.0	0.0	0.0	0.0	0.0	0.0	0.0	0.0	0.0	0.0	0.0	0.0	0.0	0.0	0.0	0.0	0.0	0.0	0.0	0.0	0.0	0.0	0.0	0.0	0.0	0.0	0.0	0.0	0.0	0.0	0.0	0.0	0.0	0.0
species|408657|Dyadobacter koreensis	0.0	0.0	0.0	0.0	0.0	0.0	0.0	0.0	0.0	0.0	0.0	0.0	0.0	0.0	0.0	0.0	0.0	0.0	0.0	0.0	0.0	0.0	0.0	0.0	0.0	0.0	0.0	0.0	0.0	0.0	0.0	0.0007285608250546	0.0	0.0	0.0	0.0	0.0	0.0	0.0	0.0	0.0	0.0	0.0	0.0	0.0006374588519031	0.0	0.0	0.0	0.0	0.0	0.0	0.0	0.0	0.0	0.0	0.0	0.0	0.0	0.0	0.0	0.0	0.0	0.0	0.0	0.0	0.0	0.0	0.0	0.0	0.0	0.0	0.0	0.0	0.0	0.0	0.0	0.0	0.0	0.0	0.0	0.0	0.0	0.0	0.0	0.0	0.0	0.0	0.0
species|292407|Dyadobacter crusticola	0.0	0.0	0.0	0.0	0.0	0.0	0.0	0.0	0.0	0.0	0.0	0.0	0.0	0.0	0.0	0.0	0.0	0.0	0.0	0.0	0.0	0.0	0.0	0.0	0.0	0.0	0.0	0.0	0.0	0.0	0.0	0.0011545005835076	0.0	0.0	0.0	0.0	0.0	0.0	0.0	0.0	0.0	0.0	0.0	0.0	0.0	0.0	0.0	0.0	0.0	0.0	0.0	0.0	0.0	0.0	0.0	0.0	0.0	0.0	0.0	0.0	0.0	0.0	0.0	0.0	0.0	0.0	0.0	0.0	0.0	0.0	0.0	0.0	0.0	0.0	0.0	0.0	0.0	0.0	0.0	0.0	0.0	0.0	0.0	0.0	0.0	0.0	0.0	0.0
species|83617|Stenotrophomonas nitritireducens	0.0	0.0	0.0	0.0	0.0	0.0	0.0	0.0	0.0	0.0	0.0	0.0	0.0	0.0	0.0	0.0	0.0	0.0	0.0	0.0	0.0	0.0	0.0	0.0	0.0	0.0	0.0	0.0	0.0	0.0	0.0	0.001328915137691	0.0	0.0	0.0	0.0	0.0	0.0	0.0	0.0	0.0	0.0	0.0	0.0	0.0	0.0	0.0	0.0	0.0	0.0021402931239516	0.0	0.0	0.0	0.0	0.0	0.0	0.0	0.0	0.0	0.0	0.0	0.0	0.0	0.0	0.0	0.0	0.0	0.0	0.0	0.0	0.0	0.0	0.0	0.0	0.0	0.0	0.0	0.0	0.0	0.0	0.0	0.0	0.0	0.0	0.0	0.0	0.0	0.0
species|85698|Achromobacter xylosoxidans	0.0	0.0	0.0	0.0	0.0	0.0	0.0	0.0	0.0	0.0	0.0	0.0	0.0	0.0	0.0	0.0	0.0	0.0	0.0	0.0	0.0	0.0	0.0	0.0	0.0	0.0	0.0	0.0	0.0	0.0	0.0	0.001180335347645	0.0	0.0	0.0	0.0	0.0	0.0	0.0	0.0	0.0	0.0	0.0	0.0	0.0	0.0	0.0	0.0	0.0	0.0	0.0	0.0	0.0	0.0	0.0	0.0	0.0	0.0	0.0	0.0	0.0	0.0	0.0	0.0	0.0	0.0	0.0	0.0	0.0	0.0	0.0	0.0	0.0	0.0	0.0	0.0	0.0	0.0	0.0	0.0	0.0	0.0	0.0	0.0	0.0	0.0025972657773534	0.0	0.0
species|43263|Pseudomonas alcaligenes	0.0	0.0	0.0	0.0	0.0	0.0	0.0	0.0	0.0	0.0	0.0	0.0	0.0	0.0	0.0	0.0	0.0	0.0	0.0	0.0	0.0	0.0	0.0	0.0	0.0	0.0	0.0	0.0	0.0	0.0	0.0	0.0008310561989024	0.0	0.0	0.0	0.0	0.0	0.0	0.0	0.0	0.0	0.0	0.0	0.0	0.0	0.0	0.0	0.0	0.0	0.0	0.0	0.0	0.0	0.0	0.0	0.0	0.0	0.0	0.0	0.0	0.0	0.0	0.0	0.0	0.0	0.0	0.0	0.0	0.0	0.0	0.0	0.0	0.0	0.0	0.0	0.0	0.0	0.0	0.0	0.0	0.0	0.0	0.0	0.0	0.0	0.0	0.0	0.0
species|2003121|Sphingobacterium sp. G1-14	0.0	0.0	0.0	0.0	0.0	0.0	0.0	0.0	0.0	0.0	0.0	0.0	0.0	0.0	0.0	0.0	0.0	0.0	0.0	0.0	0.0	0.0	0.0	0.0	0.0	0.0	0.0	0.0	0.0	0.0	0.0	0.000852608197282	0.0	0.0	0.0	0.0	0.0	0.0	0.0	0.0	0.0	0.0	0.0	0.0	0.0	0.0	0.0	0.0	0.0	0.0	0.0	0.0	0.0	0.0	0.0	0.0	0.0	0.0	0.0	0.0	0.0	0.0	0.0	0.0	0.0	0.0	0.0	0.0	0.0	0.0	0.0	0.0	0.0	0.0	0.0	0.0	0.0	0.0	0.0	0.0	0.0	0.0	0.0	0.0	0.0	0.0	0.0	0.0
species|634771|Chitinophaga eiseniae	0.0	0.0	0.0	0.0	0.0	0.0	0.0	0.0	0.0	0.0	0.0	0.0	0.0	0.0	0.0	0.0	0.0	0.0	0.0	0.0	0.0	0.0	0.0	0.0	0.0	0.0	0.0	0.0	0.0	0.0	0.0	0.0008922693557159	0.0	0.0	0.0	0.0	0.0	0.0	0.0	0.0	0.0	0.0	0.0	0.0	0.0	0.0	0.0	0.0	0.0	0.0	0.0	0.0	0.0	0.0	0.0	0.0	0.0	0.0	0.0	0.0	0.0	0.0	0.0	0.0	0.0	0.0	0.0	0.0	0.0	0.0	0.0	0.0	0.0	0.0	0.0	0.0	0.0	0.0	0.0	0.0	0.0	0.0	0.0	0.0	0.0	0.0	0.0	0.0
species|392413|Deinococcus misasensis	0.0	0.0	0.0	0.0	0.0	0.0	0.0	0.0	0.0	0.0	0.0	0.0	0.0	0.0	0.0	0.0	0.0	0.0	0.0	0.0	0.0	0.0	0.0	0.0	0.0	0.0	0.0	0.0	0.0	0.0	0.0	0.0010073615432465	0.0	0.0	0.0	0.0	0.0	0.0	0.0	0.0	0.0	0.0	0.0	0.0	0.0007913858925259	0.0	0.0	0.0	0.0	0.0	0.0	0.0	0.0	0.0	0.0	0.0	0.0	0.0	0.0	0.0	0.0	0.0	0.0	0.0	0.0	0.0	0.0	0.0	0.0	0.0	0.0	0.0	0.0	0.0	0.0	0.0	0.0	0.0	0.0	0.0	0.0	0.0	0.0	0.0	0.0	0.002415458937198	0.0015016142353029	0.0
species|2518599|Pandoraea sp. XY-2	0.0	0.0	0.0	0.0	0.0	0.0	0.0	0.0	0.0	0.0	0.0	0.0	0.0	0.0	0.0	0.0	0.0	0.0	0.0	0.0	0.0	0.0	0.0	0.0	0.0	0.0	0.0	0.0	0.0	0.0	0.0	0.0010406352324199	0.0	0.0	0.0	0.0	0.0	0.0	0.0	0.0	0.0	0.0	0.0	0.0	0.0	0.0	0.0	0.0	0.0	0.0	0.0	0.0	0.0	0.0	0.0	0.0	0.0	0.0	0.0	0.0	0.0	0.0	0.0	0.0	0.0	0.0	0.0	0.0	0.0	0.0	0.0	0.0	0.0	0.0	0.0	0.0	0.0	0.0	0.0	0.0	0.0	0.0	0.0	0.0	0.0	0.0	0.0	0.0
species|492736|Dyadobacter alkalitolerans	0.0	0.0	0.0	0.0	0.0	0.0	0.0	0.0	0.0	0.0	0.0	0.0	0.0	0.0	0.0	0.0	0.0	0.0	0.0	0.0	0.0	0.0	0.0	0.0	0.0	0.0	0.0	0.0	0.0	0.0	0.0	0.0	0.0	0.0027714789044038	0.0	0.0	0.0	0.0	0.0	0.0	0.0	0.0	0.0	0.0	0.0	0.0	0.0	0.0	0.0	0.0	0.0	0.0	0.0	0.0	0.0	0.0	0.0	0.0	0.0	0.0	0.0	0.0	0.0	0.0	0.0	0.0	0.0	0.0	0.0	0.0	0.0	0.0	0.0	0.0	0.0	0.0	0.0	0.0	0.0	0.0	0.0	0.0	0.0	0.0	0.0	0.0	0.0	0.0
species|254|Chryseobacterium indoltheticum	0.0	0.0	0.0	0.0	0.0	0.0	0.0	0.0	0.0	0.0	0.0	0.0	0.0	0.0	0.0	0.0	0.0	0.0	0.0	0.0	0.0	0.0	0.0	0.0	0.0	0.0	0.0	0.0	0.0	0.0	0.0	0.0	0.0	0.0056660499537465	0.0	0.0	0.0	0.0	0.0	0.0	0.0	0.0	0.0	0.0	0.0	0.0	0.0	0.0	0.0	0.0	0.0	0.0	0.0	0.0	0.0	0.0	0.0	0.0	0.0	0.0	0.0	0.0	0.0	0.0	0.0	0.0	0.0	0.0	0.0	0.0	0.0	0.0	0.0	0.0	0.0	0.0	0.0	0.0	0.0	0.0	0.0	0.0	0.0	0.0	0.0	0.0	0.0	0.0
species|29320|Paenarthrobacter nicotinovorans	0.0	0.0	0.0	0.0	0.0	0.0	0.0	0.0	0.0	0.0	0.0	0.0	0.0	0.0	0.0	0.0	0.0	0.0	0.0	0.0	0.0	0.0	0.0	0.0	0.0	0.0	0.0	0.0	0.0	0.0	0.0	0.0	0.0	0.0030569420293819	0.0	0.0	0.0	0.0	0.0	0.0	0.0	0.0	0.0	0.0	0.0	0.0	0.0	0.0	0.0	0.0	0.0	0.0	0.0	0.0	0.0	0.0	0.0	0.0	0.0	0.0	0.0	0.0	0.0	0.0	0.0	0.0	0.0	0.0	0.0	0.0	0.0	0.0	0.0	0.0	0.0	0.0	0.0	0.0	0.0	0.0	0.0	0.0	0.0	0.0	0.0	0.0	0.0	0.0
species|1805970|Deinococcus oregonensis	0.0	0.0	0.0	0.0	0.0	0.0	0.0	0.0	0.0	0.0	0.0	0.0	0.0	0.0	0.0	0.0	0.0	0.0	0.0	0.0	0.0	0.0	0.0	0.0	0.0	0.0	0.0	0.0	0.0	0.0	0.0	0.0	0.0	0.0016188714153561	0.0	0.0	0.0	0.0	0.0	0.0	0.0	0.0	0.0	0.0	0.0	0.0	0.0	0.0	0.0	0.0	0.0	0.0	0.0	0.0	0.0	0.0	0.0	0.0	0.0	0.0	0.0	0.0	0.0	0.0	0.0	0.0	0.0	0.0	0.0	0.0	0.0	0.0	0.0	0.0	0.0	0.0	0.0	0.0	0.0	0.0	0.0	0.0	0.0	0.0	0.0	0.0	0.0	0.0
species|392597|Piscinibacter aquaticus	0.0	0.0	0.0	0.0	0.0	0.0	0.0	0.0	0.0	0.0	0.0	0.0	0.0	0.0	0.0	0.0	0.0	0.0	0.0	0.0	0.0	0.0	0.0	0.0	0.0	0.0	0.0	0.0	0.0	0.0	0.0	0.0	0.0	0.0	0.0032609256493333	0.0	0.0	0.0	0.0	0.0	0.0	0.0	0.0	0.0	0.0	0.0	0.0	0.0	0.0	0.0	0.0	0.0	0.0	0.0	0.0	0.0	0.0	0.0	0.0	0.0	0.0	0.0	0.0	0.0	0.0	0.0	0.0	0.0	0.0	0.0	0.0	0.0	0.0	0.0	0.0	0.0	0.0	0.0	0.0	0.0	0.0	0.0	0.0	0.0	0.0	0.0	0.0	0.0
species|357808|Roseiflexus sp. RS-1	0.0	0.0	0.0	0.0	0.0	0.0	0.0	0.0	0.0	0.0	0.0	0.0	0.0	0.0	0.0	0.0	0.0	0.0	0.0	0.0	0.0	0.0	0.0	0.0	0.0	0.0	0.0	0.0	0.0	0.0	0.0	0.0	0.0	0.0	0.0	0.0012437037497668	0.0	0.0009036338909754	0.0	0.0	0.0	0.0012924390653248	0.0	0.0	0.0	0.0	0.0	0.0	0.0	0.0	0.0	0.0	0.0	0.0	0.0	0.0	0.0	0.0	0.0	0.0	0.0	0.0	0.0	0.0	0.0	0.0	0.0	0.0	0.0	0.0	0.0	0.0	0.0	0.0	0.0	0.0	0.0	0.0	0.0	0.0	0.0	0.0	0.0	0.0	0.0	0.0	0.0	0.0
species|2509675|Ktedonosporobacter rubrisoli	0.0	0.0	0.0	0.0	0.0	0.0	0.0	0.0	0.0	0.0	0.0	0.0	0.0	0.0	0.0	0.0	0.0	0.0	0.0	0.0	0.0	0.0	0.0	0.0	0.0	0.0	0.0	0.0	0.0	0.0	0.0	0.0	0.0	0.0	0.0	0.0008913360847495	0.0	0.0	0.0	0.0	0.0	0.0	0.0	0.0	0.0	0.0	0.0	0.0	0.0	0.0	0.0	0.0	0.0	0.0	0.0	0.0	0.0	0.0	0.0	0.0	0.0	0.0	0.0	0.0	0.0	0.0	0.0	0.0	0.0	0.0	0.0	0.0	0.0	0.0	0.0	0.0	0.0	0.0	0.0	0.0	0.0	0.0	0.0	0.0	0.0	0.0	0.0	0.0005902743656384
species|2528028|Planctomycetes bacterium Pan110	0.0	0.0	0.0	0.0	0.0	0.0	0.0	0.0	0.0	0.0	0.0	0.0	0.0	0.0	0.0	0.0	0.0	0.0	0.0	0.0	0.0	0.0	0.0	0.0	0.0	0.0	0.0	0.0	0.0	0.0	0.0	0.0	0.0	0.0	0.0	0.001064246802566	0.0	0.0	0.0	0.0	0.0	0.0	0.0	0.0	0.0	0.0	0.0018499972334888	0.0	0.0	0.0013967456812451	0.0	0.0	0.0017522811128122	0.0	0.0	0.0	0.0	0.0014132117055777	0.0	0.0	0.0	0.0	0.0	0.0	0.0	0.0	0.0	0.0	0.0	0.0	0.0	0.0	0.0	0.0	0.0	0.0	0.0	0.0	0.0	0.0	0.0	0.0	0.0	0.0	0.0	0.0	0.0	0.0
species|169430|Paraburkholderia hospita	0.0	0.0	0.0	0.0	0.0	0.0	0.0	0.0	0.0	0.0	0.0	0.0	0.0	0.0	0.0	0.0	0.0	0.0	0.0	0.0	0.0	0.0	0.0	0.0	0.0	0.0	0.0	0.0	0.0	0.0	0.0	0.0	0.0	0.0	0.0	0.0024223359340205	0.0	0.0	0.0	0.0	0.0	0.0021067652737692	0.0	0.0	0.0	0.0	0.0	0.0	0.0	0.0	0.0	0.0	0.0	0.0	0.0	0.0	0.0	0.0	0.0	0.0	0.0	0.0	0.0	0.0	0.0	0.0	0.0	0.0	0.0	0.0	0.0	0.0	0.0	0.0	0.0	0.0	0.0019671327879205	0.0	0.0011395922342662	0.0	0.0	0.0	0.0	0.0	0.0	0.0	0.0	0.0
species|1983306|Edaphobaculum flavum	0.0	0.0	0.0	0.0	0.0	0.0	0.0	0.0	0.0	0.0	0.0	0.0	0.0	0.0	0.0	0.0	0.0	0.0	0.0	0.0	0.0	0.0	0.0	0.0	0.0	0.0	0.0	0.0	0.0	0.0	0.0	0.0	0.0	0.0	0.0	0.0	0.0	0.0	0.0	0.0008259467188817	0.0	0.0006547879251138	0.0	0.0	0.0	0.0	0.0	0.0	0.0	0.0	0.0	0.0	0.0	0.0	0.0	0.0	0.0	0.0	0.0	0.0	0.0	0.0	0.0	0.0	0.0	0.0	0.0	0.0	0.0	0.0	0.0	0.0	0.0	0.0	0.0	0.0008740648446423	0.0	0.0	0.0	0.0	0.0	0.0	0.0	0.0	0.0	0.0	0.0	0.0
species|427333|Herminiimonas saxobsidens	0.0	0.0	0.0	0.0	0.0	0.0	0.0	0.0	0.0	0.0	0.0	0.0	0.0	0.0	0.0	0.0	0.0	0.0	0.0	0.0	0.0	0.0	0.0	0.0	0.0	0.0	0.0	0.0	0.0	0.0	0.0	0.0	0.0	0.0	0.0	0.0	0.0	0.0	0.0	0.0008025861899991	0.0	0.0	0.0	0.0	0.0006375453714172	0.0	0.0	0.0	0.0	0.0	0.0	0.0	0.0	0.0	0.0	0.0	0.0	0.0	0.0	0.0	0.0	0.0	0.0	0.0	0.0	0.0	0.0	0.0	0.0	0.0	0.0	0.0	0.0	0.0	0.0	0.0	0.0	0.0	0.0	0.0	0.0	0.0	0.0	0.0	0.0	0.0	0.0	0.0
species|1312183|Rhizobium jaguaris	0.0	0.0	0.0	0.0	0.0	0.0	0.0	0.0	0.0	0.0	0.0	0.0	0.0	0.0	0.0	0.0	0.0	0.0	0.0	0.0	0.0	0.0	0.0	0.0	0.0	0.0	0.0	0.0	0.0	0.0	0.0	0.0	0.0	0.0	0.0	0.0	0.0	0.0	0.0	0.0006750716868715	0.0	0.0	0.0	0.0	0.0	0.0	0.0	0.0	0.0	0.0	0.0	0.0	0.0	0.0	0.0	0.0	0.0	0.0	0.0	0.0	0.0	0.0	0.0	0.0	0.0	0.0	0.0	0.0	0.0	0.0	0.0	0.0	0.0	0.0	0.0	0.0	0.0	0.0	0.0	0.0	0.0	0.0	0.0	0.0	0.0	0.0	0.0	0.0
species|436515|Variovorax boronicumulans	0.0	0.0	0.0	0.0	0.0	0.0	0.0	0.0	0.0	0.0	0.0	0.0	0.0	0.0	0.0	0.0	0.0	0.0	0.0	0.0	0.0	0.0	0.0	0.0	0.0	0.0	0.0	0.0	0.0	0.0	0.0	0.0	0.0	0.0	0.0	0.0	0.0	0.0	0.0	0.0016250568301963	0.0	0.0	0.0	0.0	0.0009248034321557	0.0	0.0	0.0	0.0	0.0	0.0	0.0	0.0	0.0	0.0	0.0	0.0	0.0	0.0	0.0	0.0	0.0	0.0	0.0	0.0	0.0	0.0	0.0	0.0	0.0012759643549035	0.0	0.0	0.0	0.0	0.0	0.0	0.0	0.0	0.0	0.0	0.0	0.0	0.0	0.0	0.0	0.0	0.0	0.0
species|31996|Beijerinckia derxii	0.0	0.0	0.0	0.0	0.0	0.0	0.0	0.0	0.0	0.0	0.0	0.0	0.0	0.0	0.0	0.0	0.0	0.0	0.0	0.0	0.0	0.0	0.0	0.0	0.0	0.0	0.0	0.0	0.0	0.0	0.0	0.0	0.0	0.0	0.0	0.0	0.0	0.0	0.0	0.0012591676958678	0.0	0.0	0.0	0.0	0.0	0.0	0.0	0.0	0.0	0.0	0.0	0.0	0.0	0.0	0.0	0.0	0.0	0.0	0.0	0.0	0.0	0.0	0.0	0.0	0.0	0.0	0.0	0.0	0.0	0.0	0.0	0.0	0.0	0.0	0.0	0.0008132553515461	0.0	0.0	0.0	0.0	0.0	0.0	0.0	0.0	0.0	0.0	0.0	0.0
species|1929097|Lysobacter solanacearum	0.0	0.0	0.0	0.0	0.0	0.0	0.0	0.0	0.0	0.0	0.0	0.0	0.0	0.0	0.0	0.0	0.0	0.0	0.0	0.0	0.0	0.0	0.0	0.0	0.0	0.0	0.0	0.0	0.0	0.0	0.0	0.0	0.0	0.0	0.0	0.0	0.0	0.0	0.0	0.0009496172080035	0.0	0.0	0.0	0.0	0.0	0.0	0.0	0.0	0.0	0.0009255149174692	0.0015715292604698	0.0	0.0	0.0	0.0	0.0	0.0	0.0	0.0	0.0	0.0	0.0	0.0	0.0	0.0	0.0	0.0	0.0	0.0011142993707303	0.0007288992405815	0.0	0.0012068300667872	0.0	0.0	0.0	0.0007948317017449	0.0	0.0	0.0	0.0	0.0	0.0	0.0	0.0	0.0	0.0	0.0	0.0
species|2015316|Bosea sp. AS-1	0.0	0.0	0.0	0.0	0.0	0.0	0.0	0.0	0.0	0.0	0.0	0.0	0.0	0.0	0.0	0.0	0.0	0.0	0.0	0.0	0.0	0.0	0.0	0.0	0.0	0.0	0.0	0.0	0.0	0.0	0.0	0.0	0.0	0.0	0.0	0.0	0.0	0.0	0.0	0.0009722601069342	0.0	0.0	0.0	0.0	0.0	0.0	0.0	0.0	0.0	0.0	0.0	0.0	0.0	0.0	0.0	0.0	0.0	0.0	0.0	0.0	0.0	0.0	0.0	0.0	0.0	0.0	0.0	0.0	0.0	0.0	0.0	0.0	0.0	0.0	0.0	0.0	0.0	0.0	0.0010348121481005	0.0	0.0	0.0	0.0	0.0	0.0	0.0	0.0	0.0
species|1677|Arthrobacter pascens	0.0	0.0	0.0	0.0	0.0	0.0	0.0	0.0	0.0	0.0	0.0	0.0	0.0	0.0	0.0	0.0	0.0	0.0	0.0	0.0	0.0	0.0	0.0	0.0	0.0	0.0	0.0	0.0	0.0	0.0	0.0	0.0	0.0	0.0	0.0	0.0	0.0	0.0	0.0	0.0018360535086828	0.0	0.0	0.0032292924016906	0.0	0.0	0.0	0.0	0.0	0.0	0.0	0.0	0.0	0.0	0.0	0.0	0.0	0.0	0.0	0.0	0.0	0.0	0.0	0.0	0.0	0.0	0.0	0.0	0.0	0.0	0.0	0.0	0.0	0.0	0.0	0.0	0.0	0.0	0.0	0.0	0.0	0.0	0.0	0.0	0.0	0.0	0.0	0.0024474979912511	0.0
species|247486|Curvibacter fontanus	0.0	0.0	0.0	0.0	0.0	0.0	0.0	0.0	0.0	0.0	0.0	0.0	0.0	0.0	0.0	0.0	0.0	0.0	0.0	0.0	0.0	0.0	0.0	0.0	0.0	0.0	0.0	0.0	0.0	0.0	0.0	0.0	0.0	0.0	0.0	0.0	0.0	0.0	0.0	0.0009909864231897	0.0	0.0	0.0	0.0	0.0	0.0	0.0	0.0	0.0	0.0	0.0	0.0	0.0	0.0	0.0	0.0	0.0	0.0	0.0	0.0	0.0	0.0	0.0	0.0	0.0	0.0	0.0	0.0	0.0	0.0	0.0	0.0	0.0	0.0	0.0	0.0	0.0	0.0	0.0	0.0	0.0	0.0	0.0	0.0	0.0	0.0	0.0	0.0
species|1066|Rhodocyclus tenuis	0.0	0.0	0.0	0.0	0.0	0.0	0.0	0.0	0.0	0.0	0.0	0.0	0.0	0.0	0.0	0.0	0.0	0.0	0.0	0.0	0.0	0.0	0.0	0.0	0.0	0.0	0.0	0.0	0.0	0.0	0.0	0.0	0.0	0.0	0.0	0.0	0.0	0.0	0.0	0.0	0.0	0.0012021850911438	0.0	0.0	0.0	0.0028058006830405	0.0	0.0	0.0016809374173442	0.0	0.0	0.0	0.0	0.0	0.0	0.0	0.0	0.0	0.0	0.0	0.0	0.0	0.0	0.0	0.0	0.0	0.0	0.0	0.0	0.0	0.0	0.0	0.0	0.0	0.0	0.0	0.0	0.0	0.0	0.0	0.0	0.0	0.0	0.0	0.0	0.0	0.0	0.0
species|1381557|Sulfurisoma sediminicola	0.0	0.0	0.0	0.0	0.0	0.0	0.0	0.0	0.0	0.0	0.0	0.0	0.0	0.0	0.0	0.0	0.0	0.0	0.0	0.0	0.0	0.0	0.0	0.0	0.0	0.0	0.0	0.0	0.0	0.0	0.0	0.0	0.0	0.0	0.0	0.0	0.0	0.0	0.0	0.0	0.0	0.001113540209016	0.0	0.0	0.0	0.0012511769672369	0.0	0.0	0.0014309167100903	0.0	0.0	0.0	0.0	0.0	0.0	0.0	0.0	0.0	0.0	0.0	0.0	0.0014446367511246	0.0	0.0	0.0	0.0	0.0	0.0	0.0	0.0	0.0	0.0	0.0	0.0	0.0	0.0	0.0	0.0	0.0	0.0	0.0	0.0	0.0	0.0	0.0	0.0	0.0	0.0
species|1467|Bacillus lentus	0.0	0.0	0.0	0.0	0.0	0.0	0.0	0.0	0.0	0.0	0.0	0.0	0.0	0.0	0.0	0.0	0.0	0.0	0.0	0.0	0.0	0.0	0.0	0.0	0.0	0.0	0.0	0.0	0.0	0.0	0.0	0.0	0.0	0.0	0.0	0.0	0.0	0.0	0.0	0.0	0.0	0.001200964755418	0.0	0.0	0.0	0.0	0.0	0.0	0.0	0.0	0.0	0.0	0.0	0.0	0.0	0.0	0.0	0.0	0.0	0.0	0.0	0.0	0.0	0.0	0.0	0.0	0.0	0.0	0.0	0.0	0.0	0.0	0.0	0.0	0.0	0.0	0.0	0.0	0.0	0.0	0.0	0.0	0.0	0.0	0.0	0.0	0.0	0.0
species|580165|Bacillus cytotoxicus	0.0	0.0	0.0	0.0	0.0	0.0	0.0	0.0	0.0	0.0	0.0	0.0	0.0	0.0	0.0	0.0	0.0	0.0	0.0	0.0	0.0	0.0	0.0	0.0	0.0	0.0	0.0	0.0	0.0	0.0	0.0	0.0	0.0	0.0	0.0	0.0	0.0	0.0	0.0	0.0	0.0	0.0010880626929077	0.0	0.0	0.0	0.0	0.0	0.0	0.0	0.0	0.0	0.0	0.0	0.0	0.0	0.0	0.0	0.0	0.0	0.0	0.0	0.0011844663948658	0.0	0.0	0.0	0.0	0.0	0.0	0.0	0.0	0.0	0.0	0.0	0.0	0.0	0.0	0.0	0.0	0.0	0.0	0.0	0.0	0.0	0.0	0.0	0.0	0.0	0.0
species|888831|Aetherobacter rufus	0.0	0.0	0.0	0.0	0.0	0.0	0.0	0.0	0.0	0.0	0.0	0.0	0.0	0.0	0.0	0.0	0.0	0.0	0.0	0.0	0.0	0.0	0.0	0.0	0.0	0.0	0.0	0.0	0.0	0.0	0.0	0.0	0.0	0.0	0.0	0.0	0.0	0.0	0.0	0.0	0.0	0.0006028249382801	0.0	0.0	0.0	0.0	0.0	0.0	0.0	0.0	0.0	0.0	0.0	0.0	0.0	0.0	0.0	0.0	0.0	0.0	0.0	0.0	0.0	0.0	0.0	0.0	0.0	0.0	0.0	0.0	0.0	0.0	0.0	0.0	0.0	0.0	0.0	0.0	0.0	0.0	0.0	0.0	0.0	0.0	0.0	0.0	0.0	0.0008895119796586
species|1325095|Bradyrhizobium guangzhouense	0.0	0.0	0.0	0.0	0.0	0.0	0.0	0.0	0.0	0.0	0.0	0.0	0.0	0.0	0.0	0.0	0.0	0.0	0.0	0.0	0.0	0.0	0.0	0.0	0.0	0.0	0.0	0.0	0.0	0.0	0.0	0.0	0.0	0.0	0.0	0.0	0.0	0.0	0.0	0.0	0.0	0.0008034352624618	0.0	0.0	0.0	0.0	0.0	0.0	0.0	0.0	0.0	0.0	0.0	0.0	0.0	0.0	0.0	0.0	0.0	0.0	0.0	0.0	0.0	0.0	0.0	0.0	0.0	0.0016973124435033	0.0	0.0	0.0	0.0	0.0	0.0	0.0	0.0	0.0	0.0	0.0	0.0	0.0	0.0	0.0	0.0	0.0	0.0	0.0	0.0
species|1405|Bacillus mycoides	0.0	0.0	0.0	0.0	0.0	0.0	0.0	0.0	0.0	0.0	0.0	0.0	0.0	0.0	0.0	0.0	0.0	0.0	0.0	0.0	0.0	0.0	0.0	0.0	0.0	0.0	0.0	0.0	0.0	0.0	0.0	0.0	0.0	0.0	0.0	0.0	0.0	0.0	0.0	0.0	0.0	0.0005067538436588	0.0	0.0	0.0	0.0	0.0	0.0	0.0	0.0	0.0	0.0	0.0	0.0	0.0	0.0	0.0	0.0	0.0	0.0	0.0	0.0	0.0	0.0	0.0	0.0	0.0	0.0	0.0	0.0	0.0	0.0	0.0	0.0	0.0	0.0	0.0	0.0	0.0	0.0	0.0	0.0	0.0	0.0	0.0	0.0	0.0	0.0
species|392333|Geoalkalibacter ferrihydriticus	0.0	0.0	0.0	0.0	0.0	0.0	0.0	0.0	0.0	0.0	0.0	0.0	0.0	0.0	0.0	0.0	0.0	0.0	0.0	0.0	0.0	0.0	0.0	0.0	0.0	0.0	0.0	0.0	0.0	0.0	0.0	0.0	0.0	0.0	0.0	0.0	0.0	0.0	0.0	0.0	0.0	0.0011789205699417	0.0	0.0	0.0	0.0	0.0	0.0	0.0	0.0	0.0	0.0	0.0012425770729204	0.0	0.0	0.0	0.0	0.0	0.0	0.0	0.0	0.0	0.0	0.0	0.0	0.0	0.0	0.0	0.0	0.0	0.0	0.0	0.0	0.0	0.0	0.0	0.0	0.0	0.0	0.0	0.0	0.0	0.0	0.0	0.0	0.0	0.0	0.0
species|48665|Streptomyces viridifaciens	0.0	0.0	0.0	0.0	0.0	0.0	0.0	0.0	0.0	0.0	0.0	0.0	0.0	0.0	0.0	0.0	0.0	0.0	0.0	0.0	0.0	0.0	0.0	0.0	0.0	0.0	0.0	0.0	0.0	0.0	0.0	0.0	0.0	0.0	0.0	0.0	0.0	0.0	0.0	0.0	0.0	0.0014911952394429	0.0	0.0	0.0	0.0	0.0	0.0	0.0	0.0	0.0	0.0	0.0	0.0	0.0	0.0	0.0	0.0	0.0	0.0	0.0	0.0	0.0	0.0	0.0	0.0	0.0	0.0	0.0	0.0	0.0	0.0	0.0	0.0	0.0	0.0	0.0	0.0	0.0	0.0	0.0	0.0	0.0	0.0	0.0	0.0	0.0	0.0
species|911092|Caldanaerobacter subterraneus	0.0	0.0	0.0	0.0	0.0	0.0	0.0	0.0	0.0	0.0	0.0	0.0	0.0	0.0	0.0	0.0	0.0	0.0	0.0	0.0	0.0	0.0	0.0	0.0	0.0	0.0	0.0	0.0	0.0	0.0	0.0	0.0	0.0	0.0	0.0	0.0	0.0	0.0	0.0	0.0	0.0	0.0012893811276484	0.0	0.0	0.0	0.0	0.0	0.0	0.0	0.0	0.0	0.0	0.0	0.0	0.0	0.0	0.0	0.0	0.0	0.0	0.0	0.0	0.0	0.0	0.0	0.0	0.0	0.0	0.0	0.0	0.0	0.0	0.0	0.0	0.0	0.0	0.0	0.0	0.0	0.0	0.0	0.0	0.0	0.0	0.0	0.0	0.0	0.0
species|1203471|Geobacter daltonii	0.0	0.0	0.0	0.0	0.0	0.0	0.0	0.0	0.0	0.0	0.0	0.0	0.0	0.0	0.0	0.0	0.0	0.0	0.0	0.0	0.0	0.0	0.0	0.0	0.0	0.0	0.0	0.0	0.0	0.0	0.0	0.0	0.0	0.0	0.0	0.0	0.0	0.0	0.0	0.0	0.0	0.0006920421271166	0.0	0.0	0.0	0.0	0.0	0.0	0.0	0.0	0.0	0.0	0.0	0.0	0.0	0.0	0.0	0.0	0.0	0.0	0.0	0.0	0.0	0.0	0.0	0.0	0.0	0.0	0.0	0.0	0.0	0.0	0.0	0.0	0.0	0.0	0.0	0.0	0.0	0.0	0.0	0.0	0.0	0.0	0.0	0.0	0.0	0.0
species|665467|Bauldia litoralis	0.0	0.0	0.0	0.0	0.0	0.0	0.0	0.0	0.0	0.0	0.0	0.0	0.0	0.0	0.0	0.0	0.0	0.0	0.0	0.0	0.0	0.0	0.0	0.0	0.0	0.0	0.0	0.0	0.0	0.0	0.0	0.0	0.0	0.0	0.0	0.0	0.0	0.0	0.0	0.0	0.0	0.0008343732325354	0.0	0.0	0.0	0.0	0.0	0.0	0.0	0.0	0.0	0.0	0.0	0.0	0.0	0.0	0.0	0.0	0.0	0.0	0.0	0.0	0.0	0.0	0.0	0.0	0.0	0.0	0.0	0.0	0.0	0.0	0.0	0.0	0.0	0.0	0.0	0.0	0.0	0.0	0.0	0.0	0.0	0.0	0.0	0.0	0.0	0.0
species|676205|Streptomyces aomiensis	0.0	0.0	0.0	0.0	0.0	0.0	0.0	0.0	0.0	0.0	0.0	0.0	0.0	0.0	0.0	0.0	0.0	0.0	0.0	0.0	0.0	0.0	0.0	0.0	0.0	0.0	0.0	0.0	0.0	0.0	0.0	0.0	0.0	0.0	0.0	0.0	0.0	0.0	0.0	0.0	0.0	0.0011008769981125	0.0	0.0	0.0	0.0	0.0	0.0	0.0	0.0	0.0	0.0	0.0	0.0	0.0	0.0	0.0	0.0	0.0	0.0	0.0	0.0	0.0	0.0	0.0	0.0	0.0	0.0	0.0	0.0	0.0	0.0	0.0	0.0	0.0	0.0	0.0	0.0	0.0	0.0	0.0	0.0	0.0	0.0	0.0	0.0	0.0	0.0
species|334735|Sporosarcina koreensis	0.0	0.0	0.0	0.0	0.0	0.0	0.0	0.0	0.0	0.0	0.0	0.0	0.0	0.0	0.0	0.0	0.0	0.0	0.0	0.0	0.0	0.0	0.0	0.0	0.0	0.0	0.0	0.0	0.0	0.0	0.0	0.0	0.0	0.0	0.0	0.0	0.0	0.0	0.0	0.0	0.0	0.0014560114700933	0.0	0.0	0.0	0.0	0.0	0.0	0.0	0.0	0.0	0.0	0.002096923910789	0.0	0.0	0.0	0.0	0.0	0.0	0.0	0.0	0.0	0.0	0.0	0.0	0.0	0.0	0.0	0.0	0.0	0.0	0.0	0.0	0.0	0.0	0.0	0.0	0.0	0.0	0.0	0.0	0.0	0.0	0.0	0.0	0.0	0.0	0.0
species|2575374|Arthrobacter sp. 24S4-2	0.0	0.0	0.0	0.0	0.0	0.0	0.0	0.0	0.0	0.0	0.0	0.0	0.0	0.0	0.0	0.0	0.0	0.0	0.0	0.0	0.0	0.0	0.0	0.0	0.0	0.0	0.0	0.0	0.0	0.0	0.0	0.0	0.0	0.0	0.0	0.0	0.0	0.0	0.0	0.0	0.0	0.0	0.0017561601811455	0.0	0.0	0.0	0.0	0.0	0.0	0.0	0.0	0.0	0.0	0.0	0.0	0.0	0.0	0.0	0.0	0.0	0.0	0.0	0.0	0.0	0.0	0.0	0.0	0.0	0.0	0.0	0.0	0.0	0.0	0.0	0.0	0.0	0.0	0.0	0.0	0.0	0.0	0.0	0.0	0.0	0.0	0.0	0.0	0.0
species|454662|Cellvibrio sp. KY-YJ-3	0.0	0.0	0.0	0.0	0.0	0.0	0.0	0.0	0.0	0.0	0.0	0.0	0.0	0.0	0.0	0.0	0.0	0.0	0.0	0.0	0.0	0.0	0.0	0.0	0.0	0.0	0.0	0.0	0.0	0.0	0.0	0.0	0.0	0.0	0.0	0.0	0.0	0.0	0.0	0.0	0.0	0.0	0.0	0.0031671753351154	0.0	0.0	0.0	0.0	0.0	0.0	0.0	0.0	0.0	0.0	0.0	0.0	0.0	0.0	0.0	0.0	0.0	0.0	0.0	0.0	0.0	0.0	0.0	0.0	0.0	0.0	0.0	0.0	0.0	0.0	0.0	0.0	0.0	0.0	0.0	0.0	0.0	0.0	0.0	0.0	0.0	0.0016103904851298	0.0	0.0
species|2546450|Stenotrophomonas sp. DAIF1	0.0	0.0	0.0	0.0	0.0	0.0	0.0	0.0	0.0	0.0	0.0	0.0	0.0	0.0	0.0	0.0	0.0	0.0	0.0	0.0	0.0	0.0	0.0	0.0	0.0	0.0	0.0	0.0	0.0	0.0	0.0	0.0	0.0	0.0	0.0	0.0	0.0	0.0	0.0	0.0	0.0	0.0	0.0	0.0023496408464629	0.0	0.0	0.0	0.0	0.0	0.0	0.0	0.0	0.0	0.0	0.0	0.0	0.0	0.0	0.0	0.0	0.0	0.0	0.0	0.0	0.0	0.0	0.0	0.0	0.0	0.0	0.0	0.0	0.0	0.0	0.0	0.0	0.0	0.0	0.0	0.0	0.0	0.0	0.0	0.0	0.0	0.0	0.0	0.0
species|29534|Flavobacterium saccharophilum	0.0	0.0	0.0	0.0	0.0	0.0	0.0	0.0	0.0	0.0	0.0	0.0	0.0	0.0	0.0	0.0	0.0	0.0	0.0	0.0	0.0	0.0	0.0	0.0	0.0	0.0	0.0	0.0	0.0	0.0	0.0	0.0	0.0	0.0	0.0	0.0	0.0	0.0	0.0	0.0	0.0	0.0	0.0	0.0043386517673086	0.0	0.0	0.0	0.0	0.0	0.0	0.0	0.0	0.0	0.0	0.0	0.0	0.0	0.0	0.0	0.0	0.0	0.0	0.0	0.0	0.0	0.0	0.0	0.0	0.0	0.0	0.0	0.0	0.0	0.0	0.0	0.0	0.0	0.0	0.0	0.0	0.0	0.0	0.0	0.0	0.0	0.0	0.0039793037750856	0.0
species|424798|Rhizobium soli	0.0	0.0	0.0	0.0	0.0	0.0	0.0	0.0	0.0	0.0	0.0	0.0	0.0	0.0	0.0	0.0	0.0	0.0	0.0	0.0	0.0	0.0	0.0	0.0	0.0	0.0	0.0	0.0	0.0	0.0	0.0	0.0	0.0	0.0	0.0	0.0	0.0	0.0	0.0	0.0	0.0	0.0	0.0	0.0025641451864646	0.0013269080387974	0.0	0.0	0.0	0.0	0.0	0.0	0.0	0.0	0.0	0.0	0.0	0.0	0.0	0.0	0.0	0.0	0.0	0.0	0.0	0.0	0.0	0.0	0.0	0.0	0.0	0.0	0.0	0.0	0.0	0.0	0.0	0.0	0.0	0.0	0.0	0.0	0.0	0.0	0.0	0.0	0.0	0.0	0.0
species|1131567|Undibacterium squillarum	0.0	0.0	0.0	0.0	0.0	0.0	0.0	0.0	0.0	0.0	0.0	0.0	0.0	0.0	0.0	0.0	0.0	0.0	0.0	0.0	0.0	0.0	0.0	0.0	0.0	0.0	0.0	0.0	0.0	0.0	0.0	0.0	0.0	0.0	0.0	0.0	0.0	0.0	0.0	0.0	0.0	0.0	0.0	0.0015601576112829	0.0	0.0	0.0	0.0	0.0	0.0	0.0	0.0	0.0	0.0	0.0	0.0	0.0	0.0	0.0	0.0	0.0	0.0	0.0	0.0	0.0	0.0	0.0	0.0	0.0	0.0	0.0	0.0	0.0	0.0	0.0	0.0	0.0	0.0	0.0	0.0	0.0	0.0	0.0	0.0	0.0	0.0	0.0	0.0
species|32013|Comamonas terrigena	0.0	0.0	0.0	0.0	0.0	0.0	0.0	0.0	0.0	0.0	0.0	0.0	0.0	0.0	0.0	0.0	0.0	0.0	0.0	0.0	0.0	0.0	0.0	0.0	0.0	0.0	0.0	0.0	0.0	0.0	0.0	0.0	0.0	0.0	0.0	0.0	0.0	0.0	0.0	0.0	0.0	0.0	0.0	0.0	0.0008920225234346	0.0	0.0	0.0	0.0	0.0	0.0	0.0	0.0	0.0	0.0	0.0	0.0	0.0	0.0	0.0	0.0	0.0	0.0	0.0	0.0	0.0	0.0	0.0	0.0	0.0	0.0	0.0	0.0	0.0	0.0	0.0	0.0	0.0	0.0	0.0	0.0	0.0	0.0	0.0	0.0	0.0	0.0	0.0
species|105219|Ralstonia mannitolilytica	0.0	0.0	0.0	0.0	0.0	0.0	0.0	0.0	0.0	0.0	0.0	0.0	0.0	0.0	0.0	0.0	0.0	0.0	0.0	0.0	0.0	0.0	0.0	0.0	0.0	0.0	0.0	0.0	0.0	0.0	0.0	0.0	0.0	0.0	0.0	0.0	0.0	0.0	0.0	0.0	0.0	0.0	0.0	0.0	0.0010354915444676	0.0	0.0	0.0	0.0	0.0	0.0	0.0	0.0	0.0	0.0	0.0	0.0	0.0	0.0	0.0	0.0	0.0	0.0	0.0	0.0	0.0	0.0	0.0	0.0	0.0	0.0	0.0	0.0	0.0	0.0	0.0	0.0	0.0	0.0	0.0	0.0	0.0	0.0	0.0	0.0	0.0	0.0	0.0
species|1462440|Duganella ginsengisoli	0.0	0.0	0.0	0.0	0.0	0.0	0.0	0.0	0.0	0.0	0.0	0.0	0.0	0.0	0.0	0.0	0.0	0.0	0.0	0.0	0.0	0.0	0.0	0.0	0.0	0.0	0.0	0.0	0.0	0.0	0.0	0.0	0.0	0.0	0.0	0.0	0.0	0.0	0.0	0.0	0.0	0.0	0.0	0.0	0.0009845431685872	0.0	0.0	0.0	0.0	0.0	0.0	0.0	0.0	0.0	0.0	0.0	0.0	0.0	0.0	0.0	0.0	0.0	0.0	0.0	0.0	0.0	0.0	0.0	0.0	0.0	0.0	0.0	0.0	0.0	0.0	0.0	0.0	0.0006917467604393	0.0	0.0	0.0	0.0	0.0	0.0	0.0	0.0015091760426313	0.0009066705701019	0.0
species|86182|Curvibacter lanceolatus	0.0	0.0	0.0	0.0	0.0	0.0	0.0	0.0	0.0	0.0	0.0	0.0	0.0	0.0	0.0	0.0	0.0	0.0	0.0	0.0	0.0	0.0	0.0	0.0	0.0	0.0	0.0	0.0	0.0	0.0	0.0	0.0	0.0	0.0	0.0	0.0	0.0	0.0	0.0	0.0	0.0	0.0	0.0	0.0	0.0009499185113865	0.0	0.0	0.0	0.0	0.0	0.0	0.0	0.0	0.0	0.0	0.0	0.0	0.0	0.0	0.0	0.0	0.0	0.0	0.0	0.0	0.0	0.0	0.0	0.0	0.0	0.0	0.0	0.0	0.0	0.0	0.0	0.0	0.0	0.0	0.0	0.0	0.0	0.0	0.0	0.0	0.0	0.0	0.0
species|1357915|Arthrobacter sp. QXT-31	0.0	0.0	0.0	0.0	0.0	0.0	0.0	0.0	0.0	0.0	0.0	0.0	0.0	0.0	0.0	0.0	0.0	0.0	0.0	0.0	0.0	0.0	0.0	0.0	0.0	0.0	0.0	0.0	0.0	0.0	0.0	0.0	0.0	0.0	0.0	0.0	0.0	0.0	0.0	0.0	0.0	0.0	0.0	0.0	0.0012861983523379	0.0	0.0	0.0	0.0	0.0	0.0	0.0	0.0	0.0	0.0	0.0	0.0	0.0	0.0	0.0	0.0	0.0	0.0	0.0	0.0	0.0	0.0	0.0	0.0	0.0015639368958495	0.0	0.0	0.0	0.0	0.0	0.0	0.0	0.0	0.0	0.0	0.0	0.0	0.0	0.0	0.0	0.0	0.0	0.0
species|996|Flavobacterium columnare	0.0	0.0	0.0	0.0	0.0	0.0	0.0	0.0	0.0	0.0	0.0	0.0	0.0	0.0	0.0	0.0	0.0	0.0	0.0	0.0	0.0	0.0	0.0	0.0	0.0	0.0	0.0	0.0	0.0	0.0	0.0	0.0	0.0	0.0	0.0	0.0	0.0	0.0	0.0	0.0	0.0	0.0	0.0	0.0	0.0016789621239601	0.0	0.0	0.0	0.0	0.0	0.0	0.0	0.0	0.0	0.0	0.0	0.0	0.0	0.0	0.0	0.0	0.0	0.0	0.0	0.0	0.0	0.0	0.0	0.0	0.0	0.0	0.0	0.0	0.0	0.0	0.0	0.0	0.0011465051791834	0.0	0.0	0.0	0.0	0.0	0.0	0.0018645121193287	0.0	0.0	0.0
species|390242|Pedobacter soli	0.0	0.0	0.0	0.0	0.0	0.0	0.0	0.0	0.0	0.0	0.0	0.0	0.0	0.0	0.0	0.0	0.0	0.0	0.0	0.0	0.0	0.0	0.0	0.0	0.0	0.0	0.0	0.0	0.0	0.0	0.0	0.0	0.0	0.0	0.0	0.0	0.0	0.0	0.0	0.0	0.0	0.0	0.0	0.0	0.0010684038799522	0.0	0.0	0.0	0.0	0.0	0.0	0.0	0.0	0.0	0.0	0.0	0.0	0.0	0.0	0.0	0.0	0.0	0.0	0.0	0.0	0.0	0.0	0.0	0.0	0.0	0.0	0.0	0.0	0.0	0.0	0.0	0.0	0.0	0.0	0.0	0.0	0.0	0.0	0.0	0.0	0.0	0.0	0.0
species|1730526|Naumannella huperziae	0.0	0.0	0.0	0.0	0.0	0.0	0.0	0.0	0.0	0.0	0.0	0.0	0.0	0.0	0.0	0.0	0.0	0.0	0.0	0.0	0.0	0.0	0.0	0.0	0.0	0.0	0.0	0.0	0.0	0.0	0.0	0.0	0.0	0.0	0.0	0.0	0.0	0.0	0.0	0.0	0.0	0.0	0.0	0.0	0.0	0.0011164778719892	0.0	0.0	0.0	0.0	0.0	0.0	0.0	0.0	0.0	0.0	0.0	0.0	0.0	0.0	0.0	0.0	0.0	0.0	0.0	0.0	0.0	0.0	0.0	0.0	0.0	0.0	0.0	0.0	0.0	0.0	0.0	0.0	0.0	0.0	0.0	0.0	0.0	0.0	0.0	0.0	0.0	0.0
species|86664|Bacillus flexus	0.0	0.0	0.0	0.0	0.0	0.0	0.0	0.0	0.0	0.0	0.0	0.0	0.0	0.0	0.0	0.0	0.0	0.0	0.0	0.0	0.0	0.0	0.0	0.0	0.0	0.0	0.0	0.0	0.0	0.0	0.0	0.0	0.0	0.0	0.0	0.0	0.0	0.0	0.0	0.0	0.0	0.0	0.0	0.0	0.0	0.000851380907247	0.0	0.0	0.0	0.0	0.0	0.0	0.0	0.0	0.0	0.0	0.0	0.0	0.0	0.0	0.0	0.0	0.0	0.0	0.0	0.0	0.0	0.0	0.0	0.0	0.0	0.0	0.0	0.0	0.0	0.0	0.0	0.0	0.0	0.0	0.0	0.0	0.0	0.0	0.0	0.0	0.0	0.0
species|115979|Bacillus nealsonii	0.0	0.0	0.0	0.0	0.0	0.0	0.0	0.0	0.0	0.0	0.0	0.0	0.0	0.0	0.0	0.0	0.0	0.0	0.0	0.0	0.0	0.0	0.0	0.0	0.0	0.0	0.0	0.0	0.0	0.0	0.0	0.0	0.0	0.0	0.0	0.0	0.0	0.0	0.0	0.0	0.0	0.0	0.0	0.0	0.0	0.0007867821971661	0.0	0.0	0.0	0.0	0.0	0.0	0.0	0.0	0.0	0.0	0.0	0.0	0.0	0.0	0.0	0.0	0.0	0.0	0.0	0.0	0.0	0.0	0.0	0.0	0.0	0.0	0.0	0.0	0.0	0.0	0.0	0.0	0.0	0.0	0.0	0.0	0.0	0.0	0.0	0.0	0.0	0.0
species|75385|Micropruina glycogenica	0.0	0.0	0.0	0.0	0.0	0.0	0.0	0.0	0.0	0.0	0.0	0.0	0.0	0.0	0.0	0.0	0.0	0.0	0.0	0.0	0.0	0.0	0.0	0.0	0.0	0.0	0.0	0.0	0.0	0.0	0.0	0.0	0.0	0.0	0.0	0.0	0.0	0.0	0.0	0.0	0.0	0.0	0.0	0.0	0.0	0.0010562881305594	0.0	0.0	0.0	0.0	0.0	0.0	0.0	0.0	0.0	0.0	0.0	0.0	0.0	0.0	0.0	0.0	0.0	0.0	0.0	0.0	0.0	0.0	0.0	0.0	0.0	0.0	0.0	0.0	0.0	0.0	0.0	0.0	0.0	0.0	0.0	0.0	0.0	0.0	0.0	0.0	0.0	0.0
species|48466|Prosthecobacter vanneervenii	0.0	0.0	0.0	0.0	0.0	0.0	0.0	0.0	0.0	0.0	0.0	0.0	0.0	0.0	0.0	0.0	0.0	0.0	0.0	0.0	0.0	0.0	0.0	0.0	0.0	0.0	0.0	0.0	0.0	0.0	0.0	0.0	0.0	0.0	0.0	0.0	0.0	0.0	0.0	0.0	0.0	0.0	0.0	0.0	0.0	0.0006601481034372	0.0	0.0	0.0	0.0	0.0	0.0	0.0	0.0	0.0	0.0	0.0	0.0	0.0	0.0	0.0	0.0	0.0	0.0	0.0	0.0	0.0	0.0	0.0	0.0	0.0	0.0	0.0	0.0	0.0	0.0	0.0	0.0	0.0	0.0	0.0	0.0	0.0	0.0	0.0	0.0	0.0	0.0
species|1402861|Bacillus filamentosus	0.0	0.0	0.0	0.0	0.0	0.0	0.0	0.0	0.0	0.0	0.0	0.0	0.0	0.0	0.0	0.0	0.0	0.0	0.0	0.0	0.0	0.0	0.0	0.0	0.0	0.0	0.0	0.0	0.0	0.0	0.0	0.0	0.0	0.0	0.0	0.0	0.0	0.0	0.0	0.0	0.0	0.0	0.0	0.0	0.0	0.0009980127509523	0.0	0.0	0.0	0.0	0.0	0.0	0.0	0.0	0.0	0.0	0.0	0.0	0.0	0.0	0.0	0.0	0.0	0.0	0.0	0.0	0.0	0.0	0.0	0.0	0.0	0.0	0.0	0.0	0.0	0.0	0.0	0.0	0.0	0.0	0.0	0.0	0.0	0.0	0.0	0.0	0.0	0.0
species|546872|Friedmanniella lucida	0.0	0.0	0.0	0.0	0.0	0.0	0.0	0.0	0.0	0.0	0.0	0.0	0.0	0.0	0.0	0.0	0.0	0.0	0.0	0.0	0.0	0.0	0.0	0.0	0.0	0.0	0.0	0.0	0.0	0.0	0.0	0.0	0.0	0.0	0.0	0.0	0.0	0.0	0.0	0.0	0.0	0.0	0.0	0.0	0.0	0.0011694987287651	0.0	0.0	0.0	0.0	0.0	0.0	0.0	0.0	0.0	0.0	0.0	0.0	0.0	0.0	0.0	0.0	0.0	0.0	0.0	0.0	0.0	0.0	0.0	0.0	0.0	0.0	0.0	0.0	0.0	0.0	0.0	0.0	0.0	0.0	0.0	0.0	0.0	0.0	0.0	0.0	0.0	0.0
species|421767|Peribacillus butanolivorans	0.0	0.0	0.0	0.0	0.0	0.0	0.0	0.0	0.0	0.0	0.0	0.0	0.0	0.0	0.0	0.0	0.0	0.0	0.0	0.0	0.0	0.0	0.0	0.0	0.0	0.0	0.0	0.0	0.0	0.0	0.0	0.0	0.0	0.0	0.0	0.0	0.0	0.0	0.0	0.0	0.0	0.0	0.0	0.0	0.0	0.0009767936112768	0.0	0.0	0.0	0.0	0.0	0.0	0.0	0.0	0.0	0.0	0.0	0.0	0.0	0.0	0.0	0.0	0.0	0.0	0.0	0.0	0.0	0.0	0.0	0.0	0.0	0.0	0.0	0.0	0.0	0.0	0.0	0.0	0.0	0.0	0.0	0.0	0.0	0.0	0.0	0.0	0.0	0.0
species|380392|Desulfomicrobium thermophilum	0.0	0.0	0.0	0.0	0.0	0.0	0.0	0.0	0.0	0.0	0.0	0.0	0.0	0.0	0.0	0.0	0.0	0.0	0.0	0.0	0.0	0.0	0.0	0.0	0.0	0.0	0.0	0.0	0.0	0.0	0.0	0.0	0.0	0.0	0.0	0.0	0.0	0.0	0.0	0.0	0.0	0.0	0.0	0.0	0.0	0.0012867989092294	0.0	0.0	0.0	0.0	0.0	0.0	0.0	0.0	0.0	0.0	0.0	0.0	0.0	0.0	0.0	0.0	0.0	0.0	0.0	0.0	0.0	0.0	0.0	0.0	0.0	0.0	0.0	0.0	0.0	0.0	0.0	0.0	0.0	0.0	0.0	0.0	0.0	0.0	0.0	0.0	0.0	0.0
species|2527984|Bremerella volcania	0.0	0.0	0.0	0.0	0.0	0.0	0.0	0.0	0.0	0.0	0.0	0.0	0.0	0.0	0.0	0.0	0.0	0.0	0.0	0.0	0.0	0.0	0.0	0.0	0.0	0.0	0.0	0.0	0.0	0.0	0.0	0.0	0.0	0.0	0.0	0.0	0.0	0.0	0.0	0.0	0.0	0.0	0.0	0.0	0.0	0.0008688888369978	0.0	0.0	0.0	0.0	0.0	0.0	0.0	0.0	0.0	0.0	0.0	0.0	0.0	0.0	0.0	0.0	0.0	0.0	0.0	0.0	0.0	0.0	0.0	0.0	0.0	0.0	0.0	0.0	0.0	0.0	0.0	0.0	0.0	0.0	0.0	0.0	0.0	0.0	0.0	0.0	0.0	0.0
species|570279|Terrimonas aquatica	0.0	0.0	0.0	0.0	0.0	0.0	0.0	0.0	0.0	0.0	0.0	0.0	0.0	0.0	0.0	0.0	0.0	0.0	0.0	0.0	0.0	0.0	0.0	0.0	0.0	0.0	0.0	0.0	0.0	0.0	0.0	0.0	0.0	0.0	0.0	0.0	0.0	0.0	0.0	0.0	0.0	0.0	0.0	0.0	0.0	0.0	0.0011695774054537	0.0	0.0	0.0	0.0	0.0	0.0	0.0	0.0	0.0	0.0	0.0	0.0	0.0	0.0	0.0	0.0	0.0	0.0	0.0	0.0	0.0	0.0	0.0	0.0	0.0	0.0	0.0	0.0	0.0	0.0	0.0	0.0	0.0	0.0	0.0	0.0	0.0	0.0	0.0	0.0	0.0
species|28232|Geobacter metallireducens	0.0	0.0	0.0	0.0	0.0	0.0	0.0	0.0	0.0	0.0	0.0	0.0	0.0	0.0	0.0	0.0	0.0	0.0	0.0	0.0	0.0	0.0	0.0	0.0	0.0	0.0	0.0	0.0	0.0	0.0	0.0	0.0	0.0	0.0	0.0	0.0	0.0	0.0	0.0	0.0	0.0	0.0	0.0	0.0	0.0	0.0	0.0012986519150849	0.0	0.0	0.0	0.0	0.0	0.0	0.0	0.0	0.0	0.0	0.0	0.0	0.0	0.0	0.0	0.0	0.0	0.0	0.0	0.0	0.0	0.0	0.0	0.0	0.0	0.0	0.0	0.0	0.0	0.0	0.0	0.0	0.0	0.0	0.0	0.0	0.0	0.0	0.0	0.0	0.0
species|454151|Luteolibacter algae	0.0	0.0	0.0	0.0	0.0	0.0	0.0	0.0	0.0	0.0	0.0	0.0	0.0	0.0	0.0	0.0	0.0	0.0	0.0	0.0	0.0	0.0	0.0	0.0	0.0	0.0	0.0	0.0	0.0	0.0	0.0	0.0	0.0	0.0	0.0	0.0	0.0	0.0	0.0	0.0	0.0	0.0	0.0	0.0	0.0	0.0	0.0009988054448621	0.0	0.0	0.0	0.0	0.0	0.0	0.0	0.0	0.0	0.0	0.0	0.0	0.0	0.0	0.0	0.0	0.0	0.0	0.0	0.0	0.0	0.0	0.0	0.0	0.0	0.0	0.0	0.0	0.0	0.0	0.0	0.0	0.0	0.0	0.0	0.0	0.0	0.0	0.0	0.0	0.0
species|229921|Levilinea saccharolytica	0.0	0.0	0.0	0.0	0.0	0.0	0.0	0.0	0.0	0.0	0.0	0.0	0.0	0.0	0.0	0.0	0.0	0.0	0.0	0.0	0.0	0.0	0.0	0.0	0.0	0.0	0.0	0.0	0.0	0.0	0.0	0.0	0.0	0.0	0.0	0.0	0.0	0.0	0.0	0.0	0.0	0.0	0.0	0.0	0.0	0.0	0.0	0.0015368423348909	0.0	0.0	0.0	0.0	0.0	0.0	0.0	0.0	0.0	0.0	0.0	0.0	0.0	0.0	0.0	0.0	0.0	0.0	0.0	0.0	0.0	0.0	0.0	0.0	0.0	0.0	0.0	0.0	0.0	0.0	0.0	0.0	0.0	0.0	0.0	0.0	0.0	0.0	0.0	0.0008924384124981
species|35841|Bacillus thermoamylovorans	0.0	0.0	0.0	0.0	0.0	0.0	0.0	0.0	0.0	0.0	0.0	0.0	0.0	0.0	0.0	0.0	0.0	0.0	0.0	0.0	0.0	0.0	0.0	0.0	0.0	0.0	0.0	0.0	0.0	0.0	0.0	0.0	0.0	0.0	0.0	0.0	0.0	0.0	0.0	0.0	0.0	0.0	0.0	0.0	0.0	0.0	0.0	0.0016518050433906	0.0	0.0	0.0	0.0	0.0	0.0	0.0	0.0	0.0	0.0	0.0	0.0	0.0	0.0	0.0	0.0	0.0	0.0	0.0	0.0	0.0	0.0	0.0	0.0	0.0	0.0	0.0	0.0	0.0	0.0	0.0	0.0	0.0	0.0	0.0018068181114487	0.0	0.0	0.0	0.0	0.0
species|1111115|Terriglobus tenax	0.0	0.0	0.0	0.0	0.0	0.0	0.0	0.0	0.0	0.0	0.0	0.0	0.0	0.0	0.0	0.0	0.0	0.0	0.0	0.0	0.0	0.0	0.0	0.0	0.0	0.0	0.0	0.0	0.0	0.0	0.0	0.0	0.0	0.0	0.0	0.0	0.0	0.0	0.0	0.0	0.0	0.0	0.0	0.0	0.0	0.0	0.0	0.0	0.001342091903232	0.0	0.0	0.0	0.0	0.0	0.0	0.0	0.0	0.0	0.0	0.0	0.0	0.0	0.0	0.0	0.0	0.0	0.0	0.0	0.0	0.0	0.0	0.0	0.0	0.0	0.0	0.0	0.0	0.0	0.0	0.0	0.0	0.0	0.0	0.0	0.0	0.0	0.0	0.0
species|2528029|Planctomycetes bacterium Pan153	0.0	0.0	0.0	0.0	0.0	0.0	0.0	0.0	0.0	0.0	0.0	0.0	0.0	0.0	0.0	0.0	0.0	0.0	0.0	0.0	0.0	0.0	0.0	0.0	0.0	0.0	0.0	0.0	0.0	0.0	0.0	0.0	0.0	0.0	0.0	0.0	0.0	0.0	0.0	0.0	0.0	0.0	0.0	0.0	0.0	0.0	0.0	0.0	0.0013030768101138	0.0	0.0	0.0	0.0	0.0	0.0	0.0	0.0	0.0	0.0	0.0	0.0	0.0	0.0	0.0	0.0	0.0	0.0	0.0	0.0	0.0	0.0	0.0	0.0	0.0	0.0	0.0	0.0	0.0	0.0	0.0	0.0	0.0	0.0	0.0	0.0	0.0	0.0	0.0
species|1120045|Rhizobium grahamii	0.0	0.0	0.0	0.0	0.0	0.0	0.0	0.0	0.0	0.0	0.0	0.0	0.0	0.0	0.0	0.0	0.0	0.0	0.0	0.0	0.0	0.0	0.0	0.0	0.0	0.0	0.0	0.0	0.0	0.0	0.0	0.0	0.0	0.0	0.0	0.0	0.0	0.0	0.0	0.0	0.0	0.0	0.0	0.0	0.0	0.0	0.0	0.0	0.0	0.0014961710748711	0.0	0.0	0.0	0.0	0.0	0.0	0.0	0.0	0.0	0.0	0.0	0.0	0.0	0.0	0.0	0.0	0.0	0.0	0.0	0.0	0.0	0.0	0.0	0.0	0.0	0.0	0.0	0.0	0.0	0.0	0.0	0.0	0.0	0.0	0.0	0.0	0.0	0.0
species|435289|Lysobacter spongiicola	0.0	0.0	0.0	0.0	0.0	0.0	0.0	0.0	0.0	0.0	0.0	0.0	0.0	0.0	0.0	0.0	0.0	0.0	0.0	0.0	0.0	0.0	0.0	0.0	0.0	0.0	0.0	0.0	0.0	0.0	0.0	0.0	0.0	0.0	0.0	0.0	0.0	0.0	0.0	0.0	0.0	0.0	0.0	0.0	0.0	0.0	0.0	0.0	0.0	0.0013056123732747	0.0	0.0	0.0	0.0	0.0	0.0	0.0	0.0	0.0	0.0	0.0	0.0	0.0	0.0	0.0	0.0	0.0	0.0	0.0	0.0	0.0	0.0	0.0	0.0	0.0	0.0	0.0	0.0	0.0	0.0	0.0	0.0	0.0	0.0	0.0	0.0	0.0	0.0
species|529705|Sphingomonas changbaiensis	0.0	0.0	0.0	0.0	0.0	0.0	0.0	0.0	0.0	0.0	0.0	0.0	0.0	0.0	0.0	0.0	0.0	0.0	0.0	0.0	0.0	0.0	0.0	0.0	0.0	0.0	0.0	0.0	0.0	0.0	0.0	0.0	0.0	0.0	0.0	0.0	0.0	0.0	0.0	0.0	0.0	0.0	0.0	0.0	0.0	0.0	0.0	0.0	0.0	0.0009077079433155	0.0	0.0	0.0	0.0	0.0	0.0	0.0	0.0	0.0	0.0	0.0	0.0	0.0	0.0	0.0	0.0	0.0	0.0013543243153607	0.0	0.0	0.0	0.0	0.0	0.0	0.0	0.0010165374774688	0.0	0.0	0.0	0.0	0.0	0.0	0.0	0.0	0.0	0.0	0.0	0.0
species|1156355|Paenibacillus taihuensis	0.0	0.0	0.0	0.0	0.0	0.0	0.0	0.0	0.0	0.0	0.0	0.0	0.0	0.0	0.0	0.0	0.0	0.0	0.0	0.0	0.0	0.0	0.0	0.0	0.0	0.0	0.0	0.0	0.0	0.0	0.0	0.0	0.0	0.0	0.0	0.0	0.0	0.0	0.0	0.0	0.0	0.0	0.0	0.0	0.0	0.0	0.0	0.0	0.0	0.0010541757857683	0.0	0.0	0.0	0.0	0.0	0.0	0.0	0.0	0.0	0.0	0.0	0.0	0.0	0.0	0.0	0.0	0.0	0.0	0.0	0.0	0.0	0.0	0.0	0.0	0.0	0.0	0.0	0.0	0.0	0.0	0.0	0.0	0.0108492607282496	0.0	0.0	0.0	0.0	0.0
species|217204|Achromobacter insolitus	0.0	0.0	0.0	0.0	0.0	0.0	0.0	0.0	0.0	0.0	0.0	0.0	0.0	0.0	0.0	0.0	0.0	0.0	0.0	0.0	0.0	0.0	0.0	0.0	0.0	0.0	0.0	0.0	0.0	0.0	0.0	0.0	0.0	0.0	0.0	0.0	0.0	0.0	0.0	0.0	0.0	0.0	0.0	0.0	0.0	0.0	0.0	0.0	0.0	0.0020706087932479	0.0	0.0	0.0	0.0	0.0	0.0	0.0	0.0	0.0	0.0	0.0	0.0	0.0	0.0	0.0	0.0	0.0	0.0	0.0	0.0	0.0	0.0	0.0	0.0	0.0	0.0	0.0	0.0	0.0	0.0	0.0	0.0	0.0	0.0	0.0	0.0	0.0	0.0
species|600628|Dongia soli	0.0	0.0	0.0	0.0	0.0	0.0	0.0	0.0	0.0	0.0	0.0	0.0	0.0	0.0	0.0	0.0	0.0	0.0	0.0	0.0	0.0	0.0	0.0	0.0	0.0	0.0	0.0	0.0	0.0	0.0	0.0	0.0	0.0	0.0	0.0	0.0	0.0	0.0	0.0	0.0	0.0	0.0	0.0	0.0	0.0	0.0	0.0	0.0	0.0	0.000988076919173	0.0	0.0	0.0	0.0	0.0	0.0	0.0	0.0	0.0	0.0	0.0	0.0	0.0	0.0	0.0	0.0	0.0	0.0	0.0	0.0	0.0	0.0	0.0	0.0	0.0	0.0006787542640051	0.0	0.0	0.0	0.0	0.0	0.0	0.0	0.0	0.0	0.0	0.0	0.0
species|48465|Prosthecobacter dejongeii	0.0	0.0	0.0	0.0	0.0	0.0	0.0	0.0	0.0	0.0	0.0	0.0	0.0	0.0	0.0	0.0	0.0	0.0	0.0	0.0	0.0	0.0	0.0	0.0	0.0	0.0	0.0	0.0	0.0	0.0	0.0	0.0	0.0	0.0	0.0	0.0	0.0	0.0	0.0	0.0	0.0	0.0	0.0	0.0	0.0	0.0	0.0	0.0	0.0	0.0010850307387145	0.0	0.0	0.0	0.0	0.0	0.0019970274499748	0.0011625902007686	0.0	0.0	0.0	0.0	0.0	0.0	0.0	0.0	0.0	0.0	0.0018484316793493	0.0018450020447247	0.0019267256514233	0.0021667286670805	0.0017419856829624	0.0017557076812032	0.0020017804210802	0.0	0.0013097975969007	0.0	0.0	0.0	0.0	0.0	0.0	0.0	0.0	0.0	0.0	0.0	0.0
species|1122261|Phreatobacter oligotrophus	0.0	0.0	0.0	0.0	0.0	0.0	0.0	0.0	0.0	0.0	0.0	0.0	0.0	0.0	0.0	0.0	0.0	0.0	0.0	0.0	0.0	0.0	0.0	0.0	0.0	0.0	0.0	0.0	0.0	0.0	0.0	0.0	0.0	0.0	0.0	0.0	0.0	0.0	0.0	0.0	0.0	0.0	0.0	0.0	0.0	0.0	0.0	0.0	0.0	0.0012873161379614	0.0	0.0	0.0	0.0	0.0	0.0	0.0	0.0	0.0	0.0	0.0	0.0	0.0	0.0	0.0	0.0	0.0	0.0	0.0	0.0	0.0	0.0	0.0	0.0	0.0	0.0	0.0	0.0	0.0	0.0	0.0	0.0	0.0	0.0	0.0	0.0	0.0	0.0
species|449|Legionella hackeliae	0.0	0.0	0.0	0.0	0.0	0.0	0.0	0.0	0.0	0.0	0.0	0.0	0.0	0.0	0.0	0.0	0.0	0.0	0.0	0.0	0.0	0.0	0.0	0.0	0.0	0.0	0.0	0.0	0.0	0.0	0.0	0.0	0.0	0.0	0.0	0.0	0.0	0.0	0.0	0.0	0.0	0.0	0.0	0.0	0.0	0.0	0.0	0.0	0.0	0.0011276062054293	0.0	0.0	0.0	0.0	0.0020725463693036	0.0	0.0	0.0	0.0	0.0	0.0	0.0	0.0	0.0	0.0	0.0	0.0	0.0	0.0	0.0	0.0	0.0	0.0	0.0	0.0	0.0	0.0	0.0	0.0	0.0	0.0	0.0	0.0	0.0	0.0	0.0	0.0	0.0
species|676517|Diplorickettsia massiliensis	0.0	0.0	0.0	0.0	0.0	0.0	0.0	0.0	0.0	0.0	0.0	0.0	0.0	0.0	0.0	0.0	0.0	0.0	0.0	0.0	0.0	0.0	0.0	0.0	0.0	0.0	0.0	0.0	0.0	0.0	0.0	0.0	0.0	0.0	0.0	0.0	0.0	0.0	0.0	0.0	0.0	0.0	0.0	0.0	0.0	0.0	0.0	0.0	0.0	0.0	0.0	0.0	0.0	0.0028027276805495	0.0	0.0	0.0	0.0	0.0	0.0	0.0	0.0	0.0	0.0	0.0	0.0	0.0	0.0	0.0	0.0	0.0	0.0	0.0	0.0	0.0	0.0	0.0	0.0	0.0	0.0	0.0	0.0	0.0	0.0	0.0	0.0	0.0	0.0
species|1867846|Legionella clemsonensis	0.0	0.0	0.0	0.0	0.0	0.0	0.0	0.0	0.0	0.0	0.0	0.0	0.0	0.0	0.0	0.0	0.0	0.0	0.0	0.0	0.0	0.0	0.0	0.0	0.0	0.0	0.0	0.0	0.0	0.0	0.0	0.0	0.0	0.0	0.0	0.0	0.0	0.0	0.0	0.0	0.0	0.0	0.0	0.0	0.0	0.0	0.0	0.0	0.0	0.0	0.0	0.0	0.0	0.0	0.0022649208795392	0.0	0.0	0.0	0.0	0.0	0.0	0.0	0.0	0.0	0.0	0.0	0.0	0.0	0.0	0.0	0.0	0.0016619565847727	0.002179590422882	0.0	0.0	0.0	0.0	0.0	0.0	0.0	0.0	0.0	0.0	0.0	0.0	0.0	0.0	0.0
species|70775|Pseudomonas plecoglossicida	0.0	0.0	0.0	0.0	0.0	0.0	0.0	0.0	0.0	0.0	0.0	0.0	0.0	0.0	0.0	0.0	0.0	0.0	0.0	0.0	0.0	0.0	0.0	0.0	0.0	0.0	0.0	0.0	0.0	0.0	0.0	0.0	0.0	0.0	0.0	0.0	0.0	0.0	0.0	0.0	0.0	0.0	0.0	0.0	0.0	0.0	0.0	0.0	0.0	0.0	0.0	0.0	0.0	0.0	0.0	0.0018789542570441	0.0	0.0	0.0	0.0	0.0	0.0	0.0	0.0	0.0	0.0	0.0	0.0	0.0	0.0	0.0	0.0	0.0	0.0	0.0	0.0	0.0	0.0	0.0	0.0	0.0	0.0	0.0	0.0	0.0	0.0	0.0	0.0
species|40137|Oligotropha carboxidovorans	0.0	0.0	0.0	0.0	0.0	0.0	0.0	0.0	0.0	0.0	0.0	0.0	0.0	0.0	0.0	0.0	0.0	0.0	0.0	0.0	0.0	0.0	0.0	0.0	0.0	0.0	0.0	0.0	0.0	0.0	0.0	0.0	0.0	0.0	0.0	0.0	0.0	0.0	0.0	0.0	0.0	0.0	0.0	0.0	0.0	0.0	0.0	0.0	0.0	0.0	0.0	0.0	0.0	0.0	0.0	0.0	0.0	0.0	0.0	0.0	0.0016539556084575	0.0	0.0	0.0	0.0	0.0	0.0	0.0	0.0	0.0	0.0	0.0	0.0	0.0	0.0	0.0	0.0	0.0	0.0	0.0	0.0	0.0	0.0	0.0	0.0	0.0	0.0	0.0
species|29448|Bradyrhizobium elkanii	0.0	0.0	0.0	0.0	0.0	0.0	0.0	0.0	0.0	0.0	0.0	0.0	0.0	0.0	0.0	0.0	0.0	0.0	0.0	0.0	0.0	0.0	0.0	0.0	0.0	0.0	0.0	0.0	0.0	0.0	0.0	0.0	0.0	0.0	0.0	0.0	0.0	0.0	0.0	0.0	0.0	0.0	0.0	0.0	0.0	0.0	0.0	0.0	0.0	0.0	0.0	0.0	0.0	0.0	0.0	0.0	0.0	0.0	0.0	0.0	0.0	0.0009628545860461	0.0	0.0	0.0	0.0	0.0	0.0	0.0	0.0	0.0	0.0	0.0	0.0	0.0	0.0011519682072768	0.0	0.0	0.0	0.0	0.0	0.0	0.0	0.0	0.0	0.0	0.0	0.0
species|1678728|Flavobacterium kingsejongi	0.0	0.0	0.0	0.0	0.0	0.0	0.0	0.0	0.0	0.0	0.0	0.0	0.0	0.0	0.0	0.0	0.0	0.0	0.0	0.0	0.0	0.0	0.0	0.0	0.0	0.0	0.0	0.0	0.0	0.0	0.0	0.0	0.0	0.0	0.0	0.0	0.0	0.0	0.0	0.0	0.0	0.0	0.0	0.0	0.0	0.0	0.0	0.0	0.0	0.0	0.0	0.0	0.0	0.0	0.0	0.0	0.0	0.0	0.0	0.0	0.0	0.0095514207252979	0.0	0.0	0.0	0.0	0.0	0.0	0.0	0.0	0.0	0.0	0.0	0.0	0.0	0.0	0.0	0.0	0.0	0.0	0.0	0.0	0.0	0.0	0.0	0.0	0.0	0.0
species|245|Flavobacterium aquatile	0.0	0.0	0.0	0.0	0.0	0.0	0.0	0.0	0.0	0.0	0.0	0.0	0.0	0.0	0.0	0.0	0.0	0.0	0.0	0.0	0.0	0.0	0.0	0.0	0.0	0.0	0.0	0.0	0.0	0.0	0.0	0.0	0.0	0.0	0.0	0.0	0.0	0.0	0.0	0.0	0.0	0.0	0.0	0.0	0.0	0.0	0.0	0.0	0.0	0.0	0.0	0.0	0.0	0.0	0.0	0.0	0.0	0.0	0.0	0.0	0.0	0.0023476726792806	0.0	0.0	0.0	0.0	0.0	0.0	0.0	0.0	0.0	0.0	0.0	0.0	0.0	0.0	0.0	0.0	0.0	0.0	0.0	0.0	0.0	0.0	0.0	0.0	0.0	0.0
species|1648146|Flavobacterium buctense	0.0	0.0	0.0	0.0	0.0	0.0	0.0	0.0	0.0	0.0	0.0	0.0	0.0	0.0	0.0	0.0	0.0	0.0	0.0	0.0	0.0	0.0	0.0	0.0	0.0	0.0	0.0	0.0	0.0	0.0	0.0	0.0	0.0	0.0	0.0	0.0	0.0	0.0	0.0	0.0	0.0	0.0	0.0	0.0	0.0	0.0	0.0	0.0	0.0	0.0	0.0	0.0	0.0	0.0	0.0	0.0	0.0	0.0	0.0	0.0	0.0	0.0019834737607534	0.0	0.0	0.0	0.0	0.0	0.0	0.0	0.0	0.0	0.0	0.0	0.0	0.0	0.0	0.0	0.0	0.0	0.0	0.0	0.0	0.0	0.0	0.0	0.0	0.0	0.0
species|61652|Serratia rubidaea	0.0	0.0	0.0	0.0	0.0	0.0	0.0	0.0	0.0	0.0	0.0	0.0	0.0	0.0	0.0	0.0	0.0	0.0	0.0	0.0	0.0	0.0	0.0	0.0	0.0	0.0	0.0	0.0	0.0	0.0	0.0	0.0	0.0	0.0	0.0	0.0	0.0	0.0	0.0	0.0	0.0	0.0	0.0	0.0	0.0	0.0	0.0	0.0	0.0	0.0	0.0	0.0	0.0	0.0	0.0	0.0	0.0	0.0	0.0	0.0	0.0	0.0015930835069596	0.0	0.0	0.0	0.0	0.0	0.0	0.0	0.0	0.0	0.0	0.0	0.0	0.0	0.0	0.0	0.0	0.0	0.0	0.0	0.0	0.0	0.0	0.0	0.0	0.0	0.0
species|349931|Clostridium cavendishii	0.0	0.0	0.0	0.0	0.0	0.0	0.0	0.0	0.0	0.0	0.0	0.0	0.0	0.0	0.0	0.0	0.0	0.0	0.0	0.0	0.0	0.0	0.0	0.0	0.0	0.0	0.0	0.0	0.0	0.0	0.0	0.0	0.0	0.0	0.0	0.0	0.0	0.0	0.0	0.0	0.0	0.0	0.0	0.0	0.0	0.0	0.0	0.0	0.0	0.0	0.0	0.0	0.0	0.0	0.0	0.0	0.0	0.0	0.0	0.0	0.0	0.0	0.0	0.0	0.0	0.001509076130355	0.0	0.0	0.0	0.0	0.0	0.0	0.0	0.0	0.0	0.0	0.0	0.0	0.0	0.0	0.0	0.0	0.0	0.0	0.0	0.0	0.0	0.0
species|546|Citrobacter freundii	0.0	0.0	0.0	0.0	0.0	0.0	0.0	0.0	0.0	0.0	0.0	0.0	0.0	0.0	0.0	0.0	0.0	0.0	0.0	0.0	0.0	0.0	0.0	0.0	0.0	0.0	0.0	0.0	0.0	0.0	0.0	0.0	0.0	0.0	0.0	0.0	0.0	0.0	0.0	0.0	0.0	0.0	0.0	0.0	0.0	0.0	0.0	0.0	0.0	0.0	0.0	0.0	0.0	0.0	0.0	0.0	0.0	0.0	0.0	0.0	0.0	0.0	0.0	0.0	0.0	0.0	0.004071937563624	0.0	0.0	0.0	0.0	0.0	0.0	0.0	0.0	0.0	0.0	0.0	0.0	0.0	0.0	0.0	0.0	0.0	0.0	0.0	0.0	0.0
species|1849581|Dyella caseinilytica	0.0	0.0	0.0	0.0	0.0	0.0	0.0	0.0	0.0	0.0	0.0	0.0	0.0	0.0	0.0	0.0	0.0	0.0	0.0	0.0	0.0	0.0	0.0	0.0	0.0	0.0	0.0	0.0	0.0	0.0	0.0	0.0	0.0	0.0	0.0	0.0	0.0	0.0	0.0	0.0	0.0	0.0	0.0	0.0	0.0	0.0	0.0	0.0	0.0	0.0	0.0	0.0	0.0	0.0	0.0	0.0	0.0	0.0	0.0	0.0	0.0	0.0	0.0	0.0	0.0	0.0	0.0	0.00155482221339	0.0	0.0	0.0	0.0	0.0	0.0	0.0	0.0	0.0	0.0	0.0	0.0	0.0	0.0	0.0	0.0	0.0	0.0	0.0	0.0
species|2594473|Sphingomonas sp. AE3	0.0	0.0	0.0	0.0	0.0	0.0	0.0	0.0	0.0	0.0	0.0	0.0	0.0	0.0	0.0	0.0	0.0	0.0	0.0	0.0	0.0	0.0	0.0	0.0	0.0	0.0	0.0	0.0	0.0	0.0	0.0	0.0	0.0	0.0	0.0	0.0	0.0	0.0	0.0	0.0	0.0	0.0	0.0	0.0	0.0	0.0	0.0	0.0	0.0	0.0	0.0	0.0	0.0	0.0	0.0	0.0	0.0	0.0	0.0	0.0	0.0	0.0	0.0	0.0	0.0	0.0	0.0	0.0	0.0009313278003696	0.0	0.0	0.0	0.0	0.0	0.0	0.0	0.0	0.0	0.0	0.0	0.0	0.0	0.0	0.0	0.0	0.0	0.0	0.0
species|35839|Holophaga foetida	0.0	0.0	0.0	0.0	0.0	0.0	0.0	0.0	0.0	0.0	0.0	0.0	0.0	0.0	0.0	0.0	0.0	0.0	0.0	0.0	0.0	0.0	0.0	0.0	0.0	0.0	0.0	0.0	0.0	0.0	0.0	0.0	0.0	0.0	0.0	0.0	0.0	0.0	0.0	0.0	0.0	0.0	0.0	0.0	0.0	0.0	0.0	0.0	0.0	0.0	0.0	0.0	0.0	0.0	0.0	0.0	0.0	0.0	0.0	0.0	0.0	0.0	0.0	0.0	0.0	0.0	0.0	0.0	0.0020306000175297	0.0024386470102927	0.0	0.0	0.0	0.0	0.0	0.0015359259224079	0.0	0.0	0.0	0.0	0.0	0.0	0.0	0.0	0.0	0.0	0.0	0.0
species|511108|Ottowia pentelensis	0.0	0.0	0.0	0.0	0.0	0.0	0.0	0.0	0.0	0.0	0.0	0.0	0.0	0.0	0.0	0.0	0.0	0.0	0.0	0.0	0.0	0.0	0.0	0.0	0.0	0.0	0.0	0.0	0.0	0.0	0.0	0.0	0.0	0.0	0.0	0.0	0.0	0.0	0.0	0.0	0.0	0.0	0.0	0.0	0.0	0.0	0.0	0.0	0.0	0.0	0.0	0.0	0.0	0.0	0.0	0.0	0.0	0.0	0.0	0.0	0.0	0.0	0.0	0.0	0.0	0.0	0.0	0.0	0.000931521407445	0.0	0.0	0.00142160820562	0.0	0.0	0.0	0.0009144140894481	0.0	0.0	0.0	0.0	0.0	0.0	0.0	0.0	0.0	0.0	0.0	0.0
species|993689|Metallibacterium scheffleri	0.0	0.0	0.0	0.0	0.0	0.0	0.0	0.0	0.0	0.0	0.0	0.0	0.0	0.0	0.0	0.0	0.0	0.0	0.0	0.0	0.0	0.0	0.0	0.0	0.0	0.0	0.0	0.0	0.0	0.0	0.0	0.0	0.0	0.0	0.0	0.0	0.0	0.0	0.0	0.0	0.0	0.0	0.0	0.0	0.0	0.0	0.0	0.0	0.0	0.0	0.0	0.0	0.0	0.0	0.0	0.0	0.0	0.0	0.0	0.0	0.0	0.0	0.0	0.0	0.0	0.0	0.0	0.0	0.0009445323730973	0.0	0.0	0.0	0.0	0.0	0.0	0.0	0.0	0.0	0.0	0.0	0.0	0.0	0.0	0.0	0.0	0.0	0.0	0.0
species|54067|Xylophilus ampelinus	0.0	0.0	0.0	0.0	0.0	0.0	0.0	0.0	0.0	0.0	0.0	0.0	0.0	0.0	0.0	0.0	0.0	0.0	0.0	0.0	0.0	0.0	0.0	0.0	0.0	0.0	0.0	0.0	0.0	0.0	0.0	0.0	0.0	0.0	0.0	0.0	0.0	0.0	0.0	0.0	0.0	0.0	0.0	0.0	0.0	0.0	0.0	0.0	0.0	0.0	0.0	0.0	0.0	0.0	0.0	0.0	0.0	0.0	0.0	0.0	0.0	0.0	0.0	0.0	0.0	0.0	0.0	0.0	0.0010292453746615	0.0015249885538156	0.0	0.0	0.0	0.0	0.0	0.0	0.0	0.0	0.0	0.0	0.0	0.0	0.0	0.0	0.0	0.0	0.0	0.0
species|2576891|Nibricoccus aquaticus	0.0	0.0	0.0	0.0	0.0	0.0	0.0	0.0	0.0	0.0	0.0	0.0	0.0	0.0	0.0	0.0	0.0	0.0	0.0	0.0	0.0	0.0	0.0	0.0	0.0	0.0	0.0	0.0	0.0	0.0	0.0	0.0	0.0	0.0	0.0	0.0	0.0	0.0	0.0	0.0	0.0	0.0	0.0	0.0	0.0	0.0	0.0	0.0	0.0	0.0	0.0	0.0	0.0	0.0	0.0	0.0	0.0	0.0	0.0	0.0	0.0	0.0	0.0	0.0	0.0	0.0	0.0	0.0	0.0009616346994627	0.0	0.0	0.0	0.0	0.0	0.0	0.0	0.0	0.0	0.0	0.0	0.0	0.0	0.0	0.0	0.0	0.0	0.0	0.0
species|2054315|Nemorincola caseinilytica	0.0	0.0	0.0	0.0	0.0	0.0	0.0	0.0	0.0	0.0	0.0	0.0	0.0	0.0	0.0	0.0	0.0	0.0	0.0	0.0	0.0	0.0	0.0	0.0	0.0	0.0	0.0	0.0	0.0	0.0	0.0	0.0	0.0	0.0	0.0	0.0	0.0	0.0	0.0	0.0	0.0	0.0	0.0	0.0	0.0	0.0	0.0	0.0	0.0	0.0	0.0	0.0	0.0	0.0	0.0	0.0	0.0	0.0	0.0	0.0	0.0	0.0	0.0	0.0	0.0	0.0	0.0	0.0	0.0010356284714214	0.001262745052704	0.0	0.001716647283966	0.0	0.0015569805098063	0.0	0.0	0.0	0.0	0.0	0.0	0.0	0.0	0.0	0.0	0.0	0.0	0.0	0.0
species|203799|Nocardioides aquiterrae	0.0	0.0	0.0	0.0	0.0	0.0	0.0	0.0	0.0	0.0	0.0	0.0	0.0	0.0	0.0	0.0	0.0	0.0	0.0	0.0	0.0	0.0	0.0	0.0	0.0	0.0	0.0	0.0	0.0	0.0	0.0	0.0	0.0	0.0	0.0	0.0	0.0	0.0	0.0	0.0	0.0	0.0	0.0	0.0	0.0	0.0	0.0	0.0	0.0	0.0	0.0	0.0	0.0	0.0	0.0	0.0	0.0	0.0	0.0	0.0	0.0	0.0	0.0	0.0	0.0	0.0	0.0	0.0	0.0021965608112688	0.0	0.0	0.0	0.0	0.0	0.0	0.0	0.0	0.0	0.0	0.0	0.0	0.0	0.0	0.0	0.0	0.0	0.0	0.0
species|34|Myxococcus xanthus	0.0	0.0	0.0	0.0	0.0	0.0	0.0	0.0	0.0	0.0	0.0	0.0	0.0	0.0	0.0	0.0	0.0	0.0	0.0	0.0	0.0	0.0	0.0	0.0	0.0	0.0	0.0	0.0	0.0	0.0	0.0	0.0	0.0	0.0	0.0	0.0	0.0	0.0	0.0	0.0	0.0	0.0	0.0	0.0	0.0	0.0	0.0	0.0	0.0	0.0	0.0	0.0	0.0	0.0	0.0	0.0	0.0	0.0	0.0	0.0	0.0	0.0	0.0	0.0	0.0	0.0	0.0	0.0	0.0	0.0008656377123479	0.0	0.0	0.0	0.0	0.0	0.0	0.0	0.0	0.0	0.0	0.0	0.0	0.0	0.0	0.0	0.0	0.0	0.0
species|1325090|Bradyrhizobium guangdongense	0.0	0.0	0.0	0.0	0.0	0.0	0.0	0.0	0.0	0.0	0.0	0.0	0.0	0.0	0.0	0.0	0.0	0.0	0.0	0.0	0.0	0.0	0.0	0.0	0.0	0.0	0.0	0.0	0.0	0.0	0.0	0.0	0.0	0.0	0.0	0.0	0.0	0.0	0.0	0.0	0.0	0.0	0.0	0.0	0.0	0.0	0.0	0.0	0.0	0.0	0.0	0.0	0.0	0.0	0.0	0.0	0.0	0.0	0.0	0.0	0.0	0.0	0.0	0.0	0.0	0.0	0.0	0.0	0.0	0.0009934145177249	0.0	0.0	0.0	0.0	0.0	0.0	0.0	0.0	0.0	0.0	0.0	0.0	0.0	0.0	0.0	0.0	0.0	0.0
species|2496871|Geomonas soli	0.0	0.0	0.0	0.0	0.0	0.0	0.0	0.0	0.0	0.0	0.0	0.0	0.0	0.0	0.0	0.0	0.0	0.0	0.0	0.0	0.0	0.0	0.0	0.0	0.0	0.0	0.0	0.0	0.0	0.0	0.0	0.0	0.0	0.0	0.0	0.0	0.0	0.0	0.0	0.0	0.0	0.0	0.0	0.0	0.0	0.0	0.0	0.0	0.0	0.0	0.0	0.0	0.0	0.0	0.0	0.0	0.0	0.0	0.0	0.0	0.0	0.0	0.0	0.0	0.0	0.0	0.0	0.0	0.0	0.0011685735787556	0.0	0.0	0.0	0.0	0.0	0.0	0.0	0.0	0.0	0.0	0.0	0.0	0.0	0.0	0.0	0.0	0.0	0.0
species|675609|Nevskia terrae	0.0	0.0	0.0	0.0	0.0	0.0	0.0	0.0	0.0	0.0	0.0	0.0	0.0	0.0	0.0	0.0	0.0	0.0	0.0	0.0	0.0	0.0	0.0	0.0	0.0	0.0	0.0	0.0	0.0	0.0	0.0	0.0	0.0	0.0	0.0	0.0	0.0	0.0	0.0	0.0	0.0	0.0	0.0	0.0	0.0	0.0	0.0	0.0	0.0	0.0	0.0	0.0	0.0	0.0	0.0	0.0	0.0	0.0	0.0	0.0	0.0	0.0	0.0	0.0	0.0	0.0	0.0	0.0	0.0	0.0020793147070863	0.0	0.0	0.0	0.0	0.0	0.0013692881703413	0.0	0.0	0.0	0.0	0.0	0.0	0.0	0.0	0.0	0.0	0.0	0.0
species|1742359|Bacillus dafuensis	0.0	0.0	0.0	0.0	0.0	0.0	0.0	0.0	0.0	0.0	0.0	0.0	0.0	0.0	0.0	0.0	0.0	0.0	0.0	0.0	0.0	0.0	0.0	0.0	0.0	0.0	0.0	0.0	0.0	0.0	0.0	0.0	0.0	0.0	0.0	0.0	0.0	0.0	0.0	0.0	0.0	0.0	0.0	0.0	0.0	0.0	0.0	0.0	0.0	0.0	0.0	0.0	0.0	0.0	0.0	0.0	0.0	0.0	0.0	0.0	0.0	0.0	0.0	0.0	0.0	0.0	0.0	0.0	0.0	0.0007033871598167	0.0	0.0	0.0	0.0	0.0	0.0	0.0	0.0	0.0	0.0	0.0	0.0	0.0	0.0	0.0	0.0	0.0	0.0
species|61624|Paenibacillus mucilaginosus	0.0	0.0	0.0	0.0	0.0	0.0	0.0	0.0	0.0	0.0	0.0	0.0	0.0	0.0	0.0	0.0	0.0	0.0	0.0	0.0	0.0	0.0	0.0	0.0	0.0	0.0	0.0	0.0	0.0	0.0	0.0	0.0	0.0	0.0	0.0	0.0	0.0	0.0	0.0	0.0	0.0	0.0	0.0	0.0	0.0	0.0	0.0	0.0	0.0	0.0	0.0	0.0	0.0	0.0	0.0	0.0	0.0	0.0	0.0	0.0	0.0	0.0	0.0	0.0	0.0	0.0	0.0	0.0	0.0	0.0024427125741998	0.0	0.0	0.0	0.0	0.0	0.0	0.0	0.0	0.0	0.0	0.0	0.0	0.0358804595778544	0.0	0.0	0.0	0.0	0.0
species|394090|Cystobacter armeniaca	0.0	0.0	0.0	0.0	0.0	0.0	0.0	0.0	0.0	0.0	0.0	0.0	0.0	0.0	0.0	0.0	0.0	0.0	0.0	0.0	0.0	0.0	0.0	0.0	0.0	0.0	0.0	0.0	0.0	0.0	0.0	0.0	0.0	0.0	0.0	0.0	0.0	0.0	0.0	0.0	0.0	0.0	0.0	0.0	0.0	0.0	0.0	0.0	0.0	0.0	0.0	0.0	0.0	0.0	0.0	0.0	0.0	0.0	0.0	0.0	0.0	0.0	0.0	0.0	0.0	0.0	0.0	0.0	0.0	0.0	0.0	0.0008905255545733	0.0	0.0	0.0	0.0	0.0	0.0	0.0	0.0	0.0	0.0	0.0	0.0	0.0	0.0	0.0	0.0
species|1235480|Blastocatella fastidiosa	0.0	0.0	0.0	0.0	0.0	0.0	0.0	0.0	0.0	0.0	0.0	0.0	0.0	0.0	0.0	0.0	0.0	0.0	0.0	0.0	0.0	0.0	0.0	0.0	0.0	0.0	0.0	0.0	0.0	0.0	0.0	0.0	0.0	0.0	0.0	0.0	0.0	0.0	0.0	0.0	0.0	0.0	0.0	0.0	0.0	0.0	0.0	0.0	0.0	0.0	0.0	0.0	0.0	0.0	0.0	0.0	0.0	0.0	0.0	0.0	0.0	0.0	0.0	0.0	0.0	0.0	0.0	0.0	0.0	0.0	0.0	0.0008685710742998	0.0	0.0	0.0	0.0	0.0	0.0	0.0	0.0	0.0	0.0	0.0	0.0	0.0	0.0	0.0	0.0
species|418856|Nevskia soli	0.0	0.0	0.0	0.0	0.0	0.0	0.0	0.0	0.0	0.0	0.0	0.0	0.0	0.0	0.0	0.0	0.0	0.0	0.0	0.0	0.0	0.0	0.0	0.0	0.0	0.0	0.0	0.0	0.0	0.0	0.0	0.0	0.0	0.0	0.0	0.0	0.0	0.0	0.0	0.0	0.0	0.0	0.0	0.0	0.0	0.0	0.0	0.0	0.0	0.0	0.0	0.0	0.0	0.0	0.0	0.0	0.0	0.0	0.0	0.0	0.0	0.0	0.0	0.0	0.0	0.0	0.0	0.0	0.0	0.0	0.0	0.0	0.0024565292627432	0.0	0.0	0.0	0.0	0.0	0.0	0.0	0.0	0.0	0.0	0.0	0.0	0.0	0.0	0.0
species|85085|Pseudarthrobacter chlorophenolicus	0.0	0.0	0.0	0.0	0.0	0.0	0.0	0.0	0.0	0.0	0.0	0.0	0.0	0.0	0.0	0.0	0.0	0.0	0.0	0.0	0.0	0.0	0.0	0.0	0.0	0.0	0.0	0.0	0.0	0.0	0.0	0.0	0.0	0.0	0.0	0.0	0.0	0.0	0.0	0.0	0.0	0.0	0.0	0.0	0.0	0.0	0.0	0.0	0.0	0.0	0.0	0.0	0.0	0.0	0.0	0.0	0.0	0.0	0.0	0.0	0.0	0.0	0.0	0.0	0.0	0.0	0.0	0.0	0.0	0.0	0.0	0.0	0.0	0.0	0.0	0.0010440883834071	0.0	0.0	0.0	0.0	0.0	0.0	0.0	0.0	0.0	0.0	0.0	0.0
species|663610|Methylocapsa aurea	0.0	0.0	0.0	0.0	0.0	0.0	0.0	0.0	0.0	0.0	0.0	0.0	0.0	0.0	0.0	0.0	0.0	0.0	0.0	0.0	0.0	0.0	0.0	0.0	0.0	0.0	0.0	0.0	0.0	0.0	0.0	0.0	0.0	0.0	0.0	0.0	0.0	0.0	0.0	0.0	0.0	0.0	0.0	0.0	0.0	0.0	0.0	0.0	0.0	0.0	0.0	0.0	0.0	0.0	0.0	0.0	0.0	0.0	0.0	0.0	0.0	0.0	0.0	0.0	0.0	0.0	0.0	0.0	0.0	0.0	0.0	0.0	0.0	0.0	0.0	0.0010499707055035	0.0	0.0	0.0	0.0	0.0	0.0	0.0	0.0	0.0	0.0	0.0	0.0
species|1452508|Zhizhongheella caldifontis	0.0	0.0	0.0	0.0	0.0	0.0	0.0	0.0	0.0	0.0	0.0	0.0	0.0	0.0	0.0	0.0	0.0	0.0	0.0	0.0	0.0	0.0	0.0	0.0	0.0	0.0	0.0	0.0	0.0	0.0	0.0	0.0	0.0	0.0	0.0	0.0	0.0	0.0	0.0	0.0	0.0	0.0	0.0	0.0	0.0	0.0	0.0	0.0	0.0	0.0	0.0	0.0	0.0	0.0	0.0	0.0	0.0	0.0	0.0	0.0	0.0	0.0	0.0	0.0	0.0	0.0	0.0	0.0	0.0	0.0	0.0	0.0	0.0	0.0	0.0	0.000918873979333	0.0	0.0	0.0	0.0	0.0	0.0	0.0	0.0	0.0	0.0	0.0	0.0
species|1708347|Arenimonas aestuarii	0.0	0.0	0.0	0.0	0.0	0.0	0.0	0.0	0.0	0.0	0.0	0.0	0.0	0.0	0.0	0.0	0.0	0.0	0.0	0.0	0.0	0.0	0.0	0.0	0.0	0.0	0.0	0.0	0.0	0.0	0.0	0.0	0.0	0.0	0.0	0.0	0.0	0.0	0.0	0.0	0.0	0.0	0.0	0.0	0.0	0.0	0.0	0.0	0.0	0.0	0.0	0.0	0.0	0.0	0.0	0.0	0.0	0.0	0.0	0.0	0.0	0.0	0.0	0.0	0.0	0.0	0.0	0.0	0.0	0.0	0.0	0.0	0.0	0.0	0.0	0.0006786555817172	0.0	0.0	0.0	0.0	0.0	0.0	0.0	0.0	0.0	0.0	0.0	0.0
species|435897|Lysobacter capsici	0.0	0.0	0.0	0.0	0.0	0.0	0.0	0.0	0.0	0.0	0.0	0.0	0.0	0.0	0.0	0.0	0.0	0.0	0.0	0.0	0.0	0.0	0.0	0.0	0.0	0.0	0.0	0.0	0.0	0.0	0.0	0.0	0.0	0.0	0.0	0.0	0.0	0.0	0.0	0.0	0.0	0.0	0.0	0.0	0.0	0.0	0.0	0.0	0.0	0.0	0.0	0.0	0.0	0.0	0.0	0.0	0.0	0.0	0.0	0.0	0.0	0.0	0.0	0.0	0.0	0.0	0.0	0.0	0.0	0.0	0.0	0.0	0.0	0.0	0.0	0.0007514440321437	0.0	0.0	0.0	0.0	0.0	0.0	0.0	0.0	0.0	0.0	0.0	0.0
species|1123067|Rubellimicrobium mesophilum	0.0	0.0	0.0	0.0	0.0	0.0	0.0	0.0	0.0	0.0	0.0	0.0	0.0	0.0	0.0	0.0	0.0	0.0	0.0	0.0	0.0	0.0	0.0	0.0	0.0	0.0	0.0	0.0	0.0	0.0	0.0	0.0	0.0	0.0	0.0	0.0	0.0	0.0	0.0	0.0	0.0	0.0	0.0	0.0	0.0	0.0	0.0	0.0	0.0	0.0	0.0	0.0	0.0	0.0	0.0	0.0	0.0	0.0	0.0	0.0	0.0	0.0	0.0	0.0	0.0	0.0	0.0	0.0	0.0	0.0	0.0	0.0	0.0	0.0	0.0	0.0	0.0	0.0009334344552621	0.0	0.0	0.0	0.0	0.0	0.0	0.0	0.0	0.0	0.0
species|1842536|Agrobacterium sp. RAC06	0.0	0.0	0.0	0.0	0.0	0.0	0.0	0.0	0.0	0.0	0.0	0.0	0.0	0.0	0.0	0.0	0.0	0.0	0.0	0.0	0.0	0.0	0.0	0.0	0.0	0.0	0.0	0.0	0.0	0.0	0.0	0.0	0.0	0.0	0.0	0.0	0.0	0.0	0.0	0.0	0.0	0.0	0.0	0.0	0.0	0.0	0.0	0.0	0.0	0.0	0.0	0.0	0.0	0.0	0.0	0.0	0.0	0.0	0.0	0.0	0.0	0.0	0.0	0.0	0.0	0.0	0.0	0.0	0.0	0.0	0.0	0.0	0.0	0.0	0.0	0.0	0.0	0.0010172699657889	0.0	0.0	0.0	0.0	0.0	0.0	0.0	0.0	0.0	0.0
species|2603277|Rhizobium sp. WL3	0.0	0.0	0.0	0.0	0.0	0.0	0.0	0.0	0.0	0.0	0.0	0.0	0.0	0.0	0.0	0.0	0.0	0.0	0.0	0.0	0.0	0.0	0.0	0.0	0.0	0.0	0.0	0.0	0.0	0.0	0.0	0.0	0.0	0.0	0.0	0.0	0.0	0.0	0.0	0.0	0.0	0.0	0.0	0.0	0.0	0.0	0.0	0.0	0.0	0.0	0.0	0.0	0.0	0.0	0.0	0.0	0.0	0.0	0.0	0.0	0.0	0.0	0.0	0.0	0.0	0.0	0.0	0.0	0.0	0.0	0.0	0.0	0.0	0.0	0.0	0.0	0.0	0.001344778348022	0.0	0.0	0.0	0.0	0.0	0.0	0.0	0.0	0.0	0.0
species|1682150|Paenibacillus arcticus	0.0	0.0	0.0	0.0	0.0	0.0	0.0	0.0	0.0	0.0	0.0	0.0	0.0	0.0	0.0	0.0	0.0	0.0	0.0	0.0	0.0	0.0	0.0	0.0	0.0	0.0	0.0	0.0	0.0	0.0	0.0	0.0	0.0	0.0	0.0	0.0	0.0	0.0	0.0	0.0	0.0	0.0	0.0	0.0	0.0	0.0	0.0	0.0	0.0	0.0	0.0	0.0	0.0	0.0	0.0	0.0	0.0	0.0	0.0	0.0	0.0	0.0	0.0	0.0	0.0	0.0	0.0	0.0	0.0	0.0	0.0	0.0	0.0	0.0	0.0	0.0	0.0	0.0	0.0	0.0	0.0	0.0	0.021244328302356	0.0	0.0	0.0	0.0	0.0
species|1450019|Lysinibacillus alkaliphilus	0.0	0.0	0.0	0.0	0.0	0.0	0.0	0.0	0.0	0.0	0.0	0.0	0.0	0.0	0.0	0.0	0.0	0.0	0.0	0.0	0.0	0.0	0.0	0.0	0.0	0.0	0.0	0.0	0.0	0.0	0.0	0.0	0.0	0.0	0.0	0.0	0.0	0.0	0.0	0.0	0.0	0.0	0.0	0.0	0.0	0.0	0.0	0.0	0.0	0.0	0.0	0.0	0.0	0.0	0.0	0.0	0.0	0.0	0.0	0.0	0.0	0.0	0.0	0.0	0.0	0.0	0.0	0.0	0.0	0.0	0.0	0.0	0.0	0.0	0.0	0.0	0.0	0.0	0.0	0.0	0.0	0.0	0.007391493493908	0.0	0.0	0.0	0.0	0.0
species|1266064|Lysinibacillus manganicus	0.0	0.0	0.0	0.0	0.0	0.0	0.0	0.0	0.0	0.0	0.0	0.0	0.0	0.0	0.0	0.0	0.0	0.0	0.0	0.0	0.0	0.0	0.0	0.0	0.0	0.0	0.0	0.0	0.0	0.0	0.0	0.0	0.0	0.0	0.0	0.0	0.0	0.0	0.0	0.0	0.0	0.0	0.0	0.0	0.0	0.0	0.0	0.0	0.0	0.0	0.0	0.0	0.0	0.0	0.0	0.0	0.0	0.0	0.0	0.0	0.0	0.0	0.0	0.0	0.0	0.0	0.0	0.0	0.0	0.0	0.0	0.0	0.0	0.0	0.0	0.0	0.0	0.0	0.0	0.0	0.0	0.0	0.0020396241099645	0.0	0.0	0.0	0.0	0.0
species|209080|Propionispora hippei	0.0	0.0	0.0	0.0	0.0	0.0	0.0	0.0	0.0	0.0	0.0	0.0	0.0	0.0	0.0	0.0	0.0	0.0	0.0	0.0	0.0	0.0	0.0	0.0	0.0	0.0	0.0	0.0	0.0	0.0	0.0	0.0	0.0	0.0	0.0	0.0	0.0	0.0	0.0	0.0	0.0	0.0	0.0	0.0	0.0	0.0	0.0	0.0	0.0	0.0	0.0	0.0	0.0	0.0	0.0	0.0	0.0	0.0	0.0	0.0	0.0	0.0	0.0	0.0	0.0	0.0	0.0	0.0	0.0	0.0	0.0	0.0	0.0	0.0	0.0	0.0	0.0	0.0	0.0	0.0	0.0	0.0	0.003195496680179	0.0	0.0	0.0	0.0	0.0
species|112903|Propionispora vibrioides	0.0	0.0	0.0	0.0	0.0	0.0	0.0	0.0	0.0	0.0	0.0	0.0	0.0	0.0	0.0	0.0	0.0	0.0	0.0	0.0	0.0	0.0	0.0	0.0	0.0	0.0	0.0	0.0	0.0	0.0	0.0	0.0	0.0	0.0	0.0	0.0	0.0	0.0	0.0	0.0	0.0	0.0	0.0	0.0	0.0	0.0	0.0	0.0	0.0	0.0	0.0	0.0	0.0	0.0	0.0	0.0	0.0	0.0	0.0	0.0	0.0	0.0	0.0	0.0	0.0	0.0	0.0	0.0	0.0	0.0	0.0	0.0	0.0	0.0	0.0	0.0	0.0	0.0	0.0	0.0	0.0	0.0	0.0034341712905411	0.0	0.0	0.0	0.0	0.0
species|481743|Paenibacillus sp. Y412MC10	0.0	0.0	0.0	0.0	0.0	0.0	0.0	0.0	0.0	0.0	0.0	0.0	0.0	0.0	0.0	0.0	0.0	0.0	0.0	0.0	0.0	0.0	0.0	0.0	0.0	0.0	0.0	0.0	0.0	0.0	0.0	0.0	0.0	0.0	0.0	0.0	0.0	0.0	0.0	0.0	0.0	0.0	0.0	0.0	0.0	0.0	0.0	0.0	0.0	0.0	0.0	0.0	0.0	0.0	0.0	0.0	0.0	0.0	0.0	0.0	0.0	0.0	0.0	0.0	0.0	0.0	0.0	0.0	0.0	0.0	0.0	0.0	0.0	0.0	0.0	0.0	0.0	0.0	0.0	0.0	0.0	0.0	0.0039455862523815	0.0	0.0	0.0	0.0	0.0
species|189691|Paenibacillus elgii	0.0	0.0	0.0	0.0	0.0	0.0	0.0	0.0	0.0	0.0	0.0	0.0	0.0	0.0	0.0	0.0	0.0	0.0	0.0	0.0	0.0	0.0	0.0	0.0	0.0	0.0	0.0	0.0	0.0	0.0	0.0	0.0	0.0	0.0	0.0	0.0	0.0	0.0	0.0	0.0	0.0	0.0	0.0	0.0	0.0	0.0	0.0	0.0	0.0	0.0	0.0	0.0	0.0	0.0	0.0	0.0	0.0	0.0	0.0	0.0	0.0	0.0	0.0	0.0	0.0	0.0	0.0	0.0	0.0	0.0	0.0	0.0	0.0	0.0	0.0	0.0	0.0	0.0	0.0	0.0	0.0	0.0	0.0020600537181277	0.0	0.0	0.0	0.0	0.0
species|1501230|Paenibacillus tyrfis	0.0	0.0	0.0	0.0	0.0	0.0	0.0	0.0	0.0	0.0	0.0	0.0	0.0	0.0	0.0	0.0	0.0	0.0	0.0	0.0	0.0	0.0	0.0	0.0	0.0	0.0	0.0	0.0	0.0	0.0	0.0	0.0	0.0	0.0	0.0	0.0	0.0	0.0	0.0	0.0	0.0	0.0	0.0	0.0	0.0	0.0	0.0	0.0	0.0	0.0	0.0	0.0	0.0	0.0	0.0	0.0	0.0	0.0	0.0	0.0	0.0	0.0	0.0	0.0	0.0	0.0	0.0	0.0	0.0	0.0	0.0	0.0	0.0	0.0	0.0	0.0	0.0	0.0	0.0	0.0	0.0	0.0	0.0048649430154737	0.0	0.0	0.0	0.0	0.0
species|1435645|Paenibacillus oenotherae	0.0	0.0	0.0	0.0	0.0	0.0	0.0	0.0	0.0	0.0	0.0	0.0	0.0	0.0	0.0	0.0	0.0	0.0	0.0	0.0	0.0	0.0	0.0	0.0	0.0	0.0	0.0	0.0	0.0	0.0	0.0	0.0	0.0	0.0	0.0	0.0	0.0	0.0	0.0	0.0	0.0	0.0	0.0	0.0	0.0	0.0	0.0	0.0	0.0	0.0	0.0	0.0	0.0	0.0	0.0	0.0	0.0	0.0	0.0	0.0	0.0	0.0	0.0	0.0	0.0	0.0	0.0	0.0	0.0	0.0	0.0	0.0	0.0	0.0	0.0	0.0	0.0	0.0	0.0	0.0	0.0	0.0	0.0027730495290556	0.0	0.0	0.0	0.0	0.0
species|1126833|Paenibacillus beijingensis	0.0	0.0	0.0	0.0	0.0	0.0	0.0	0.0	0.0	0.0	0.0	0.0	0.0	0.0	0.0	0.0	0.0	0.0	0.0	0.0	0.0	0.0	0.0	0.0	0.0	0.0	0.0	0.0	0.0	0.0	0.0	0.0	0.0	0.0	0.0	0.0	0.0	0.0	0.0	0.0	0.0	0.0	0.0	0.0	0.0	0.0	0.0	0.0	0.0	0.0	0.0	0.0	0.0	0.0	0.0	0.0	0.0	0.0	0.0	0.0	0.0	0.0	0.0	0.0	0.0	0.0	0.0	0.0	0.0	0.0	0.0	0.0	0.0	0.0	0.0	0.0	0.0	0.0	0.0	0.0	0.0	0.0	0.0025840356869933	0.0	0.0	0.0	0.0	0.0
species|1178515|Paenibacillus swuensis	0.0	0.0	0.0	0.0	0.0	0.0	0.0	0.0	0.0	0.0	0.0	0.0	0.0	0.0	0.0	0.0	0.0	0.0	0.0	0.0	0.0	0.0	0.0	0.0	0.0	0.0	0.0	0.0	0.0	0.0	0.0	0.0	0.0	0.0	0.0	0.0	0.0	0.0	0.0	0.0	0.0	0.0	0.0	0.0	0.0	0.0	0.0	0.0	0.0	0.0	0.0	0.0	0.0	0.0	0.0	0.0	0.0	0.0	0.0	0.0	0.0	0.0	0.0	0.0	0.0	0.0	0.0	0.0	0.0	0.0	0.0	0.0	0.0	0.0	0.0	0.0	0.0	0.0	0.0	0.0	0.0	0.0	0.0198892333558796	0.0	0.0	0.0	0.0	0.0
species|2020716|Paenibacillus konkukensis	0.0	0.0	0.0	0.0	0.0	0.0	0.0	0.0	0.0	0.0	0.0	0.0	0.0	0.0	0.0	0.0	0.0	0.0	0.0	0.0	0.0	0.0	0.0	0.0	0.0	0.0	0.0	0.0	0.0	0.0	0.0	0.0	0.0	0.0	0.0	0.0	0.0	0.0	0.0	0.0	0.0	0.0	0.0	0.0	0.0	0.0	0.0	0.0	0.0	0.0	0.0	0.0	0.0	0.0	0.0	0.0	0.0	0.0	0.0	0.0	0.0	0.0	0.0	0.0	0.0	0.0	0.0	0.0	0.0	0.0	0.0	0.0	0.0	0.0	0.0	0.0	0.0	0.0	0.0	0.0	0.0	0.0	0.0228452524538408	0.0	0.0	0.0	0.0	0.0
species|306542|Paenibacillus gansuensis	0.0	0.0	0.0	0.0	0.0	0.0	0.0	0.0	0.0	0.0	0.0	0.0	0.0	0.0	0.0	0.0	0.0	0.0	0.0	0.0	0.0	0.0	0.0	0.0	0.0	0.0	0.0	0.0	0.0	0.0	0.0	0.0	0.0	0.0	0.0	0.0	0.0	0.0	0.0	0.0	0.0	0.0	0.0	0.0	0.0	0.0	0.0	0.0	0.0	0.0	0.0	0.0	0.0	0.0	0.0	0.0	0.0	0.0	0.0	0.0	0.0	0.0	0.0	0.0	0.0	0.0	0.0	0.0	0.0	0.0	0.0	0.0	0.0	0.0	0.0	0.0	0.0	0.0	0.0	0.0	0.0	0.0	0.0096753292574023	0.0	0.0	0.0	0.0	0.0
species|669464|Paenibacillus filicis	0.0	0.0	0.0	0.0	0.0	0.0	0.0	0.0	0.0	0.0	0.0	0.0	0.0	0.0	0.0	0.0	0.0	0.0	0.0	0.0	0.0	0.0	0.0	0.0	0.0	0.0	0.0	0.0	0.0	0.0	0.0	0.0	0.0	0.0	0.0	0.0	0.0	0.0	0.0	0.0	0.0	0.0	0.0	0.0	0.0	0.0	0.0	0.0	0.0	0.0	0.0	0.0	0.0	0.0	0.0	0.0	0.0	0.0	0.0	0.0	0.0	0.0	0.0	0.0	0.0	0.0	0.0	0.0	0.0	0.0	0.0	0.0	0.0	0.0	0.0	0.0	0.0	0.0	0.0	0.0	0.0	0.0	0.0167867461744507	0.0	0.0	0.0	0.0	0.0
species|554312|Paenibacillus rigui	0.0	0.0	0.0	0.0	0.0	0.0	0.0	0.0	0.0	0.0	0.0	0.0	0.0	0.0	0.0	0.0	0.0	0.0	0.0	0.0	0.0	0.0	0.0	0.0	0.0	0.0	0.0	0.0	0.0	0.0	0.0	0.0	0.0	0.0	0.0	0.0	0.0	0.0	0.0	0.0	0.0	0.0	0.0	0.0	0.0	0.0	0.0	0.0	0.0	0.0	0.0	0.0	0.0	0.0	0.0	0.0	0.0	0.0	0.0	0.0	0.0	0.0	0.0	0.0	0.0	0.0	0.0	0.0	0.0	0.0	0.0	0.0	0.0	0.0	0.0	0.0	0.0	0.0	0.0	0.0	0.0	0.0	0.0034707215149242	0.0	0.0	0.0	0.0	0.0
species|361876|Paenibacillus soli	0.0	0.0	0.0	0.0	0.0	0.0	0.0	0.0	0.0	0.0	0.0	0.0	0.0	0.0	0.0	0.0	0.0	0.0	0.0	0.0	0.0	0.0	0.0	0.0	0.0	0.0	0.0	0.0	0.0	0.0	0.0	0.0	0.0	0.0	0.0	0.0	0.0	0.0	0.0	0.0	0.0	0.0	0.0	0.0	0.0	0.0	0.0	0.0	0.0	0.0	0.0	0.0	0.0	0.0	0.0	0.0	0.0	0.0	0.0	0.0	0.0	0.0	0.0	0.0	0.0	0.0	0.0	0.0	0.0	0.0	0.0	0.0	0.0	0.0	0.0	0.0	0.0	0.0	0.0	0.0	0.0	0.0	0.0144289296476309	0.0	0.0	0.0	0.0	0.0
species|1215385|Paenibacillus thermoaerophilus	0.0	0.0	0.0	0.0	0.0	0.0	0.0	0.0	0.0	0.0	0.0	0.0	0.0	0.0	0.0	0.0	0.0	0.0	0.0	0.0	0.0	0.0	0.0	0.0	0.0	0.0	0.0	0.0	0.0	0.0	0.0	0.0	0.0	0.0	0.0	0.0	0.0	0.0	0.0	0.0	0.0	0.0	0.0	0.0	0.0	0.0	0.0	0.0	0.0	0.0	0.0	0.0	0.0	0.0	0.0	0.0	0.0	0.0	0.0	0.0	0.0	0.0	0.0	0.0	0.0	0.0	0.0	0.0	0.0	0.0	0.0	0.0	0.0	0.0	0.0	0.0	0.0	0.0	0.0	0.0	0.0	0.0	0.0051801506151251	0.0	0.0	0.0	0.0	0.0
species|253314|Hungateiclostridium straminisolvens	0.0	0.0	0.0	0.0	0.0	0.0	0.0	0.0	0.0	0.0	0.0	0.0	0.0	0.0	0.0	0.0	0.0	0.0	0.0	0.0	0.0	0.0	0.0	0.0	0.0	0.0	0.0	0.0	0.0	0.0	0.0	0.0	0.0	0.0	0.0	0.0	0.0	0.0	0.0	0.0	0.0	0.0	0.0	0.0	0.0	0.0	0.0	0.0	0.0	0.0	0.0	0.0	0.0	0.0	0.0	0.0	0.0	0.0	0.0	0.0	0.0	0.0	0.0	0.0	0.0	0.0	0.0	0.0	0.0	0.0	0.0	0.0	0.0	0.0	0.0	0.0	0.0	0.0	0.0	0.0	0.0	0.0	0.0025023200321167	0.0	0.0	0.0	0.0	0.0
species|1280390|Gorillibacterium massiliense	0.0	0.0	0.0	0.0	0.0	0.0	0.0	0.0	0.0	0.0	0.0	0.0	0.0	0.0	0.0	0.0	0.0	0.0	0.0	0.0	0.0	0.0	0.0	0.0	0.0	0.0	0.0	0.0	0.0	0.0	0.0	0.0	0.0	0.0	0.0	0.0	0.0	0.0	0.0	0.0	0.0	0.0	0.0	0.0	0.0	0.0	0.0	0.0	0.0	0.0	0.0	0.0	0.0	0.0	0.0	0.0	0.0	0.0	0.0	0.0	0.0	0.0	0.0	0.0	0.0	0.0	0.0	0.0	0.0	0.0	0.0	0.0	0.0	0.0	0.0	0.0	0.0	0.0	0.0	0.0	0.0	0.0	0.0150285548780183	0.0	0.0	0.0	0.0	0.0
species|1229154|Paenibacillus doosanensis	0.0	0.0	0.0	0.0	0.0	0.0	0.0	0.0	0.0	0.0	0.0	0.0	0.0	0.0	0.0	0.0	0.0	0.0	0.0	0.0	0.0	0.0	0.0	0.0	0.0	0.0	0.0	0.0	0.0	0.0	0.0	0.0	0.0	0.0	0.0	0.0	0.0	0.0	0.0	0.0	0.0	0.0	0.0	0.0	0.0	0.0	0.0	0.0	0.0	0.0	0.0	0.0	0.0	0.0	0.0	0.0	0.0	0.0	0.0	0.0	0.0	0.0	0.0	0.0	0.0	0.0	0.0	0.0	0.0	0.0	0.0	0.0	0.0	0.0	0.0	0.0	0.0	0.0	0.0	0.0	0.0	0.0	0.0036905101815618	0.0	0.0	0.0	0.0	0.0
species|1930071|Methylomusa anaerophila	0.0	0.0	0.0	0.0	0.0	0.0	0.0	0.0	0.0	0.0	0.0	0.0	0.0	0.0	0.0	0.0	0.0	0.0	0.0	0.0	0.0	0.0	0.0	0.0	0.0	0.0	0.0	0.0	0.0	0.0	0.0	0.0	0.0	0.0	0.0	0.0	0.0	0.0	0.0	0.0	0.0	0.0	0.0	0.0	0.0	0.0	0.0	0.0	0.0	0.0	0.0	0.0	0.0	0.0	0.0	0.0	0.0	0.0	0.0	0.0	0.0	0.0	0.0	0.0	0.0	0.0	0.0	0.0	0.0	0.0	0.0	0.0	0.0	0.0	0.0	0.0	0.0	0.0	0.0	0.0	0.0	0.0	0.0068599348279414	0.0	0.0	0.0	0.0	0.0
species|204936|Sporomusa aerivorans	0.0	0.0	0.0	0.0	0.0	0.0	0.0	0.0	0.0	0.0	0.0	0.0	0.0	0.0	0.0	0.0	0.0	0.0	0.0	0.0	0.0	0.0	0.0	0.0	0.0	0.0	0.0	0.0	0.0	0.0	0.0	0.0	0.0	0.0	0.0	0.0	0.0	0.0	0.0	0.0	0.0	0.0	0.0	0.0	0.0	0.0	0.0	0.0	0.0	0.0	0.0	0.0	0.0	0.0	0.0	0.0	0.0	0.0	0.0	0.0	0.0	0.0	0.0	0.0	0.0	0.0	0.0	0.0	0.0	0.0	0.0	0.0	0.0	0.0	0.0	0.0	0.0	0.0	0.0	0.0	0.0	0.0	0.0073809839485397	0.0	0.0	0.0	0.0	0.0
species|47679|Sporomusa sphaeroides	0.0	0.0	0.0	0.0	0.0	0.0	0.0	0.0	0.0	0.0	0.0	0.0	0.0	0.0	0.0	0.0	0.0	0.0	0.0	0.0	0.0	0.0	0.0	0.0	0.0	0.0	0.0	0.0	0.0	0.0	0.0	0.0	0.0	0.0	0.0	0.0	0.0	0.0	0.0	0.0	0.0	0.0	0.0	0.0	0.0	0.0	0.0	0.0	0.0	0.0	0.0	0.0	0.0	0.0	0.0	0.0	0.0	0.0	0.0	0.0	0.0	0.0	0.0	0.0	0.0	0.0	0.0	0.0	0.0	0.0	0.0	0.0	0.0	0.0	0.0	0.0	0.0	0.0	0.0	0.0	0.0	0.0	0.0044816516716987	0.0	0.0	0.0	0.0	0.0
species|112901|Sporomusa malonica	0.0	0.0	0.0	0.0	0.0	0.0	0.0	0.0	0.0	0.0	0.0	0.0	0.0	0.0	0.0	0.0	0.0	0.0	0.0	0.0	0.0	0.0	0.0	0.0	0.0	0.0	0.0	0.0	0.0	0.0	0.0	0.0	0.0	0.0	0.0	0.0	0.0	0.0	0.0	0.0	0.0	0.0	0.0	0.0	0.0	0.0	0.0	0.0	0.0	0.0	0.0	0.0	0.0	0.0	0.0	0.0	0.0	0.0	0.0	0.0	0.0	0.0	0.0	0.0	0.0	0.0	0.0	0.0	0.0	0.0	0.0	0.0	0.0	0.0	0.0	0.0	0.0	0.0	0.0	0.0	0.0	0.0	0.0066889008216062	0.0	0.0	0.0	0.0	0.0
species|1355755|Paenibacillus eucommiae	0.0	0.0	0.0	0.0	0.0	0.0	0.0	0.0	0.0	0.0	0.0	0.0	0.0	0.0	0.0	0.0	0.0	0.0	0.0	0.0	0.0	0.0	0.0	0.0	0.0	0.0	0.0	0.0	0.0	0.0	0.0	0.0	0.0	0.0	0.0	0.0	0.0	0.0	0.0	0.0	0.0	0.0	0.0	0.0	0.0	0.0	0.0	0.0	0.0	0.0	0.0	0.0	0.0	0.0	0.0	0.0	0.0	0.0	0.0	0.0	0.0	0.0	0.0	0.0	0.0	0.0	0.0	0.0	0.0	0.0	0.0	0.0	0.0	0.0	0.0	0.0	0.0	0.0	0.0	0.0	0.0	0.0	0.0127900843881856	0.0	0.0	0.0	0.0	0.0
species|59839|Paenibacillus alginolyticus	0.0	0.0	0.0	0.0	0.0	0.0	0.0	0.0	0.0	0.0	0.0	0.0	0.0	0.0	0.0	0.0	0.0	0.0	0.0	0.0	0.0	0.0	0.0	0.0	0.0	0.0	0.0	0.0	0.0	0.0	0.0	0.0	0.0	0.0	0.0	0.0	0.0	0.0	0.0	0.0	0.0	0.0	0.0	0.0	0.0	0.0	0.0	0.0	0.0	0.0	0.0	0.0	0.0	0.0	0.0	0.0	0.0	0.0	0.0	0.0	0.0	0.0	0.0	0.0	0.0	0.0	0.0	0.0	0.0	0.0	0.0	0.0	0.0	0.0	0.0	0.0	0.0	0.0	0.0	0.0	0.0	0.0	0.0169762605614958	0.0	0.0	0.0	0.0	0.0
species|1464|Paenibacillus larvae	0.0	0.0	0.0	0.0	0.0	0.0	0.0	0.0	0.0	0.0	0.0	0.0	0.0	0.0	0.0	0.0	0.0	0.0	0.0	0.0	0.0	0.0	0.0	0.0	0.0	0.0	0.0	0.0	0.0	0.0	0.0	0.0	0.0	0.0	0.0	0.0	0.0	0.0	0.0	0.0	0.0	0.0	0.0	0.0	0.0	0.0	0.0	0.0	0.0	0.0	0.0	0.0	0.0	0.0	0.0	0.0	0.0	0.0	0.0	0.0	0.0	0.0	0.0	0.0	0.0	0.0	0.0	0.0	0.0	0.0	0.0	0.0	0.0	0.0	0.0	0.0	0.0	0.0	0.0	0.0	0.0	0.0	0.0137731331438976	0.0	0.0	0.0	0.0	0.0
species|1173085|Paenibacillus profundus	0.0	0.0	0.0	0.0	0.0	0.0	0.0	0.0	0.0	0.0	0.0	0.0	0.0	0.0	0.0	0.0	0.0	0.0	0.0	0.0	0.0	0.0	0.0	0.0	0.0	0.0	0.0	0.0	0.0	0.0	0.0	0.0	0.0	0.0	0.0	0.0	0.0	0.0	0.0	0.0	0.0	0.0	0.0	0.0	0.0	0.0	0.0	0.0	0.0	0.0	0.0	0.0	0.0	0.0	0.0	0.0	0.0	0.0	0.0	0.0	0.0	0.0	0.0	0.0	0.0	0.0	0.0	0.0	0.0	0.0	0.0	0.0	0.0	0.0	0.0	0.0	0.0	0.0	0.0	0.0	0.0	0.0	0.0026371308017052	0.0	0.0	0.0	0.0	0.0
species|103815|Paenibacillus chinjuensis	0.0	0.0	0.0	0.0	0.0	0.0	0.0	0.0	0.0	0.0	0.0	0.0	0.0	0.0	0.0	0.0	0.0	0.0	0.0	0.0	0.0	0.0	0.0	0.0	0.0	0.0	0.0	0.0	0.0	0.0	0.0	0.0	0.0	0.0	0.0	0.0	0.0	0.0	0.0	0.0	0.0	0.0	0.0	0.0	0.0	0.0	0.0	0.0	0.0	0.0	0.0	0.0	0.0	0.0	0.0	0.0	0.0	0.0	0.0	0.0	0.0	0.0	0.0	0.0	0.0	0.0	0.0	0.0	0.0	0.0	0.0	0.0	0.0	0.0	0.0	0.0	0.0	0.0	0.0	0.0	0.0	0.0	0.0070602162741115	0.0	0.0	0.0	0.0	0.0
species|44253|Paenibacillus validus	0.0	0.0	0.0	0.0	0.0	0.0	0.0	0.0	0.0	0.0	0.0	0.0	0.0	0.0	0.0	0.0	0.0	0.0	0.0	0.0	0.0	0.0	0.0	0.0	0.0	0.0	0.0	0.0	0.0	0.0	0.0	0.0	0.0	0.0	0.0	0.0	0.0	0.0	0.0	0.0	0.0	0.0	0.0	0.0	0.0	0.0	0.0	0.0	0.0	0.0	0.0	0.0	0.0	0.0	0.0	0.0	0.0	0.0	0.0	0.0	0.0	0.0	0.0	0.0	0.0	0.0	0.0	0.0	0.0	0.0	0.0	0.0	0.0	0.0	0.0	0.0	0.0	0.0	0.0	0.0	0.0	0.0	0.0048222389217807	0.0	0.0	0.0	0.0	0.0
species|2509456|Paenibacillus protaetiae	0.0	0.0	0.0	0.0	0.0	0.0	0.0	0.0	0.0	0.0	0.0	0.0	0.0	0.0	0.0	0.0	0.0	0.0	0.0	0.0	0.0	0.0	0.0	0.0	0.0	0.0	0.0	0.0	0.0	0.0	0.0	0.0	0.0	0.0	0.0	0.0	0.0	0.0	0.0	0.0	0.0	0.0	0.0	0.0	0.0	0.0	0.0	0.0	0.0	0.0	0.0	0.0	0.0	0.0	0.0	0.0	0.0	0.0	0.0	0.0	0.0	0.0	0.0	0.0	0.0	0.0	0.0	0.0	0.0	0.0	0.0	0.0	0.0	0.0	0.0	0.0	0.0	0.0	0.0	0.0	0.0	0.0	0.0015302716156005	0.0	0.0	0.0	0.0	0.0
species|1538658|Paenibacillus yunnanensis	0.0	0.0	0.0	0.0	0.0	0.0	0.0	0.0	0.0	0.0	0.0	0.0	0.0	0.0	0.0	0.0	0.0	0.0	0.0	0.0	0.0	0.0	0.0	0.0	0.0	0.0	0.0	0.0	0.0	0.0	0.0	0.0	0.0	0.0	0.0	0.0	0.0	0.0	0.0	0.0	0.0	0.0	0.0	0.0	0.0	0.0	0.0	0.0	0.0	0.0	0.0	0.0	0.0	0.0	0.0	0.0	0.0	0.0	0.0	0.0	0.0	0.0	0.0	0.0	0.0	0.0	0.0	0.0	0.0	0.0	0.0	0.0	0.0	0.0	0.0	0.0	0.0	0.0	0.0	0.0	0.0	0.0	0.0089313940270211	0.0	0.0	0.0	0.0	0.0
species|79263|Paenibacillus chitinolyticus	0.0	0.0	0.0	0.0	0.0	0.0	0.0	0.0	0.0	0.0	0.0	0.0	0.0	0.0	0.0	0.0	0.0	0.0	0.0	0.0	0.0	0.0	0.0	0.0	0.0	0.0	0.0	0.0	0.0	0.0	0.0	0.0	0.0	0.0	0.0	0.0	0.0	0.0	0.0	0.0	0.0	0.0	0.0	0.0	0.0	0.0	0.0	0.0	0.0	0.0	0.0	0.0	0.0	0.0	0.0	0.0	0.0	0.0	0.0	0.0	0.0	0.0	0.0	0.0	0.0	0.0	0.0	0.0	0.0	0.0	0.0	0.0	0.0	0.0	0.0	0.0	0.0	0.0	0.0	0.0	0.0	0.0	0.0121902200810767	0.0	0.0	0.0	0.0	0.0
species|1761741|Paenibacillus periandrae	0.0	0.0	0.0	0.0	0.0	0.0	0.0	0.0	0.0	0.0	0.0	0.0	0.0	0.0	0.0	0.0	0.0	0.0	0.0	0.0	0.0	0.0	0.0	0.0	0.0	0.0	0.0	0.0	0.0	0.0	0.0	0.0	0.0	0.0	0.0	0.0	0.0	0.0	0.0	0.0	0.0	0.0	0.0	0.0	0.0	0.0	0.0	0.0	0.0	0.0	0.0	0.0	0.0	0.0	0.0	0.0	0.0	0.0	0.0	0.0	0.0	0.0	0.0	0.0	0.0	0.0	0.0	0.0	0.0	0.0	0.0	0.0	0.0	0.0	0.0	0.0	0.0	0.0	0.0	0.0	0.0	0.0	0.0212308730528772	0.0	0.0	0.0	0.0	0.0
species|1393|Brevibacillus brevis	0.0	0.0	0.0	0.0	0.0	0.0	0.0	0.0	0.0	0.0	0.0	0.0	0.0	0.0	0.0	0.0	0.0	0.0	0.0	0.0	0.0	0.0	0.0	0.0	0.0	0.0	0.0	0.0	0.0	0.0	0.0	0.0	0.0	0.0	0.0	0.0	0.0	0.0	0.0	0.0	0.0	0.0	0.0	0.0	0.0	0.0	0.0	0.0	0.0	0.0	0.0	0.0	0.0	0.0	0.0	0.0	0.0	0.0	0.0	0.0	0.0	0.0	0.0	0.0	0.0	0.0	0.0	0.0	0.0	0.0	0.0	0.0	0.0	0.0	0.0	0.0	0.0	0.0	0.0	0.0	0.0	0.0	0.0081580610541836	0.0	0.0	0.0	0.0	0.0
species|433293|Anaerotaenia torta	0.0	0.0	0.0	0.0	0.0	0.0	0.0	0.0	0.0	0.0	0.0	0.0	0.0	0.0	0.0	0.0	0.0	0.0	0.0	0.0	0.0	0.0	0.0	0.0	0.0	0.0	0.0	0.0	0.0	0.0	0.0	0.0	0.0	0.0	0.0	0.0	0.0	0.0	0.0	0.0	0.0	0.0	0.0	0.0	0.0	0.0	0.0	0.0	0.0	0.0	0.0	0.0	0.0	0.0	0.0	0.0	0.0	0.0	0.0	0.0	0.0	0.0	0.0	0.0	0.0	0.0	0.0	0.0	0.0	0.0	0.0	0.0	0.0	0.0	0.0	0.0	0.0	0.0	0.0	0.0	0.0	0.0	0.003428270042194	0.0	0.0	0.0	0.0	0.0
species|861532|Ammoniphilus resinae	0.0	0.0	0.0	0.0	0.0	0.0	0.0	0.0	0.0	0.0	0.0	0.0	0.0	0.0	0.0	0.0	0.0	0.0	0.0	0.0	0.0	0.0	0.0	0.0	0.0	0.0	0.0	0.0	0.0	0.0	0.0	0.0	0.0	0.0	0.0	0.0	0.0	0.0	0.0	0.0	0.0	0.0	0.0	0.0	0.0	0.0	0.0	0.0	0.0	0.0	0.0	0.0	0.0	0.0	0.0	0.0	0.0	0.0	0.0	0.0	0.0	0.0	0.0	0.0	0.0	0.0	0.0	0.0	0.0	0.0	0.0	0.0	0.0	0.0	0.0	0.0	0.0	0.0	0.0	0.0	0.0	0.0	0.0083069620253164	0.0	0.0	0.0	0.0	0.0
species|1133364|Paenibacillus vulneris	0.0	0.0	0.0	0.0	0.0	0.0	0.0	0.0	0.0	0.0	0.0	0.0	0.0	0.0	0.0	0.0	0.0	0.0	0.0	0.0	0.0	0.0	0.0	0.0	0.0	0.0	0.0	0.0	0.0	0.0	0.0	0.0	0.0	0.0	0.0	0.0	0.0	0.0	0.0	0.0	0.0	0.0	0.0	0.0	0.0	0.0	0.0	0.0	0.0	0.0	0.0	0.0	0.0	0.0	0.0	0.0	0.0	0.0	0.0	0.0	0.0	0.0	0.0	0.0	0.0	0.0	0.0	0.0	0.0	0.0	0.0	0.0	0.0	0.0	0.0	0.0	0.0	0.0	0.0	0.0	0.0	0.0	0.0015592491475977	0.0	0.0	0.0	0.0	0.0
species|2141|Spiroplasma ixodetis	0.0	0.0	0.0	0.0	0.0	0.0	0.0	0.0	0.0	0.0	0.0	0.0	0.0	0.0	0.0	0.0	0.0	0.0	0.0	0.0	0.0	0.0	0.0	0.0	0.0	0.0	0.0	0.0	0.0	0.0	0.0	0.0	0.0	0.0	0.0	0.0	0.0	0.0	0.0	0.0	0.0	0.0	0.0	0.0	0.0	0.0	0.0	0.0	0.0	0.0	0.0	0.0	0.0	0.0	0.0	0.0	0.0	0.0	0.0	0.0	0.0	0.0	0.0	0.0	0.0	0.0	0.0	0.0	0.0	0.0	0.0	0.0	0.0	0.0	0.0	0.0	0.0	0.0	0.0	0.0	0.0	0.0	0.0141086497890295	0.0	0.0	0.0	0.0	0.0
species|1499685|Bacillus andreraoultii	0.0	0.0	0.0	0.0	0.0	0.0	0.0	0.0	0.0	0.0	0.0	0.0	0.0	0.0	0.0	0.0	0.0	0.0	0.0	0.0	0.0	0.0	0.0	0.0	0.0	0.0	0.0	0.0	0.0	0.0	0.0	0.0	0.0	0.0	0.0	0.0	0.0	0.0	0.0	0.0	0.0	0.0	0.0	0.0	0.0	0.0	0.0	0.0	0.0	0.0	0.0	0.0	0.0	0.0	0.0	0.0	0.0	0.0	0.0	0.0	0.0	0.0	0.0	0.0	0.0	0.0	0.0	0.0	0.0	0.0	0.0	0.0	0.0	0.0	0.0	0.0	0.0	0.0	0.0	0.0	0.0	0.0	0.008214278897089	0.0	0.0	0.0	0.0	0.0
species|171404|Paenibacillus agaridevorans	0.0	0.0	0.0	0.0	0.0	0.0	0.0	0.0	0.0	0.0	0.0	0.0	0.0	0.0	0.0	0.0	0.0	0.0	0.0	0.0	0.0	0.0	0.0	0.0	0.0	0.0	0.0	0.0	0.0	0.0	0.0	0.0	0.0	0.0	0.0	0.0	0.0	0.0	0.0	0.0	0.0	0.0	0.0	0.0	0.0	0.0	0.0	0.0	0.0	0.0	0.0	0.0	0.0	0.0	0.0	0.0	0.0	0.0	0.0	0.0	0.0	0.0	0.0	0.0	0.0	0.0	0.0	0.0	0.0	0.0	0.0	0.0	0.0	0.0	0.0	0.0	0.0	0.0	0.0	0.0	0.0	0.0	0.007390592544069	0.0	0.0	0.0	0.0	0.0
species|1406|Paenibacillus polymyxa	0.0	0.0	0.0	0.0	0.0	0.0	0.0	0.0	0.0	0.0	0.0	0.0	0.0	0.0	0.0	0.0	0.0	0.0	0.0	0.0	0.0	0.0	0.0	0.0	0.0	0.0	0.0	0.0	0.0	0.0	0.0	0.0	0.0	0.0	0.0	0.0	0.0	0.0	0.0	0.0	0.0	0.0	0.0	0.0	0.0	0.0	0.0	0.0	0.0	0.0	0.0	0.0	0.0	0.0	0.0	0.0	0.0	0.0	0.0	0.0	0.0	0.0	0.0	0.0	0.0	0.0	0.0	0.0	0.0	0.0	0.0	0.0	0.0	0.0	0.0	0.0	0.0	0.0	0.0	0.0	0.0	0.0	0.0038559346031659	0.0	0.0	0.0	0.0	0.0
species|1117041|Effusibacillus consociatus	0.0	0.0	0.0	0.0	0.0	0.0	0.0	0.0	0.0	0.0	0.0	0.0	0.0	0.0	0.0	0.0	0.0	0.0	0.0	0.0	0.0	0.0	0.0	0.0	0.0	0.0	0.0	0.0	0.0	0.0	0.0	0.0	0.0	0.0	0.0	0.0	0.0	0.0	0.0	0.0	0.0	0.0	0.0	0.0	0.0	0.0	0.0	0.0	0.0	0.0	0.0	0.0	0.0	0.0	0.0	0.0	0.0	0.0	0.0	0.0	0.0	0.0	0.0	0.0	0.0	0.0	0.0	0.0	0.0	0.0	0.0	0.0	0.0	0.0	0.0	0.0	0.0	0.0	0.0	0.0	0.0	0.0	0.0048786919831224	0.0	0.0	0.0	0.0	0.0
species|948756|Paenibacillus macquariensis	0.0	0.0	0.0	0.0	0.0	0.0	0.0	0.0	0.0	0.0	0.0	0.0	0.0	0.0	0.0	0.0	0.0	0.0	0.0	0.0	0.0	0.0	0.0	0.0	0.0	0.0	0.0	0.0	0.0	0.0	0.0	0.0	0.0	0.0	0.0	0.0	0.0	0.0	0.0	0.0	0.0	0.0	0.0	0.0	0.0	0.0	0.0	0.0	0.0	0.0	0.0	0.0	0.0	0.0	0.0	0.0	0.0	0.0	0.0	0.0	0.0	0.0	0.0	0.0	0.0	0.0	0.0	0.0	0.0	0.0	0.0	0.0	0.0	0.0	0.0	0.0	0.0	0.0	0.0	0.0	0.0	0.0	0.0069721271304849	0.0	0.0	0.0	0.0	0.0
species|253703|Paenibacillus antarcticus	0.0	0.0	0.0	0.0	0.0	0.0	0.0	0.0	0.0	0.0	0.0	0.0	0.0	0.0	0.0	0.0	0.0	0.0	0.0	0.0	0.0	0.0	0.0	0.0	0.0	0.0	0.0	0.0	0.0	0.0	0.0	0.0	0.0	0.0	0.0	0.0	0.0	0.0	0.0	0.0	0.0	0.0	0.0	0.0	0.0	0.0	0.0	0.0	0.0	0.0	0.0	0.0	0.0	0.0	0.0	0.0	0.0	0.0	0.0	0.0	0.0	0.0	0.0	0.0	0.0	0.0	0.0	0.0	0.0	0.0	0.0	0.0	0.0	0.0	0.0	0.0	0.0	0.0	0.0	0.0	0.0	0.0	0.0029171117777925	0.0	0.0	0.0	0.0	0.0
species|1715347|Rhabdanaerobium thermarum	0.0	0.0	0.0	0.0	0.0	0.0	0.0	0.0	0.0	0.0	0.0	0.0	0.0	0.0	0.0	0.0	0.0	0.0	0.0	0.0	0.0	0.0	0.0	0.0	0.0	0.0	0.0	0.0	0.0	0.0	0.0	0.0	0.0	0.0	0.0	0.0	0.0	0.0	0.0	0.0	0.0	0.0	0.0	0.0	0.0	0.0	0.0	0.0	0.0	0.0	0.0	0.0	0.0	0.0	0.0	0.0	0.0	0.0	0.0	0.0	0.0	0.0	0.0	0.0	0.0	0.0	0.0	0.0	0.0	0.0	0.0	0.0	0.0	0.0	0.0	0.0	0.0	0.0	0.0	0.0	0.0	0.0	0.0059335443037974	0.0	0.0	0.0	0.0	0.0
species|66347|Paenibacillus campinasensis	0.0	0.0	0.0	0.0	0.0	0.0	0.0	0.0	0.0	0.0	0.0	0.0	0.0	0.0	0.0	0.0	0.0	0.0	0.0	0.0	0.0	0.0	0.0	0.0	0.0	0.0	0.0	0.0	0.0	0.0	0.0	0.0	0.0	0.0	0.0	0.0	0.0	0.0	0.0	0.0	0.0	0.0	0.0	0.0	0.0	0.0	0.0	0.0	0.0	0.0	0.0	0.0	0.0	0.0	0.0	0.0	0.0	0.0	0.0	0.0	0.0	0.0	0.0	0.0	0.0	0.0	0.0	0.0	0.0	0.0	0.0	0.0	0.0	0.0	0.0	0.0	0.0	0.0	0.0	0.0	0.0	0.0	0.0027344559928885	0.0	0.0	0.0	0.0	0.0
species|369333|Paenibacillus terrigena	0.0	0.0	0.0	0.0	0.0	0.0	0.0	0.0	0.0	0.0	0.0	0.0	0.0	0.0	0.0	0.0	0.0	0.0	0.0	0.0	0.0	0.0	0.0	0.0	0.0	0.0	0.0	0.0	0.0	0.0	0.0	0.0	0.0	0.0	0.0	0.0	0.0	0.0	0.0	0.0	0.0	0.0	0.0	0.0	0.0	0.0	0.0	0.0	0.0	0.0	0.0	0.0	0.0	0.0	0.0	0.0	0.0	0.0	0.0	0.0	0.0	0.0	0.0	0.0	0.0	0.0	0.0	0.0	0.0	0.0	0.0	0.0	0.0	0.0	0.0	0.0	0.0	0.0	0.0	0.0	0.0	0.0	0.0039793357541548	0.0	0.0	0.0	0.0	0.0
species|1536774|Paenibacillus sp. FSL H7-0357	0.0	0.0	0.0	0.0	0.0	0.0	0.0	0.0	0.0	0.0	0.0	0.0	0.0	0.0	0.0	0.0	0.0	0.0	0.0	0.0	0.0	0.0	0.0	0.0	0.0	0.0	0.0	0.0	0.0	0.0	0.0	0.0	0.0	0.0	0.0	0.0	0.0	0.0	0.0	0.0	0.0	0.0	0.0	0.0	0.0	0.0	0.0	0.0	0.0	0.0	0.0	0.0	0.0	0.0	0.0	0.0	0.0	0.0	0.0	0.0	0.0	0.0	0.0	0.0	0.0	0.0	0.0	0.0	0.0	0.0	0.0	0.0	0.0	0.0	0.0	0.0	0.0	0.0	0.0	0.0	0.0	0.0	0.0040930951424235	0.0	0.0	0.0	0.0	0.0
species|211146|Paenarthrobacter nitroguajacolicus	0.0	0.0	0.0	0.0	0.0	0.0	0.0	0.0	0.0	0.0	0.0	0.0	0.0	0.0	0.0	0.0	0.0	0.0	0.0	0.0	0.0	0.0	0.0	0.0	0.0	0.0	0.0	0.0	0.0	0.0	0.0	0.0	0.0	0.0	0.0	0.0	0.0	0.0	0.0	0.0	0.0	0.0	0.0	0.0	0.0	0.0	0.0	0.0	0.0	0.0	0.0	0.0	0.0	0.0	0.0	0.0	0.0	0.0	0.0	0.0	0.0	0.0	0.0	0.0	0.0	0.0	0.0	0.0	0.0	0.0	0.0	0.0	0.0	0.0	0.0	0.0	0.0	0.0	0.0	0.0	0.0	0.0	0.001714135021097	0.0	0.0	0.0	0.0	0.0
species|292806|Lysinibacillus massiliensis	0.0	0.0	0.0	0.0	0.0	0.0	0.0	0.0	0.0	0.0	0.0	0.0	0.0	0.0	0.0	0.0	0.0	0.0	0.0	0.0	0.0	0.0	0.0	0.0	0.0	0.0	0.0	0.0	0.0	0.0	0.0	0.0	0.0	0.0	0.0	0.0	0.0	0.0	0.0	0.0	0.0	0.0	0.0	0.0	0.0	0.0	0.0	0.0	0.0	0.0	0.0	0.0	0.0	0.0	0.0	0.0	0.0	0.0	0.0	0.0	0.0	0.0	0.0	0.0	0.0	0.0	0.0	0.0	0.0	0.0	0.0	0.0	0.0	0.0	0.0	0.0	0.0	0.0	0.0	0.0	0.0	0.0	0.0045501968449168	0.0	0.0	0.0	0.0	0.0
species|2070463|Lysinibacillus sp. SGAir0095	0.0	0.0	0.0	0.0	0.0	0.0	0.0	0.0	0.0	0.0	0.0	0.0	0.0	0.0	0.0	0.0	0.0	0.0	0.0	0.0	0.0	0.0	0.0	0.0	0.0	0.0	0.0	0.0	0.0	0.0	0.0	0.0	0.0	0.0	0.0	0.0	0.0	0.0	0.0	0.0	0.0	0.0	0.0	0.0	0.0	0.0	0.0	0.0	0.0	0.0	0.0	0.0	0.0	0.0	0.0	0.0	0.0	0.0	0.0	0.0	0.0	0.0	0.0	0.0	0.0	0.0	0.0	0.0	0.0	0.0	0.0	0.0	0.0	0.0	0.0	0.0	0.0	0.0	0.0	0.0	0.0	0.0	0.0023688965588511	0.0	0.0	0.0	0.0	0.0
species|1566358|Paenibacillus sp. IHBB 10380	0.0	0.0	0.0	0.0	0.0	0.0	0.0	0.0	0.0	0.0	0.0	0.0	0.0	0.0	0.0	0.0	0.0	0.0	0.0	0.0	0.0	0.0	0.0	0.0	0.0	0.0	0.0	0.0	0.0	0.0	0.0	0.0	0.0	0.0	0.0	0.0	0.0	0.0	0.0	0.0	0.0	0.0	0.0	0.0	0.0	0.0	0.0	0.0	0.0	0.0	0.0	0.0	0.0	0.0	0.0	0.0	0.0	0.0	0.0	0.0	0.0	0.0	0.0	0.0	0.0	0.0	0.0	0.0	0.0	0.0	0.0	0.0	0.0	0.0	0.0	0.0	0.0	0.0	0.0	0.0	0.0	0.0	0.0035618607654723	0.0	0.0	0.0	0.0	0.0
species|225917|Paenibacillus massiliensis	0.0	0.0	0.0	0.0	0.0	0.0	0.0	0.0	0.0	0.0	0.0	0.0	0.0	0.0	0.0	0.0	0.0	0.0	0.0	0.0	0.0	0.0	0.0	0.0	0.0	0.0	0.0	0.0	0.0	0.0	0.0	0.0	0.0	0.0	0.0	0.0	0.0	0.0	0.0	0.0	0.0	0.0	0.0	0.0	0.0	0.0	0.0	0.0	0.0	0.0	0.0	0.0	0.0	0.0	0.0	0.0	0.0	0.0	0.0	0.0	0.0	0.0	0.0	0.0	0.0	0.0	0.0	0.0	0.0	0.0	0.0	0.0	0.0	0.0	0.0	0.0	0.0	0.0	0.0	0.0	0.0	0.0	0.0068565459336683	0.0	0.0	0.0	0.0	0.0
species|1532905|Paenibacillus sp. CAA11	0.0	0.0	0.0	0.0	0.0	0.0	0.0	0.0	0.0	0.0	0.0	0.0	0.0	0.0	0.0	0.0	0.0	0.0	0.0	0.0	0.0	0.0	0.0	0.0	0.0	0.0	0.0	0.0	0.0	0.0	0.0	0.0	0.0	0.0	0.0	0.0	0.0	0.0	0.0	0.0	0.0	0.0	0.0	0.0	0.0	0.0	0.0	0.0	0.0	0.0	0.0	0.0	0.0	0.0	0.0	0.0	0.0	0.0	0.0	0.0	0.0	0.0	0.0	0.0	0.0	0.0	0.0	0.0	0.0	0.0	0.0	0.0	0.0	0.0	0.0	0.0	0.0	0.0	0.0	0.0	0.0	0.0	0.0127106524513604	0.0	0.0	0.0	0.0	0.0
species|2496837|Brevibacillus sp. SCSIO 07484	0.0	0.0	0.0	0.0	0.0	0.0	0.0	0.0	0.0	0.0	0.0	0.0	0.0	0.0	0.0	0.0	0.0	0.0	0.0	0.0	0.0	0.0	0.0	0.0	0.0	0.0	0.0	0.0	0.0	0.0	0.0	0.0	0.0	0.0	0.0	0.0	0.0	0.0	0.0	0.0	0.0	0.0	0.0	0.0	0.0	0.0	0.0	0.0	0.0	0.0	0.0	0.0	0.0	0.0	0.0	0.0	0.0	0.0	0.0	0.0	0.0	0.0	0.0	0.0	0.0	0.0	0.0	0.0	0.0	0.0	0.0	0.0	0.0	0.0	0.0	0.0	0.0	0.0	0.0	0.0	0.0	0.0	0.0239978902932279	0.0	0.0	0.0	0.0	0.0
species|1462996|Paenibacillus yonginensis	0.0	0.0	0.0	0.0	0.0	0.0	0.0	0.0	0.0	0.0	0.0	0.0	0.0	0.0	0.0	0.0	0.0	0.0	0.0	0.0	0.0	0.0	0.0	0.0	0.0	0.0	0.0	0.0	0.0	0.0	0.0	0.0	0.0	0.0	0.0	0.0	0.0	0.0	0.0	0.0	0.0	0.0	0.0	0.0	0.0	0.0	0.0	0.0	0.0	0.0	0.0	0.0	0.0	0.0	0.0	0.0	0.0	0.0	0.0	0.0	0.0	0.0	0.0	0.0	0.0	0.0	0.0	0.0	0.0	0.0	0.0	0.0	0.0	0.0	0.0	0.0	0.0	0.0	0.0	0.0	0.0	0.0	0.0050085905285739	0.0	0.0	0.0	0.0	0.0
species|225915|Paenibacillus timonensis	0.0	0.0	0.0	0.0	0.0	0.0	0.0	0.0	0.0	0.0	0.0	0.0	0.0	0.0	0.0	0.0	0.0	0.0	0.0	0.0	0.0	0.0	0.0	0.0	0.0	0.0	0.0	0.0	0.0	0.0	0.0	0.0	0.0	0.0	0.0	0.0	0.0	0.0	0.0	0.0	0.0	0.0	0.0	0.0	0.0	0.0	0.0	0.0	0.0	0.0	0.0	0.0	0.0	0.0	0.0	0.0	0.0	0.0	0.0	0.0	0.0	0.0	0.0	0.0	0.0	0.0	0.0	0.0	0.0	0.0	0.0	0.0	0.0	0.0	0.0	0.0	0.0	0.0	0.0	0.0	0.0	0.0	0.0040305458104395	0.0	0.0	0.0	0.0	0.0
species|221028|Paenibacillus favisporus	0.0	0.0	0.0	0.0	0.0	0.0	0.0	0.0	0.0	0.0	0.0	0.0	0.0	0.0	0.0	0.0	0.0	0.0	0.0	0.0	0.0	0.0	0.0	0.0	0.0	0.0	0.0	0.0	0.0	0.0	0.0	0.0	0.0	0.0	0.0	0.0	0.0	0.0	0.0	0.0	0.0	0.0	0.0	0.0	0.0	0.0	0.0	0.0	0.0	0.0	0.0	0.0	0.0	0.0	0.0	0.0	0.0	0.0	0.0	0.0	0.0	0.0	0.0	0.0	0.0	0.0	0.0	0.0	0.0	0.0	0.0	0.0	0.0	0.0	0.0	0.0	0.0	0.0	0.0	0.0	0.0	0.0	0.0042612698848878	0.0	0.0	0.0	0.0	0.0
species|1776391|Romboutsia timonensis	0.0	0.0	0.0	0.0	0.0	0.0	0.0	0.0	0.0	0.0	0.0	0.0	0.0	0.0	0.0	0.0	0.0	0.0	0.0	0.0	0.0	0.0	0.0	0.0	0.0	0.0	0.0	0.0	0.0	0.0	0.0	0.0	0.0	0.0	0.0	0.0	0.0	0.0	0.0	0.0	0.0	0.0	0.0	0.0	0.0	0.0	0.0	0.0	0.0	0.0	0.0	0.0	0.0	0.0	0.0	0.0	0.0	0.0	0.0	0.0	0.0	0.0	0.0	0.0	0.0	0.0	0.0	0.0	0.0	0.0	0.0	0.0	0.0	0.0	0.0	0.0	0.0	0.0	0.0	0.0	0.0	0.0	0.0056698312236286	0.0	0.0	0.0	0.0	0.0
species|747481|Paenibacillus chartarius	0.0	0.0	0.0	0.0	0.0	0.0	0.0	0.0	0.0	0.0	0.0	0.0	0.0	0.0	0.0	0.0	0.0	0.0	0.0	0.0	0.0	0.0	0.0	0.0	0.0	0.0	0.0	0.0	0.0	0.0	0.0	0.0	0.0	0.0	0.0	0.0	0.0	0.0	0.0	0.0	0.0	0.0	0.0	0.0	0.0	0.0	0.0	0.0	0.0	0.0	0.0	0.0	0.0	0.0	0.0	0.0	0.0	0.0	0.0	0.0	0.0	0.0	0.0	0.0	0.0	0.0	0.0	0.0	0.0	0.0	0.0	0.0	0.0	0.0	0.0	0.0	0.0	0.0	0.0	0.0	0.0	0.0	0.0023734177184932	0.0	0.0	0.0	0.0	0.0
species|1172614|Paenibacillus hemerocallicola	0.0	0.0	0.0	0.0	0.0	0.0	0.0	0.0	0.0	0.0	0.0	0.0	0.0	0.0	0.0	0.0	0.0	0.0	0.0	0.0	0.0	0.0	0.0	0.0	0.0	0.0	0.0	0.0	0.0	0.0	0.0	0.0	0.0	0.0	0.0	0.0	0.0	0.0	0.0	0.0	0.0	0.0	0.0	0.0	0.0	0.0	0.0	0.0	0.0	0.0	0.0	0.0	0.0	0.0	0.0	0.0	0.0	0.0	0.0	0.0	0.0	0.0	0.0	0.0	0.0	0.0	0.0	0.0	0.0	0.0	0.0	0.0	0.0	0.0	0.0	0.0	0.0	0.0	0.0	0.0	0.0	0.0	0.0150925405855922	0.0	0.0	0.0	0.0	0.0
species|863643|Thermincola potens	0.0	0.0	0.0	0.0	0.0	0.0	0.0	0.0	0.0	0.0	0.0	0.0	0.0	0.0	0.0	0.0	0.0	0.0	0.0	0.0	0.0	0.0	0.0	0.0	0.0	0.0	0.0	0.0	0.0	0.0	0.0	0.0	0.0	0.0	0.0	0.0	0.0	0.0	0.0	0.0	0.0	0.0	0.0	0.0	0.0	0.0	0.0	0.0	0.0	0.0	0.0	0.0	0.0	0.0	0.0	0.0	0.0	0.0	0.0	0.0	0.0	0.0	0.0	0.0	0.0	0.0	0.0	0.0	0.0	0.0	0.0	0.0	0.0	0.0	0.0	0.0	0.0	0.0	0.0	0.0	0.0	0.0	0.0277239364265238	0.0	0.0	0.0	0.0	0.0
species|278994|Thermincola carboxydiphila	0.0	0.0	0.0	0.0	0.0	0.0	0.0	0.0	0.0	0.0	0.0	0.0	0.0	0.0	0.0	0.0	0.0	0.0	0.0	0.0	0.0	0.0	0.0	0.0	0.0	0.0	0.0	0.0	0.0	0.0	0.0	0.0	0.0	0.0	0.0	0.0	0.0	0.0	0.0	0.0	0.0	0.0	0.0	0.0	0.0	0.0	0.0	0.0	0.0	0.0	0.0	0.0	0.0	0.0	0.0	0.0	0.0	0.0	0.0	0.0	0.0	0.0	0.0	0.0	0.0	0.0	0.0	0.0	0.0	0.0	0.0	0.0	0.0	0.0	0.0	0.0	0.0	0.0	0.0	0.0	0.0	0.0	0.0018120214699778	0.0	0.0	0.0	0.0	0.0
species|581036|Anoxybacillus vitaminiphilus	0.0	0.0	0.0	0.0	0.0	0.0	0.0	0.0	0.0	0.0	0.0	0.0	0.0	0.0	0.0	0.0	0.0	0.0	0.0	0.0	0.0	0.0	0.0	0.0	0.0	0.0	0.0	0.0	0.0	0.0	0.0	0.0	0.0	0.0	0.0	0.0	0.0	0.0	0.0	0.0	0.0	0.0	0.0	0.0	0.0	0.0	0.0	0.0	0.0	0.0	0.0	0.0	0.0	0.0	0.0	0.0	0.0	0.0	0.0	0.0	0.0	0.0	0.0	0.0	0.0	0.0	0.0	0.0	0.0	0.0	0.0	0.0	0.0	0.0	0.0	0.0	0.0	0.0	0.0	0.0	0.0	0.0	0.0015822784810126	0.0	0.0	0.0	0.0	0.0
species|1555112|Limnochorda pilosa	0.0	0.0	0.0	0.0	0.0	0.0	0.0	0.0	0.0	0.0	0.0	0.0	0.0	0.0	0.0	0.0	0.0	0.0	0.0	0.0	0.0	0.0	0.0	0.0	0.0	0.0	0.0	0.0	0.0	0.0	0.0	0.0	0.0	0.0	0.0	0.0	0.0	0.0	0.0	0.0	0.0	0.0	0.0	0.0	0.0	0.0	0.0	0.0	0.0	0.0	0.0	0.0	0.0	0.0	0.0	0.0	0.0	0.0	0.0	0.0	0.0	0.0	0.0	0.0	0.0	0.0	0.0	0.0	0.0	0.0	0.0	0.0	0.0	0.0	0.0	0.0	0.0	0.0	0.0	0.0	0.0	0.0	0.0032964135021097	0.0	0.0	0.0	0.0	0.0
species|1707527|Brevibacillus sediminis	0.0	0.0	0.0	0.0	0.0	0.0	0.0	0.0	0.0	0.0	0.0	0.0	0.0	0.0	0.0	0.0	0.0	0.0	0.0	0.0	0.0	0.0	0.0	0.0	0.0	0.0	0.0	0.0	0.0	0.0	0.0	0.0	0.0	0.0	0.0	0.0	0.0	0.0	0.0	0.0	0.0	0.0	0.0	0.0	0.0	0.0	0.0	0.0	0.0	0.0	0.0	0.0	0.0	0.0	0.0	0.0	0.0	0.0	0.0	0.0	0.0	0.0	0.0	0.0	0.0	0.0	0.0	0.0	0.0	0.0	0.0	0.0	0.0	0.0	0.0	0.0	0.0	0.0	0.0	0.0	0.0	0.0	0.0019948925309215	0.0	0.0	0.0	0.0	0.0
species|2607911|Paenibacillus sp. 37	0.0	0.0	0.0	0.0	0.0	0.0	0.0	0.0	0.0	0.0	0.0	0.0	0.0	0.0	0.0	0.0	0.0	0.0	0.0	0.0	0.0	0.0	0.0	0.0	0.0	0.0	0.0	0.0	0.0	0.0	0.0	0.0	0.0	0.0	0.0	0.0	0.0	0.0	0.0	0.0	0.0	0.0	0.0	0.0	0.0	0.0	0.0	0.0	0.0	0.0	0.0	0.0	0.0	0.0	0.0	0.0	0.0	0.0	0.0	0.0	0.0	0.0	0.0	0.0	0.0	0.0	0.0	0.0	0.0	0.0	0.0	0.0	0.0	0.0	0.0	0.0	0.0	0.0	0.0	0.0	0.0	0.0	0.00503192663767	0.0	0.0	0.0	0.0	0.0
species|2495582|Paenibacillus albus	0.0	0.0	0.0	0.0	0.0	0.0	0.0	0.0	0.0	0.0	0.0	0.0	0.0	0.0	0.0	0.0	0.0	0.0	0.0	0.0	0.0	0.0	0.0	0.0	0.0	0.0	0.0	0.0	0.0	0.0	0.0	0.0	0.0	0.0	0.0	0.0	0.0	0.0	0.0	0.0	0.0	0.0	0.0	0.0	0.0	0.0	0.0	0.0	0.0	0.0	0.0	0.0	0.0	0.0	0.0	0.0	0.0	0.0	0.0	0.0	0.0	0.0	0.0	0.0	0.0	0.0	0.0	0.0	0.0	0.0	0.0	0.0	0.0	0.0	0.0	0.0	0.0	0.0	0.0	0.0	0.0	0.0	0.0031964490975243	0.0	0.0	0.0	0.0	0.0
species|286803|Sporacetigenium mesophilum	0.0	0.0	0.0	0.0	0.0	0.0	0.0	0.0	0.0	0.0	0.0	0.0	0.0	0.0	0.0	0.0	0.0	0.0	0.0	0.0	0.0	0.0	0.0	0.0	0.0	0.0	0.0	0.0	0.0	0.0	0.0	0.0	0.0	0.0	0.0	0.0	0.0	0.0	0.0	0.0	0.0	0.0	0.0	0.0	0.0	0.0	0.0	0.0	0.0	0.0	0.0	0.0	0.0	0.0	0.0	0.0	0.0	0.0	0.0	0.0	0.0	0.0	0.0	0.0	0.0	0.0	0.0	0.0	0.0	0.0	0.0	0.0	0.0	0.0	0.0	0.0	0.0	0.0	0.0	0.0	0.0	0.0	0.0018459915611814	0.0	0.0	0.0	0.0	0.0
species|863372|Herbaspirillum huttiense	0.0	0.0	0.0	0.0	0.0	0.0	0.0	0.0	0.0	0.0	0.0	0.0	0.0	0.0	0.0	0.0	0.0	0.0	0.0	0.0	0.0	0.0	0.0	0.0	0.0	0.0	0.0	0.0	0.0	0.0	0.0	0.0	0.0	0.0	0.0	0.0	0.0	0.0	0.0	0.0	0.0	0.0	0.0	0.0	0.0	0.0	0.0	0.0	0.0	0.0	0.0	0.0	0.0	0.0	0.0	0.0	0.0	0.0	0.0	0.0	0.0	0.0	0.0	0.0	0.0	0.0	0.0	0.0	0.0	0.0	0.0	0.0	0.0	0.0	0.0	0.0	0.0	0.0	0.0	0.0	0.0	0.0	0.0	0.0	0.0013861512403163	0.0	0.0	0.0
species|1037680|Bacillus kyonggiensis	0.0	0.0	0.0	0.0	0.0	0.0	0.0	0.0	0.0	0.0	0.0	0.0	0.0	0.0	0.0	0.0	0.0	0.0	0.0	0.0	0.0	0.0	0.0	0.0	0.0	0.0	0.0	0.0	0.0	0.0	0.0	0.0	0.0	0.0	0.0	0.0	0.0	0.0	0.0	0.0	0.0	0.0	0.0	0.0	0.0	0.0	0.0	0.0	0.0	0.0	0.0	0.0	0.0	0.0	0.0	0.0	0.0	0.0	0.0	0.0	0.0	0.0	0.0	0.0	0.0	0.0	0.0	0.0	0.0	0.0	0.0	0.0	0.0	0.0	0.0	0.0	0.0	0.0	0.0	0.0	0.0	0.0	0.0	0.0	0.0016869409259742	0.0	0.0	0.0
species|1547583|Mucilaginibacter ginsengisoli	0.0	0.0	0.0	0.0	0.0	0.0	0.0	0.0	0.0	0.0	0.0	0.0	0.0	0.0	0.0	0.0	0.0	0.0	0.0	0.0	0.0	0.0	0.0	0.0	0.0	0.0	0.0	0.0	0.0	0.0	0.0	0.0	0.0	0.0	0.0	0.0	0.0	0.0	0.0	0.0	0.0	0.0	0.0	0.0	0.0	0.0	0.0	0.0	0.0	0.0	0.0	0.0	0.0	0.0	0.0	0.0	0.0	0.0	0.0	0.0	0.0	0.0	0.0	0.0	0.0	0.0	0.0	0.0	0.0	0.0	0.0	0.0	0.0	0.0	0.0	0.0	0.0	0.0	0.0	0.0	0.0	0.0	0.0	0.0	0.0021290012131484	0.0	0.0	0.0
species|1302352|Mucilaginibacter calamicampi	0.0	0.0	0.0	0.0	0.0	0.0	0.0	0.0	0.0	0.0	0.0	0.0	0.0	0.0	0.0	0.0	0.0	0.0	0.0	0.0	0.0	0.0	0.0	0.0	0.0	0.0	0.0	0.0	0.0	0.0	0.0	0.0	0.0	0.0	0.0	0.0	0.0	0.0	0.0	0.0	0.0	0.0	0.0	0.0	0.0	0.0	0.0	0.0	0.0	0.0	0.0	0.0	0.0	0.0	0.0	0.0	0.0	0.0	0.0	0.0	0.0	0.0	0.0	0.0	0.0	0.0	0.0	0.0	0.0	0.0	0.0	0.0	0.0	0.0	0.0	0.0	0.0	0.0	0.0	0.0	0.0	0.0	0.0	0.0	0.0013910774200797	0.0	0.0	0.0
species|299767|Enterobacter ludwigii	0.0	0.0	0.0	0.0	0.0	0.0	0.0	0.0	0.0	0.0	0.0	0.0	0.0	0.0	0.0	0.0	0.0	0.0	0.0	0.0	0.0	0.0	0.0	0.0	0.0	0.0	0.0	0.0	0.0	0.0	0.0	0.0	0.0	0.0	0.0	0.0	0.0	0.0	0.0	0.0	0.0	0.0	0.0	0.0	0.0	0.0	0.0	0.0	0.0	0.0	0.0	0.0	0.0	0.0	0.0	0.0	0.0	0.0	0.0	0.0	0.0	0.0	0.0	0.0	0.0	0.0	0.0	0.0	0.0	0.0	0.0	0.0	0.0	0.0	0.0	0.0	0.0	0.0	0.0	0.0	0.0	0.0	0.0	0.0	0.0067936896861227	0.0	0.0	0.0
species|1389922|Achromobacter mucicolens	0.0	0.0	0.0	0.0	0.0	0.0	0.0	0.0	0.0	0.0	0.0	0.0	0.0	0.0	0.0	0.0	0.0	0.0	0.0	0.0	0.0	0.0	0.0	0.0	0.0	0.0	0.0	0.0	0.0	0.0	0.0	0.0	0.0	0.0	0.0	0.0	0.0	0.0	0.0	0.0	0.0	0.0	0.0	0.0	0.0	0.0	0.0	0.0	0.0	0.0	0.0	0.0	0.0	0.0	0.0	0.0	0.0	0.0	0.0	0.0	0.0	0.0	0.0	0.0	0.0	0.0	0.0	0.0	0.0	0.0	0.0	0.0	0.0	0.0	0.0	0.0	0.0	0.0	0.0	0.0	0.0	0.0	0.0	0.0	0.0011020389917787	0.0	0.0	0.0
species|549|Pantoea agglomerans	0.0	0.0	0.0	0.0	0.0	0.0	0.0	0.0	0.0	0.0	0.0	0.0	0.0	0.0	0.0	0.0	0.0	0.0	0.0	0.0	0.0	0.0	0.0	0.0	0.0	0.0	0.0	0.0	0.0	0.0	0.0	0.0	0.0	0.0	0.0	0.0	0.0	0.0	0.0	0.0	0.0	0.0	0.0	0.0	0.0	0.0	0.0	0.0	0.0	0.0	0.0	0.0	0.0	0.0	0.0	0.0	0.0	0.0	0.0	0.0	0.0	0.0	0.0	0.0	0.0	0.0	0.0	0.0	0.0	0.0	0.0	0.0	0.0	0.0	0.0	0.0	0.0	0.0	0.0	0.0	0.0	0.0	0.0	0.0	0.0015088583429325	0.0	0.0	0.0
species|1004|Chitinophaga sancti	0.0	0.0	0.0	0.0	0.0	0.0	0.0	0.0	0.0	0.0	0.0	0.0	0.0	0.0	0.0	0.0	0.0	0.0	0.0	0.0	0.0	0.0	0.0	0.0	0.0	0.0	0.0	0.0	0.0	0.0	0.0	0.0	0.0	0.0	0.0	0.0	0.0	0.0	0.0	0.0	0.0	0.0	0.0	0.0	0.0	0.0	0.0	0.0	0.0	0.0	0.0	0.0	0.0	0.0	0.0	0.0	0.0	0.0	0.0	0.0	0.0	0.0	0.0	0.0	0.0	0.0	0.0	0.0	0.0	0.0	0.0	0.0	0.0	0.0	0.0	0.0	0.0	0.0	0.0	0.0	0.0	0.0	0.0	0.0	0.0	0.0022072976332762	0.0	0.0
species|363849|Pedobacter panaciterrae	0.0	0.0	0.0	0.0	0.0	0.0	0.0	0.0	0.0	0.0	0.0	0.0	0.0	0.0	0.0	0.0	0.0	0.0	0.0	0.0	0.0	0.0	0.0	0.0	0.0	0.0	0.0	0.0	0.0	0.0	0.0	0.0	0.0	0.0	0.0	0.0	0.0	0.0	0.0	0.0	0.0	0.0	0.0	0.0	0.0	0.0	0.0	0.0	0.0	0.0	0.0	0.0	0.0	0.0	0.0	0.0	0.0	0.0	0.0	0.0	0.0	0.0	0.0	0.0	0.0	0.0	0.0	0.0	0.0	0.0	0.0	0.0	0.0	0.0	0.0	0.0	0.0	0.0	0.0	0.0	0.0	0.0	0.0	0.0	0.0	0.0014645157937087	0.0	0.0
species|89968|Hymenobacter gelipurpurascens	0.0	0.0	0.0	0.0	0.0	0.0	0.0	0.0	0.0	0.0	0.0	0.0	0.0	0.0	0.0	0.0	0.0	0.0	0.0	0.0	0.0	0.0	0.0	0.0	0.0	0.0	0.0	0.0	0.0	0.0	0.0	0.0	0.0	0.0	0.0	0.0	0.0	0.0	0.0	0.0	0.0	0.0	0.0	0.0	0.0	0.0	0.0	0.0	0.0	0.0	0.0	0.0	0.0	0.0	0.0	0.0	0.0	0.0	0.0	0.0	0.0	0.0	0.0	0.0	0.0	0.0	0.0	0.0	0.0	0.0	0.0	0.0	0.0	0.0	0.0	0.0	0.0	0.0	0.0	0.0	0.0	0.0	0.0	0.0	0.0	0.0011042099350045	0.0	0.0
species|1007098|Deinococcus daejeonensis	0.0	0.0	0.0	0.0	0.0	0.0	0.0	0.0	0.0	0.0	0.0	0.0	0.0	0.0	0.0	0.0	0.0	0.0	0.0	0.0	0.0	0.0	0.0	0.0	0.0	0.0	0.0	0.0	0.0	0.0	0.0	0.0	0.0	0.0	0.0	0.0	0.0	0.0	0.0	0.0	0.0	0.0	0.0	0.0	0.0	0.0	0.0	0.0	0.0	0.0	0.0	0.0	0.0	0.0	0.0	0.0	0.0	0.0	0.0	0.0	0.0	0.0	0.0	0.0	0.0	0.0	0.0	0.0	0.0	0.0	0.0	0.0	0.0	0.0	0.0	0.0	0.0	0.0	0.0	0.0	0.0	0.0	0.0	0.0	0.0	0.0017943409247757	0.0	0.0
