feature_id	taxonomy
species|1002689|Occallatibacter riparius	k__Bacteria; p__Acidobacteria; c__Acidobacteriia; o__Acidobacteriales; f__Acidobacteriaceae; g__Occallatibacter; s__Occallatibacter riparius
species|1002691|Occallatibacter savannae	k__Bacteria; p__Acidobacteria; c__Acidobacteriia; o__Acidobacteriales; f__Acidobacteriaceae; g__Occallatibacter; s__Occallatibacter savannae
species|1002870|Gaiella occulta	k__Bacteria; p__Actinobacteria; c__Rubrobacteria; o__Gaiellales; f__Gaiellaceae; g__Gaiella; s__Gaiella occulta
species|1004|Chitinophaga sancti	k__Bacteria; p__Bacteroidetes; c__Chitinophagia; o__Chitinophagales; f__Chitinophagaceae; g__Chitinophaga; s__Chitinophaga sancti
species|1005039|Fimbriimonas ginsengisoli	k__Bacteria; p__Armatimonadetes; c__Fimbriimonadia; o__Fimbriimonadales; f__Fimbriimonadaceae; g__Fimbriimonas; s__Fimbriimonas ginsengisoli
species|1007098|Deinococcus daejeonensis	k__Bacteria; p__Deinococcus-Thermus; c__Deinococci; o__Deinococcales; f__Deinococcaceae; g__Deinococcus; s__Deinococcus daejeonensis
species|1033741|Microvirga massiliensis	k__Bacteria; p__Proteobacteria; c__Alphaproteobacteria; o__Rhizobiales; f__Methylobacteriaceae; g__Microvirga; s__Microvirga massiliensis
species|1035707|Massilia namucuonensis	k__Bacteria; p__Proteobacteria; c__Betaproteobacteria; o__Burkholderiales; f__Oxalobacteraceae; g__Massilia; s__Massilia namucuonensis
species|1035|Afipia felis	k__Bacteria; p__Proteobacteria; c__Alphaproteobacteria; o__Rhizobiales; f__Bradyrhizobiaceae; g__Afipia; s__Afipia felis
species|1036780|Bosea robiniae	k__Bacteria; p__Proteobacteria; c__Alphaproteobacteria; o__Rhizobiales; f__Bradyrhizobiaceae; g__Bosea; s__Bosea robiniae
species|1037680|Bacillus kyonggiensis	k__Bacteria; p__Firmicutes; c__Bacilli; o__Bacillales; f__Bacillaceae; g__Bacillus; s__Bacillus kyonggiensis
species|103815|Paenibacillus chinjuensis	k__Bacteria; p__Firmicutes; c__Bacilli; o__Bacillales; f__Paenibacillaceae; g__Paenibacillus; s__Paenibacillus chinjuensis
species|103816|Rhodococcus pyridinivorans	k__Bacteria; p__Actinobacteria; c__Actinobacteria; o__Corynebacteriales; f__Nocardiaceae; g__Rhodococcus; s__Rhodococcus pyridinivorans
species|1038693|Terrimonas pekingensis	k__Bacteria; p__Bacteroidetes; c__Chitinophagia; o__Chitinophagales; f__Chitinophagaceae; g__Terrimonas; s__Terrimonas pekingensis
species|104087|Pseudomonas frederiksbergensis	k__Bacteria; p__Proteobacteria; c__Gammaproteobacteria; o__Pseudomonadales; f__Pseudomonadaceae; g__Pseudomonas; s__Pseudomonas frederiksbergensis
species|1045317|Sphingomonas lutea	k__Bacteria; p__Proteobacteria; c__Alphaproteobacteria; o__Sphingomonadales; f__Sphingomonadaceae; g__Sphingomonas; s__Sphingomonas lutea
species|105219|Ralstonia mannitolilytica	k__Bacteria; p__Proteobacteria; c__Betaproteobacteria; o__Burkholderiales; f__Burkholderiaceae; g__Ralstonia; s__Ralstonia mannitolilytica
species|1052257|Aquihabitans daechungensis	k__Bacteria; p__Actinobacteria; c__Acidimicrobiia; o__Acidimicrobiales; f__Iamiaceae; g__Aquihabitans; s__Aquihabitans daechungensis
species|1052258|Arenimonas daechungensis	k__Bacteria; p__Proteobacteria; c__Gammaproteobacteria; o__Xanthomonadales; f__Xanthomonadaceae; g__Arenimonas; s__Arenimonas daechungensis
species|1055487|Methylotenera versatilis	k__Bacteria; p__Proteobacteria; c__Betaproteobacteria; o__Nitrosomonadales; f__Methylophilaceae; g__Methylotenera; s__Methylotenera versatilis
species|105560|Methylibium petroleiphilum	k__Bacteria; p__Proteobacteria; c__Betaproteobacteria; o__Burkholderiales; f__nan; g__Methylibium; s__Methylibium petroleiphilum
species|1064516|Noviherbaspirillum canariense	k__Bacteria; p__Proteobacteria; c__Betaproteobacteria; o__Burkholderiales; f__Oxalobacteraceae; g__Noviherbaspirillum; s__Noviherbaspirillum canariense
species|1064517|Noviherbaspirillum aurantiacum	k__Bacteria; p__Proteobacteria; c__Betaproteobacteria; o__Burkholderiales; f__Oxalobacteraceae; g__Noviherbaspirillum; s__Noviherbaspirillum aurantiacum
species|1064518|Noviherbaspirillum soli	k__Bacteria; p__Proteobacteria; c__Betaproteobacteria; o__Burkholderiales; f__Oxalobacteraceae; g__Noviherbaspirillum; s__Noviherbaspirillum soli
species|106590|Cupriavidus necator	k__Bacteria; p__Proteobacteria; c__Betaproteobacteria; o__Burkholderiales; f__Burkholderiaceae; g__Cupriavidus; s__Cupriavidus necator
species|106592|Ensifer adhaerens	k__Bacteria; p__Proteobacteria; c__Alphaproteobacteria; o__Rhizobiales; f__Rhizobiaceae; g__Ensifer; s__Ensifer adhaerens
species|1066|Rhodocyclus tenuis	k__Bacteria; p__Proteobacteria; c__Betaproteobacteria; o__Rhodocyclales; f__Rhodocyclaceae; g__Rhodocyclus; s__Rhodocyclus tenuis
species|1071|Rhodopila globiformis	k__Bacteria; p__Proteobacteria; c__Alphaproteobacteria; o__Rhodospirillales; f__Acetobacteraceae; g__Rhodopila; s__Rhodopila globiformis
species|1076937|Fontimonas thermophila	k__Bacteria; p__Proteobacteria; c__Gammaproteobacteria; o__Nevskiales; f__Sinobacteraceae; g__Fontimonas; s__Fontimonas thermophila
species|1076|Rhodopseudomonas palustris	k__Bacteria; p__Proteobacteria; c__Alphaproteobacteria; o__Rhizobiales; f__Bradyrhizobiaceae; g__Rhodopseudomonas; s__Rhodopseudomonas palustris
species|107709|Opitutus terrae	k__Bacteria; p__Verrucomicrobia; c__Opitutae; o__Opitutales; f__Opitutaceae; g__Opitutus; s__Opitutus terrae
species|108015|Bradyrhizobium yuanmingense	k__Bacteria; p__Proteobacteria; c__Alphaproteobacteria; o__Rhizobiales; f__Bradyrhizobiaceae; g__Bradyrhizobium; s__Bradyrhizobium yuanmingense
species|1081799|Thermomarinilinea lacunifontana	k__Bacteria; p__Chloroflexi; c__Anaerolineae; o__Anaerolineales; f__Anaerolineaceae; g__Thermomarinilinea; s__Thermomarinilinea lacunifontana
species|1082276|Hydrogenispora ethanolica	k__Bacteria; p__Firmicutes; c__nan; o__nan; f__nan; g__Hydrogenispora; s__Hydrogenispora ethanolica
species|1084520|Flaviaesturariibacter amylovorans	k__Bacteria; p__Bacteroidetes; c__Chitinophagia; o__Chitinophagales; f__Chitinophagaceae; g__Flaviaesturariibacter; s__Flaviaesturariibacter amylovorans
species|1084526|Nibrella saemangeumensis	k__Bacteria; p__Bacteroidetes; c__Cytophagia; o__Cytophagales; f__Cytophagaceae; g__Nibrella; s__Nibrella saemangeumensis
species|109465|Nocardioides pyridinolyticus	k__Bacteria; p__Actinobacteria; c__Actinobacteria; o__Propionibacteriales; f__Nocardioidaceae; g__Nocardioides; s__Nocardioides pyridinolyticus
species|1097667|Patulibacter medicamentivorans	k__Bacteria; p__Actinobacteria; c__Thermoleophilia; o__Solirubrobacterales; f__Patulibacteraceae; g__Patulibacter; s__Patulibacter medicamentivorans
species|1111115|Terriglobus tenax	k__Bacteria; p__Acidobacteria; c__Acidobacteriia; o__Acidobacteriales; f__Acidobacteriaceae; g__Terriglobus; s__Terriglobus tenax
species|1114878|Geobacter luticola	k__Bacteria; p__Proteobacteria; c__Deltaproteobacteria; o__Desulfuromonadales; f__Geobacteraceae; g__Geobacter; s__Geobacter luticola
species|1117041|Effusibacillus consociatus	k__Bacteria; p__Firmicutes; c__Bacilli; o__Bacillales; f__Alicyclobacillaceae; g__Effusibacillus; s__Effusibacillus consociatus
species|1120045|Rhizobium grahamii	k__Bacteria; p__Proteobacteria; c__Alphaproteobacteria; o__Rhizobiales; f__Rhizobiaceae; g__Rhizobium; s__Rhizobium grahamii
species|1122256|Arenimonas subflava	k__Bacteria; p__Proteobacteria; c__Gammaproteobacteria; o__Xanthomonadales; f__Xanthomonadaceae; g__Arenimonas; s__Arenimonas subflava
species|1122261|Phreatobacter oligotrophus	k__Bacteria; p__Proteobacteria; c__Alphaproteobacteria; o__nan; f__nan; g__Phreatobacter; s__Phreatobacter oligotrophus
species|1122943|Daejeonella oryzae	k__Bacteria; p__Bacteroidetes; c__Sphingobacteriia; o__Sphingobacteriales; f__Sphingobacteriaceae; g__Pedobacter; s__Daejeonella oryzae
species|1123067|Rubellimicrobium mesophilum	k__Bacteria; p__Proteobacteria; c__Alphaproteobacteria; o__Rhodobacterales; f__Rhodobacteraceae; g__Rubellimicrobium; s__Rubellimicrobium mesophilum
species|1126833|Paenibacillus beijingensis	k__Bacteria; p__Firmicutes; c__Bacilli; o__Bacillales; f__Paenibacillaceae; g__Paenibacillus; s__Paenibacillus beijingensis
species|1128670|Microvirga makkahensis	k__Bacteria; p__Proteobacteria; c__Alphaproteobacteria; o__Rhizobiales; f__Methylobacteriaceae; g__Microvirga; s__Microvirga makkahensis
species|112901|Sporomusa malonica	k__Bacteria; p__Firmicutes; c__Negativicutes; o__Selenomonadales; f__Sporomusaceae; g__Sporomusa; s__Sporomusa malonica
species|112903|Propionispora vibrioides	k__Bacteria; p__Firmicutes; c__Negativicutes; o__Selenomonadales; f__Sporomusaceae; g__Propionispora; s__Propionispora vibrioides
species|1131567|Undibacterium squillarum	k__Bacteria; p__Proteobacteria; c__Betaproteobacteria; o__Burkholderiales; f__Oxalobacteraceae; g__Undibacterium; s__Undibacterium squillarum
species|1133364|Paenibacillus vulneris	k__Bacteria; p__Firmicutes; c__Bacilli; o__Bacillales; f__Paenibacillaceae; g__Paenibacillus; s__Paenibacillus vulneris
species|1141845|Dokdonella kunshanensis	k__Bacteria; p__Proteobacteria; c__Gammaproteobacteria; o__Xanthomonadales; f__Rhodanobacteraceae; g__Dokdonella; s__Dokdonella kunshanensis
species|1141882|Lysobacter mobilis	k__Bacteria; p__Proteobacteria; c__Gammaproteobacteria; o__Xanthomonadales; f__Xanthomonadaceae; g__Lysobacter; s__Lysobacter mobilis
species|1141883|Massilia putida	k__Bacteria; p__Proteobacteria; c__Betaproteobacteria; o__Burkholderiales; f__Oxalobacteraceae; g__Massilia; s__Massilia putida
species|1143711|Paenibacillus frigoriresistens	k__Bacteria; p__Firmicutes; c__Bacilli; o__Bacillales; f__Paenibacillaceae; g__Paenibacillus; s__Paenibacillus frigoriresistens
species|114|Gemmata obscuriglobus	k__Bacteria; p__Planctomycetes; c__Planctomycetia; o__Gemmatales; f__Gemmataceae; g__Gemmata; s__Gemmata obscuriglobus
species|1156355|Paenibacillus taihuensis	k__Bacteria; p__Firmicutes; c__Bacilli; o__Bacillales; f__Paenibacillaceae; g__Paenibacillus; s__Paenibacillus taihuensis
species|1157490|Tumebacillus flagellatus	k__Bacteria; p__Firmicutes; c__Bacilli; o__Bacillales; f__Alicyclobacillaceae; g__Tumebacillus; s__Tumebacillus flagellatus
species|115979|Bacillus nealsonii	k__Bacteria; p__Firmicutes; c__Bacilli; o__Bacillales; f__Bacillaceae; g__Bacillus; s__Bacillus nealsonii
species|1163398|Pseudomonas donghuensis	k__Bacteria; p__Proteobacteria; c__Gammaproteobacteria; o__Pseudomonadales; f__Pseudomonadaceae; g__Pseudomonas; s__Pseudomonas donghuensis
species|1164594|Massilia yuzhufengensis	k__Bacteria; p__Proteobacteria; c__Betaproteobacteria; o__Burkholderiales; f__Oxalobacteraceae; g__Massilia; s__Massilia yuzhufengensis
species|1165507|Luteimonas vadosa	k__Bacteria; p__Proteobacteria; c__Gammaproteobacteria; o__Xanthomonadales; f__Xanthomonadaceae; g__Luteimonas; s__Luteimonas vadosa
species|1166683|Rhizobium cauense	k__Bacteria; p__Proteobacteria; c__Alphaproteobacteria; o__Rhizobiales; f__Rhizobiaceae; g__Rhizobium; s__Rhizobium cauense
species|1172614|Paenibacillus hemerocallicola	k__Bacteria; p__Firmicutes; c__Bacilli; o__Bacillales; f__Paenibacillaceae; g__Paenibacillus; s__Paenibacillus hemerocallicola
species|1173085|Paenibacillus profundus	k__Bacteria; p__Firmicutes; c__Bacilli; o__Bacillales; f__Paenibacillaceae; g__Paenibacillus; s__Paenibacillus profundus
species|1176534|Lysobacter sediminicola	k__Bacteria; p__Proteobacteria; c__Gammaproteobacteria; o__Xanthomonadales; f__Xanthomonadaceae; g__Lysobacter; s__Lysobacter sediminicola
species|1176535|Lysobacter hankyongensis	k__Bacteria; p__Proteobacteria; c__Gammaproteobacteria; o__Xanthomonadales; f__Xanthomonadaceae; g__Lysobacter; s__Lysobacter hankyongensis
species|1176646|Sphingomonas daechungensis	k__Bacteria; p__Proteobacteria; c__Alphaproteobacteria; o__Sphingomonadales; f__Sphingomonadaceae; g__Sphingomonas; s__Sphingomonas daechungensis
species|1177755|Methyloligella halotolerans	k__Bacteria; p__Proteobacteria; c__Alphaproteobacteria; o__Rhizobiales; f__nan; g__Methyloligella; s__Methyloligella halotolerans
species|1178515|Paenibacillus swuensis	k__Bacteria; p__Firmicutes; c__Bacilli; o__Bacillales; f__Paenibacillaceae; g__Paenibacillus; s__Paenibacillus swuensis
species|1193713|Neobacillus mesonae	k__Bacteria; p__Firmicutes; c__Bacilli; o__Bacillales; f__Bacillaceae; g__Neobacillus; s__Neobacillus mesonae
species|1196020|Mucilaginibacter puniceus	k__Bacteria; p__Bacteroidetes; c__Sphingobacteriia; o__Sphingobacteriales; f__Sphingobacteriaceae; g__Mucilaginibacter; s__Mucilaginibacter puniceus
species|1203471|Geobacter daltonii	k__Bacteria; p__Proteobacteria; c__Deltaproteobacteria; o__Desulfuromonadales; f__Geobacteraceae; g__Geobacter; s__Geobacter daltonii
species|1204385|Litorilinea aerophila	k__Bacteria; p__Chloroflexi; c__Caldilineae; o__Caldilineales; f__Caldilineaceae; g__Litorilinea; s__Litorilinea aerophila
species|1206085|Jatrophihabitans endophyticus	k__Bacteria; p__Actinobacteria; c__Actinobacteria; o__Frankiales; f__Frankiaceae; g__Jatrophihabitans; s__Jatrophihabitans endophyticus
species|1207075|Pseudomonas sp. UW4	k__Bacteria; p__Proteobacteria; c__Gammaproteobacteria; o__Pseudomonadales; f__Pseudomonadaceae; g__Pseudomonas; s__Pseudomonas sp. UW4
species|120962|Roseiflexus castenholzii	k__Bacteria; p__Chloroflexi; c__Chloroflexia; o__Chloroflexales; f__Roseiflexaceae; g__Roseiflexus; s__Roseiflexus castenholzii
species|120|Planctopirus limnophila	k__Bacteria; p__Planctomycetes; c__Planctomycetia; o__Planctomycetales; f__Planctomycetaceae; g__Planctopirus; s__Planctopirus limnophila
species|1211324|Mucilaginibacter carri	k__Bacteria; p__Bacteroidetes; c__Sphingobacteriia; o__Sphingobacteriales; f__Sphingobacteriaceae; g__Mucilaginibacter; s__Mucilaginibacter carri
species|121292|Pseudarthrobacter sulfonivorans	k__Bacteria; p__Actinobacteria; c__Actinobacteria; o__Micrococcales; f__Micrococcaceae; g__Pseudarthrobacter; s__Pseudarthrobacter sulfonivorans
species|1213358|Microbacterium saccharophilum	k__Bacteria; p__Actinobacteria; c__Actinobacteria; o__Micrococcales; f__Microbacteriaceae; g__Microbacterium; s__Microbacterium saccharophilum
species|1214604|Tumebacillus algifaecis	k__Bacteria; p__Firmicutes; c__Bacilli; o__Bacillales; f__Alicyclobacillaceae; g__Tumebacillus; s__Tumebacillus algifaecis
species|1215385|Paenibacillus thermoaerophilus	k__Bacteria; p__Firmicutes; c__Bacilli; o__Bacillales; f__Paenibacillaceae; g__Paenibacillus; s__Paenibacillus thermoaerophilus
species|1223566|Bradyrhizobium sp. CCGE-LA001	k__Bacteria; p__Proteobacteria; c__Alphaproteobacteria; o__Rhizobiales; f__Bradyrhizobiaceae; g__Bradyrhizobium; s__Bradyrhizobium sp. CCGE-LA001
species|1224511|Noviherbaspirillum suwonense	k__Bacteria; p__Proteobacteria; c__Betaproteobacteria; o__Burkholderiales; f__Oxalobacteraceae; g__Noviherbaspirillum; s__Noviherbaspirillum suwonense
species|1229154|Paenibacillus doosanensis	k__Bacteria; p__Firmicutes; c__Bacilli; o__Bacillales; f__Paenibacillaceae; g__Paenibacillus; s__Paenibacillus doosanensis
species|1229157|Tumebacillus soli	k__Bacteria; p__Firmicutes; c__Bacilli; o__Bacillales; f__Alicyclobacillaceae; g__Tumebacillus; s__Tumebacillus soli
species|1229656|Acidibacter ferrireducens	k__Bacteria; p__Proteobacteria; c__Gammaproteobacteria; o__nan; f__nan; g__Acidibacter; s__Acidibacter ferrireducens
species|1229971|Glaciimonas singularis	k__Bacteria; p__Proteobacteria; c__Betaproteobacteria; o__Burkholderiales; f__Oxalobacteraceae; g__Glaciimonas; s__Glaciimonas singularis
species|1230389|Reyranella soli	k__Bacteria; p__Proteobacteria; c__Alphaproteobacteria; o__Rhodospirillales; f__nan; g__Reyranella; s__Reyranella soli
species|1231|Nitrosospira multiformis	k__Bacteria; p__Proteobacteria; c__Betaproteobacteria; o__Nitrosomonadales; f__Nitrosomonadaceae; g__Nitrosospira; s__Nitrosospira multiformis
species|1233114|Azospirillum fermentarium	k__Bacteria; p__Proteobacteria; c__Alphaproteobacteria; o__Rhodospirillales; f__Rhodospirillaceae; g__Azospirillum; s__Azospirillum fermentarium
species|1235480|Blastocatella fastidiosa	k__Bacteria; p__Acidobacteria; c__Blastocatellia; o__Blastocatellales; f__Blastocatellaceae; g__Blastocatella; s__Blastocatella fastidiosa
species|1235591|Pseudorhodoplanes sinuspersici	k__Bacteria; p__Proteobacteria; c__Alphaproteobacteria; o__Rhizobiales; f__nan; g__Pseudorhodoplanes; s__Pseudorhodoplanes sinuspersici
species|1237077|Cellvibrio zantedeschiae	k__Bacteria; p__Proteobacteria; c__Gammaproteobacteria; o__Cellvibrionales; f__Cellvibrionaceae; g__Cellvibrio; s__Cellvibrio zantedeschiae
species|1244513|Luteimonas huabeiensis	k__Bacteria; p__Proteobacteria; c__Gammaproteobacteria; o__Xanthomonadales; f__Xanthomonadaceae; g__Luteimonas; s__Luteimonas huabeiensis
species|124798|Microbacterium phyllosphaerae	k__Bacteria; p__Actinobacteria; c__Actinobacteria; o__Micrococcales; f__Microbacteriaceae; g__Microbacterium; s__Microbacterium phyllosphaerae
species|1259844|Pseudomonas sp. FGI182	k__Bacteria; p__Proteobacteria; c__Gammaproteobacteria; o__Pseudomonadales; f__Pseudomonadaceae; g__Pseudomonas; s__Pseudomonas sp. FGI182
species|125|Pirellula staleyi	k__Bacteria; p__Planctomycetes; c__Planctomycetia; o__Pirellulales; f__Pirellulaceae; g__Pirellula; s__Pirellula staleyi
species|1260987|Noviherbaspirillum malthae	k__Bacteria; p__Proteobacteria; c__Betaproteobacteria; o__Burkholderiales; f__Oxalobacteraceae; g__Noviherbaspirillum; s__Noviherbaspirillum malthae
species|126348|Cellvibrio gandavensis	k__Bacteria; p__Proteobacteria; c__Gammaproteobacteria; o__Cellvibrionales; f__Cellvibrionaceae; g__Cellvibrio; s__Cellvibrio gandavensis
species|1266064|Lysinibacillus manganicus	k__Bacteria; p__Firmicutes; c__Bacilli; o__Bacillales; f__Bacillaceae; g__Lysinibacillus; s__Lysinibacillus manganicus
species|1274631|Bradyrhizobium icense	k__Bacteria; p__Proteobacteria; c__Alphaproteobacteria; o__Rhizobiales; f__Bradyrhizobiaceae; g__Bradyrhizobium; s__Bradyrhizobium icense
species|1280370|Tumebacillus lipolyticus	k__Bacteria; p__Firmicutes; c__Bacilli; o__Bacillales; f__Alicyclobacillaceae; g__Tumebacillus; s__Tumebacillus lipolyticus
species|1280390|Gorillibacterium massiliense	k__Bacteria; p__Firmicutes; c__Bacilli; o__Bacillales; f__Paenibacillaceae; g__Gorillibacterium; s__Gorillibacterium massiliense
species|1288494|Nitrosospira lacus	k__Bacteria; p__Proteobacteria; c__Betaproteobacteria; o__Nitrosomonadales; f__Nitrosomonadaceae; g__Nitrosospira; s__Nitrosospira lacus
species|1295612|Mucilaginibacter yixingensis	k__Bacteria; p__Bacteroidetes; c__Sphingobacteriia; o__Sphingobacteriales; f__Sphingobacteriaceae; g__Mucilaginibacter; s__Mucilaginibacter yixingensis
species|1300045|Bradyrhizobium americanum	k__Bacteria; p__Proteobacteria; c__Alphaproteobacteria; o__Rhizobiales; f__Bradyrhizobiaceae; g__Bradyrhizobium; s__Bradyrhizobium americanum
species|1302352|Mucilaginibacter calamicampi	k__Bacteria; p__Bacteroidetes; c__Sphingobacteriia; o__Sphingobacteriales; f__Sphingobacteriaceae; g__Mucilaginibacter; s__Mucilaginibacter calamicampi
species|1302690|Cnuella takakiae	k__Bacteria; p__Bacteroidetes; c__Chitinophagia; o__Chitinophagales; f__Chitinophagaceae; g__Cnuella; s__Cnuella takakiae
species|1310417|Ferruginibacter paludis	k__Bacteria; p__Bacteroidetes; c__Chitinophagia; o__Chitinophagales; f__Chitinophagaceae; g__Ferruginibacter; s__Ferruginibacter paludis
species|1312183|Rhizobium jaguaris	k__Bacteria; p__Proteobacteria; c__Alphaproteobacteria; o__Rhizobiales; f__Rhizobiaceae; g__Rhizobium; s__Rhizobium jaguaris
species|1312852|Thermoanaerobaculum aquaticum	k__Bacteria; p__Acidobacteria; c__Thermoanaerobaculia; o__Thermoanaerobaculales; f__Thermoanaerobaculaceae; g__Thermoanaerobaculum; s__Thermoanaerobaculum aquaticum
species|1324796|Lysobacter lycopersici	k__Bacteria; p__Proteobacteria; c__Gammaproteobacteria; o__Xanthomonadales; f__Xanthomonadaceae; g__Lysobacter; s__Lysobacter lycopersici
species|1324935|Limisphaera ngatamarikiensis	k__Bacteria; p__Verrucomicrobia; c__Verrucomicrobiae; o__Verrucomicrobiales; f__Verrucomicrobia subdivision 3; g__Limisphaera; s__Limisphaera ngatamarikiensis
species|1325090|Bradyrhizobium guangdongense	k__Bacteria; p__Proteobacteria; c__Alphaproteobacteria; o__Rhizobiales; f__Bradyrhizobiaceae; g__Bradyrhizobium; s__Bradyrhizobium guangdongense
species|1325095|Bradyrhizobium guangzhouense	k__Bacteria; p__Proteobacteria; c__Alphaproteobacteria; o__Rhizobiales; f__Bradyrhizobiaceae; g__Bradyrhizobium; s__Bradyrhizobium guangzhouense
species|1325107|Bradyrhizobium zhanjiangense	k__Bacteria; p__Proteobacteria; c__Alphaproteobacteria; o__Rhizobiales; f__Bradyrhizobiaceae; g__Bradyrhizobium; s__Bradyrhizobium zhanjiangense
species|1325564|Nitrospira japonica	k__Bacteria; p__Nitrospirae; c__Nitrospira; o__Nitrospirales; f__Nitrospiraceae; g__Nitrospira; s__Nitrospira japonica
species|1327635|Sphingomonas sp. Cra20	k__Bacteria; p__Proteobacteria; c__Alphaproteobacteria; o__Sphingomonadales; f__Sphingomonadaceae; g__Sphingomonas; s__Sphingomonas sp. Cra20
species|132925|Clostridium bowmanii	k__Bacteria; p__Firmicutes; c__Clostridia; o__Clostridiales; f__Clostridiaceae; g__Clostridium; s__Clostridium bowmanii
species|1329367|Arenimonas taoyuanensis	k__Bacteria; p__Proteobacteria; c__Gammaproteobacteria; o__Xanthomonadales; f__Xanthomonadaceae; g__Arenimonas; s__Arenimonas taoyuanensis
species|1333996|Variibacter gotjawalensis	k__Bacteria; p__Proteobacteria; c__Alphaproteobacteria; o__Rhizobiales; f__Bradyrhizobiaceae; g__Variibacter; s__Variibacter gotjawalensis
species|133453|Caldilinea aerophila	k__Bacteria; p__Chloroflexi; c__Caldilineae; o__Caldilineales; f__Caldilineaceae; g__Caldilinea; s__Caldilinea aerophila
species|1341696|Rehaibacterium terrae	k__Bacteria; p__Proteobacteria; c__Gammaproteobacteria; o__Xanthomonadales; f__Xanthomonadaceae; g__Rehaibacterium; s__Rehaibacterium terrae
species|134|Methylocystis parvus	k__Bacteria; p__Proteobacteria; c__Alphaproteobacteria; o__Rhizobiales; f__Methylocystaceae; g__Methylocystis; s__Methylocystis parvus
species|1355477|Bradyrhizobium diazoefficiens	k__Bacteria; p__Proteobacteria; c__Alphaproteobacteria; o__Rhizobiales; f__Bradyrhizobiaceae; g__Bradyrhizobium; s__Bradyrhizobium diazoefficiens
species|1355755|Paenibacillus eucommiae	k__Bacteria; p__Firmicutes; c__Bacilli; o__Bacillales; f__Paenibacillaceae; g__Paenibacillus; s__Paenibacillus eucommiae
species|1357915|Arthrobacter sp. QXT-31	k__Bacteria; p__Actinobacteria; c__Actinobacteria; o__Micrococcales; f__Micrococcaceae; g__Arthrobacter; s__Arthrobacter sp. QXT-31
species|1368237|Reyranella graminifolii	k__Bacteria; p__Proteobacteria; c__Alphaproteobacteria; o__Rhodospirillales; f__nan; g__Reyranella; s__Reyranella graminifolii
species|1368430|Rhizobium rosettiformans	k__Bacteria; p__Proteobacteria; c__Alphaproteobacteria; o__Rhizobiales; f__Rhizobiaceae; g__Rhizobium; s__Rhizobium rosettiformans
species|136996|Bradyrhizobium lupini	k__Bacteria; p__Proteobacteria; c__Alphaproteobacteria; o__Rhizobiales; f__Bradyrhizobiaceae; g__Bradyrhizobium; s__Bradyrhizobium lupini
species|1379159|Dyella jiangningensis	k__Bacteria; p__Proteobacteria; c__Gammaproteobacteria; o__Xanthomonadales; f__Rhodanobacteraceae; g__Dyella; s__Dyella jiangningensis
species|1379270|Gemmatimonas phototrophica	k__Bacteria; p__Gemmatimonadetes; c__Gemmatimonadetes; o__Gemmatimonadales; f__Gemmatimonadaceae; g__Gemmatimonas; s__Gemmatimonas phototrophica
species|1381557|Sulfurisoma sediminicola	k__Bacteria; p__Proteobacteria; c__Betaproteobacteria; o__Nitrosomonadales; f__Sterolibacteriaceae; g__Sulfurisoma; s__Sulfurisoma sediminicola
species|138336|Blastococcus saxobsidens	k__Bacteria; p__Actinobacteria; c__Actinobacteria; o__Geodermatophilales; f__Geodermatophilaceae; g__Blastococcus; s__Blastococcus saxobsidens
species|1384459|Methyloceanibacter caenitepidi	k__Bacteria; p__Proteobacteria; c__Alphaproteobacteria; o__Rhizobiales; f__nan; g__Methyloceanibacter; s__Methyloceanibacter caenitepidi
species|1385522|Lysobacter arseniciresistens	k__Bacteria; p__Proteobacteria; c__Gammaproteobacteria; o__Xanthomonadales; f__Xanthomonadaceae; g__Lysobacter; s__Lysobacter arseniciresistens
species|1387353|Paludisphaera borealis	k__Bacteria; p__Planctomycetes; c__Planctomycetia; o__Isosphaerales; f__Isosphaeraceae; g__Paludisphaera; s__Paludisphaera borealis
species|1389922|Achromobacter mucicolens	k__Bacteria; p__Proteobacteria; c__Betaproteobacteria; o__Burkholderiales; f__Alcaligenaceae; g__Achromobacter; s__Achromobacter mucicolens
species|1391653|Vulgatibacter incomptus	k__Bacteria; p__Proteobacteria; c__Deltaproteobacteria; o__Myxococcales; f__Vulgatibacteraceae; g__Vulgatibacter; s__Vulgatibacter incomptus
species|1391654|Labilithrix luteola	k__Bacteria; p__Proteobacteria; c__Deltaproteobacteria; o__Myxococcales; f__Labilitrichaceae; g__Labilithrix; s__Labilithrix luteola
species|1392|Bacillus anthracis	k__Bacteria; p__Firmicutes; c__Bacilli; o__Bacillales; f__Bacillaceae; g__Bacillus; s__Bacillus anthracis
species|1393|Brevibacillus brevis	k__Bacteria; p__Firmicutes; c__Bacilli; o__Bacillales; f__Paenibacillaceae; g__Brevibacillus; s__Brevibacillus brevis
species|1396|Bacillus cereus	k__Bacteria; p__Firmicutes; c__Bacilli; o__Bacillales; f__Bacillaceae; g__Bacillus; s__Bacillus cereus
species|1397|Bacillus circulans	k__Bacteria; p__Firmicutes; c__Bacilli; o__Bacillales; f__Bacillaceae; g__Bacillus; s__Bacillus circulans
species|139808|Shimazuella kribbensis	k__Bacteria; p__Firmicutes; c__Bacilli; o__Bacillales; f__Thermoactinomycetaceae; g__Shimazuella; s__Shimazuella kribbensis
species|1399969|Caballeronia megalochromosomata	k__Bacteria; p__Proteobacteria; c__Betaproteobacteria; o__Burkholderiales; f__Burkholderiaceae; g__Caballeronia; s__Caballeronia megalochromosomata
species|1402137|Microvirga zambiensis	k__Bacteria; p__Proteobacteria; c__Alphaproteobacteria; o__Rhizobiales; f__Methylobacteriaceae; g__Microvirga; s__Microvirga zambiensis
species|1402861|Bacillus filamentosus	k__Bacteria; p__Firmicutes; c__Bacilli; o__Bacillales; f__Bacillaceae; g__Bacillus; s__Bacillus filamentosus
species|1404|Bacillus megaterium	k__Bacteria; p__Firmicutes; c__Bacilli; o__Bacillales; f__Bacillaceae; g__Bacillus; s__Bacillus megaterium
species|1405|Bacillus mycoides	k__Bacteria; p__Firmicutes; c__Bacilli; o__Bacillales; f__Bacillaceae; g__Bacillus; s__Bacillus mycoides
species|1406|Paenibacillus polymyxa	k__Bacteria; p__Firmicutes; c__Bacilli; o__Bacillales; f__Paenibacillaceae; g__Paenibacillus; s__Paenibacillus polymyxa
species|1421|Lysinibacillus sphaericus	k__Bacteria; p__Firmicutes; c__Bacilli; o__Bacillales; f__Bacillaceae; g__Lysinibacillus; s__Lysinibacillus sphaericus
species|1428|Bacillus thuringiensis	k__Bacteria; p__Firmicutes; c__Bacilli; o__Bacillales; f__Bacillaceae; g__Bacillus; s__Bacillus thuringiensis
species|1435645|Paenibacillus oenotherae	k__Bacteria; p__Firmicutes; c__Bacilli; o__Bacillales; f__Paenibacillaceae; g__Paenibacillus; s__Paenibacillus oenotherae
species|1436998|Nitrospira lenta	k__Bacteria; p__Nitrospirae; c__Nitrospira; o__Nitrospirales; f__Nitrospiraceae; g__Nitrospira; s__Nitrospira lenta
species|1442381|Dankookia rubra	k__Bacteria; p__Proteobacteria; c__Alphaproteobacteria; o__Rhodospirillales; f__Acetobacteraceae; g__Dankookia; s__Dankookia rubra
species|1443434|Brevundimonas denitrificans	k__Bacteria; p__Proteobacteria; c__Alphaproteobacteria; o__Caulobacterales; f__Caulobacteraceae; g__Brevundimonas; s__Brevundimonas denitrificans
species|1443800|Oryzihumus terrae	k__Bacteria; p__Actinobacteria; c__Actinobacteria; o__Micrococcales; f__Intrasporangiaceae; g__Oryzihumus; s__Oryzihumus terrae
species|1446479|Arenimonas maotaiensis	k__Bacteria; p__Proteobacteria; c__Gammaproteobacteria; o__Xanthomonadales; f__Xanthomonadaceae; g__Arenimonas; s__Arenimonas maotaiensis
species|1450019|Lysinibacillus alkaliphilus	k__Bacteria; p__Firmicutes; c__Bacilli; o__Bacillales; f__Bacillaceae; g__Lysinibacillus; s__Lysinibacillus alkaliphilus
species|1450165|Aggregicoccus edonensis	k__Bacteria; p__Proteobacteria; c__Deltaproteobacteria; o__Myxococcales; f__Myxococcaceae; g__Aggregicoccus; s__Aggregicoccus edonensis
species|1452508|Zhizhongheella caldifontis	k__Bacteria; p__Proteobacteria; c__Betaproteobacteria; o__Burkholderiales; f__Comamonadaceae; g__Zhizhongheella; s__Zhizhongheella caldifontis
species|1456|Bacillus benzoevorans	k__Bacteria; p__Firmicutes; c__Bacilli; o__Bacillales; f__Bacillaceae; g__Bacillus; s__Bacillus benzoevorans
species|1458336|Brevitalea aridisoli	k__Bacteria; p__Acidobacteria; c__Blastocatellia; o__Blastocatellales; f__Pyrinomonadaceae; g__Brevitalea; s__Brevitalea aridisoli
species|1458337|Stenotrophobacter terrae	k__Bacteria; p__Acidobacteria; c__Blastocatellia; o__Blastocatellales; f__Blastocatellaceae; g__Stenotrophobacter; s__Stenotrophobacter terrae
species|1462440|Duganella ginsengisoli	k__Bacteria; p__Proteobacteria; c__Betaproteobacteria; o__Burkholderiales; f__Oxalobacteraceae; g__Duganella; s__Duganella ginsengisoli
species|1462996|Paenibacillus yonginensis	k__Bacteria; p__Firmicutes; c__Bacilli; o__Bacillales; f__Paenibacillaceae; g__Paenibacillus; s__Paenibacillus yonginensis
species|1463158|Thermomonas carbonis	k__Bacteria; p__Proteobacteria; c__Gammaproteobacteria; o__Xanthomonadales; f__Xanthomonadaceae; g__Thermomonas; s__Thermomonas carbonis
species|1464|Paenibacillus larvae	k__Bacteria; p__Firmicutes; c__Bacilli; o__Bacillales; f__Paenibacillaceae; g__Paenibacillus; s__Paenibacillus larvae
species|1465489|Chujaibacter soli	k__Bacteria; p__Proteobacteria; c__Gammaproteobacteria; o__Xanthomonadales; f__Xanthomonadaceae; g__Chujaibacter; s__Chujaibacter soli
species|1465490|Parafilimonas terrae	k__Bacteria; p__Bacteroidetes; c__Chitinophagia; o__Chitinophagales; f__Chitinophagaceae; g__Parafilimonas; s__Parafilimonas terrae
species|1465823|Noviherbaspirillum massiliense	k__Bacteria; p__Proteobacteria; c__Betaproteobacteria; o__Burkholderiales; f__Oxalobacteraceae; g__Noviherbaspirillum; s__Noviherbaspirillum massiliense
species|1467|Bacillus lentus	k__Bacteria; p__Firmicutes; c__Bacilli; o__Bacillales; f__Bacillaceae; g__Bacillus; s__Bacillus lentus
species|1469502|Burkholderiales bacterium GJ-E10	k__Bacteria; p__Proteobacteria; c__Betaproteobacteria; o__Burkholderiales; f__nan; g__nan; s__Burkholderiales bacterium GJ-E10
species|1473598|Paludibaculum fermentans	k__Bacteria; p__Acidobacteria; c__Acidobacteriia; o__Bryobacterales; f__Bryobacteraceae; g__Paludibaculum; s__Paludibaculum fermentans
species|1475481|Mizugakiibacter sediminis	k__Bacteria; p__Proteobacteria; c__Gammaproteobacteria; o__Xanthomonadales; f__Rhodanobacteraceae; g__Mizugakiibacter; s__Mizugakiibacter sediminis
species|1476|Sporosarcina psychrophila	k__Bacteria; p__Firmicutes; c__Bacilli; o__Bacillales; f__Planococcaceae; g__Sporosarcina; s__Sporosarcina psychrophila
species|1478|Peribacillus simplex	k__Bacteria; p__Firmicutes; c__Bacilli; o__Bacillales; f__Bacillaceae; g__Peribacillus; s__Peribacillus simplex
species|1484693|Rhodoferax saidenbachensis	k__Bacteria; p__Proteobacteria; c__Betaproteobacteria; o__Burkholderiales; f__Comamonadaceae; g__Rhodoferax; s__Rhodoferax saidenbachensis
species|1490|Paraclostridium bifermentans	k__Bacteria; p__Firmicutes; c__Clostridia; o__Clostridiales; f__Peptostreptococcaceae; g__Paraclostridium; s__Paraclostridium bifermentans
species|1492898|Flavisolibacter tropicus	k__Bacteria; p__Bacteroidetes; c__Chitinophagia; o__Chitinophagales; f__Chitinophagaceae; g__Flavisolibacter; s__Flavisolibacter tropicus
species|1494448|Chelatococcus reniformis	k__Bacteria; p__Proteobacteria; c__Alphaproteobacteria; o__Rhizobiales; f__Chelatococcaceae; g__Chelatococcus; s__Chelatococcus reniformis
species|1495200|Fulvimonas yonginensis	k__Bacteria; p__Proteobacteria; c__Gammaproteobacteria; o__Xanthomonadales; f__Rhodanobacteraceae; g__Fulvimonas; s__Fulvimonas yonginensis
species|1499685|Bacillus andreraoultii	k__Bacteria; p__Firmicutes; c__Bacilli; o__Bacillales; f__Bacillaceae; g__Bacillus; s__Bacillus andreraoultii
species|1501230|Paenibacillus tyrfis	k__Bacteria; p__Firmicutes; c__Bacilli; o__Bacillales; f__Paenibacillaceae; g__Paenibacillus; s__Paenibacillus tyrfis
species|1507286|Terrimonas arctica	k__Bacteria; p__Bacteroidetes; c__Chitinophagia; o__Chitinophagales; f__Chitinophagaceae; g__Terrimonas; s__Terrimonas arctica
species|151414|Afipia birgiae	k__Bacteria; p__Proteobacteria; c__Alphaproteobacteria; o__Rhizobiales; f__Bradyrhizobiaceae; g__Afipia; s__Afipia birgiae
species|151783|Cupriavidus campinensis	k__Bacteria; p__Proteobacteria; c__Betaproteobacteria; o__Burkholderiales; f__Burkholderiaceae; g__Cupriavidus; s__Cupriavidus campinensis
species|1518501|Bradyrhizobium valentinum	k__Bacteria; p__Proteobacteria; c__Alphaproteobacteria; o__Rhizobiales; f__Bradyrhizobiaceae; g__Bradyrhizobium; s__Bradyrhizobium valentinum
species|1520|Clostridium beijerinckii	k__Bacteria; p__Firmicutes; c__Clostridia; o__Clostridiales; f__Clostridiaceae; g__Clostridium; s__Clostridium beijerinckii
species|152268|Metabacillus litoralis	k__Bacteria; p__Firmicutes; c__Bacilli; o__Bacillales; f__Bacillaceae; g__Metabacillus; s__Metabacillus litoralis
species|1532905|Paenibacillus sp. CAA11	k__Bacteria; p__Firmicutes; c__Bacilli; o__Bacillales; f__Paenibacillaceae; g__Paenibacillus; s__Paenibacillus sp. CAA11
species|1536774|Paenibacillus sp. FSL H7-0357	k__Bacteria; p__Firmicutes; c__Bacilli; o__Bacillales; f__Paenibacillaceae; g__Paenibacillus; s__Paenibacillus sp. FSL H7-0357
species|153721|Sporocytophaga myxococcoides	k__Bacteria; p__Bacteroidetes; c__Cytophagia; o__Cytophagales; f__Cytophagaceae; g__Sporocytophaga; s__Sporocytophaga myxococcoides
species|1538658|Paenibacillus yunnanensis	k__Bacteria; p__Firmicutes; c__Bacilli; o__Bacillales; f__Paenibacillaceae; g__Paenibacillus; s__Paenibacillus yunnanensis
species|1542731|Niastella gongjuensis	k__Bacteria; p__Bacteroidetes; c__Chitinophagia; o__Chitinophagales; f__Chitinophagaceae; g__Niastella; s__Niastella gongjuensis
species|1542737|Marmoricola solisilvae	k__Bacteria; p__Actinobacteria; c__Actinobacteria; o__Propionibacteriales; f__Nocardioidaceae; g__Marmoricola; s__Marmoricola solisilvae
species|1546155|Tepidisphaera mucosa	k__Bacteria; p__Planctomycetes; c__Phycisphaerae; o__Tepidisphaerales; f__Tepidisphaeraceae; g__Tepidisphaera; s__Tepidisphaera mucosa
species|1547583|Mucilaginibacter ginsengisoli	k__Bacteria; p__Bacteroidetes; c__Sphingobacteriia; o__Sphingobacteriales; f__Sphingobacteriaceae; g__Mucilaginibacter; s__Mucilaginibacter ginsengisoli
species|1547922|Ideonella sakaiensis	k__Bacteria; p__Proteobacteria; c__Betaproteobacteria; o__Burkholderiales; f__nan; g__Ideonella; s__Ideonella sakaiensis
species|1549638|Quisquiliibacterium transsilvanicum	k__Bacteria; p__Proteobacteria; c__Betaproteobacteria; o__Burkholderiales; f__Burkholderiaceae; g__Quisquiliibacterium; s__Quisquiliibacterium transsilvanicum
species|1550|Clostridium subterminale	k__Bacteria; p__Firmicutes; c__Clostridia; o__Clostridiales; f__Clostridiaceae; g__Clostridium; s__Clostridium subterminale
species|1555112|Limnochorda pilosa	k__Bacteria; p__Firmicutes; c__Limnochordia; o__Limnochordales; f__Limnochordaceae; g__Limnochorda; s__Limnochorda pilosa
species|1560005|Edaphobacter dinghuensis	k__Bacteria; p__Acidobacteria; c__Acidobacteriia; o__Acidobacteriales; f__Acidobacteriaceae; g__Edaphobacter; s__Edaphobacter dinghuensis
species|1560006|Acidipila dinghuensis	k__Bacteria; p__Acidobacteria; c__Acidobacteriia; o__Acidobacteriales; f__Acidobacteriaceae; g__Acidipila; s__Acidipila dinghuensis
species|1560324|Arenimicrobium luteum	k__Bacteria; p__Acidobacteria; c__Blastocatellia; o__Blastocatellales; f__Pyrinomonadaceae; g__Arenimicrobium; s__Arenimicrobium luteum
species|1566358|Paenibacillus sp. IHBB 10380	k__Bacteria; p__Firmicutes; c__Bacilli; o__Bacillales; f__Paenibacillaceae; g__Paenibacillus; s__Paenibacillus sp. IHBB 10380
species|1571470|Rhizobium sp. ACO-34A	k__Bacteria; p__Proteobacteria; c__Alphaproteobacteria; o__Rhizobiales; f__Rhizobiaceae; g__Rhizobium; s__Rhizobium sp. ACO-34A
species|1572859|Gellertiella hungarica	k__Bacteria; p__Proteobacteria; c__Alphaproteobacteria; o__Rhizobiales; f__Rhizobiaceae; g__Gellertiella; s__Gellertiella hungarica
species|1577686|Silvibacterium bohemicum	k__Bacteria; p__Acidobacteria; c__Acidobacteriia; o__Acidobacteriales; f__Acidobacteriaceae; g__Silvibacterium; s__Silvibacterium bohemicum
species|1577687|Terracidiphilus gabretensis	k__Bacteria; p__Acidobacteria; c__Acidobacteriia; o__Acidobacteriales; f__Acidobacteriaceae; g__Terracidiphilus; s__Terracidiphilus gabretensis
species|1591085|Dyadobacter jiangsuensis	k__Bacteria; p__Bacteroidetes; c__Cytophagia; o__Cytophagales; f__Cytophagaceae; g__Dyadobacter; s__Dyadobacter jiangsuensis
species|1592105|Tellurimicrobium multivorans	k__Bacteria; p__Acidobacteria; c__Blastocatellia; o__Blastocatellales; f__Blastocatellaceae; g__Tellurimicrobium; s__Tellurimicrobium multivorans
species|1592106|Terriglobus albidus	k__Bacteria; p__Acidobacteria; c__Acidobacteriia; o__Acidobacteriales; f__Acidobacteriaceae; g__Terriglobus; s__Terriglobus albidus
species|1603869|Stenotrophobacter roseus	k__Bacteria; p__Acidobacteria; c__Blastocatellia; o__Blastocatellales; f__Blastocatellaceae; g__Stenotrophobacter; s__Stenotrophobacter roseus
species|1603870|Brevitalea deliciosa	k__Bacteria; p__Acidobacteria; c__Blastocatellia; o__Blastocatellales; f__Pyrinomonadaceae; g__Brevitalea; s__Brevitalea deliciosa
species|1603871|Stenotrophobacter namibiensis	k__Bacteria; p__Acidobacteria; c__Blastocatellia; o__Blastocatellales; f__Blastocatellaceae; g__Stenotrophobacter; s__Stenotrophobacter namibiensis
species|1605891|Lysobacter maris	k__Bacteria; p__Proteobacteria; c__Gammaproteobacteria; o__Xanthomonadales; f__Xanthomonadaceae; g__Lysobacter; s__Lysobacter maris
species|1610748|Jatrophihabitans soli	k__Bacteria; p__Actinobacteria; c__Actinobacteria; o__Frankiales; f__Frankiaceae; g__Jatrophihabitans; s__Jatrophihabitans soli
species|1612172|Vicinamibacter silvestris	k__Bacteria; p__Acidobacteria; c__Vicinamibacteria; o__nan; f__Vicinamibacteraceae; g__Vicinamibacter; s__Vicinamibacter silvestris
species|161493|Anaeromyxobacter dehalogenans	k__Bacteria; p__Proteobacteria; c__Deltaproteobacteria; o__Myxococcales; f__Anaeromyxobacteraceae; g__Anaeromyxobacter; s__Anaeromyxobacter dehalogenans
species|1615681|Acidicapsa acidisoli	k__Bacteria; p__Acidobacteria; c__Acidobacteriia; o__Acidobacteriales; f__Acidobacteriaceae; g__Acidicapsa; s__Acidicapsa acidisoli
species|1617283|Flavobacterium nitrogenifigens	k__Bacteria; p__Bacteroidetes; c__Flavobacteriia; o__Flavobacteriales; f__Flavobacteriaceae; g__Flavobacterium; s__Flavobacterium nitrogenifigens
species|1619310|Paenibacillus marchantiophytorum	k__Bacteria; p__Firmicutes; c__Bacilli; o__Bacillales; f__Paenibacillaceae; g__Paenibacillus; s__Paenibacillus marchantiophytorum
species|162028|Haliangium tepidum	k__Bacteria; p__Proteobacteria; c__Deltaproteobacteria; o__Myxococcales; f__Kofleriaceae; g__Haliangium; s__Haliangium tepidum
species|1630693|Gemmata sp. SH-PL17	k__Bacteria; p__Planctomycetes; c__Planctomycetia; o__Gemmatales; f__Gemmataceae; g__Gemmata; s__Gemmata sp. SH-PL17
species|1632864|Planctomyces sp. SH-PL14	k__Bacteria; p__Planctomycetes; c__Planctomycetia; o__Planctomycetales; f__Planctomycetaceae; g__Planctomyces; s__Planctomyces sp. SH-PL14
species|1634993|Reyranella terrae	k__Bacteria; p__Proteobacteria; c__Alphaproteobacteria; o__Rhodospirillales; f__nan; g__Reyranella; s__Reyranella terrae
species|1636152|Planctomyces sp. SH-PL62	k__Bacteria; p__Planctomycetes; c__Planctomycetia; o__Planctomycetales; f__Planctomycetaceae; g__Planctomyces; s__Planctomyces sp. SH-PL62
species|1639646|Flavisolibacter metallilatus	k__Bacteria; p__Bacteroidetes; c__Chitinophagia; o__Chitinophagales; f__Chitinophagaceae; g__Flavisolibacter; s__Flavisolibacter metallilatus
species|1639882|Longimicrobium terrae	k__Bacteria; p__Gemmatimonadetes; c__Longimicrobia; o__Longimicrobiales; f__Longimicrobiaceae; g__Longimicrobium; s__Longimicrobium terrae
species|1640865|Parviterribacter kavangonensis	k__Bacteria; p__Actinobacteria; c__Thermoleophilia; o__Solirubrobacterales; f__Parviterribacteraceae; g__Parviterribacter; s__Parviterribacter kavangonensis
species|1640866|Parviterribacter multiflagellatus	k__Bacteria; p__Actinobacteria; c__Thermoleophilia; o__Solirubrobacterales; f__Parviterribacteraceae; g__Parviterribacter; s__Parviterribacter multiflagellatus
species|1644131|Janthinobacterium sp. 1_2014MBL_MicDiv	k__Bacteria; p__Proteobacteria; c__Betaproteobacteria; o__Burkholderiales; f__Oxalobacteraceae; g__Janthinobacterium; s__Janthinobacterium sp. 1_2014MBL_MicDiv
species|1648146|Flavobacterium buctense	k__Bacteria; p__Bacteroidetes; c__Flavobacteriia; o__Flavobacteriales; f__Flavobacteriaceae; g__Flavobacterium; s__Flavobacterium buctense
species|1650658|Actinobacteria bacterium IMCC26256	k__Bacteria; p__Actinobacteria; c__Actinobacteria; o__nan; f__nan; g__nan; s__Actinobacteria bacterium IMCC26256
species|1654716|Bradyrhizobium viridifuturi	k__Bacteria; p__Proteobacteria; c__Alphaproteobacteria; o__Rhizobiales; f__Bradyrhizobiaceae; g__Bradyrhizobium; s__Bradyrhizobium viridifuturi
species|1656888|Flavisolibacter aluminii	k__Bacteria; p__Bacteroidetes; c__Chitinophagia; o__Chitinophagales; f__Chitinophagaceae; g__Flavisolibacter; s__Flavisolibacter aluminii
species|1658665|Mitsuaria sp. 7	k__Bacteria; p__Proteobacteria; c__Betaproteobacteria; o__Burkholderiales; f__nan; g__Mitsuaria; s__Mitsuaria sp. 7
species|1665|Arthrobacter globiformis	k__Bacteria; p__Actinobacteria; c__Actinobacteria; o__Micrococcales; f__Micrococcaceae; g__Arthrobacter; s__Arthrobacter globiformis
species|1670641|Bacillus ciccensis	k__Bacteria; p__Firmicutes; c__Bacilli; o__Bacillales; f__Bacillaceae; g__Bacillus; s__Bacillus ciccensis
species|1670831|Egibacter rhizosphaerae	k__Bacteria; p__Actinobacteria; c__Nitriliruptoria; o__Egibacterales; f__Egibacteraceae; g__Egibacter; s__Egibacter rhizosphaerae
species|1673|Rhizobium viscosum	k__Bacteria; p__Proteobacteria; c__Alphaproteobacteria; o__Rhizobiales; f__Rhizobiaceae; g__Rhizobium; s__Rhizobium viscosum
species|167468|Bradyrhizobium sp. ORS 3257	k__Bacteria; p__Proteobacteria; c__Alphaproteobacteria; o__Rhizobiales; f__Bradyrhizobiaceae; g__Bradyrhizobium; s__Bradyrhizobium sp. ORS 3257
species|1677|Arthrobacter pascens	k__Bacteria; p__Actinobacteria; c__Actinobacteria; o__Micrococcales; f__Micrococcaceae; g__Arthrobacter; s__Arthrobacter pascens
species|1678028|Massilia sp. NR 4-1	k__Bacteria; p__Proteobacteria; c__Betaproteobacteria; o__Burkholderiales; f__Oxalobacteraceae; g__Massilia; s__Massilia sp. NR 4-1
species|1678728|Flavobacterium kingsejongi	k__Bacteria; p__Bacteroidetes; c__Flavobacteriia; o__Flavobacteriales; f__Flavobacteriaceae; g__Flavobacterium; s__Flavobacterium kingsejongi
species|1682150|Paenibacillus arcticus	k__Bacteria; p__Firmicutes; c__Bacilli; o__Bacillales; f__Paenibacillaceae; g__Paenibacillus; s__Paenibacillus arcticus
species|1685901|Lysobacter cavernae	k__Bacteria; p__Proteobacteria; c__Gammaproteobacteria; o__Xanthomonadales; f__Xanthomonadaceae; g__Lysobacter; s__Lysobacter cavernae
species|169056|Nordella oligomobilis	k__Bacteria; p__Proteobacteria; c__Alphaproteobacteria; o__Rhizobiales; f__nan; g__Nordella; s__Nordella oligomobilis
species|169427|Paraburkholderia terricola	k__Bacteria; p__Proteobacteria; c__Betaproteobacteria; o__Burkholderiales; f__Burkholderiaceae; g__Paraburkholderia; s__Paraburkholderia terricola
species|169430|Paraburkholderia hospita	k__Bacteria; p__Proteobacteria; c__Betaproteobacteria; o__Burkholderiales; f__Burkholderiaceae; g__Paraburkholderia; s__Paraburkholderia hospita
species|1703345|Niastella vici	k__Bacteria; p__Bacteroidetes; c__Chitinophagia; o__Chitinophagales; f__Chitinophagaceae; g__Niastella; s__Niastella vici
species|1704307|Candidatus Xiphinematobacter sp. Idaho Grape	k__Bacteria; p__Verrucomicrobia; c__Spartobacteria; o__nan; f__nan; g__Candidatus Xiphinematobacter; s__Candidatus Xiphinematobacter sp. Idaho Grape
species|1705717|Patulibacter brassicae	k__Bacteria; p__Actinobacteria; c__Thermoleophilia; o__Solirubrobacterales; f__Patulibacteraceae; g__Patulibacter; s__Patulibacter brassicae
species|1706829|Sediminibacterium aquarii	k__Bacteria; p__Bacteroidetes; c__Chitinophagia; o__Chitinophagales; f__Chitinophagaceae; g__Sediminibacterium; s__Sediminibacterium aquarii
species|1707527|Brevibacillus sediminis	k__Bacteria; p__Firmicutes; c__Bacilli; o__Bacillales; f__Paenibacillaceae; g__Brevibacillus; s__Brevibacillus sediminis
species|1707785|Massilia sp. WG5	k__Bacteria; p__Proteobacteria; c__Betaproteobacteria; o__Burkholderiales; f__Oxalobacteraceae; g__Massilia; s__Massilia sp. WG5
species|1708347|Arenimonas aestuarii	k__Bacteria; p__Proteobacteria; c__Gammaproteobacteria; o__Xanthomonadales; f__Xanthomonadaceae; g__Arenimonas; s__Arenimonas aestuarii
species|1708790|Altererythrobacter rigui	k__Bacteria; p__Proteobacteria; c__Alphaproteobacteria; o__Sphingomonadales; f__Erythrobacteraceae; g__Altererythrobacter; s__Altererythrobacter rigui
species|171404|Paenibacillus agaridevorans	k__Bacteria; p__Firmicutes; c__Bacilli; o__Bacillales; f__Paenibacillaceae; g__Paenibacillus; s__Paenibacillus agaridevorans
species|1715347|Rhabdanaerobium thermarum	k__Bacteria; p__Firmicutes; c__Clostridia; o__Clostridiales; f__Eubacteriaceae; g__Rhabdanaerobium; s__Rhabdanaerobium thermarum
species|1715989|Candidatus Nitrospira inopinata	k__Bacteria; p__Nitrospirae; c__Nitrospira; o__Nitrospirales; f__Nitrospiraceae; g__Nitrospira; s__Candidatus Nitrospira inopinata
species|1717229|Spirosoma aerophilum	k__Bacteria; p__Bacteroidetes; c__Cytophagia; o__Cytophagales; f__Cytophagaceae; g__Spirosoma; s__Spirosoma aerophilum
species|1720254|Lysobacter humi Lee et al. 2017	k__Bacteria; p__Proteobacteria; c__Gammaproteobacteria; o__Xanthomonadales; f__Xanthomonadaceae; g__Lysobacter; s__Lysobacter humi Lee et al. 2017
species|1730526|Naumannella huperziae	k__Bacteria; p__Actinobacteria; c__Actinobacteria; o__Propionibacteriales; f__Propionibacteriaceae; g__Naumannella; s__Naumannella huperziae
species|173480|Gemmatimonas aurantiaca	k__Bacteria; p__Gemmatimonadetes; c__Gemmatimonadetes; o__Gemmatimonadales; f__Gemmatimonadaceae; g__Gemmatimonas; s__Gemmatimonas aurantiaca
species|1736675|Devosia sp. A16	k__Bacteria; p__Proteobacteria; c__Alphaproteobacteria; o__Rhizobiales; f__Hyphomicrobiaceae; g__Devosia; s__Devosia sp. A16
species|1737571|Bacillus oryzisoli	k__Bacteria; p__Firmicutes; c__Bacilli; o__Bacillales; f__Bacillaceae; g__Bacillus; s__Bacillus oryzisoli
species|1740721|Neobacillus cucumis	k__Bacteria; p__Firmicutes; c__Bacilli; o__Bacillales; f__Bacillaceae; g__Neobacillus; s__Neobacillus cucumis
species|1742359|Bacillus dafuensis	k__Bacteria; p__Firmicutes; c__Bacilli; o__Bacillales; f__Bacillaceae; g__Bacillus; s__Bacillus dafuensis
species|1742688|Hamadaea flava	k__Bacteria; p__Actinobacteria; c__Actinobacteria; o__Micromonosporales; f__Micromonosporaceae; g__Hamadaea; s__Hamadaea flava
species|1742923|Thermostilla marina	k__Bacteria; p__Planctomycetes; c__Planctomycetia; o__Pirellulales; f__Thermoguttaceae; g__Thermostilla; s__Thermostilla marina
species|1743261|Lysobacter terricola	k__Bacteria; p__Proteobacteria; c__Gammaproteobacteria; o__Xanthomonadales; f__Xanthomonadaceae; g__Lysobacter; s__Lysobacter terricola
species|1757089|Phenylobacterium panacis	k__Bacteria; p__Proteobacteria; c__Alphaproteobacteria; o__Caulobacterales; f__Caulobacteraceae; g__Phenylobacterium; s__Phenylobacterium panacis
species|1759059|Caulobacteraceae bacterium OTSz_A_272	k__Bacteria; p__Proteobacteria; c__Alphaproteobacteria; o__Caulobacterales; f__Caulobacteraceae; g__nan; s__Caulobacteraceae bacterium OTSz_A_272
species|1759536|Friedmanniella endophytica	k__Bacteria; p__Actinobacteria; c__Actinobacteria; o__Propionibacteriales; f__Nocardioidaceae; g__Friedmanniella; s__Friedmanniella endophytica
species|1761741|Paenibacillus periandrae	k__Bacteria; p__Firmicutes; c__Bacilli; o__Bacillales; f__Paenibacillaceae; g__Paenibacillus; s__Paenibacillus periandrae
species|1765049|Azospira sp. I09	k__Bacteria; p__Proteobacteria; c__Betaproteobacteria; o__Rhodocyclales; f__Rhodocyclaceae; g__Azospira; s__Azospira sp. I09
species|1765737|Dissulfurirhabdus thermomarina	k__Bacteria; p__Proteobacteria; c__Deltaproteobacteria; o__nan; f__Dissulfurirhabdaceae; g__Dissulfurirhabdus; s__Dissulfurirhabdus thermomarina
species|1772194|Massilia pinisoli	k__Bacteria; p__Proteobacteria; c__Betaproteobacteria; o__Burkholderiales; f__Oxalobacteraceae; g__Massilia; s__Massilia pinisoli
species|1776165|Pseudoduganella eburnea	k__Bacteria; p__Proteobacteria; c__Betaproteobacteria; o__Burkholderiales; f__Oxalobacteraceae; g__Pseudoduganella; s__Pseudoduganella eburnea
species|1776391|Romboutsia timonensis	k__Bacteria; p__Firmicutes; c__Clostridia; o__Clostridiales; f__Peptostreptococcaceae; g__Romboutsia; s__Romboutsia timonensis
species|1777134|Caballeronia turbans	k__Bacteria; p__Proteobacteria; c__Betaproteobacteria; o__Burkholderiales; f__Burkholderiaceae; g__Caballeronia; s__Caballeronia turbans
species|1778678|Paenibacillus psychroresistens	k__Bacteria; p__Firmicutes; c__Bacilli; o__Bacillales; f__Paenibacillaceae; g__Paenibacillus; s__Paenibacillus psychroresistens
species|1781165|Lysobacter rhizophilus	k__Bacteria; p__Proteobacteria; c__Gammaproteobacteria; o__Xanthomonadales; f__Xanthomonadaceae; g__Lysobacter; s__Lysobacter rhizophilus
species|1781166|Niastella hibisci	k__Bacteria; p__Bacteroidetes; c__Chitinophagia; o__Chitinophagales; f__Chitinophagaceae; g__Niastella; s__Niastella hibisci
species|1781167|Ramlibacter rhizophilus	k__Bacteria; p__Proteobacteria; c__Betaproteobacteria; o__Burkholderiales; f__Comamonadaceae; g__Ramlibacter; s__Ramlibacter rhizophilus
species|1789672|Skermanella mucosa	k__Bacteria; p__Proteobacteria; c__Alphaproteobacteria; o__Rhodospirillales; f__Rhodospirillaceae; g__Skermanella; s__Skermanella mucosa
species|1789691|Flaviaesturariibacter luteus	k__Bacteria; p__Bacteroidetes; c__Chitinophagia; o__Chitinophagales; f__Chitinophagaceae; g__Flaviaesturariibacter; s__Flaviaesturariibacter luteus
species|1792502|Puia dinghuensis	k__Bacteria; p__Bacteroidetes; c__Chitinophagia; o__Chitinophagales; f__Chitinophagaceae; g__Puia; s__Puia dinghuensis
species|1792846|Lysobacter firmicutimachus	k__Bacteria; p__Proteobacteria; c__Gammaproteobacteria; o__Xanthomonadales; f__Xanthomonadaceae; g__Lysobacter; s__Lysobacter firmicutimachus
species|179467|Oxalicibacterium flavum	k__Bacteria; p__Proteobacteria; c__Betaproteobacteria; o__Burkholderiales; f__Oxalobacteraceae; g__Oxalicibacterium; s__Oxalicibacterium flavum
species|1796922|Piscinibacter defluvii	k__Bacteria; p__Proteobacteria; c__Betaproteobacteria; o__Burkholderiales; f__nan; g__Piscinibacter; s__Piscinibacter defluvii
species|180195|Herbaspirillum autotrophicum	k__Bacteria; p__Proteobacteria; c__Betaproteobacteria; o__Burkholderiales; f__Oxalobacteraceae; g__Herbaspirillum; s__Herbaspirillum autotrophicum
species|180282|Delftia tsuruhatensis	k__Bacteria; p__Proteobacteria; c__Betaproteobacteria; o__Burkholderiales; f__Comamonadaceae; g__Delftia; s__Delftia tsuruhatensis
species|1805474|Bacillus mediterraneensis	k__Bacteria; p__Firmicutes; c__Bacilli; o__Bacillales; f__Bacillaceae; g__Bacillus; s__Bacillus mediterraneensis
species|1805827|Rhodococcus sp. MTM3W5.2	k__Bacteria; p__Actinobacteria; c__Actinobacteria; o__Corynebacteriales; f__Nocardiaceae; g__Rhodococcus; s__Rhodococcus sp. MTM3W5.2
species|1805970|Deinococcus oregonensis	k__Bacteria; p__Deinococcus-Thermus; c__Deinococci; o__Deinococcales; f__Deinococcaceae; g__Deinococcus; s__Deinococcus oregonensis
species|1806200|Ensifer collicola	k__Bacteria; p__Proteobacteria; c__Alphaproteobacteria; o__Rhizobiales; f__Rhizobiaceae; g__Ensifer; s__Ensifer collicola
species|1811224|Massilia terrae	k__Bacteria; p__Proteobacteria; c__Betaproteobacteria; o__Burkholderiales; f__Oxalobacteraceae; g__Massilia; s__Massilia terrae
species|1811225|Massilia solisilvae	k__Bacteria; p__Proteobacteria; c__Betaproteobacteria; o__Burkholderiales; f__Oxalobacteraceae; g__Massilia; s__Massilia solisilvae
species|1811226|Massilia agilis	k__Bacteria; p__Proteobacteria; c__Betaproteobacteria; o__Burkholderiales; f__Oxalobacteraceae; g__Massilia; s__Massilia agilis
species|1813871|Panacibacter ginsenosidivorans	k__Bacteria; p__Bacteroidetes; c__Chitinophagia; o__Chitinophagales; f__Chitinophagaceae; g__Panacibacter; s__Panacibacter ginsenosidivorans
species|1813876|Phenylobacterium hankyongense	k__Bacteria; p__Proteobacteria; c__Alphaproteobacteria; o__Caulobacterales; f__Caulobacteraceae; g__Phenylobacterium; s__Phenylobacterium hankyongense
species|1813878|Sphingomonas agri	k__Bacteria; p__Proteobacteria; c__Alphaproteobacteria; o__Sphingomonadales; f__Sphingomonadaceae; g__Sphingomonas; s__Sphingomonas agri
species|1817965|Skermanella rosea	k__Bacteria; p__Proteobacteria; c__Alphaproteobacteria; o__Rhodospirillales; f__Rhodospirillaceae; g__Skermanella; s__Skermanella rosea
species|1822381|Massilia chloroacetimidivorans	k__Bacteria; p__Proteobacteria; c__Betaproteobacteria; o__Burkholderiales; f__Oxalobacteraceae; g__Massilia; s__Massilia chloroacetimidivorans
species|1823759|Desulfuromonas sp. DDH964	k__Bacteria; p__Proteobacteria; c__Deltaproteobacteria; o__Desulfuromonadales; f__Desulfuromonadaceae; g__Desulfuromonas; s__Desulfuromonas sp. DDH964
species|182640|Kribbella flavida	k__Bacteria; p__Actinobacteria; c__Actinobacteria; o__Propionibacteriales; f__Nocardioidaceae; g__Kribbella; s__Kribbella flavida
species|1827305|Stenotrophomonas sp. MYb57	k__Bacteria; p__Proteobacteria; c__Gammaproteobacteria; o__Xanthomonadales; f__Xanthomonadaceae; g__Stenotrophomonas; s__Stenotrophomonas sp. MYb57
species|1834519|Fibrella sp. ES10-3-2-2	k__Bacteria; p__Bacteroidetes; c__Cytophagia; o__Cytophagales; f__Cytophagaceae; g__Fibrella; s__Fibrella sp. ES10-3-2-2
species|1836198|Variovorax ureilyticus	k__Bacteria; p__Proteobacteria; c__Betaproteobacteria; o__Burkholderiales; f__Comamonadaceae; g__Variovorax; s__Variovorax ureilyticus
species|1836199|Variovorax robiniae	k__Bacteria; p__Proteobacteria; c__Betaproteobacteria; o__Burkholderiales; f__Comamonadaceae; g__Variovorax; s__Variovorax robiniae
species|1836200|Variovorax rhizosphaerae	k__Bacteria; p__Proteobacteria; c__Betaproteobacteria; o__Burkholderiales; f__Comamonadaceae; g__Variovorax; s__Variovorax rhizosphaerae
species|1837343|Paenibacillus qinlingensis	k__Bacteria; p__Firmicutes; c__Bacilli; o__Bacillales; f__Paenibacillaceae; g__Paenibacillus; s__Paenibacillus qinlingensis
species|1842534|Sinorhizobium sp. RAC02	k__Bacteria; p__Proteobacteria; c__Alphaproteobacteria; o__Rhizobiales; f__Rhizobiaceae; g__Sinorhizobium; s__Sinorhizobium sp. RAC02
species|1842536|Agrobacterium sp. RAC06	k__Bacteria; p__Proteobacteria; c__Alphaproteobacteria; o__Rhizobiales; f__Rhizobiaceae; g__Agrobacterium; s__Agrobacterium sp. RAC06
species|1842727|Rhodoferax koreense	k__Bacteria; p__Proteobacteria; c__Betaproteobacteria; o__Burkholderiales; f__Comamonadaceae; g__Rhodoferax; s__Rhodoferax koreense
species|1843099|Lacibacter nakdongensis	k__Bacteria; p__Bacteroidetes; c__Chitinophagia; o__Chitinophagales; f__Chitinophagaceae; g__Lacibacter; s__Lacibacter nakdongensis
species|1843|Nocardioides jensenii	k__Bacteria; p__Actinobacteria; c__Actinobacteria; o__Propionibacteriales; f__Nocardioidaceae; g__Nocardioides; s__Nocardioides jensenii
species|184914|Corallococcus coralloides	k__Bacteria; p__Proteobacteria; c__Deltaproteobacteria; o__Myxococcales; f__Myxococcaceae; g__Corallococcus; s__Corallococcus coralloides
species|1849581|Dyella caseinilytica	k__Bacteria; p__Proteobacteria; c__Gammaproteobacteria; o__Xanthomonadales; f__Rhodanobacteraceae; g__Dyella; s__Dyella caseinilytica
species|1854496|Microvirga soli	k__Bacteria; p__Proteobacteria; c__Alphaproteobacteria; o__Rhizobiales; f__Methylobacteriaceae; g__Microvirga; s__Microvirga soli
species|1854499|Noviherbaspirillum agri	k__Bacteria; p__Proteobacteria; c__Betaproteobacteria; o__Burkholderiales; f__Oxalobacteraceae; g__Noviherbaspirillum; s__Noviherbaspirillum agri
species|1855912|Luteitalea pratensis	k__Bacteria; p__Acidobacteria; c__Vicinamibacteria; o__nan; f__Vicinamibacteraceae; g__Luteitalea; s__Luteitalea pratensis
species|1859460|Luteolibacter flavescens	k__Bacteria; p__Verrucomicrobia; c__Verrucomicrobiae; o__Verrucomicrobiales; f__Verrucomicrobiaceae; g__Luteolibacter; s__Luteolibacter flavescens
species|1859|Frankia alni	k__Bacteria; p__Actinobacteria; c__Actinobacteria; o__Frankiales; f__Frankiaceae; g__Frankia; s__Frankia alni
species|1864509|Rhizobium altiplani	k__Bacteria; p__Proteobacteria; c__Alphaproteobacteria; o__Rhizobiales; f__Rhizobiaceae; g__Rhizobium; s__Rhizobium altiplani
species|1864941|Terrimonas terrae	k__Bacteria; p__Bacteroidetes; c__Chitinophagia; o__Chitinophagales; f__Chitinophagaceae; g__Terrimonas; s__Terrimonas terrae
species|186651|Microvirga subterranea	k__Bacteria; p__Proteobacteria; c__Alphaproteobacteria; o__Rhizobiales; f__Methylobacteriaceae; g__Microvirga; s__Microvirga subterranea
species|1867774|Aliidongia dinghuensis	k__Bacteria; p__Proteobacteria; c__Alphaproteobacteria; o__Rhodospirillales; f__Rhodospirillaceae; g__Aliidongia; s__Aliidongia dinghuensis
species|1867796|Vitiosangium cumulatum	k__Bacteria; p__Proteobacteria; c__Deltaproteobacteria; o__Myxococcales; f__Archangiaceae; g__Vitiosangium; s__Vitiosangium cumulatum
species|1867797|Vitiosangium subalbum	k__Bacteria; p__Proteobacteria; c__Deltaproteobacteria; o__Myxococcales; f__Archangiaceae; g__Vitiosangium; s__Vitiosangium subalbum
species|1867846|Legionella clemsonensis	k__Bacteria; p__Proteobacteria; c__Gammaproteobacteria; o__Legionellales; f__Legionellaceae; g__Legionella; s__Legionella clemsonensis
species|1867851|Terrimonas crocea	k__Bacteria; p__Bacteroidetes; c__Chitinophagia; o__Chitinophagales; f__Chitinophagaceae; g__Terrimonas; s__Terrimonas crocea
species|1882682|Microvirga ossetica	k__Bacteria; p__Proteobacteria; c__Alphaproteobacteria; o__Rhizobiales; f__Methylobacteriaceae; g__Microvirga; s__Microvirga ossetica
species|1885912|Racemicystis persica	k__Bacteria; p__Proteobacteria; c__Deltaproteobacteria; o__Myxococcales; f__Polyangiaceae; g__Racemicystis; s__Racemicystis persica
species|1886782|Flavobacterium olei	k__Bacteria; p__Bacteroidetes; c__Flavobacteriia; o__Flavobacteriales; f__Flavobacteriaceae; g__Flavobacterium; s__Flavobacterium olei
species|1886785|Massilia agri	k__Bacteria; p__Proteobacteria; c__Betaproteobacteria; o__Burkholderiales; f__Oxalobacteraceae; g__Massilia; s__Massilia agri
species|1890295|Pseudoduganella danionis	k__Bacteria; p__Proteobacteria; c__Betaproteobacteria; o__Burkholderiales; f__Oxalobacteraceae; g__Pseudoduganella; s__Pseudoduganella danionis
species|1892554|Adhaeribacter terrae	k__Bacteria; p__Bacteroidetes; c__Cytophagia; o__Cytophagales; f__Hymenobacteraceae; g__Adhaeribacter; s__Adhaeribacter terrae
species|1892555|Flaviaesturariibacter terrae	k__Bacteria; p__Bacteroidetes; c__Chitinophagia; o__Chitinophagales; f__Chitinophagaceae; g__Flaviaesturariibacter; s__Flaviaesturariibacter terrae
species|1892851|Flavitalea flava	k__Bacteria; p__Bacteroidetes; c__Chitinophagia; o__Chitinophagales; f__Chitinophagaceae; g__Flavitalea; s__Flavitalea flava
species|1892855|Sphingosinicella sp. BN140058	k__Bacteria; p__Proteobacteria; c__Alphaproteobacteria; o__Sphingomonadales; f__Sphingomonadaceae; g__Sphingosinicella; s__Sphingosinicella sp. BN140058
species|1892865|Allostreptomyces psammosilenae	k__Bacteria; p__Actinobacteria; c__Actinobacteria; o__Streptomycetales; f__Streptomycetaceae; g__Allostreptomyces; s__Allostreptomyces psammosilenae
species|189691|Paenibacillus elgii	k__Bacteria; p__Firmicutes; c__Bacilli; o__Bacillales; f__Paenibacillaceae; g__Paenibacillus; s__Paenibacillus elgii
species|1897628|Rhodoplanes azumiensis	k__Bacteria; p__Proteobacteria; c__Alphaproteobacteria; o__Rhizobiales; f__Hyphomicrobiaceae; g__Rhodoplanes; s__Rhodoplanes azumiensis
species|1897629|Rhodoplanes tepidicaeni	k__Bacteria; p__Proteobacteria; c__Alphaproteobacteria; o__Rhizobiales; f__Hyphomicrobiaceae; g__Rhodoplanes; s__Rhodoplanes tepidicaeni
species|190148|Bradyrhizobium paxllaeri	k__Bacteria; p__Proteobacteria; c__Alphaproteobacteria; o__Rhizobiales; f__Bradyrhizobiaceae; g__Bradyrhizobium; s__Bradyrhizobium paxllaeri
species|1904640|Betaproteobacteria bacterium GR16-43	k__Bacteria; p__Proteobacteria; c__Betaproteobacteria; o__nan; f__nan; g__nan; s__Betaproteobacteria bacterium GR16-43
species|1904807|Bradyrhizobium mercantei	k__Bacteria; p__Proteobacteria; c__Alphaproteobacteria; o__Rhizobiales; f__Bradyrhizobiaceae; g__Bradyrhizobium; s__Bradyrhizobium mercantei
species|1908690|Fimbriiglobus ruber	k__Bacteria; p__Planctomycetes; c__Planctomycetia; o__Gemmatales; f__Gemmataceae; g__Fimbriiglobus; s__Fimbriiglobus ruber
species|1911421|Aridibacter nitratireducens	k__Bacteria; p__Acidobacteria; c__Blastocatellia; o__Blastocatellales; f__Blastocatellaceae; g__Aridibacter; s__Aridibacter nitratireducens
species|191495|Conexibacter woesei	k__Bacteria; p__Actinobacteria; c__Thermoleophilia; o__Solirubrobacterales; f__Conexibacteraceae; g__Conexibacter; s__Conexibacter woesei
species|191863|Chthoniobacter flavus	k__Bacteria; p__Verrucomicrobia; c__Spartobacteria; o__Chthoniobacterales; f__Chthoniobacteraceae; g__Chthoniobacter; s__Chthoniobacter flavus
species|1920170|Dyella flava	k__Bacteria; p__Proteobacteria; c__Gammaproteobacteria; o__Xanthomonadales; f__Rhodanobacteraceae; g__Dyella; s__Dyella flava
species|1926870|Lysobacter olei	k__Bacteria; p__Proteobacteria; c__Gammaproteobacteria; o__Xanthomonadales; f__Xanthomonadaceae; g__Lysobacter; s__Lysobacter olei
species|1926872|Ramlibacter monticola	k__Bacteria; p__Proteobacteria; c__Betaproteobacteria; o__Burkholderiales; f__Comamonadaceae; g__Ramlibacter; s__Ramlibacter monticola
species|1928661|Bradyrhizobium cajani	k__Bacteria; p__Proteobacteria; c__Alphaproteobacteria; o__Rhizobiales; f__Bradyrhizobiaceae; g__Bradyrhizobium; s__Bradyrhizobium cajani
species|1929097|Lysobacter solanacearum	k__Bacteria; p__Proteobacteria; c__Gammaproteobacteria; o__Xanthomonadales; f__Xanthomonadaceae; g__Lysobacter; s__Lysobacter solanacearum
species|192|Azospirillum brasilense	k__Bacteria; p__Proteobacteria; c__Alphaproteobacteria; o__Rhodospirillales; f__Rhodospirillaceae; g__Azospirillum; s__Azospirillum brasilense
species|1930071|Methylomusa anaerophila	k__Bacteria; p__Firmicutes; c__Negativicutes; o__Selenomonadales; f__Sporomusaceae; g__Methylomusa; s__Methylomusa anaerophila
species|1930276|Planctomycetes bacterium HG15A2	k__Bacteria; p__Planctomycetes; c__nan; o__nan; f__nan; g__nan; s__Planctomycetes bacterium HG15A2
species|1933902|Rubrobacter spartanus	k__Bacteria; p__Actinobacteria; c__Rubrobacteria; o__Rubrobacterales; f__Rubrobacteraceae; g__Rubrobacter; s__Rubrobacter spartanus
species|1938606|Janthinobacterium sp. LM6	k__Bacteria; p__Proteobacteria; c__Betaproteobacteria; o__Burkholderiales; f__Oxalobacteraceae; g__Janthinobacterium; s__Janthinobacterium sp. LM6
species|193|Azospirillum lipoferum	k__Bacteria; p__Proteobacteria; c__Alphaproteobacteria; o__Rhodospirillales; f__Rhodospirillaceae; g__Azospirillum; s__Azospirillum lipoferum
species|1949069|Massilia buxea	k__Bacteria; p__Proteobacteria; c__Betaproteobacteria; o__Burkholderiales; f__Oxalobacteraceae; g__Massilia; s__Massilia buxea
species|1963835|Arboricoccus pini	k__Bacteria; p__Proteobacteria; c__Alphaproteobacteria; o__Rhodospirillales; f__Geminicoccaceae; g__Arboricoccus; s__Arboricoccus pini
species|1968433|Noviherbaspirillum denitrificans	k__Bacteria; p__Proteobacteria; c__Betaproteobacteria; o__Burkholderiales; f__Oxalobacteraceae; g__Noviherbaspirillum; s__Noviherbaspirillum denitrificans
species|1969806|Acidibrevibacterium fodinaquatile	k__Bacteria; p__Proteobacteria; c__Alphaproteobacteria; o__Rhodospirillales; f__Acetobacteraceae; g__Acidibrevibacterium; s__Acidibrevibacterium fodinaquatile
species|1978412|Sediminibacterium roseum	k__Bacteria; p__Bacteroidetes; c__Chitinophagia; o__Chitinophagales; f__Chitinophagaceae; g__Sediminibacterium; s__Sediminibacterium roseum
species|1983306|Edaphobaculum flavum	k__Bacteria; p__Bacteroidetes; c__Chitinophagia; o__Chitinophagales; f__Chitinophagaceae; g__Edaphobaculum; s__Edaphobaculum flavum
species|198620|Pseudomonas koreensis	k__Bacteria; p__Proteobacteria; c__Gammaproteobacteria; o__Pseudomonadales; f__Pseudomonadaceae; g__Pseudomonas; s__Pseudomonas koreensis
species|2003121|Sphingobacterium sp. G1-14	k__Bacteria; p__Bacteroidetes; c__Sphingobacteriia; o__Sphingobacteriales; f__Sphingobacteriaceae; g__Sphingobacterium; s__Sphingobacterium sp. G1-14
species|200615|Rhodoplanes serenus	k__Bacteria; p__Proteobacteria; c__Alphaproteobacteria; o__Rhizobiales; f__Hyphomicrobiaceae; g__Rhodoplanes; s__Rhodoplanes serenus
species|200616|Rhodoplanes tepidamans	k__Bacteria; p__Proteobacteria; c__Alphaproteobacteria; o__Rhizobiales; f__Hyphomicrobiaceae; g__Rhodoplanes; s__Rhodoplanes tepidamans
species|2010972|Caulobacter rhizosphaerae	k__Bacteria; p__Proteobacteria; c__Alphaproteobacteria; o__Caulobacterales; f__Caulobacteraceae; g__Caulobacter; s__Caulobacter rhizosphaerae
species|2014610|Roseisolibacter agri	k__Bacteria; p__Gemmatimonadetes; c__Gemmatimonadetes; o__Gemmatimonadales; f__Gemmatimonadaceae; g__Roseisolibacter; s__Roseisolibacter agri
species|2014887|Herbaspirillum robiniae	k__Bacteria; p__Proteobacteria; c__Betaproteobacteria; o__Burkholderiales; f__Oxalobacteraceae; g__Herbaspirillum; s__Herbaspirillum robiniae
species|2015316|Bosea sp. AS-1	k__Bacteria; p__Proteobacteria; c__Alphaproteobacteria; o__Rhizobiales; f__Bradyrhizobiaceae; g__Bosea; s__Bosea sp. AS-1
species|2020716|Paenibacillus konkukensis	k__Bacteria; p__Firmicutes; c__Bacilli; o__Bacillales; f__Paenibacillaceae; g__Paenibacillus; s__Paenibacillus konkukensis
species|2021234|Ahniella affigens	k__Bacteria; p__Proteobacteria; c__Gammaproteobacteria; o__Xanthomonadales; f__Rhodanobacteraceae; g__Ahniella; s__Ahniella affigens
species|2024524|Terrimonas soli	k__Bacteria; p__Bacteroidetes; c__Chitinophagia; o__Chitinophagales; f__Chitinophagaceae; g__Terrimonas; s__Terrimonas soli
species|2025949|Herbaspirillum sp. meg3	k__Bacteria; p__Proteobacteria; c__Betaproteobacteria; o__Burkholderiales; f__Oxalobacteraceae; g__Herbaspirillum; s__Herbaspirillum sp. meg3
species|2026176|Massilia phosphatilytica	k__Bacteria; p__Proteobacteria; c__Betaproteobacteria; o__Burkholderiales; f__Oxalobacteraceae; g__Massilia; s__Massilia phosphatilytica
species|2027860|Mucilaginibacter rubeus	k__Bacteria; p__Bacteroidetes; c__Sphingobacteriia; o__Sphingobacteriales; f__Sphingobacteriaceae; g__Mucilaginibacter; s__Mucilaginibacter rubeus
species|2029860|Tundrisphaera lichenicola	k__Bacteria; p__Planctomycetes; c__Planctomycetia; o__Isosphaerales; f__Isosphaeraceae; g__Tundrisphaera; s__Tundrisphaera lichenicola
species|203699|Derxia gummosa	k__Bacteria; p__Proteobacteria; c__Betaproteobacteria; o__Burkholderiales; f__Alcaligenaceae; g__Derxia; s__Derxia gummosa
species|203799|Nocardioides aquiterrae	k__Bacteria; p__Actinobacteria; c__Actinobacteria; o__Propionibacteriales; f__Nocardioidaceae; g__Nocardioides; s__Nocardioides aquiterrae
species|2038343|Jatrophihabitans telluris	k__Bacteria; p__Actinobacteria; c__Actinobacteria; o__Frankiales; f__Frankiaceae; g__Jatrophihabitans; s__Jatrophihabitans telluris
species|2039631|Ramlibacter alkalitolerans	k__Bacteria; p__Proteobacteria; c__Betaproteobacteria; o__Burkholderiales; f__Comamonadaceae; g__Ramlibacter; s__Ramlibacter alkalitolerans
species|2045208|Massilia violaceinigra	k__Bacteria; p__Proteobacteria; c__Betaproteobacteria; o__Burkholderiales; f__Oxalobacteraceae; g__Massilia; s__Massilia violaceinigra
species|204936|Sporomusa aerivorans	k__Bacteria; p__Firmicutes; c__Negativicutes; o__Selenomonadales; f__Sporomusaceae; g__Sporomusa; s__Sporomusa aerivorans
species|2051552|Mycobacterium sp. PYR15	k__Bacteria; p__Actinobacteria; c__Actinobacteria; o__Corynebacteriales; f__Mycobacteriaceae; g__Mycobacterium; s__Mycobacterium sp. PYR15
species|2053591|Planctomycetales bacterium	k__Bacteria; p__Planctomycetes; c__Planctomycetia; o__Planctomycetales; f__nan; g__nan; s__Planctomycetales bacterium
species|2054315|Nemorincola caseinilytica	k__Bacteria; p__Bacteroidetes; c__Chitinophagia; o__Chitinophagales; f__Chitinophagaceae; g__Nemorincola; s__Nemorincola caseinilytica
species|2056494|Candidatus Saccharibacteria bacterium YM_S32_TM7_50_20	k__Bacteria; p__Candidatus Saccharibacteria; c__nan; o__nan; f__nan; g__nan; s__Candidatus Saccharibacteria bacterium YM_S32_TM7_50_20
species|2057|Sphaerobacter thermophilus	k__Bacteria; p__Chloroflexi; c__Thermomicrobia; o__Sphaerobacterales; f__Sphaerobacteraceae; g__Sphaerobacter; s__Sphaerobacter thermophilus
species|2058136|Planococcus sp. MB-3u-03	k__Bacteria; p__Firmicutes; c__Bacilli; o__Bacillales; f__Planococcaceae; g__Planococcus; s__Planococcus sp. MB-3u-03
species|2066070|Mesorhizobium japonicum	k__Bacteria; p__Proteobacteria; c__Alphaproteobacteria; o__Rhizobiales; f__Phyllobacteriaceae; g__Mesorhizobium; s__Mesorhizobium japonicum
species|2070463|Lysinibacillus sp. SGAir0095	k__Bacteria; p__Firmicutes; c__Bacilli; o__Bacillales; f__Bacillaceae; g__Lysinibacillus; s__Lysinibacillus sp. SGAir0095
species|2071607|Sphingomonas rhizophila	k__Bacteria; p__Proteobacteria; c__Alphaproteobacteria; o__Sphingomonadales; f__Sphingomonadaceae; g__Sphingomonas; s__Sphingomonas rhizophila
species|2072590|Massilia armeniaca	k__Bacteria; p__Proteobacteria; c__Betaproteobacteria; o__Burkholderiales; f__Oxalobacteraceae; g__Massilia; s__Massilia armeniaca
species|2079227|Arthrobacter sp. PGP41	k__Bacteria; p__Actinobacteria; c__Actinobacteria; o__Micrococcales; f__Micrococcaceae; g__Arthrobacter; s__Arthrobacter sp. PGP41
species|2082386|Methylibium sp. Pch-M	k__Bacteria; p__Proteobacteria; c__Betaproteobacteria; o__Burkholderiales; f__nan; g__Methylibium; s__Methylibium sp. Pch-M
species|2082949|Microvirga sp. 17 mud 1-3	k__Bacteria; p__Proteobacteria; c__Alphaproteobacteria; o__Rhizobiales; f__Methylobacteriaceae; g__Microvirga; s__Microvirga sp. 17 mud 1-3
species|2086471|Adhaeribacter swui	k__Bacteria; p__Bacteroidetes; c__Cytophagia; o__Cytophagales; f__Hymenobacteraceae; g__Adhaeribacter; s__Adhaeribacter swui
species|209080|Propionispora hippei	k__Bacteria; p__Firmicutes; c__Negativicutes; o__Selenomonadales; f__Sporomusaceae; g__Propionispora; s__Propionispora hippei
species|2100740|Pedobacter mongoliensis	k__Bacteria; p__Bacteroidetes; c__Sphingobacteriia; o__Sphingobacteriales; f__Sphingobacteriaceae; g__Pedobacter; s__Pedobacter mongoliensis
species|211146|Paenarthrobacter nitroguajacolicus	k__Bacteria; p__Actinobacteria; c__Actinobacteria; o__Micrococcales; f__Micrococcaceae; g__Paenarthrobacter; s__Paenarthrobacter nitroguajacolicus
species|2141|Spiroplasma ixodetis	k__Bacteria; p__Tenericutes; c__Mollicutes; o__Entomoplasmatales; f__Spiroplasmataceae; g__Spiroplasma; s__Spiroplasma ixodetis
species|216778|Stenotrophomonas rhizophila	k__Bacteria; p__Proteobacteria; c__Gammaproteobacteria; o__Xanthomonadales; f__Xanthomonadaceae; g__Stenotrophomonas; s__Stenotrophomonas rhizophila
species|217070|Stella vacuolata	k__Bacteria; p__Proteobacteria; c__Alphaproteobacteria; o__Rhodospirillales; f__Acetobacteraceae; g__Stella; s__Stella vacuolata
species|2170729|Methyloceanibacter sp. wino2	k__Bacteria; p__Proteobacteria; c__Alphaproteobacteria; o__Rhizobiales; f__nan; g__Methyloceanibacter; s__Methyloceanibacter sp. wino2
species|217203|Achromobacter spanius	k__Bacteria; p__Proteobacteria; c__Betaproteobacteria; o__Burkholderiales; f__Alcaligenaceae; g__Achromobacter; s__Achromobacter spanius
species|217204|Achromobacter insolitus	k__Bacteria; p__Proteobacteria; c__Betaproteobacteria; o__Burkholderiales; f__Alcaligenaceae; g__Achromobacter; s__Achromobacter insolitus
species|2173175|Pararcticibacter amylolyticus	k__Bacteria; p__Bacteroidetes; c__Sphingobacteriia; o__Sphingobacteriales; f__Sphingobacteriaceae; g__Pararcticibacter; s__Pararcticibacter amylolyticus
species|2183896|Flavobacterium crocinum	k__Bacteria; p__Bacteroidetes; c__Flavobacteriia; o__Flavobacteriales; f__Flavobacteriaceae; g__Flavobacterium; s__Flavobacterium crocinum
species|21|Phenylobacterium immobile	k__Bacteria; p__Proteobacteria; c__Alphaproteobacteria; o__Caulobacterales; f__Caulobacteraceae; g__Phenylobacterium; s__Phenylobacterium immobile
species|2201356|Pseudomonas sp. 31-12	k__Bacteria; p__Proteobacteria; c__Gammaproteobacteria; o__Pseudomonadales; f__Pseudomonadaceae; g__Pseudomonas; s__Pseudomonas sp. 31-12
species|2202148|Azospirillum thermophilum	k__Bacteria; p__Proteobacteria; c__Alphaproteobacteria; o__Rhodospirillales; f__Rhodospirillaceae; g__Azospirillum; s__Azospirillum thermophilum
species|2202149|Thermomonas sp. SY21	k__Bacteria; p__Proteobacteria; c__Gammaproteobacteria; o__Xanthomonadales; f__Xanthomonadaceae; g__Thermomonas; s__Thermomonas sp. SY21
species|220685|Neobacillus bataviensis	k__Bacteria; p__Firmicutes; c__Bacilli; o__Bacillales; f__Bacillaceae; g__Neobacillus; s__Neobacillus bataviensis
species|220687|Neobacillus novalis	k__Bacteria; p__Firmicutes; c__Bacilli; o__Bacillales; f__Bacillaceae; g__Neobacillus; s__Neobacillus novalis
species|221028|Paenibacillus favisporus	k__Bacteria; p__Firmicutes; c__Bacilli; o__Bacillales; f__Paenibacillaceae; g__Paenibacillus; s__Paenibacillus favisporus
species|2211140|Acidisarcina polymorpha	k__Bacteria; p__Acidobacteria; c__Acidobacteriia; o__Acidobacteriales; f__Acidobacteriaceae; g__Acidisarcina; s__Acidisarcina polymorpha
species|2220073|Bdellovibrio sp. NC01	k__Bacteria; p__Proteobacteria; c__Oligoflexia; o__Bdellovibrionales; f__Bdellovibrionaceae; g__Bdellovibrio; s__Bdellovibrio sp. NC01
species|2231053|Bdellovibrio sp. ZAP7	k__Bacteria; p__Proteobacteria; c__Oligoflexia; o__Bdellovibrionales; f__Bdellovibrionaceae; g__Bdellovibrio; s__Bdellovibrio sp. ZAP7
species|2249356|Flavobacterium sp. HYN0086	k__Bacteria; p__Bacteroidetes; c__Flavobacteriia; o__Flavobacteriales; f__Flavobacteriaceae; g__Flavobacterium; s__Flavobacterium sp. HYN0086
species|225194|Geobacter bemidjiensis	k__Bacteria; p__Proteobacteria; c__Deltaproteobacteria; o__Desulfuromonadales; f__Geobacteraceae; g__Geobacter; s__Geobacter bemidjiensis
species|225915|Paenibacillus timonensis	k__Bacteria; p__Firmicutes; c__Bacilli; o__Bacillales; f__Paenibacillaceae; g__Paenibacillus; s__Paenibacillus timonensis
species|225917|Paenibacillus massiliensis	k__Bacteria; p__Firmicutes; c__Bacilli; o__Bacillales; f__Paenibacillaceae; g__Paenibacillus; s__Paenibacillus massiliensis
species|228899|Peribacillus asahii	k__Bacteria; p__Firmicutes; c__Bacilli; o__Bacillales; f__Bacillaceae; g__Peribacillus; s__Peribacillus asahii
species|2290922|Lysobacter sp. TY2-98	k__Bacteria; p__Proteobacteria; c__Gammaproteobacteria; o__Xanthomonadales; f__Xanthomonadaceae; g__Lysobacter; s__Lysobacter sp. TY2-98
species|229921|Levilinea saccharolytica	k__Bacteria; p__Chloroflexi; c__Anaerolineae; o__Anaerolineales; f__Anaerolineaceae; g__Levilinea; s__Levilinea saccharolytica
species|2303505|Psychrobacillus sp. AK 1817	k__Bacteria; p__Firmicutes; c__Bacilli; o__Bacillales; f__Bacillaceae; g__Psychrobacillus; s__Psychrobacillus sp. AK 1817
species|2303750|Stenotrophomonas sp. G4	k__Bacteria; p__Proteobacteria; c__Gammaproteobacteria; o__Xanthomonadales; f__Xanthomonadaceae; g__Stenotrophomonas; s__Stenotrophomonas sp. G4
species|231434|Beijerinckia mobilis	k__Bacteria; p__Proteobacteria; c__Alphaproteobacteria; o__Rhizobiales; f__Beijerinckiaceae; g__Beijerinckia; s__Beijerinckia mobilis
species|231455|Dyella japonica	k__Bacteria; p__Proteobacteria; c__Gammaproteobacteria; o__Xanthomonadales; f__Rhodanobacteraceae; g__Dyella; s__Dyella japonica
species|2315862|Paraflavitalea soli	k__Bacteria; p__Bacteroidetes; c__Chitinophagia; o__Chitinophagales; f__Chitinophagaceae; g__Paraflavitalea; s__Paraflavitalea soli
species|2321403|Chryseolinea soli	k__Bacteria; p__Bacteroidetes; c__Cytophagia; o__Cytophagales; f__Fulvivirgaceae; g__Chryseolinea; s__Chryseolinea soli
species|2358|Desulfomonile tiedjei	k__Bacteria; p__Proteobacteria; c__Deltaproteobacteria; o__Syntrophobacterales; f__Syntrophaceae; g__Desulfomonile; s__Desulfomonile tiedjei
species|238834|Clostridium estertheticum	k__Bacteria; p__Firmicutes; c__Clostridia; o__Clostridiales; f__Clostridiaceae; g__Clostridium; s__Clostridium estertheticum
species|239935|Akkermansia muciniphila	k__Bacteria; p__Verrucomicrobia; c__Verrucomicrobiae; o__Verrucomicrobiales; f__Akkermansiaceae; g__Akkermansia; s__Akkermansia muciniphila
species|244734|Bradyrhizobium betae	k__Bacteria; p__Proteobacteria; c__Alphaproteobacteria; o__Rhizobiales; f__Bradyrhizobiaceae; g__Bradyrhizobium; s__Bradyrhizobium betae
species|245|Flavobacterium aquatile	k__Bacteria; p__Bacteroidetes; c__Flavobacteriia; o__Flavobacteriales; f__Flavobacteriaceae; g__Flavobacterium; s__Flavobacterium aquatile
species|246602|Pseudoduganella violaceinigra	k__Bacteria; p__Proteobacteria; c__Betaproteobacteria; o__Burkholderiales; f__Oxalobacteraceae; g__Pseudoduganella; s__Pseudoduganella violaceinigra
species|247486|Curvibacter fontanus	k__Bacteria; p__Proteobacteria; c__Betaproteobacteria; o__Burkholderiales; f__Comamonadaceae; g__Curvibacter; s__Curvibacter fontanus
species|2492394|Lysobacter segetis	k__Bacteria; p__Proteobacteria; c__Gammaproteobacteria; o__Xanthomonadales; f__Xanthomonadaceae; g__Lysobacter; s__Lysobacter segetis
species|2492395|Mucilaginibacter terrigena	k__Bacteria; p__Bacteroidetes; c__Sphingobacteriia; o__Sphingobacteriales; f__Sphingobacteriaceae; g__Mucilaginibacter; s__Mucilaginibacter terrigena
species|2493668|Mesorhizobium sp. M9A.F.Ca.ET.002.03.1.2	k__Bacteria; p__Proteobacteria; c__Alphaproteobacteria; o__Rhizobiales; f__Phyllobacteriaceae; g__Mesorhizobium; s__Mesorhizobium sp. M9A.F.Ca.ET.002.03.1.2
species|2495582|Paenibacillus albus	k__Bacteria; p__Firmicutes; c__Bacilli; o__Bacillales; f__Paenibacillaceae; g__Paenibacillus; s__Paenibacillus albus
species|2496837|Brevibacillus sp. SCSIO 07484	k__Bacteria; p__Firmicutes; c__Bacilli; o__Bacillales; f__Paenibacillaceae; g__Brevibacillus; s__Brevibacillus sp. SCSIO 07484
species|2496847|Sterolibacteriaceae bacterium M52	k__Bacteria; p__Proteobacteria; c__Betaproteobacteria; o__Nitrosomonadales; f__Sterolibacteriaceae; g__nan; s__Sterolibacteriaceae bacterium M52
species|2496871|Geomonas soli	k__Bacteria; p__Proteobacteria; c__Betaproteobacteria; o__Burkholderiales; f__Comamonadaceae; g__'Geomonas' Khan et al. 2020; s__Geomonas soli
species|2497863|Janthinobacterium sp. 17J80-10	k__Bacteria; p__Proteobacteria; c__Betaproteobacteria; o__Burkholderiales; f__Oxalobacteraceae; g__Janthinobacterium; s__Janthinobacterium sp. 17J80-10
species|249|Terrimonas ferruginea	k__Bacteria; p__Bacteroidetes; c__Chitinophagia; o__Chitinophagales; f__Chitinophagaceae; g__Terrimonas; s__Terrimonas ferruginea
species|2502779|Flavisolibacter sp. 17J28-1	k__Bacteria; p__Bacteroidetes; c__Chitinophagia; o__Chitinophagales; f__Chitinophagaceae; g__Flavisolibacter; s__Flavisolibacter sp. 17J28-1
species|2507935|Cohnella abietis	k__Bacteria; p__Firmicutes; c__Bacilli; o__Bacillales; f__Paenibacillaceae; g__Cohnella; s__Cohnella abietis
species|2509456|Paenibacillus protaetiae	k__Bacteria; p__Firmicutes; c__Bacilli; o__Bacillales; f__Paenibacillaceae; g__Paenibacillus; s__Paenibacillus protaetiae
species|2509614|Rhodoferax sediminis	k__Bacteria; p__Proteobacteria; c__Betaproteobacteria; o__Burkholderiales; f__Comamonadaceae; g__Rhodoferax; s__Rhodoferax sediminis
species|2509675|Ktedonosporobacter rubrisoli	k__Bacteria; p__Chloroflexi; c__Ktedonobacteria; o__Ktedonobacterales; f__Ktedonosporobacteraceae; g__Ktedonosporobacter; s__Ktedonosporobacter rubrisoli
species|2511995|Pseudolysobacter antarcticus	k__Bacteria; p__Proteobacteria; c__Gammaproteobacteria; o__Xanthomonadales; f__Xanthomonadaceae; g__Pseudolysobacter; s__Pseudolysobacter antarcticus
species|2518599|Pandoraea sp. XY-2	k__Bacteria; p__Proteobacteria; c__Betaproteobacteria; o__Burkholderiales; f__Burkholderiaceae; g__Pandoraea; s__Pandoraea sp. XY-2
species|2518644|Pseudomonas sp. SNU WT1	k__Bacteria; p__Proteobacteria; c__Gammaproteobacteria; o__Pseudomonadales; f__Pseudomonadaceae; g__Pseudomonas; s__Pseudomonas sp. SNU WT1
species|2527873|Paenibacillus thalictri	k__Bacteria; p__Firmicutes; c__Bacilli; o__Bacillales; f__Paenibacillaceae; g__Paenibacillus; s__Paenibacillus thalictri
species|2527962|Planctomycetes bacterium K2D	k__Bacteria; p__Planctomycetes; c__nan; o__nan; f__nan; g__nan; s__Planctomycetes bacterium K2D
species|2527968|Planctomycetes bacterium Q31a	k__Bacteria; p__Planctomycetes; c__nan; o__nan; f__nan; g__nan; s__Planctomycetes bacterium Q31a
species|2527972|Planctomycetes bacterium Pan181	k__Bacteria; p__Planctomycetes; c__nan; o__nan; f__nan; g__nan; s__Planctomycetes bacterium Pan181
species|2527975|Planctomycetes bacterium Pan216	k__Bacteria; p__Planctomycetes; c__nan; o__nan; f__nan; g__nan; s__Planctomycetes bacterium Pan216
species|2527984|Bremerella volcania	k__Bacteria; p__Planctomycetes; c__Planctomycetia; o__Planctomycetales; f__Planctomycetaceae; g__Bremerella; s__Bremerella volcania
species|2527988|Planctomycetes bacterium CA11	k__Bacteria; p__Planctomycetes; c__nan; o__nan; f__nan; g__nan; s__Planctomycetes bacterium CA11
species|2527995|Planctomycetes bacterium Mal52	k__Bacteria; p__Planctomycetes; c__nan; o__nan; f__nan; g__nan; s__Planctomycetes bacterium Mal52
species|2528009|Planctomycetes bacterium Pla175	k__Bacteria; p__Planctomycetes; c__nan; o__nan; f__nan; g__nan; s__Planctomycetes bacterium Pla175
species|2528010|Planctomycetes bacterium Pla85_3_4	k__Bacteria; p__Planctomycetes; c__nan; o__nan; f__nan; g__nan; s__Planctomycetes bacterium Pla85_3_4
species|2528011|Planctomycetes bacterium Pla133	k__Bacteria; p__Planctomycetes; c__nan; o__nan; f__nan; g__nan; s__Planctomycetes bacterium Pla133
species|2528012|Planctomycetes bacterium Pla86	k__Bacteria; p__Planctomycetes; c__nan; o__nan; f__nan; g__nan; s__Planctomycetes bacterium Pla86
species|2528019|Planctopirus ephydatiae	k__Bacteria; p__Planctomycetes; c__Planctomycetia; o__Planctomycetales; f__Planctomycetaceae; g__Planctopirus; s__Planctopirus ephydatiae
species|2528021|Planctomycetes bacterium ETA_A8	k__Bacteria; p__Planctomycetes; c__nan; o__nan; f__nan; g__nan; s__Planctomycetes bacterium ETA_A8
species|2528023|Planctomycetes bacterium ETA_A1	k__Bacteria; p__Planctomycetes; c__nan; o__nan; f__nan; g__nan; s__Planctomycetes bacterium ETA_A1
species|2528026|Planctomycetes bacterium Mal4	k__Bacteria; p__Planctomycetes; c__nan; o__nan; f__nan; g__nan; s__Planctomycetes bacterium Mal4
species|2528028|Planctomycetes bacterium Pan110	k__Bacteria; p__Planctomycetes; c__nan; o__nan; f__nan; g__nan; s__Planctomycetes bacterium Pan110
species|2528029|Planctomycetes bacterium Pan153	k__Bacteria; p__Planctomycetes; c__nan; o__nan; f__nan; g__nan; s__Planctomycetes bacterium Pan153
species|2528035|Phycisphaerae bacterium RAS2	k__Bacteria; p__Planctomycetes; c__Phycisphaerae; o__nan; f__nan; g__nan; s__Phycisphaerae bacterium RAS2
species|253314|Hungateiclostridium straminisolvens	k__Bacteria; p__Firmicutes; c__Clostridia; o__Clostridiales; f__Hungateiclostridiaceae; g__Hungateiclostridium; s__Hungateiclostridium straminisolvens
species|253703|Paenibacillus antarcticus	k__Bacteria; p__Firmicutes; c__Bacilli; o__Bacillales; f__Paenibacillaceae; g__Paenibacillus; s__Paenibacillus antarcticus
species|254246|Aquicella lusitana	k__Bacteria; p__Proteobacteria; c__Gammaproteobacteria; o__Legionellales; f__Coxiellaceae; g__Aquicella; s__Aquicella lusitana
species|254247|Aquicella siphonis	k__Bacteria; p__Proteobacteria; c__Gammaproteobacteria; o__Legionellales; f__Coxiellaceae; g__Aquicella; s__Aquicella siphonis
species|2546450|Stenotrophomonas sp. DAIF1	k__Bacteria; p__Proteobacteria; c__Gammaproteobacteria; o__Xanthomonadales; f__Xanthomonadaceae; g__Stenotrophomonas; s__Stenotrophomonas sp. DAIF1
species|254|Chryseobacterium indoltheticum	k__Bacteria; p__Bacteroidetes; c__Flavobacteriia; o__Flavobacteriales; f__Weeksellaceae; g__Chryseobacterium; s__Chryseobacterium indoltheticum
species|255045|Bradyrhizobium canariense	k__Bacteria; p__Proteobacteria; c__Alphaproteobacteria; o__Rhizobiales; f__Bradyrhizobiaceae; g__Bradyrhizobium; s__Bradyrhizobium canariense
species|2558918|Nocardioides sp. SB3-45	k__Bacteria; p__Actinobacteria; c__Actinobacteria; o__Propionibacteriales; f__Nocardioidaceae; g__Nocardioides; s__Nocardioides sp. SB3-45
species|2559074|Pseudomonas sp. S150	k__Bacteria; p__Proteobacteria; c__Gammaproteobacteria; o__Pseudomonadales; f__Pseudomonadaceae; g__Pseudomonas; s__Pseudomonas sp. S150
species|2562284|Pseudolabrys sp. FHR47	k__Bacteria; p__Proteobacteria; c__Alphaproteobacteria; o__Rhizobiales; f__Xanthobacteraceae; g__Pseudolabrys; s__Pseudolabrys sp. FHR47
species|2572087|Candidatus Saccharibacteria bacterium oral taxon 955	k__Bacteria; p__Candidatus Saccharibacteria; c__nan; o__nan; f__nan; g__nan; s__Candidatus Saccharibacteria bacterium oral taxon 955
species|2572088|Candidatus Saccharibacteria bacterium oral taxon 957	k__Bacteria; p__Candidatus Saccharibacteria; c__nan; o__nan; f__nan; g__nan; s__Candidatus Saccharibacteria bacterium oral taxon 957
species|2575374|Arthrobacter sp. 24S4-2	k__Bacteria; p__Actinobacteria; c__Actinobacteria; o__Micrococcales; f__Micrococcaceae; g__Arthrobacter; s__Arthrobacter sp. 24S4-2
species|2575867|Ilyomonas limi	k__Bacteria; p__Bacteroidetes; c__Chitinophagia; o__Chitinophagales; f__Chitinophagaceae; g__Ilyomonas; s__Ilyomonas limi
species|2576891|Nibricoccus aquaticus	k__Bacteria; p__Verrucomicrobia; c__Opitutae; o__Opitutales; f__Opitutaceae; g__Nibricoccus; s__Nibricoccus aquaticus
species|2578107|Arthrobacter sp. KBS0702	k__Bacteria; p__Actinobacteria; c__Actinobacteria; o__Micrococcales; f__Micrococcaceae; g__Arthrobacter; s__Arthrobacter sp. KBS0702
species|2578113|Bradyrhizobium sp. KBS0725	k__Bacteria; p__Proteobacteria; c__Alphaproteobacteria; o__Rhizobiales; f__Bradyrhizobiaceae; g__Bradyrhizobium; s__Bradyrhizobium sp. KBS0725
species|2578114|Bradyrhizobium sp. KBS0727	k__Bacteria; p__Proteobacteria; c__Alphaproteobacteria; o__Rhizobiales; f__Bradyrhizobiaceae; g__Bradyrhizobium; s__Bradyrhizobium sp. KBS0727
species|2580413|Microvirga brassicacearum	k__Bacteria; p__Proteobacteria; c__Alphaproteobacteria; o__Rhizobiales; f__Methylobacteriaceae; g__Microvirga; s__Microvirga brassicacearum
species|2590774|Pseudarthrobacter sp. NIBRBAC000502771	k__Bacteria; p__Actinobacteria; c__Actinobacteria; o__Micrococcales; f__Micrococcaceae; g__Pseudarthrobacter; s__Pseudarthrobacter sp. NIBRBAC000502771
species|2590869|Janthinobacterium sp. SNU WT3	k__Bacteria; p__Proteobacteria; c__Betaproteobacteria; o__Burkholderiales; f__Oxalobacteraceae; g__Janthinobacterium; s__Janthinobacterium sp. SNU WT3
species|2594473|Sphingomonas sp. AE3	k__Bacteria; p__Proteobacteria; c__Alphaproteobacteria; o__Sphingomonadales; f__Sphingomonadaceae; g__Sphingomonas; s__Sphingomonas sp. AE3
species|2596828|Microlunatus sp. KUDC0627	k__Bacteria; p__Actinobacteria; c__Actinobacteria; o__Propionibacteriales; f__Propionibacteriaceae; g__Microlunatus; s__Microlunatus sp. KUDC0627
species|2597769|Geobacter sp. FeAm09	k__Bacteria; p__Proteobacteria; c__Deltaproteobacteria; o__Desulfuromonadales; f__Geobacteraceae; g__Geobacter; s__Geobacter sp. FeAm09
species|2598579|Limnoglobus roseus	k__Bacteria; p__Planctomycetes; c__Planctomycetia; o__Gemmatales; f__Gemmataceae; g__Limnoglobus; s__Limnoglobus roseus
species|2599640|Bosea sp. F3-2	k__Bacteria; p__Proteobacteria; c__Alphaproteobacteria; o__Rhizobiales; f__Bradyrhizobiaceae; g__Bosea; s__Bosea sp. F3-2
species|2601677|Tepidiforma bonchosmolovskayae	k__Bacteria; p__Chloroflexi; c__Tepidiformia; o__Tepidiformales; f__Tepidiformaceae; g__Tepidiforma; s__Tepidiforma bonchosmolovskayae
species|2602016|Hypericibacter adhaerens	k__Bacteria; p__Proteobacteria; c__Alphaproteobacteria; o__Rhodospirillales; f__Rhodospirillaceae; g__Hypericibacter; s__Hypericibacter adhaerens
species|2603277|Rhizobium sp. WL3	k__Bacteria; p__Proteobacteria; c__Alphaproteobacteria; o__Rhizobiales; f__Rhizobiaceae; g__Rhizobium; s__Rhizobium sp. WL3
species|2603856|Lacisediminimonas profundi	k__Bacteria; p__Proteobacteria; c__Betaproteobacteria; o__Burkholderiales; f__Oxalobacteraceae; g__Lacisediminimonas; s__Lacisediminimonas profundi
species|2607911|Paenibacillus sp. 37	k__Bacteria; p__Firmicutes; c__Bacilli; o__Bacillales; f__Paenibacillaceae; g__Paenibacillus; s__Paenibacillus sp. 37
species|262323|Lysobacter brunescens	k__Bacteria; p__Proteobacteria; c__Gammaproteobacteria; o__Xanthomonadales; f__Xanthomonadaceae; g__Lysobacter; s__Lysobacter brunescens
species|264697|Peribacillus muralis	k__Bacteria; p__Firmicutes; c__Bacilli; o__Bacillales; f__Bacillaceae; g__Peribacillus; s__Peribacillus muralis
species|266061|Pseudoxanthomonas koreensis	k__Bacteria; p__Proteobacteria; c__Gammaproteobacteria; o__Xanthomonadales; f__Xanthomonadaceae; g__Pseudoxanthomonas; s__Pseudoxanthomonas koreensis
species|2662614|Terrimonas suqianensis	k__Bacteria; p__Bacteroidetes; c__Chitinophagia; o__Chitinophagales; f__Chitinophagaceae; g__Terrimonas; s__Terrimonas suqianensis
species|2675059|Lysobacter helvus	k__Bacteria; p__Proteobacteria; c__Gammaproteobacteria; o__Xanthomonadales; f__Xanthomonadaceae; g__Lysobacter; s__Lysobacter helvus
species|2675060|Lysobacter xanthus	k__Bacteria; p__Proteobacteria; c__Gammaproteobacteria; o__Xanthomonadales; f__Xanthomonadaceae; g__Lysobacter; s__Lysobacter xanthus
species|2675101|Lysobacter caseinilyticus	k__Bacteria; p__Proteobacteria; c__Gammaproteobacteria; o__Xanthomonadales; f__Xanthomonadaceae; g__Lysobacter; s__Lysobacter caseinilyticus
species|2675388|Flavisolibacter galbus	k__Bacteria; p__Bacteroidetes; c__Chitinophagia; o__Chitinophagales; f__Chitinophagaceae; g__Flavisolibacter; s__Flavisolibacter galbus
species|2678302|Mucibacter soli	k__Bacteria; p__Bacteroidetes; c__Chitinophagia; o__Chitinophagales; f__Chitinophagaceae; g__Mucibacter; s__Mucibacter soli
species|268404|Steroidobacter agariperforans	k__Bacteria; p__Proteobacteria; c__Gammaproteobacteria; o__Nevskiales; f__Steroidobacteraceae; g__Steroidobacter; s__Steroidobacter agariperforans
species|2685926|Siphonobacter intestinalis	k__Bacteria; p__Bacteroidetes; c__Cytophagia; o__Cytophagales; f__Cytophagaceae; g__Siphonobacter; s__Siphonobacter intestinalis
species|2715290|Lysobacter terrigena	k__Bacteria; p__Proteobacteria; c__Gammaproteobacteria; o__Xanthomonadales; f__Xanthomonadaceae; g__Lysobacter; s__Lysobacter terrigena
species|2736|Verrucomicrobium spinosum	k__Bacteria; p__Verrucomicrobia; c__Verrucomicrobiae; o__Verrucomicrobiales; f__Verrucomicrobiaceae; g__Verrucomicrobium; s__Verrucomicrobium spinosum
species|274593|Paenibacillus phyllosphaerae	k__Bacteria; p__Firmicutes; c__Bacilli; o__Bacillales; f__Paenibacillaceae; g__Paenibacillus; s__Paenibacillus phyllosphaerae
species|278994|Thermincola carboxydiphila	k__Bacteria; p__Firmicutes; c__Clostridia; o__Clostridiales; f__Peptococcaceae; g__Thermincola; s__Thermincola carboxydiphila
species|279810|Thiobacter subterraneus	k__Bacteria; p__Proteobacteria; c__Betaproteobacteria; o__Burkholderiales; f__nan; g__Thiobacter; s__Thiobacter subterraneus
species|279826|Mesobacillus foraminis	k__Bacteria; p__Firmicutes; c__Bacilli; o__Bacillales; f__Bacillaceae; g__Mesobacillus; s__Mesobacillus foraminis
species|28049|Acidothermus cellulolyticus	k__Bacteria; p__Actinobacteria; c__Actinobacteria; o__Acidothermales; f__Acidothermaceae; g__Acidothermus; s__Acidothermus cellulolyticus
species|28068|Rubrivivax gelatinosus	k__Bacteria; p__Proteobacteria; c__Betaproteobacteria; o__Burkholderiales; f__nan; g__Rubrivivax; s__Rubrivivax gelatinosus
species|28077|Nitrospirillum amazonense	k__Bacteria; p__Proteobacteria; c__Alphaproteobacteria; o__Rhodospirillales; f__Rhodospirillaceae; g__Nitrospirillum; s__Nitrospirillum amazonense
species|28202|Peredibacter starrii	k__Bacteria; p__Proteobacteria; c__Oligoflexia; o__Bacteriovoracales; f__Bacteriovoracaceae; g__Peredibacter; s__Peredibacter starrii
species|28232|Geobacter metallireducens	k__Bacteria; p__Proteobacteria; c__Deltaproteobacteria; o__Desulfuromonadales; f__Geobacteraceae; g__Geobacter; s__Geobacter metallireducens
species|283877|Leucobacter chromiireducens	k__Bacteria; p__Actinobacteria; c__Actinobacteria; o__Micrococcales; f__Microbacteriaceae; g__Leucobacter; s__Leucobacter chromiireducens
species|285983|Mesobacillus subterraneus	k__Bacteria; p__Firmicutes; c__Bacilli; o__Bacillales; f__Bacillaceae; g__Mesobacillus; s__Mesobacillus subterraneus
species|285|Comamonas testosteroni	k__Bacteria; p__Proteobacteria; c__Betaproteobacteria; o__Burkholderiales; f__Comamonadaceae; g__Comamonas; s__Comamonas testosteroni
species|286803|Sporacetigenium mesophilum	k__Bacteria; p__Firmicutes; c__Clostridia; o__Clostridiales; f__Peptostreptococcaceae; g__Sporacetigenium; s__Sporacetigenium mesophilum
species|292407|Dyadobacter crusticola	k__Bacteria; p__Bacteroidetes; c__Cytophagia; o__Cytophagales; f__Cytophagaceae; g__Dyadobacter; s__Dyadobacter crusticola
species|292806|Lysinibacillus massiliensis	k__Bacteria; p__Firmicutes; c__Bacilli; o__Bacillales; f__Bacillaceae; g__Lysinibacillus; s__Lysinibacillus massiliensis
species|29320|Paenarthrobacter nicotinovorans	k__Bacteria; p__Actinobacteria; c__Actinobacteria; o__Micrococcales; f__Micrococcaceae; g__Paenarthrobacter; s__Paenarthrobacter nicotinovorans
species|293387|Bacillus altitudinis	k__Bacteria; p__Firmicutes; c__Bacilli; o__Bacillales; f__Bacillaceae; g__Bacillus; s__Bacillus altitudinis
species|293647|Byssovorax cruenta	k__Bacteria; p__Proteobacteria; c__Deltaproteobacteria; o__Myxococcales; f__Polyangiaceae; g__Byssovorax; s__Byssovorax cruenta
species|29405|Microlunatus phosphovorus	k__Bacteria; p__Actinobacteria; c__Actinobacteria; o__Propionibacteriales; f__Propionibacteriaceae; g__Microlunatus; s__Microlunatus phosphovorus
species|29408|Rhodoplanes elegans	k__Bacteria; p__Proteobacteria; c__Alphaproteobacteria; o__Rhizobiales; f__Hyphomicrobiaceae; g__Rhodoplanes; s__Rhodoplanes elegans
species|29409|Rhodoplanes roseus	k__Bacteria; p__Proteobacteria; c__Alphaproteobacteria; o__Rhizobiales; f__Hyphomicrobiaceae; g__Rhodoplanes; s__Rhodoplanes roseus
species|29421|Nitrobacter vulgaris	k__Bacteria; p__Proteobacteria; c__Alphaproteobacteria; o__Rhizobiales; f__Bradyrhizobiaceae; g__Nitrobacter; s__Nitrobacter vulgaris
species|29443|Paucimonas lemoignei	k__Bacteria; p__Proteobacteria; c__Betaproteobacteria; o__Burkholderiales; f__Burkholderiaceae; g__Paucimonas; s__Paucimonas lemoignei
species|29448|Bradyrhizobium elkanii	k__Bacteria; p__Proteobacteria; c__Alphaproteobacteria; o__Rhizobiales; f__Bradyrhizobiaceae; g__Bradyrhizobium; s__Bradyrhizobium elkanii
species|29449|Rhizobium etli	k__Bacteria; p__Proteobacteria; c__Alphaproteobacteria; o__Rhizobiales; f__Rhizobiaceae; g__Rhizobium; s__Rhizobium etli
species|29468|Methylocystis echinoides	k__Bacteria; p__Proteobacteria; c__Alphaproteobacteria; o__Rhizobiales; f__Methylocystaceae; g__Methylocystis; s__Methylocystis echinoides
species|294|Pseudomonas fluorescens	k__Bacteria; p__Proteobacteria; c__Gammaproteobacteria; o__Pseudomonadales; f__Pseudomonadaceae; g__Pseudomonas; s__Pseudomonas fluorescens
species|29534|Flavobacterium saccharophilum	k__Bacteria; p__Bacteroidetes; c__Flavobacteriia; o__Flavobacteriales; f__Flavobacteriaceae; g__Flavobacterium; s__Flavobacterium saccharophilum
species|29539|Thermoleophilum album	k__Bacteria; p__Actinobacteria; c__Thermoleophilia; o__Thermoleophilales; f__Thermoleophilaceae; g__Thermoleophilum; s__Thermoleophilum album
species|29542|Pelobacter acetylenicus	k__Bacteria; p__Proteobacteria; c__Deltaproteobacteria; o__Desulfuromonadales; f__Desulfuromonadaceae; g__Pelobacter; s__Pelobacter acetylenicus
species|29543|Pelobacter propionicus	k__Bacteria; p__Proteobacteria; c__Deltaproteobacteria; o__Desulfuromonadales; f__Desulfuromonadaceae; g__Pelobacter; s__Pelobacter propionicus
species|298654|Frankia inefficax	k__Bacteria; p__Actinobacteria; c__Actinobacteria; o__Frankiales; f__Frankiaceae; g__Frankia; s__Frankia inefficax
species|299567|Adhaeribacter aquaticus	k__Bacteria; p__Bacteroidetes; c__Cytophagia; o__Cytophagales; f__Hymenobacteraceae; g__Adhaeribacter; s__Adhaeribacter aquaticus
species|299767|Enterobacter ludwigii	k__Bacteria; p__Proteobacteria; c__Gammaproteobacteria; o__Enterobacterales; f__Enterobacteriaceae; g__Enterobacter; s__Enterobacter ludwigii
species|303|Pseudomonas putida	k__Bacteria; p__Proteobacteria; c__Gammaproteobacteria; o__Pseudomonadales; f__Pseudomonadaceae; g__Pseudomonas; s__Pseudomonas putida
species|304|Pelomonas saccharophila	k__Bacteria; p__Proteobacteria; c__Betaproteobacteria; o__Burkholderiales; f__Comamonadaceae; g__Pelomonas; s__Pelomonas saccharophila
species|306542|Paenibacillus gansuensis	k__Bacteria; p__Firmicutes; c__Bacilli; o__Bacillales; f__Paenibacillaceae; g__Paenibacillus; s__Paenibacillus gansuensis
species|310767|Zoogloea oryzae	k__Bacteria; p__Proteobacteria; c__Betaproteobacteria; o__Rhodocyclales; f__Zoogloeaceae; g__Zoogloea; s__Zoogloea oryzae
species|311182|Denitratisoma oestradiolicum	k__Bacteria; p__Proteobacteria; c__Betaproteobacteria; o__Nitrosomonadales; f__Sterolibacteriaceae; g__Denitratisoma; s__Denitratisoma oestradiolicum
species|311235|Dyella koreensis	k__Bacteria; p__Proteobacteria; c__Gammaproteobacteria; o__Xanthomonadales; f__Rhodanobacteraceae; g__Dyella; s__Dyella koreensis
species|317|Pseudomonas syringae	k__Bacteria; p__Proteobacteria; c__Gammaproteobacteria; o__Pseudomonadales; f__Pseudomonadaceae; g__Pseudomonas; s__Pseudomonas syringae
species|319709|Mycobacterium barrassiae	k__Bacteria; p__Actinobacteria; c__Actinobacteria; o__Corynebacteriales; f__Mycobacteriaceae; g__Mycobacterium; s__Mycobacterium barrassiae
species|31996|Beijerinckia derxii	k__Bacteria; p__Proteobacteria; c__Alphaproteobacteria; o__Rhizobiales; f__Beijerinckiaceae; g__Beijerinckia; s__Beijerinckia derxii
species|32013|Comamonas terrigena	k__Bacteria; p__Proteobacteria; c__Betaproteobacteria; o__Burkholderiales; f__Comamonadaceae; g__Comamonas; s__Comamonas terrigena
species|321983|Massilia albidiflava	k__Bacteria; p__Proteobacteria; c__Betaproteobacteria; o__Burkholderiales; f__Oxalobacteraceae; g__Massilia; s__Massilia albidiflava
species|321984|Massilia plicata	k__Bacteria; p__Proteobacteria; c__Betaproteobacteria; o__Burkholderiales; f__Oxalobacteraceae; g__Massilia; s__Massilia plicata
species|323415|Dokdonella koreensis	k__Bacteria; p__Proteobacteria; c__Gammaproteobacteria; o__Xanthomonadales; f__Rhodanobacteraceae; g__Dokdonella; s__Dokdonella koreensis
species|324057|Paenibacillus sp. JDR-2	k__Bacteria; p__Firmicutes; c__Bacilli; o__Bacillales; f__Paenibacillaceae; g__Paenibacillus; s__Paenibacillus sp. JDR-2
species|328517|Dokdonella fugitiva	k__Bacteria; p__Proteobacteria; c__Gammaproteobacteria; o__Xanthomonadales; f__Rhodanobacteraceae; g__Dokdonella; s__Dokdonella fugitiva
species|330214|Nitrospira defluvii	k__Bacteria; p__Nitrospirae; c__Nitrospira; o__Nitrospirales; f__Nitrospiraceae; g__Nitrospira; s__Nitrospira defluvii
species|33075|Acidobacterium capsulatum	k__Bacteria; p__Acidobacteria; c__Acidobacteriia; o__Acidobacteriales; f__Acidobacteriaceae; g__Acidobacterium; s__Acidobacterium capsulatum
species|331696|Pseudolabrys taiwanensis	k__Bacteria; p__Proteobacteria; c__Alphaproteobacteria; o__Rhizobiales; f__Xanthobacteraceae; g__Pseudolabrys; s__Pseudolabrys taiwanensis
species|332163|Candidatus Solibacter usitatus	k__Bacteria; p__Acidobacteria; c__Acidobacteriia; o__Bryobacterales; f__Solibacteraceae; g__Candidatus Solibacter; s__Candidatus Solibacter usitatus
species|334735|Sporosarcina koreensis	k__Bacteria; p__Firmicutes; c__Bacilli; o__Bacillales; f__Planococcaceae; g__Sporosarcina; s__Sporosarcina koreensis
species|334736|Sporosarcina soli	k__Bacteria; p__Firmicutes; c__Bacilli; o__Bacillales; f__Planococcaceae; g__Sporosarcina; s__Sporosarcina soli
species|33|Myxococcus fulvus	k__Bacteria; p__Proteobacteria; c__Deltaproteobacteria; o__Myxococcales; f__Myxococcaceae; g__Myxococcus; s__Myxococcus fulvus
species|340221|Alsobacter metallidurans	k__Bacteria; p__Proteobacteria; c__Alphaproteobacteria; o__Rhizobiales; f__nan; g__Alsobacter; s__Alsobacter metallidurans
species|34073|Variovorax paradoxus	k__Bacteria; p__Proteobacteria; c__Betaproteobacteria; o__Burkholderiales; f__Comamonadaceae; g__Variovorax; s__Variovorax paradoxus
species|341045|Herbaspirillum hiltneri	k__Bacteria; p__Proteobacteria; c__Betaproteobacteria; o__Burkholderiales; f__Oxalobacteraceae; g__Herbaspirillum; s__Herbaspirillum hiltneri
species|345632|Geobacter pickeringii	k__Bacteria; p__Proteobacteria; c__Deltaproteobacteria; o__Desulfuromonadales; f__Geobacteraceae; g__Geobacter; s__Geobacter pickeringii
species|346179|Herbaspirillum rhizosphaerae	k__Bacteria; p__Proteobacteria; c__Betaproteobacteria; o__Burkholderiales; f__Oxalobacteraceae; g__Herbaspirillum; s__Herbaspirillum rhizosphaerae
species|346182|Lysobacter yangpyeongensis	k__Bacteria; p__Proteobacteria; c__Gammaproteobacteria; o__Xanthomonadales; f__Xanthomonadaceae; g__Lysobacter; s__Lysobacter yangpyeongensis
species|349313|Krasilnikovia cinnamomea	k__Bacteria; p__Actinobacteria; c__Actinobacteria; o__Micromonosporales; f__Micromonosporaceae; g__Krasilnikovia; s__Krasilnikovia cinnamomea
species|349315|Luedemannella helvata	k__Bacteria; p__Actinobacteria; c__Actinobacteria; o__Micromonosporales; f__Micromonosporaceae; g__Luedemannella; s__Luedemannella helvata
species|349316|Luedemannella flava	k__Bacteria; p__Actinobacteria; c__Actinobacteria; o__Micromonosporales; f__Micromonosporaceae; g__Luedemannella; s__Luedemannella flava
species|349931|Clostridium cavendishii	k__Bacteria; p__Firmicutes; c__Clostridia; o__Clostridiales; f__Clostridiaceae; g__Clostridium; s__Clostridium cavendishii
species|34|Myxococcus xanthus	k__Bacteria; p__Proteobacteria; c__Deltaproteobacteria; o__Myxococcales; f__Myxococcaceae; g__Myxococcus; s__Myxococcus xanthus
species|351604|Geobacter uraniireducens	k__Bacteria; p__Proteobacteria; c__Deltaproteobacteria; o__Desulfuromonadales; f__Geobacteraceae; g__Geobacter; s__Geobacter uraniireducens
species|352475|Shinella zoogloeoides	k__Bacteria; p__Proteobacteria; c__Alphaproteobacteria; o__Rhizobiales; f__Rhizobiaceae; g__Shinella; s__Shinella zoogloeoides
species|352858|Bacillus sp. Y1	k__Bacteria; p__Firmicutes; c__Bacilli; o__Bacillales; f__Bacillaceae; g__Bacillus; s__Bacillus sp. Y1
species|354197|Arenimonas malthae	k__Bacteria; p__Proteobacteria; c__Gammaproteobacteria; o__Xanthomonadales; f__Xanthomonadaceae; g__Arenimonas; s__Arenimonas malthae
species|354355|Niastella yeongjuensis	k__Bacteria; p__Bacteroidetes; c__Chitinophagia; o__Chitinophagales; f__Chitinophagaceae; g__Niastella; s__Niastella yeongjuensis
species|354356|Niastella koreensis	k__Bacteria; p__Bacteroidetes; c__Chitinophagia; o__Chitinophagales; f__Chitinophagaceae; g__Niastella; s__Niastella koreensis
species|35751|Sporichthya polymorpha	k__Bacteria; p__Actinobacteria; c__Actinobacteria; o__Sporichthyales; f__Sporichthyaceae; g__Sporichthya; s__Sporichthya polymorpha
species|357808|Roseiflexus sp. RS-1	k__Bacteria; p__Chloroflexi; c__Chloroflexia; o__Chloroflexales; f__Roseiflexaceae; g__Roseiflexus; s__Roseiflexus sp. RS-1
species|35799|Nitrosospira briensis	k__Bacteria; p__Proteobacteria; c__Betaproteobacteria; o__Nitrosomonadales; f__Nitrosomonadaceae; g__Nitrosospira; s__Nitrosospira briensis
species|35830|Hungateiclostridium cellulolyticum	k__Bacteria; p__Firmicutes; c__Clostridia; o__Clostridiales; f__Hungateiclostridiaceae; g__Hungateiclostridium; s__Hungateiclostridium cellulolyticum
species|35839|Holophaga foetida	k__Bacteria; p__Acidobacteria; c__Holophagae; o__Holophagales; f__Holophagaceae; g__Holophaga; s__Holophaga foetida
species|35841|Bacillus thermoamylovorans	k__Bacteria; p__Firmicutes; c__Bacilli; o__Bacillales; f__Bacillaceae; g__Bacillus; s__Bacillus thermoamylovorans
species|358|Agrobacterium tumefaciens	k__Bacteria; p__Proteobacteria; c__Alphaproteobacteria; o__Rhizobiales; f__Rhizobiaceae; g__Agrobacterium; s__Agrobacterium tumefaciens
species|359408|Methylotenera mobilis	k__Bacteria; p__Proteobacteria; c__Betaproteobacteria; o__Nitrosomonadales; f__Methylophilaceae; g__Methylotenera; s__Methylotenera mobilis
species|35|Corallococcus macrosporus	k__Bacteria; p__Proteobacteria; c__Deltaproteobacteria; o__Myxococcales; f__Myxococcaceae; g__Corallococcus; s__Corallococcus macrosporus
species|360054|Bryobacter aggregatus	k__Bacteria; p__Acidobacteria; c__Acidobacteriia; o__Bryobacterales; f__Bryobacteraceae; g__Bryobacter; s__Bryobacter aggregatus
species|360055|Zavarzinella formosa	k__Bacteria; p__Planctomycetes; c__Planctomycetia; o__Gemmatales; f__Gemmataceae; g__Zavarzinella; s__Zavarzinella formosa
species|360056|Schlesneria paludicola	k__Bacteria; p__Planctomycetes; c__Planctomycetia; o__Planctomycetales; f__Planctomycetaceae; g__Schlesneria; s__Schlesneria paludicola
species|360411|Bellilinea caldifistulae	k__Bacteria; p__Chloroflexi; c__Anaerolineae; o__Anaerolineales; f__Anaerolineaceae; g__Bellilinea; s__Bellilinea caldifistulae
species|360412|Longilinea arvoryzae	k__Bacteria; p__Chloroflexi; c__Anaerolineae; o__Anaerolineales; f__Anaerolineaceae; g__Longilinea; s__Longilinea arvoryzae
species|361575|Pseudarthrobacter phenanthrenivorans	k__Bacteria; p__Actinobacteria; c__Actinobacteria; o__Micrococcales; f__Micrococcaceae; g__Pseudarthrobacter; s__Pseudarthrobacter phenanthrenivorans
species|361876|Paenibacillus soli	k__Bacteria; p__Firmicutes; c__Bacilli; o__Bacillales; f__Paenibacillaceae; g__Paenibacillus; s__Paenibacillus soli
species|363832|Solirubrobacter soli	k__Bacteria; p__Actinobacteria; c__Thermoleophilia; o__Solirubrobacterales; f__Solirubrobacteraceae; g__Solirubrobacter; s__Solirubrobacter soli
species|363843|Rhizobacter fulvus	k__Bacteria; p__Proteobacteria; c__Betaproteobacteria; o__Burkholderiales; f__nan; g__Rhizobacter; s__Rhizobacter fulvus
species|363844|Variovorax ginsengisoli	k__Bacteria; p__Proteobacteria; c__Betaproteobacteria; o__Burkholderiales; f__Comamonadaceae; g__Variovorax; s__Variovorax ginsengisoli
species|363846|Dokdonella ginsengisoli	k__Bacteria; p__Proteobacteria; c__Gammaproteobacteria; o__Xanthomonadales; f__Rhodanobacteraceae; g__Dokdonella; s__Dokdonella ginsengisoli
species|363847|Lysobacter ginsengisoli	k__Bacteria; p__Proteobacteria; c__Gammaproteobacteria; o__Xanthomonadales; f__Xanthomonadaceae; g__Lysobacter; s__Lysobacter ginsengisoli
species|363849|Pedobacter panaciterrae	k__Bacteria; p__Bacteroidetes; c__Sphingobacteriia; o__Sphingobacteriales; f__Sphingobacteriaceae; g__Pedobacter; s__Pedobacter panaciterrae
species|363850|Dyadobacter ginsengisoli	k__Bacteria; p__Bacteroidetes; c__Cytophagia; o__Cytophagales; f__Cytophagaceae; g__Dyadobacter; s__Dyadobacter ginsengisoli
species|363852|Pedobacter ginsengisoli	k__Bacteria; p__Bacteroidetes; c__Sphingobacteriia; o__Sphingobacteriales; f__Sphingobacteriaceae; g__Pedobacter; s__Pedobacter ginsengisoli
species|363854|Brevibacillus ginsengisoli	k__Bacteria; p__Firmicutes; c__Bacilli; o__Bacillales; f__Paenibacillaceae; g__Brevibacillus; s__Brevibacillus ginsengisoli
species|363860|Paenibacillus pocheonensis	k__Bacteria; p__Firmicutes; c__Bacilli; o__Bacillales; f__Paenibacillaceae; g__Paenibacillus; s__Paenibacillus pocheonensis
species|363863|Microlunatus ginsengisoli	k__Bacteria; p__Actinobacteria; c__Actinobacteria; o__Propionibacteriales; f__Propionibacteriaceae; g__Microlunatus; s__Microlunatus ginsengisoli
species|363869|Bacillus pocheonensis	k__Bacteria; p__Firmicutes; c__Bacilli; o__Bacillales; f__Bacillaceae; g__Bacillus; s__Bacillus pocheonensis
species|363885|Lysobacter panaciterrae	k__Bacteria; p__Proteobacteria; c__Gammaproteobacteria; o__Xanthomonadales; f__Xanthomonadaceae; g__Lysobacter; s__Lysobacter panaciterrae
species|363888|Tumebacillus ginsengisoli	k__Bacteria; p__Firmicutes; c__Bacilli; o__Bacillales; f__Alicyclobacillaceae; g__Tumebacillus; s__Tumebacillus ginsengisoli
species|365533|Belnapia moabensis	k__Bacteria; p__Proteobacteria; c__Alphaproteobacteria; o__Rhodospirillales; f__Acetobacteraceae; g__Belnapia; s__Belnapia moabensis
species|367474|Caenimonas koreensis	k__Bacteria; p__Proteobacteria; c__Betaproteobacteria; o__Burkholderiales; f__Comamonadaceae; g__Caenimonas; s__Caenimonas koreensis
species|36863|Ideonella dechloratans	k__Bacteria; p__Proteobacteria; c__Betaproteobacteria; o__Burkholderiales; f__nan; g__Ideonella; s__Ideonella dechloratans
species|369333|Paenibacillus terrigena	k__Bacteria; p__Firmicutes; c__Bacilli; o__Bacillales; f__Paenibacillaceae; g__Paenibacillus; s__Paenibacillus terrigena
species|370777|Arenimonas daejeonensis	k__Bacteria; p__Proteobacteria; c__Gammaproteobacteria; o__Xanthomonadales; f__Xanthomonadaceae; g__Arenimonas; s__Arenimonas daejeonensis
species|371036|Bacillus acidiceler	k__Bacteria; p__Firmicutes; c__Bacilli; o__Bacillales; f__Bacillaceae; g__Bacillus; s__Bacillus acidiceler
species|371145|Lysobacter daecheongensis	k__Bacteria; p__Proteobacteria; c__Gammaproteobacteria; o__Xanthomonadales; f__Xanthomonadaceae; g__Lysobacter; s__Lysobacter daecheongensis
species|373040|Massilia aurea	k__Bacteria; p__Proteobacteria; c__Betaproteobacteria; o__Burkholderiales; f__Oxalobacteraceae; g__Massilia; s__Massilia aurea
species|375|Bradyrhizobium japonicum	k__Bacteria; p__Proteobacteria; c__Alphaproteobacteria; o__Rhizobiales; f__Bradyrhizobiaceae; g__Bradyrhizobium; s__Bradyrhizobium japonicum
species|376|Bradyrhizobium sp.	k__Bacteria; p__Proteobacteria; c__Alphaproteobacteria; o__Rhizobiales; f__Bradyrhizobiaceae; g__Bradyrhizobium; s__Bradyrhizobium sp.
species|378543|Tumebacillus permanentifrigoris	k__Bacteria; p__Firmicutes; c__Bacilli; o__Bacillales; f__Alicyclobacillaceae; g__Tumebacillus; s__Tumebacillus permanentifrigoris
species|379895|Comamonas odontotermitis	k__Bacteria; p__Proteobacteria; c__Betaproteobacteria; o__Burkholderiales; f__Comamonadaceae; g__Comamonas; s__Comamonas odontotermitis
species|380021|Pseudomonas protegens	k__Bacteria; p__Proteobacteria; c__Gammaproteobacteria; o__Pseudomonadales; f__Pseudomonadaceae; g__Pseudomonas; s__Pseudomonas protegens
species|380392|Desulfomicrobium thermophilum	k__Bacteria; p__Proteobacteria; c__Deltaproteobacteria; o__Desulfovibrionales; f__Desulfomicrobiaceae; g__Desulfomicrobium; s__Desulfomicrobium thermophilum
species|380628|Lysobacter niabensis	k__Bacteria; p__Proteobacteria; c__Gammaproteobacteria; o__Xanthomonadales; f__Xanthomonadaceae; g__Lysobacter; s__Lysobacter niabensis
species|380629|Lysobacter niastensis	k__Bacteria; p__Proteobacteria; c__Gammaproteobacteria; o__Xanthomonadales; f__Xanthomonadaceae; g__Lysobacter; s__Lysobacter niastensis
species|380|Sinorhizobium fredii	k__Bacteria; p__Proteobacteria; c__Alphaproteobacteria; o__Rhizobiales; f__Rhizobiaceae; g__Sinorhizobium; s__Sinorhizobium fredii
species|381431|Panacagrimonas perspica	k__Bacteria; p__Proteobacteria; c__Gammaproteobacteria; o__Nevskiales; f__Sinobacteraceae; g__Panacagrimonas; s__Panacagrimonas perspica
species|381|Mesorhizobium loti	k__Bacteria; p__Proteobacteria; c__Alphaproteobacteria; o__Rhizobiales; f__Phyllobacteriaceae; g__Mesorhizobium; s__Mesorhizobium loti
species|384|Rhizobium leguminosarum	k__Bacteria; p__Proteobacteria; c__Alphaproteobacteria; o__Rhizobiales; f__Rhizobiaceae; g__Rhizobium; s__Rhizobium leguminosarum
species|386874|Sphingomonas sediminicola	k__Bacteria; p__Proteobacteria; c__Alphaproteobacteria; o__Sphingomonadales; f__Sphingomonadaceae; g__Sphingomonas; s__Sphingomonas sediminicola
species|388466|Edaphobacter modestus	k__Bacteria; p__Acidobacteria; c__Acidobacteriia; o__Acidobacteriales; f__Acidobacteriaceae; g__Edaphobacter; s__Edaphobacter modestus
species|38|Archangium disciforme	k__Bacteria; p__Proteobacteria; c__Deltaproteobacteria; o__Myxococcales; f__Archangiaceae; g__Archangium; s__Archangium disciforme
species|390242|Pedobacter soli	k__Bacteria; p__Bacteroidetes; c__Sphingobacteriia; o__Sphingobacteriales; f__Sphingobacteriaceae; g__Pedobacter; s__Pedobacter soli
species|391358|Caldimonas hydrothermale	k__Bacteria; p__Proteobacteria; c__Betaproteobacteria; o__Burkholderiales; f__Comamonadaceae; g__Caldimonas; s__Caldimonas hydrothermale
species|391905|Methylocystis heyeri	k__Bacteria; p__Proteobacteria; c__Alphaproteobacteria; o__Rhizobiales; f__Methylocystaceae; g__Methylocystis; s__Methylocystis heyeri
species|391953|Aquincola tertiaricarbonis	k__Bacteria; p__Proteobacteria; c__Betaproteobacteria; o__Burkholderiales; f__nan; g__Aquincola; s__Aquincola tertiaricarbonis
species|392333|Geoalkalibacter ferrihydriticus	k__Bacteria; p__Proteobacteria; c__Deltaproteobacteria; o__Desulfuromonadales; f__Geobacteraceae; g__Geoalkalibacter; s__Geoalkalibacter ferrihydriticus
species|392409|Sphingomonas jaspsi	k__Bacteria; p__Proteobacteria; c__Alphaproteobacteria; o__Sphingomonadales; f__Sphingomonadaceae; g__Sphingomonas; s__Sphingomonas jaspsi
species|392413|Deinococcus misasensis	k__Bacteria; p__Deinococcus-Thermus; c__Deinococci; o__Deinococcales; f__Deinococcaceae; g__Deinococcus; s__Deinococcus misasensis
species|392414|Deinococcus roseus	k__Bacteria; p__Deinococcus-Thermus; c__Deinococci; o__Deinococcales; f__Deinococcaceae; g__Deinococcus; s__Deinococcus roseus
species|392597|Piscinibacter aquaticus	k__Bacteria; p__Proteobacteria; c__Betaproteobacteria; o__Burkholderiales; f__nan; g__Piscinibacter; s__Piscinibacter aquaticus
species|393003|Chitinophaga ginsengisegetis	k__Bacteria; p__Bacteroidetes; c__Chitinophagia; o__Chitinophagales; f__Chitinophagaceae; g__Chitinophaga; s__Chitinophaga ginsengisegetis
species|393310|Skermanella aerolata	k__Bacteria; p__Proteobacteria; c__Alphaproteobacteria; o__Rhodospirillales; f__Rhodospirillaceae; g__Skermanella; s__Skermanella aerolata
species|394090|Cystobacter armeniaca	k__Bacteria; p__Proteobacteria; c__Deltaproteobacteria; o__Myxococcales; f__Archangiaceae; g__Cystobacter; s__Cystobacter armeniaca
species|394091|Cystobacter badius	k__Bacteria; p__Proteobacteria; c__Deltaproteobacteria; o__Myxococcales; f__Archangiaceae; g__Cystobacter; s__Cystobacter badius
species|394092|Cystobacter gracilis	k__Bacteria; p__Proteobacteria; c__Deltaproteobacteria; o__Myxococcales; f__Archangiaceae; g__Cystobacter; s__Cystobacter gracilis
species|394093|Cystobacter miniatus	k__Bacteria; p__Proteobacteria; c__Deltaproteobacteria; o__Myxococcales; f__Archangiaceae; g__Cystobacter; s__Cystobacter miniatus
species|394094|Cystobacter velatus	k__Bacteria; p__Proteobacteria; c__Deltaproteobacteria; o__Myxococcales; f__Archangiaceae; g__Cystobacter; s__Cystobacter velatus
species|394095|Pyxidicoccus fallax	k__Bacteria; p__Proteobacteria; c__Deltaproteobacteria; o__Myxococcales; f__Myxococcaceae; g__Pyxidicoccus; s__Pyxidicoccus fallax
species|394096|Hyalangium minutum	k__Bacteria; p__Proteobacteria; c__Deltaproteobacteria; o__Myxococcales; f__Archangiaceae; g__Hyalangium; s__Hyalangium minutum
species|395598|Pseudomonas reinekei	k__Bacteria; p__Proteobacteria; c__Gammaproteobacteria; o__Pseudomonadales; f__Pseudomonadaceae; g__Pseudomonas; s__Pseudomonas reinekei
species|396|Rhizobium phaseoli	k__Bacteria; p__Proteobacteria; c__Alphaproteobacteria; o__Rhizobiales; f__Rhizobiaceae; g__Rhizobium; s__Rhizobium phaseoli
species|398037|Segetibacter koreensis	k__Bacteria; p__Bacteroidetes; c__Chitinophagia; o__Chitinophagales; f__Chitinophagaceae; g__Segetibacter; s__Segetibacter koreensis
species|398045|Flavisolibacter ginsengiterrae	k__Bacteria; p__Bacteroidetes; c__Chitinophagia; o__Chitinophagales; f__Chitinophagaceae; g__Flavisolibacter; s__Flavisolibacter ginsengiterrae
species|398052|Daejeonella composti	k__Bacteria; p__Bacteroidetes; c__Sphingobacteriia; o__Sphingobacteriales; f__Sphingobacteriaceae; g__Daejeonella; s__Daejeonella composti
species|399|Neorhizobium galegae	k__Bacteria; p__Proteobacteria; c__Alphaproteobacteria; o__Rhizobiales; f__Rhizobiaceae; g__Neorhizobium; s__Neorhizobium galegae
species|400768|Microlunatus panaciterrae	k__Bacteria; p__Actinobacteria; c__Actinobacteria; o__Propionibacteriales; f__Propionibacteriaceae; g__Microlunatus; s__Microlunatus panaciterrae
species|40137|Oligotropha carboxidovorans	k__Bacteria; p__Proteobacteria; c__Alphaproteobacteria; o__Rhizobiales; f__Bradyrhizobiaceae; g__Oligotropha; s__Oligotropha carboxidovorans
species|40324|Stenotrophomonas maltophilia	k__Bacteria; p__Proteobacteria; c__Gammaproteobacteria; o__Xanthomonadales; f__Xanthomonadaceae; g__Stenotrophomonas; s__Stenotrophomonas maltophilia
species|404589|Anaeromyxobacter sp. Fw109-5	k__Bacteria; p__Proteobacteria; c__Deltaproteobacteria; o__Myxococcales; f__Anaeromyxobacteraceae; g__Anaeromyxobacter; s__Anaeromyxobacter sp. Fw109-5
species|406548|Aquisphaera giovannonii	k__Bacteria; p__Planctomycetes; c__Planctomycetia; o__Isosphaerales; f__Isosphaeraceae; g__Aquisphaera; s__Aquisphaera giovannonii
species|407159|Knoellia remsis	k__Bacteria; p__Actinobacteria; c__Actinobacteria; o__Micrococcales; f__Intrasporangiaceae; g__Knoellia; s__Knoellia remsis
species|408174|Devosia insulae	k__Bacteria; p__Proteobacteria; c__Alphaproteobacteria; o__Rhizobiales; f__Hyphomicrobiaceae; g__Devosia; s__Devosia insulae
species|408657|Dyadobacter koreensis	k__Bacteria; p__Bacteroidetes; c__Cytophagia; o__Cytophagales; f__Cytophagaceae; g__Dyadobacter; s__Dyadobacter koreensis
species|413882|[Polyangium] brachysporum	k__Bacteria; p__Proteobacteria; c__Betaproteobacteria; o__Burkholderiales; f__nan; g__nan; s__[Polyangium] brachysporum
species|414048|Pedobacter insulae	k__Bacteria; p__Bacteroidetes; c__Sphingobacteriia; o__Sphingobacteriales; f__Sphingobacteriaceae; g__Pedobacter; s__Pedobacter insulae
species|414050|Lysobacter dokdonensis	k__Bacteria; p__Proteobacteria; c__Gammaproteobacteria; o__Xanthomonadales; f__Xanthomonadaceae; g__Lysobacter; s__Lysobacter dokdonensis
species|415425|Flavobacterium terrae	k__Bacteria; p__Bacteroidetes; c__Flavobacteriia; o__Flavobacteriales; f__Flavobacteriaceae; g__Flavobacterium; s__Flavobacterium terrae
species|415996|Shinella yambaruensis	k__Bacteria; p__Proteobacteria; c__Alphaproteobacteria; o__Rhizobiales; f__Rhizobiaceae; g__Shinella; s__Shinella yambaruensis
species|418856|Nevskia soli	k__Bacteria; p__Proteobacteria; c__Gammaproteobacteria; o__Nevskiales; f__Sinobacteraceae; g__Nevskia; s__Nevskia soli
species|41|Stigmatella aurantiaca	k__Bacteria; p__Proteobacteria; c__Deltaproteobacteria; o__Myxococcales; f__Archangiaceae; g__Stigmatella; s__Stigmatella aurantiaca
species|420324|Microvirga lupini	k__Bacteria; p__Proteobacteria; c__Alphaproteobacteria; o__Rhizobiales; f__Methylobacteriaceae; g__Microvirga; s__Microvirga lupini
species|421767|Peribacillus butanolivorans	k__Bacteria; p__Firmicutes; c__Bacilli; o__Bacillales; f__Bacillaceae; g__Peribacillus; s__Peribacillus butanolivorans
species|42253|Nitrospira moscoviensis	k__Bacteria; p__Nitrospirae; c__Nitrospira; o__Nitrospirales; f__Nitrospiraceae; g__Nitrospira; s__Nitrospira moscoviensis
species|42256|Rubrobacter radiotolerans	k__Bacteria; p__Actinobacteria; c__Rubrobacteria; o__Rubrobacterales; f__Rubrobacteraceae; g__Rubrobacter; s__Rubrobacter radiotolerans
species|424218|Georgfuchsia toluolica	k__Bacteria; p__Proteobacteria; c__Betaproteobacteria; o__Nitrosomonadales; f__Sterolibacteriaceae; g__Georgfuchsia; s__Georgfuchsia toluolica
species|424798|Rhizobium soli	k__Bacteria; p__Proteobacteria; c__Alphaproteobacteria; o__Rhizobiales; f__Rhizobiaceae; g__Rhizobium; s__Rhizobium soli
species|425677|Labrys wisconsinensis	k__Bacteria; p__Proteobacteria; c__Alphaproteobacteria; o__Rhizobiales; f__Xanthobacteraceae; g__Labrys; s__Labrys wisconsinensis
species|426421|Sediminibacterium salmoneum	k__Bacteria; p__Bacteroidetes; c__Chitinophagia; o__Chitinophagales; f__Chitinophagaceae; g__Sediminibacterium; s__Sediminibacterium salmoneum
species|426|Methylosinus trichosporium	k__Bacteria; p__Proteobacteria; c__Alphaproteobacteria; o__Rhizobiales; f__Methylocystaceae; g__Methylosinus; s__Methylosinus trichosporium
species|427333|Herminiimonas saxobsidens	k__Bacteria; p__Proteobacteria; c__Betaproteobacteria; o__Burkholderiales; f__Oxalobacteraceae; g__Herminiimonas; s__Herminiimonas saxobsidens
species|428|Methylosinus sporium	k__Bacteria; p__Proteobacteria; c__Alphaproteobacteria; o__Rhizobiales; f__Methylocystaceae; g__Methylosinus; s__Methylosinus sporium
species|431677|Rhizobacter dauci	k__Bacteria; p__Proteobacteria; c__Betaproteobacteria; o__Burkholderiales; f__nan; g__Rhizobacter; s__Rhizobacter dauci
species|43263|Pseudomonas alcaligenes	k__Bacteria; p__Proteobacteria; c__Gammaproteobacteria; o__Pseudomonadales; f__Pseudomonadaceae; g__Pseudomonas; s__Pseudomonas alcaligenes
species|433293|Anaerotaenia torta	k__Bacteria; p__Firmicutes; c__Clostridia; o__Clostridiales; f__Lachnospiraceae; g__Anaerotaenia; s__Anaerotaenia torta
species|433654|Nocardioides tritolerans	k__Bacteria; p__Actinobacteria; c__Actinobacteria; o__Propionibacteriales; f__Nocardioidaceae; g__Nocardioides; s__Nocardioides tritolerans
species|435289|Lysobacter spongiicola	k__Bacteria; p__Proteobacteria; c__Gammaproteobacteria; o__Xanthomonadales; f__Xanthomonadaceae; g__Lysobacter; s__Lysobacter spongiicola
species|435897|Lysobacter capsici	k__Bacteria; p__Proteobacteria; c__Gammaproteobacteria; o__Xanthomonadales; f__Xanthomonadaceae; g__Lysobacter; s__Lysobacter capsici
species|436515|Variovorax boronicumulans	k__Bacteria; p__Proteobacteria; c__Betaproteobacteria; o__Burkholderiales; f__Comamonadaceae; g__Variovorax; s__Variovorax boronicumulans
species|43|Cystobacter fuscus	k__Bacteria; p__Proteobacteria; c__Deltaproteobacteria; o__Myxococcales; f__Archangiaceae; g__Cystobacter; s__Cystobacter fuscus
species|441950|Bradyrhizobium iriomotense	k__Bacteria; p__Proteobacteria; c__Alphaproteobacteria; o__Rhizobiales; f__Bradyrhizobiaceae; g__Bradyrhizobium; s__Bradyrhizobium iriomotense
species|442526|Massilia brevitalea	k__Bacteria; p__Proteobacteria; c__Betaproteobacteria; o__Burkholderiales; f__Oxalobacteraceae; g__Massilia; s__Massilia brevitalea
species|44253|Paenibacillus validus	k__Bacteria; p__Firmicutes; c__Bacilli; o__Bacillales; f__Paenibacillaceae; g__Paenibacillus; s__Paenibacillus validus
species|443143|Geobacter sp. M18	k__Bacteria; p__Proteobacteria; c__Deltaproteobacteria; o__Desulfuromonadales; f__Geobacteraceae; g__Geobacter; s__Geobacter sp. M18
species|443144|Geobacter sp. M21	k__Bacteria; p__Proteobacteria; c__Deltaproteobacteria; o__Desulfuromonadales; f__Geobacteraceae; g__Geobacter; s__Geobacter sp. M21
species|443612|Flavobacterium resistens	k__Bacteria; p__Bacteroidetes; c__Flavobacteriia; o__Flavobacteriales; f__Flavobacteriaceae; g__Flavobacterium; s__Flavobacterium resistens
species|445220|Reyranella massiliensis	k__Bacteria; p__Proteobacteria; c__Alphaproteobacteria; o__Rhodospirillales; f__nan; g__Reyranella; s__Reyranella massiliensis
species|445710|Dyella thiooxydans	k__Bacteria; p__Proteobacteria; c__Gammaproteobacteria; o__Xanthomonadales; f__Rhodanobacteraceae; g__Dyella; s__Dyella thiooxydans
species|445931|Prosthecobacter fluviatilis	k__Bacteria; p__Verrucomicrobia; c__Verrucomicrobiae; o__Verrucomicrobiales; f__Verrucomicrobiaceae; g__Prosthecobacter; s__Prosthecobacter fluviatilis
species|446786|Microlunatus aurantiacus	k__Bacteria; p__Actinobacteria; c__Actinobacteria; o__Propionibacteriales; f__Propionibacteriaceae; g__Microlunatus; s__Microlunatus aurantiacus
species|446|Legionella pneumophila	k__Bacteria; p__Proteobacteria; c__Gammaproteobacteria; o__Legionellales; f__Legionellaceae; g__Legionella; s__Legionella pneumophila
species|447217|Anaeromyxobacter sp. K	k__Bacteria; p__Proteobacteria; c__Deltaproteobacteria; o__Myxococcales; f__Anaeromyxobacteraceae; g__Anaeromyxobacter; s__Anaeromyxobacter sp. K
species|449|Legionella hackeliae	k__Bacteria; p__Proteobacteria; c__Gammaproteobacteria; o__Legionellales; f__Legionellaceae; g__Legionella; s__Legionella hackeliae
species|450362|Paenibacillus contaminans	k__Bacteria; p__Firmicutes; c__Bacilli; o__Bacillales; f__Paenibacillaceae; g__Paenibacillus; s__Paenibacillus contaminans
species|450367|[Brevibacterium] frigoritolerans	k__Bacteria; p__Firmicutes; c__Bacilli; o__Bacillales; f__Bacillaceae; g__Bacillus; s__[Brevibacterium] frigoritolerans
species|45056|Legionella adelaidensis	k__Bacteria; p__Proteobacteria; c__Gammaproteobacteria; o__Legionellales; f__Legionellaceae; g__Legionella; s__Legionella adelaidensis
species|453783|Lysobacter soli	k__Bacteria; p__Proteobacteria; c__Gammaproteobacteria; o__Xanthomonadales; f__Xanthomonadaceae; g__Lysobacter; s__Lysobacter soli
species|453816|Bdellovibrio exovorus	k__Bacteria; p__Proteobacteria; c__Oligoflexia; o__Bdellovibrionales; f__Bdellovibrionaceae; g__Bdellovibrio; s__Bdellovibrio exovorus
species|454151|Luteolibacter algae	k__Bacteria; p__Verrucomicrobia; c__Verrucomicrobiae; o__Verrucomicrobiales; f__Verrucomicrobiaceae; g__Luteolibacter; s__Luteolibacter algae
species|454153|Luteolibacter pohnpeiensis	k__Bacteria; p__Verrucomicrobia; c__Verrucomicrobiae; o__Verrucomicrobiales; f__Verrucomicrobiaceae; g__Luteolibacter; s__Luteolibacter pohnpeiensis
species|454662|Cellvibrio sp. KY-YJ-3	k__Bacteria; p__Proteobacteria; c__Gammaproteobacteria; o__Cellvibrionales; f__Cellvibrionaceae; g__Cellvibrio; s__Cellvibrio sp. KY-YJ-3
species|455078|Rhodocytophaga aerolata	k__Bacteria; p__Bacteroidetes; c__Cytophagia; o__Cytophagales; f__Cytophagaceae; g__Rhodocytophaga; s__Rhodocytophaga aerolata
species|45|Melittangium lichenicola	k__Bacteria; p__Proteobacteria; c__Deltaproteobacteria; o__Myxococcales; f__Archangiaceae; g__Melittangium; s__Melittangium lichenicola
species|462367|Flavisolibacter ginsengisoli	k__Bacteria; p__Bacteroidetes; c__Chitinophagia; o__Chitinophagales; f__Chitinophagaceae; g__Flavisolibacter; s__Flavisolibacter ginsengisoli
species|465721|Steroidobacter denitrificans	k__Bacteria; p__Proteobacteria; c__Gammaproteobacteria; o__Nevskiales; f__Steroidobacteraceae; g__Steroidobacter; s__Steroidobacter denitrificans
species|466153|Singulisphaera acidiphila	k__Bacteria; p__Planctomycetes; c__Planctomycetia; o__Isosphaerales; f__Isosphaeraceae; g__Singulisphaera; s__Singulisphaera acidiphila
species|467091|Ilumatobacter fluminis	k__Bacteria; p__Actinobacteria; c__Acidimicrobiia; o__Acidimicrobiales; f__Ilumatobacteraceae; g__Ilumatobacter; s__Ilumatobacter fluminis
species|467093|Ilumatobacter nonamiensis	k__Bacteria; p__Actinobacteria; c__Acidimicrobiia; o__Acidimicrobiales; f__Ilumatobacteraceae; g__Ilumatobacter; s__Ilumatobacter nonamiensis
species|467976|Iamia majanohamensis	k__Bacteria; p__Actinobacteria; c__Acidimicrobiia; o__Acidimicrobiales; f__Iamiaceae; g__Iamia; s__Iamia majanohamensis
species|471|Acinetobacter calcoaceticus	k__Bacteria; p__Proteobacteria; c__Gammaproteobacteria; o__Pseudomonadales; f__Moraxellaceae; g__Acinetobacter; s__Acinetobacter calcoaceticus
species|47229|Massilia timonae	k__Bacteria; p__Proteobacteria; c__Betaproteobacteria; o__Burkholderiales; f__Oxalobacteraceae; g__Massilia; s__Massilia timonae
species|47495|Pedomicrobium americanum	k__Bacteria; p__Proteobacteria; c__Alphaproteobacteria; o__Rhizobiales; f__Hyphomicrobiaceae; g__Pedomicrobium; s__Pedomicrobium americanum
species|47496|Pedomicrobium australicum	k__Bacteria; p__Proteobacteria; c__Alphaproteobacteria; o__Rhizobiales; f__Hyphomicrobiaceae; g__Pedomicrobium; s__Pedomicrobium australicum
species|47498|Pedomicrobium manganicum	k__Bacteria; p__Proteobacteria; c__Alphaproteobacteria; o__Rhizobiales; f__Hyphomicrobiaceae; g__Pedomicrobium; s__Pedomicrobium manganicum
species|47679|Sporomusa sphaeroides	k__Bacteria; p__Firmicutes; c__Negativicutes; o__Selenomonadales; f__Sporomusaceae; g__Sporomusa; s__Sporomusa sphaeroides
species|47883|Pseudomonas synxantha	k__Bacteria; p__Proteobacteria; c__Gammaproteobacteria; o__Pseudomonadales; f__Pseudomonadaceae; g__Pseudomonas; s__Pseudomonas synxantha
species|47994|Leptothrix mobilis	k__Bacteria; p__Proteobacteria; c__Betaproteobacteria; o__Burkholderiales; f__nan; g__Leptothrix; s__Leptothrix mobilis
species|480070|Rhizomicrobium electricum	k__Bacteria; p__Proteobacteria; c__Alphaproteobacteria; o__Micropepsales; f__Micropepsaceae; g__Rhizomicrobium; s__Rhizomicrobium electricum
species|481743|Paenibacillus sp. Y412MC10	k__Bacteria; p__Firmicutes; c__Bacilli; o__Bacillales; f__Paenibacillaceae; g__Paenibacillus; s__Paenibacillus sp. Y412MC10
species|482564|Oscillatoria nigro-viridis	k__Bacteria; p__Cyanobacteria; c__nan; o__Oscillatoriales; f__Oscillatoriaceae; g__Oscillatoria; s__Oscillatoria nigro-viridis
species|483547|Geoalkalibacter subterraneus	k__Bacteria; p__Proteobacteria; c__Deltaproteobacteria; o__Desulfuromonadales; f__Geobacteraceae; g__Geoalkalibacter; s__Geoalkalibacter subterraneus
species|48465|Prosthecobacter dejongeii	k__Bacteria; p__Verrucomicrobia; c__Verrucomicrobiae; o__Verrucomicrobiales; f__Verrucomicrobiaceae; g__Prosthecobacter; s__Prosthecobacter dejongeii
species|48466|Prosthecobacter vanneervenii	k__Bacteria; p__Verrucomicrobia; c__Verrucomicrobiae; o__Verrucomicrobiales; f__Verrucomicrobiaceae; g__Prosthecobacter; s__Prosthecobacter vanneervenii
species|486398|Bacillus sp. S3	k__Bacteria; p__Firmicutes; c__Bacilli; o__Bacillales; f__Bacillaceae; g__Bacillus; s__Bacillus sp. S3
species|48665|Streptomyces viridifaciens	k__Bacteria; p__Actinobacteria; c__Actinobacteria; o__Streptomycetales; f__Streptomycetaceae; g__Streptomyces; s__Streptomyces viridifaciens
species|48|Archangium gephyra	k__Bacteria; p__Proteobacteria; c__Deltaproteobacteria; o__Myxococcales; f__Archangiaceae; g__Archangium; s__Archangium gephyra
species|490573|Solirubrobacter ginsenosidimutans	k__Bacteria; p__Actinobacteria; c__Thermoleophilia; o__Solirubrobacterales; f__Solirubrobacteraceae; g__Solirubrobacter; s__Solirubrobacter ginsenosidimutans
species|492736|Dyadobacter alkalitolerans	k__Bacteria; p__Bacteroidetes; c__Cytophagia; o__Cytophagales; f__Cytophagaceae; g__Dyadobacter; s__Dyadobacter alkalitolerans
species|49319|Rubrobacter xylanophilus	k__Bacteria; p__Actinobacteria; c__Rubrobacteria; o__Rubrobacterales; f__Rubrobacteraceae; g__Rubrobacter; s__Rubrobacter xylanophilus
species|496014|Baekduia soli	k__Bacteria; p__Actinobacteria; c__Rubrobacteria; o__Rubrobacterales; f__Baekduiaceae; g__Baekduia; s__Baekduia soli
species|498055|Arenimonas oryziterrae	k__Bacteria; p__Proteobacteria; c__Gammaproteobacteria; o__Xanthomonadales; f__Xanthomonadaceae; g__Arenimonas; s__Arenimonas oryziterrae
species|502330|Mucilaginibacter hankyongensis	k__Bacteria; p__Bacteroidetes; c__Sphingobacteriia; o__Sphingobacteriales; f__Sphingobacteriaceae; g__Mucilaginibacter; s__Mucilaginibacter hankyongensis
species|502331|Mucilaginibacter panaciglaebae	k__Bacteria; p__Bacteroidetes; c__Sphingobacteriia; o__Sphingobacteriales; f__Sphingobacteriaceae; g__Mucilaginibacter; s__Mucilaginibacter panaciglaebae
species|502333|Ramlibacter ginsenosidimutans	k__Bacteria; p__Proteobacteria; c__Betaproteobacteria; o__Burkholderiales; f__Comamonadaceae; g__Ramlibacter; s__Ramlibacter ginsenosidimutans
species|504468|Rhodovastum atsumiense	k__Bacteria; p__Proteobacteria; c__Alphaproteobacteria; o__Rhodospirillales; f__Acetobacteraceae; g__Rhodovastum; s__Rhodovastum atsumiense
species|50715|Acidisphaera rubrifaciens	k__Bacteria; p__Proteobacteria; c__Alphaproteobacteria; o__Rhodospirillales; f__Acetobacteraceae; g__Acidisphaera; s__Acidisphaera rubrifaciens
species|511108|Ottowia pentelensis	k__Bacteria; p__Proteobacteria; c__Betaproteobacteria; o__Burkholderiales; f__Comamonadaceae; g__Ottowia; s__Ottowia pentelensis
species|51|Chondromyces apiculatus	k__Bacteria; p__Proteobacteria; c__Deltaproteobacteria; o__Myxococcales; f__Polyangiaceae; g__Chondromyces; s__Chondromyces apiculatus
species|520092|Tahibacter aquaticus	k__Bacteria; p__Proteobacteria; c__Gammaproteobacteria; o__Xanthomonadales; f__Rhodanobacteraceae; g__Tahibacter; s__Tahibacter aquaticus
species|529703|Adhaeribacter terreus	k__Bacteria; p__Bacteroidetes; c__Cytophagia; o__Cytophagales; f__Hymenobacteraceae; g__Adhaeribacter; s__Adhaeribacter terreus
species|529704|Frateuria terrea	k__Bacteria; p__Proteobacteria; c__Gammaproteobacteria; o__Xanthomonadales; f__Rhodanobacteraceae; g__Frateuria; s__Frateuria terrea
species|529705|Sphingomonas changbaiensis	k__Bacteria; p__Proteobacteria; c__Alphaproteobacteria; o__Sphingomonadales; f__Sphingomonadaceae; g__Sphingomonas; s__Sphingomonas changbaiensis
species|529810|Dokdonella soli	k__Bacteria; p__Proteobacteria; c__Gammaproteobacteria; o__Xanthomonadales; f__Rhodanobacteraceae; g__Dokdonella; s__Dokdonella soli
species|52|Chondromyces crocatus	k__Bacteria; p__Proteobacteria; c__Deltaproteobacteria; o__Myxococcales; f__Polyangiaceae; g__Chondromyces; s__Chondromyces crocatus
species|53254|Bosea thiooxidans	k__Bacteria; p__Proteobacteria; c__Alphaproteobacteria; o__Rhizobiales; f__Bradyrhizobiaceae; g__Bosea; s__Bosea thiooxidans
species|533|Beijerinckia indica	k__Bacteria; p__Proteobacteria; c__Alphaproteobacteria; o__Rhizobiales; f__Beijerinckiaceae; g__Beijerinckia; s__Beijerinckia indica
species|53635|Acidimicrobium ferrooxidans	k__Bacteria; p__Actinobacteria; c__Acidimicrobiia; o__Acidimicrobiales; f__Acidimicrobiaceae; g__Acidimicrobium; s__Acidimicrobium ferrooxidans
species|538021|Mucilaginibacter ximonensis	k__Bacteria; p__Bacteroidetes; c__Sphingobacteriia; o__Sphingobacteriales; f__Sphingobacteriaceae; g__Mucilaginibacter; s__Mucilaginibacter ximonensis
species|538966|Dyadobacter sp. 32	k__Bacteria; p__Bacteroidetes; c__Cytophagia; o__Cytophagales; f__Cytophagaceae; g__Dyadobacter; s__Dyadobacter sp. 32
species|54067|Xylophilus ampelinus	k__Bacteria; p__Proteobacteria; c__Betaproteobacteria; o__Burkholderiales; f__nan; g__Xylophilus; s__Xylophilus ampelinus
species|540746|Rudaea cellulosilytica	k__Bacteria; p__Proteobacteria; c__Gammaproteobacteria; o__Xanthomonadales; f__Rhodanobacteraceae; g__Rudaea; s__Rudaea cellulosilytica
species|543615|Solitalea koreensis	k__Bacteria; p__Bacteroidetes; c__Sphingobacteriia; o__Sphingobacteriales; f__Sphingobacteriaceae; g__Solitalea; s__Solitalea koreensis
species|546872|Friedmanniella lucida	k__Bacteria; p__Actinobacteria; c__Actinobacteria; o__Propionibacteriales; f__Nocardioidaceae; g__Friedmanniella; s__Friedmanniella lucida
species|546|Citrobacter freundii	k__Bacteria; p__Proteobacteria; c__Gammaproteobacteria; o__Enterobacterales; f__Enterobacteriaceae; g__Citrobacter; s__Citrobacter freundii
species|549|Pantoea agglomerans	k__Bacteria; p__Proteobacteria; c__Gammaproteobacteria; o__Enterobacterales; f__Erwiniaceae; g__Pantoea; s__Pantoea agglomerans
species|550982|Parasegetibacter luojiensis	k__Bacteria; p__Bacteroidetes; c__Chitinophagia; o__Chitinophagales; f__Chitinophagaceae; g__Parasegetibacter; s__Parasegetibacter luojiensis
species|554312|Paenibacillus rigui	k__Bacteria; p__Firmicutes; c__Bacilli; o__Bacillales; f__Paenibacillaceae; g__Paenibacillus; s__Paenibacillus rigui
species|55508|Janthinobacterium agaricidamnosum	k__Bacteria; p__Proteobacteria; c__Betaproteobacteria; o__Burkholderiales; f__Oxalobacteraceae; g__Janthinobacterium; s__Janthinobacterium agaricidamnosum
species|556890|Patulibacter ginsengiterrae	k__Bacteria; p__Actinobacteria; c__Thermoleophilia; o__Solirubrobacterales; f__Patulibacteraceae; g__Patulibacter; s__Patulibacter ginsengiterrae
species|561879|Bacillus safensis	k__Bacteria; p__Firmicutes; c__Bacilli; o__Bacillales; f__Bacillaceae; g__Bacillus; s__Bacillus safensis
species|563170|Ferruginibacter alkalilentus	k__Bacteria; p__Bacteroidetes; c__Chitinophagia; o__Chitinophagales; f__Chitinophagaceae; g__Ferruginibacter; s__Ferruginibacter alkalilentus
species|564064|Spirosoma rigui	k__Bacteria; p__Bacteroidetes; c__Cytophagia; o__Cytophagales; f__Cytophagaceae; g__Spirosoma; s__Spirosoma rigui
species|564835|Pedobacter koreensis	k__Bacteria; p__Bacteroidetes; c__Sphingobacteriia; o__Sphingobacteriales; f__Sphingobacteriaceae; g__Pedobacter; s__Pedobacter koreensis
species|56730|Rhizobium gallicum	k__Bacteria; p__Proteobacteria; c__Alphaproteobacteria; o__Rhizobiales; f__Rhizobiaceae; g__Rhizobium; s__Rhizobium gallicum
species|56731|Rhizobium giardinii	k__Bacteria; p__Proteobacteria; c__Alphaproteobacteria; o__Rhizobiales; f__Rhizobiaceae; g__Rhizobium; s__Rhizobium giardinii
species|56|Sorangium cellulosum	k__Bacteria; p__Proteobacteria; c__Deltaproteobacteria; o__Myxococcales; f__Polyangiaceae; g__Sorangium; s__Sorangium cellulosum
species|570279|Terrimonas aquatica	k__Bacteria; p__Bacteroidetes; c__Chitinophagia; o__Chitinophagales; f__Chitinophagaceae; g__Terrimonas; s__Terrimonas aquatica
species|572036|Daejeonella lutea	k__Bacteria; p__Bacteroidetes; c__Sphingobacteriia; o__Sphingobacteriales; f__Sphingobacteriaceae; g__Daejeonella; s__Daejeonella lutea
species|573737|Pandoraea oxalativorans	k__Bacteria; p__Proteobacteria; c__Betaproteobacteria; o__Burkholderiales; f__Burkholderiaceae; g__Pandoraea; s__Pandoraea oxalativorans
species|573739|Oxalicibacterium horti	k__Bacteria; p__Proteobacteria; c__Betaproteobacteria; o__Burkholderiales; f__Oxalobacteraceae; g__Oxalicibacterium; s__Oxalicibacterium horti
species|573741|Oxalicibacterium faecigallinarum	k__Bacteria; p__Proteobacteria; c__Betaproteobacteria; o__Burkholderiales; f__Oxalobacteraceae; g__Oxalicibacterium; s__Oxalicibacterium faecigallinarum
species|57664|Desulfuromonas thiophila	k__Bacteria; p__Proteobacteria; c__Deltaproteobacteria; o__Desulfuromonadales; f__Desulfuromonadaceae; g__Desulfuromonas; s__Desulfuromonas thiophila
species|578942|Dokdonella immobilis	k__Bacteria; p__Proteobacteria; c__Gammaproteobacteria; o__Xanthomonadales; f__Rhodanobacteraceae; g__Dokdonella; s__Dokdonella immobilis
species|578943|Dongia mobilis	k__Bacteria; p__Proteobacteria; c__Alphaproteobacteria; o__Rhodospirillales; f__Rhodospirillaceae; g__Dongia; s__Dongia mobilis
species|580165|Bacillus cytotoxicus	k__Bacteria; p__Firmicutes; c__Bacilli; o__Bacillales; f__Bacillaceae; g__Bacillus; s__Bacillus cytotoxicus
species|581036|Anoxybacillus vitaminiphilus	k__Bacteria; p__Firmicutes; c__Bacilli; o__Bacillales; f__Bacillaceae; g__Anoxybacillus; s__Anoxybacillus vitaminiphilus
species|58107|Pseudonocardia yunnanensis	k__Bacteria; p__Actinobacteria; c__Actinobacteria; o__Pseudonocardiales; f__Pseudonocardiaceae; g__Pseudonocardia; s__Pseudonocardia yunnanensis
species|582850|Sporosarcina luteola	k__Bacteria; p__Firmicutes; c__Bacilli; o__Bacillales; f__Planococcaceae; g__Sporosarcina; s__Sporosarcina luteola
species|587753|Pseudomonas chlororaphis	k__Bacteria; p__Proteobacteria; c__Gammaproteobacteria; o__Pseudomonadales; f__Pseudomonadaceae; g__Pseudomonas; s__Pseudomonas chlororaphis
species|590609|Rhodanobacter soli	k__Bacteria; p__Proteobacteria; c__Gammaproteobacteria; o__Xanthomonadales; f__Rhodanobacteraceae; g__Rhodanobacter; s__Rhodanobacter soli
species|592317|[Empedobacter] haloabium	k__Bacteria; p__Bacteroidetes; c__Flavobacteriia; o__Flavobacteriales; f__Weeksellaceae; g__Empedobacter; s__[Empedobacter] haloabium
species|59839|Paenibacillus alginolyticus	k__Bacteria; p__Firmicutes; c__Bacilli; o__Bacillales; f__Paenibacillaceae; g__Paenibacillus; s__Paenibacillus alginolyticus
species|600628|Dongia soli	k__Bacteria; p__Proteobacteria; c__Alphaproteobacteria; o__Rhodospirillales; f__Rhodospirillaceae; g__Dongia; s__Dongia soli
species|60443|Terrabacter tumescens	k__Bacteria; p__Actinobacteria; c__Actinobacteria; o__Micrococcales; f__Intrasporangiaceae; g__Terrabacter; s__Terrabacter tumescens
species|61624|Paenibacillus mucilaginosus	k__Bacteria; p__Firmicutes; c__Bacilli; o__Bacillales; f__Paenibacillaceae; g__Paenibacillus; s__Paenibacillus mucilaginosus
species|61652|Serratia rubidaea	k__Bacteria; p__Proteobacteria; c__Gammaproteobacteria; o__Enterobacterales; f__Yersiniaceae; g__Serratia; s__Serratia rubidaea
species|616952|Bauldia consociata	k__Bacteria; p__Proteobacteria; c__Alphaproteobacteria; o__Rhizobiales; f__nan; g__Bauldia; s__Bauldia consociata
species|630515|Microlunatus soli	k__Bacteria; p__Actinobacteria; c__Actinobacteria; o__Propionibacteriales; f__Propionibacteriaceae; g__Microlunatus; s__Microlunatus soli
species|634771|Chitinophaga eiseniae	k__Bacteria; p__Bacteroidetes; c__Chitinophagia; o__Chitinophagales; f__Chitinophagaceae; g__Chitinophaga; s__Chitinophaga eiseniae
species|637577|Luteibacter jiangsuensis	k__Bacteria; p__Proteobacteria; c__Gammaproteobacteria; o__Xanthomonadales; f__Rhodanobacteraceae; g__Luteibacter; s__Luteibacter jiangsuensis
species|64104|Bacillus pseudomycoides	k__Bacteria; p__Firmicutes; c__Bacilli; o__Bacillales; f__Bacillaceae; g__Bacillus; s__Bacillus pseudomycoides
species|643672|Singulisphaera rosea	k__Bacteria; p__Planctomycetes; c__Planctomycetia; o__Isosphaerales; f__Isosphaeraceae; g__Singulisphaera; s__Singulisphaera rosea
species|644383|Thermosporothrix hazakensis	k__Bacteria; p__Chloroflexi; c__Ktedonobacteria; o__Ktedonobacterales; f__Thermosporotrichaceae; g__Thermosporothrix; s__Thermosporothrix hazakensis
species|648895|Massilia suwonensis	k__Bacteria; p__Proteobacteria; c__Betaproteobacteria; o__Burkholderiales; f__Oxalobacteraceae; g__Massilia; s__Massilia suwonensis
species|65048|Mitsuaria chitosanitabida	k__Bacteria; p__Proteobacteria; c__Betaproteobacteria; o__Burkholderiales; f__nan; g__Mitsuaria; s__Mitsuaria chitosanitabida
species|651661|Dyadobacter psychrophilus	k__Bacteria; p__Bacteroidetes; c__Cytophagia; o__Cytophagales; f__Cytophagaceae; g__Dyadobacter; s__Dyadobacter psychrophilus
species|652764|Azospirillum sp. TSH100	k__Bacteria; p__Proteobacteria; c__Alphaproteobacteria; o__Rhodospirillales; f__Rhodospirillaceae; g__Azospirillum; s__Azospirillum sp. TSH100
species|655015|Methylocystis bryophila	k__Bacteria; p__Proteobacteria; c__Alphaproteobacteria; o__Rhizobiales; f__Methylocystaceae; g__Methylocystis; s__Methylocystis bryophila
species|658062|Candidatus Koribacter versatilis	k__Bacteria; p__Acidobacteria; c__Acidobacteriia; o__Acidobacteriales; f__Acidobacteriaceae; g__Candidatus Koribacter; s__Candidatus Koribacter versatilis
species|659014|Dyadobacter soli	k__Bacteria; p__Bacteroidetes; c__Cytophagia; o__Cytophagales; f__Cytophagaceae; g__Dyadobacter; s__Dyadobacter soli
species|659444|Flavobacterium banpakuense	k__Bacteria; p__Bacteroidetes; c__Flavobacteriia; o__Flavobacteriales; f__Flavobacteriaceae; g__Flavobacterium; s__Flavobacterium banpakuense
species|659595|Chiayiivirga flava	k__Bacteria; p__Proteobacteria; c__Gammaproteobacteria; o__Xanthomonadales; f__Rhodanobacteraceae; g__Chiayiivirga; s__Chiayiivirga flava
species|661481|Flavisolibacter ginsenosidimutans	k__Bacteria; p__Bacteroidetes; c__Chitinophagia; o__Chitinophagales; f__Chitinophagaceae; g__Flavisolibacter; s__Flavisolibacter ginsenosidimutans
species|661485|Marmoricola pocheonensis	k__Bacteria; p__Actinobacteria; c__Actinobacteria; o__Propionibacteriales; f__Nocardioidaceae; g__Marmoricola; s__Marmoricola pocheonensis
species|66347|Paenibacillus campinasensis	k__Bacteria; p__Firmicutes; c__Bacilli; o__Bacillales; f__Paenibacillaceae; g__Paenibacillus; s__Paenibacillus campinasensis
species|663610|Methylocapsa aurea	k__Bacteria; p__Proteobacteria; c__Alphaproteobacteria; o__Rhizobiales; f__Beijerinckiaceae; g__Methylocapsa; s__Methylocapsa aurea
species|665099|Cytobacillus oceanisediminis	k__Bacteria; p__Firmicutes; c__Bacilli; o__Bacillales; f__Bacillaceae; g__Cytobacillus; s__Cytobacillus oceanisediminis
species|665467|Bauldia litoralis	k__Bacteria; p__Proteobacteria; c__Alphaproteobacteria; o__Rhizobiales; f__nan; g__Bauldia; s__Bauldia litoralis
species|666686|Bacillus sp. 1NLA3E	k__Bacteria; p__Firmicutes; c__Bacilli; o__Bacillales; f__Bacillaceae; g__Bacillus; s__Bacillus sp. 1NLA3E
species|667306|Aciditerrimonas ferrireducens	k__Bacteria; p__Actinobacteria; c__Acidimicrobiia; o__Acidimicrobiales; f__Acidimicrobiaceae; g__Aciditerrimonas; s__Aciditerrimonas ferrireducens
species|669464|Paenibacillus filicis	k__Bacteria; p__Firmicutes; c__Bacilli; o__Bacillales; f__Paenibacillaceae; g__Paenibacillus; s__Paenibacillus filicis
species|670291|Microvirga aerophila	k__Bacteria; p__Proteobacteria; c__Alphaproteobacteria; o__Rhizobiales; f__Methylobacteriaceae; g__Microvirga; s__Microvirga aerophila
species|670292|Microvirga aerilata	k__Bacteria; p__Proteobacteria; c__Alphaproteobacteria; o__Rhizobiales; f__Methylobacteriaceae; g__Microvirga; s__Microvirga aerilata
species|670293|Segetibacter aerophilus	k__Bacteria; p__Bacteroidetes; c__Chitinophagia; o__Chitinophagales; f__Chitinophagaceae; g__Segetibacter; s__Segetibacter aerophilus
species|673862|Candidatus Babela massiliensis	k__Bacteria; p__nan; c__Candidatus Babeliae; o__Candidatus Babeliales; f__Candidatus Babeliaceae; g__Candidatus Babela; s__Candidatus Babela massiliensis
species|674703|Rhodoplanes sp. Z2-YC6860	k__Bacteria; p__Proteobacteria; c__Alphaproteobacteria; o__Rhizobiales; f__Hyphomicrobiaceae; g__Rhodoplanes; s__Rhodoplanes sp. Z2-YC6860
species|675609|Nevskia terrae	k__Bacteria; p__Proteobacteria; c__Gammaproteobacteria; o__Nevskiales; f__Sinobacteraceae; g__Nevskia; s__Nevskia terrae
species|676205|Streptomyces aomiensis	k__Bacteria; p__Actinobacteria; c__Actinobacteria; o__Streptomycetales; f__Streptomycetaceae; g__Streptomyces; s__Streptomyces aomiensis
species|676517|Diplorickettsia massiliensis	k__Bacteria; p__Proteobacteria; c__Gammaproteobacteria; o__Legionellales; f__Coxiellaceae; g__Diplorickettsia; s__Diplorickettsia massiliensis
species|67774|Neorhizobium huautlense	k__Bacteria; p__Proteobacteria; c__Alphaproteobacteria; o__Rhizobiales; f__Rhizobiaceae; g__Neorhizobium; s__Neorhizobium huautlense
species|685828|Armatimonas rosea	k__Bacteria; p__Armatimonadetes; c__Armatimonadia; o__Armatimonadales; f__Armatimonadaceae; g__Armatimonas; s__Armatimonas rosea
species|687525|Rubellimicrobium roseum	k__Bacteria; p__Proteobacteria; c__Alphaproteobacteria; o__Rhodobacterales; f__Rhodobacteraceae; g__Rubellimicrobium; s__Rubellimicrobium roseum
species|688867|Ohtaekwangia koreensis	k__Bacteria; p__Bacteroidetes; c__Cytophagia; o__Cytophagales; f__Fulvivirgaceae; g__Ohtaekwangia; s__Ohtaekwangia koreensis
species|688913|Ohtaekwangia kribbensis	k__Bacteria; p__Bacteroidetes; c__Cytophagia; o__Cytophagales; f__Fulvivirgaceae; g__Ohtaekwangia; s__Ohtaekwangia kribbensis
species|690879|Terrimicrobium sacchariphilum	k__Bacteria; p__Verrucomicrobia; c__Terrimicrobia; o__Terrimicrobiales; f__Terrimicrobiaceae; g__Terrimicrobium; s__Terrimicrobium sacchariphilum
species|692036|Tuwongella immobilis	k__Bacteria; p__Planctomycetes; c__Planctomycetia; o__Gemmatales; f__Gemmataceae; g__Tuwongella; s__Tuwongella immobilis
species|69280|Oxalicibacterium solurbis	k__Bacteria; p__Proteobacteria; c__Betaproteobacteria; o__Burkholderiales; f__Oxalobacteraceae; g__Oxalicibacterium; s__Oxalicibacterium solurbis
species|69284|Pseudoxanthomonas japonensis	k__Bacteria; p__Proteobacteria; c__Gammaproteobacteria; o__Xanthomonadales; f__Xanthomonadaceae; g__Pseudoxanthomonas; s__Pseudoxanthomonas japonensis
species|69396|Caulobacter fusiformis	k__Bacteria; p__Proteobacteria; c__Alphaproteobacteria; o__Caulobacterales; f__Caulobacteraceae; g__Caulobacter; s__Caulobacter fusiformis
species|694315|Kofleria flava	k__Bacteria; p__Proteobacteria; c__Deltaproteobacteria; o__Myxococcales; f__Kofleriaceae; g__Kofleria; s__Kofleria flava
species|69|Lysobacter enzymogenes	k__Bacteria; p__Proteobacteria; c__Gammaproteobacteria; o__Xanthomonadales; f__Xanthomonadaceae; g__Lysobacter; s__Lysobacter enzymogenes
species|70775|Pseudomonas plecoglossicida	k__Bacteria; p__Proteobacteria; c__Gammaproteobacteria; o__Pseudomonadales; f__Pseudomonadaceae; g__Pseudomonas; s__Pseudomonas plecoglossicida
species|708132|Oligoflexus tunisiensis	k__Bacteria; p__Proteobacteria; c__Oligoflexia; o__Oligoflexales; f__Oligoflexaceae; g__Oligoflexus; s__Oligoflexus tunisiensis
species|708199|Flavitalea gansuensis	k__Bacteria; p__Bacteroidetes; c__Chitinophagia; o__Chitinophagales; f__Chitinophagaceae; g__Flavitalea; s__Flavitalea gansuensis
species|709810|Azospirillum sp. TSA2s	k__Bacteria; p__Proteobacteria; c__Alphaproteobacteria; o__Rhodospirillales; f__Rhodospirillaceae; g__Azospirillum; s__Azospirillum sp. TSA2s
species|709839|Noviherbaspirillum autotrophicum	k__Bacteria; p__Proteobacteria; c__Betaproteobacteria; o__Burkholderiales; f__Oxalobacteraceae; g__Noviherbaspirillum; s__Noviherbaspirillum autotrophicum
species|71433|Mesorhizobium amorphae	k__Bacteria; p__Proteobacteria; c__Alphaproteobacteria; o__Rhizobiales; f__Phyllobacteriaceae; g__Mesorhizobium; s__Mesorhizobium amorphae
species|732238|Povalibacter uvarum	k__Bacteria; p__Proteobacteria; c__Gammaproteobacteria; o__Nevskiales; f__Steroidobacteraceae; g__Povalibacter; s__Povalibacter uvarum
species|742013|Delftia sp. Cs1-4	k__Bacteria; p__Proteobacteria; c__Betaproteobacteria; o__Burkholderiales; f__Comamonadaceae; g__Delftia; s__Delftia sp. Cs1-4
species|74314|Brevundimonas alba	k__Bacteria; p__Proteobacteria; c__Alphaproteobacteria; o__Caulobacterales; f__Caulobacteraceae; g__Brevundimonas; s__Brevundimonas alba
species|747481|Paenibacillus chartarius	k__Bacteria; p__Firmicutes; c__Bacilli; o__Bacillales; f__Paenibacillaceae; g__Paenibacillus; s__Paenibacillus chartarius
species|748247|Azoarcus sp. KH32C	k__Bacteria; p__Proteobacteria; c__Betaproteobacteria; o__Rhodocyclales; f__Zoogloeaceae; g__Azoarcus; s__Azoarcus sp. KH32C
species|748831|Brevifollis gellanilyticus	k__Bacteria; p__Verrucomicrobia; c__Verrucomicrobiae; o__Verrucomicrobiales; f__Verrucomicrobiaceae; g__Brevifollis; s__Brevifollis gellanilyticus
species|748857|Roseimicrobium gellanilyticum	k__Bacteria; p__Verrucomicrobia; c__Verrucomicrobiae; o__Verrucomicrobiales; f__Verrucomicrobiaceae; g__Roseimicrobium; s__Roseimicrobium gellanilyticum
species|75385|Micropruina glycogenica	k__Bacteria; p__Actinobacteria; c__Actinobacteria; o__Propionibacteriales; f__Nocardioidaceae; g__Micropruina; s__Micropruina glycogenica
species|75659|Duganella zoogloeoides	k__Bacteria; p__Proteobacteria; c__Betaproteobacteria; o__Burkholderiales; f__Oxalobacteraceae; g__Duganella; s__Duganella zoogloeoides
species|758823|Vampirovibrio chlorellavorus	k__Bacteria; p__Candidatus Melainabacteria; c__nan; o__Vampirovibrionales; f__nan; g__Vampirovibrio; s__Vampirovibrio chlorellavorus
species|760012|Phenylobacterium muchangponense	k__Bacteria; p__Proteobacteria; c__Alphaproteobacteria; o__Caulobacterales; f__Caulobacteraceae; g__Phenylobacterium; s__Phenylobacterium muchangponense
species|76731|Roseateles depolymerans	k__Bacteria; p__Proteobacteria; c__Betaproteobacteria; o__Burkholderiales; f__nan; g__Roseateles; s__Roseateles depolymerans
species|76759|Pseudomonas monteilii	k__Bacteria; p__Proteobacteria; c__Gammaproteobacteria; o__Pseudomonadales; f__Pseudomonadaceae; g__Pseudomonas; s__Pseudomonas monteilii
species|768533|Chelativorans composti	k__Bacteria; p__Proteobacteria; c__Alphaproteobacteria; o__Rhizobiales; f__Phyllobacteriaceae; g__Chelativorans; s__Chelativorans composti
species|768535|Acidipila rosea	k__Bacteria; p__Acidobacteria; c__Acidobacteriia; o__Acidobacteriales; f__Acidobacteriaceae; g__Acidipila; s__Acidipila rosea
species|77675|Paracraurococcus ruber	k__Bacteria; p__Proteobacteria; c__Alphaproteobacteria; o__Rhodospirillales; f__Acetobacteraceae; g__Paracraurococcus; s__Paracraurococcus ruber
species|777|Coxiella burnetii	k__Bacteria; p__Proteobacteria; c__Gammaproteobacteria; o__Legionellales; f__Coxiellaceae; g__Coxiella; s__Coxiella burnetii
species|79263|Paenibacillus chitinolyticus	k__Bacteria; p__Firmicutes; c__Bacilli; o__Bacillales; f__Paenibacillaceae; g__Paenibacillus; s__Paenibacillus chitinolyticus
species|79329|Chitinophaga pinensis	k__Bacteria; p__Bacteroidetes; c__Chitinophagia; o__Chitinophagales; f__Chitinophagaceae; g__Chitinophaga; s__Chitinophaga pinensis
species|796007|Massilia tieshanensis	k__Bacteria; p__Proteobacteria; c__Betaproteobacteria; o__Burkholderiales; f__Oxalobacteraceae; g__Massilia; s__Massilia tieshanensis
species|796384|Flavitalea populi	k__Bacteria; p__Bacteroidetes; c__Chitinophagia; o__Chitinophagales; f__Chitinophagaceae; g__Flavitalea; s__Flavitalea populi
species|80816|Haliangium ochraceum	k__Bacteria; p__Proteobacteria; c__Deltaproteobacteria; o__Myxococcales; f__Kofleriaceae; g__Haliangium; s__Haliangium ochraceum
species|80842|Herbaspirillum rubrisubalbicans	k__Bacteria; p__Proteobacteria; c__Betaproteobacteria; o__Burkholderiales; f__Oxalobacteraceae; g__Herbaspirillum; s__Herbaspirillum rubrisubalbicans
species|80866|Delftia acidovorans	k__Bacteria; p__Proteobacteria; c__Betaproteobacteria; o__Burkholderiales; f__Comamonadaceae; g__Delftia; s__Delftia acidovorans
species|80879|Curvibacter delicatus	k__Bacteria; p__Proteobacteria; c__Betaproteobacteria; o__Burkholderiales; f__Comamonadaceae; g__Curvibacter; s__Curvibacter delicatus
species|81475|Frateuria aurantia	k__Bacteria; p__Proteobacteria; c__Gammaproteobacteria; o__Xanthomonadales; f__Rhodanobacteraceae; g__Frateuria; s__Frateuria aurantia
species|83449|Cystobacter ferrugineus	k__Bacteria; p__Proteobacteria; c__Deltaproteobacteria; o__Myxococcales; f__Archangiaceae; g__Cystobacter; s__Cystobacter ferrugineus
species|83450|Archangium minus	k__Bacteria; p__Proteobacteria; c__Deltaproteobacteria; o__Myxococcales; f__Archangiaceae; g__Archangium; s__Archangium minus
species|83451|Archangium violaceum	k__Bacteria; p__Proteobacteria; c__Deltaproteobacteria; o__Myxococcales; f__Archangiaceae; g__Archangium; s__Archangium violaceum
species|83453|Melittangium boletus	k__Bacteria; p__Proteobacteria; c__Deltaproteobacteria; o__Myxococcales; f__Archangiaceae; g__Melittangium; s__Melittangium boletus
species|83617|Stenotrophomonas nitritireducens	k__Bacteria; p__Proteobacteria; c__Gammaproteobacteria; o__Xanthomonadales; f__Xanthomonadaceae; g__Stenotrophomonas; s__Stenotrophomonas nitritireducens
species|83|Hyphomicrobium vulgare	k__Bacteria; p__Proteobacteria; c__Alphaproteobacteria; o__Rhizobiales; f__Hyphomicrobiaceae; g__Hyphomicrobium; s__Hyphomicrobium vulgare
species|84531|Lysobacter antibioticus	k__Bacteria; p__Proteobacteria; c__Gammaproteobacteria; o__Xanthomonadales; f__Xanthomonadaceae; g__Lysobacter; s__Lysobacter antibioticus
species|85085|Pseudarthrobacter chlorophenolicus	k__Bacteria; p__Actinobacteria; c__Actinobacteria; o__Micrococcales; f__Micrococcaceae; g__Pseudarthrobacter; s__Pseudarthrobacter chlorophenolicus
species|85698|Achromobacter xylosoxidans	k__Bacteria; p__Proteobacteria; c__Betaproteobacteria; o__Burkholderiales; f__Alcaligenaceae; g__Achromobacter; s__Achromobacter xylosoxidans
species|859143|Cytobacillus kochii	k__Bacteria; p__Firmicutes; c__Bacilli; o__Bacillales; f__Bacillaceae; g__Cytobacillus; s__Cytobacillus kochii
species|861299|Gemmatirosa kalamazoonesis	k__Bacteria; p__Gemmatimonadetes; c__Gemmatimonadetes; o__Gemmatimonadales; f__Gemmatimonadaceae; g__Gemmatirosa; s__Gemmatirosa kalamazoonesis
species|861532|Ammoniphilus resinae	k__Bacteria; p__Firmicutes; c__Bacilli; o__Bacillales; f__Paenibacillaceae; g__Ammoniphilus; s__Ammoniphilus resinae
species|86182|Curvibacter lanceolatus	k__Bacteria; p__Proteobacteria; c__Betaproteobacteria; o__Burkholderiales; f__Comamonadaceae; g__Curvibacter; s__Curvibacter lanceolatus
species|862126|Mucilaginibacter ginsenosidivorax	k__Bacteria; p__Bacteroidetes; c__Sphingobacteriia; o__Sphingobacteriales; f__Sphingobacteriaceae; g__Mucilaginibacter; s__Mucilaginibacter ginsenosidivorax
species|863372|Herbaspirillum huttiense	k__Bacteria; p__Proteobacteria; c__Betaproteobacteria; o__Burkholderiales; f__Oxalobacteraceae; g__Herbaspirillum; s__Herbaspirillum huttiense
species|863643|Thermincola potens	k__Bacteria; p__Firmicutes; c__Clostridia; o__Clostridiales; f__Peptococcaceae; g__Thermincola; s__Thermincola potens
species|864069|Microvirga lotononidis	k__Bacteria; p__Proteobacteria; c__Alphaproteobacteria; o__Rhizobiales; f__Methylobacteriaceae; g__Microvirga; s__Microvirga lotononidis
species|864828|Massilia umbonata	k__Bacteria; p__Proteobacteria; c__Betaproteobacteria; o__Burkholderiales; f__Oxalobacteraceae; g__Massilia; s__Massilia umbonata
species|86664|Bacillus flexus	k__Bacteria; p__Firmicutes; c__Bacilli; o__Bacillales; f__Bacillaceae; g__Bacillus; s__Bacillus flexus
species|86668|Neobacillus niacini	k__Bacteria; p__Firmicutes; c__Bacilli; o__Bacillales; f__Bacillaceae; g__Neobacillus; s__Neobacillus niacini
species|869279|Thermanaerothrix daxensis	k__Bacteria; p__Chloroflexi; c__Anaerolineae; o__Anaerolineales; f__Anaerolineaceae; g__Thermanaerothrix; s__Thermanaerothrix daxensis
species|869555|Paenibacillus aceris	k__Bacteria; p__Firmicutes; c__Bacilli; o__Bacillales; f__Paenibacillaceae; g__Paenibacillus; s__Paenibacillus aceris
species|87645|Aquaspirillum arcticum	k__Bacteria; p__Proteobacteria; c__Betaproteobacteria; o__Neisseriales; f__Chromobacteriaceae; g__Aquaspirillum; s__Aquaspirillum arcticum
species|877464|Flavobacterium chungbukense	k__Bacteria; p__Bacteroidetes; c__Flavobacteriia; o__Flavobacteriales; f__Flavobacteriaceae; g__Flavobacterium; s__Flavobacterium chungbukense
species|878220|Chryseobacterium sp. StRB126	k__Bacteria; p__Bacteroidetes; c__Flavobacteriia; o__Flavobacteriales; f__Weeksellaceae; g__Chryseobacterium; s__Chryseobacterium sp. StRB126
species|879274|Shinella sp. HZN7	k__Bacteria; p__Proteobacteria; c__Alphaproteobacteria; o__Rhizobiales; f__Rhizobiaceae; g__Shinella; s__Shinella sp. HZN7
species|882824|Knoellia locipacati	k__Bacteria; p__Actinobacteria; c__Actinobacteria; o__Micrococcales; f__Intrasporangiaceae; g__Knoellia; s__Knoellia locipacati
species|888831|Aetherobacter rufus	k__Bacteria; p__Proteobacteria; c__Deltaproteobacteria; o__Myxococcales; f__Polyangiaceae; g__Aetherobacter; s__Aetherobacter rufus
species|888845|Minicystis rosea	k__Bacteria; p__Proteobacteria; c__Deltaproteobacteria; o__Myxococcales; f__nan; g__Minicystis; s__Minicystis rosea
species|889272|Polyangium fumosum	k__Bacteria; p__Proteobacteria; c__Deltaproteobacteria; o__Myxococcales; f__Polyangiaceae; g__Polyangium; s__Polyangium fumosum
species|89968|Hymenobacter gelipurpurascens	k__Bacteria; p__Bacteroidetes; c__Cytophagia; o__Cytophagales; f__Hymenobacteraceae; g__Hymenobacter; s__Hymenobacter gelipurpurascens
species|911092|Caldanaerobacter subterraneus	k__Bacteria; p__Firmicutes; c__Clostridia; o__Thermoanaerobacterales; f__Thermoanaerobacteraceae; g__Caldanaerobacter; s__Caldanaerobacter subterraneus
species|912552|Conexibacter arvalis	k__Bacteria; p__Actinobacteria; c__Thermoleophilia; o__Solirubrobacterales; f__Conexibacteraceae; g__Conexibacter; s__Conexibacter arvalis
species|913326|Skermanella stibiiresistens	k__Bacteria; p__Proteobacteria; c__Alphaproteobacteria; o__Rhodospirillales; f__Rhodospirillaceae; g__Skermanella; s__Skermanella stibiiresistens
species|913|Nitrobacter winogradskyi	k__Bacteria; p__Proteobacteria; c__Alphaproteobacteria; o__Rhizobiales; f__Bradyrhizobiaceae; g__Nitrobacter; s__Nitrobacter winogradskyi
species|92644|Streptomyces malaysiensis	k__Bacteria; p__Actinobacteria; c__Actinobacteria; o__Streptomycetales; f__Streptomycetaceae; g__Streptomyces; s__Streptomyces malaysiensis
species|927083|Sandaracinus amylolyticus	k__Bacteria; p__Proteobacteria; c__Deltaproteobacteria; o__Myxococcales; f__Sandaracinaceae; g__Sandaracinus; s__Sandaracinus amylolyticus
species|930166|Pseudomonas brassicacearum	k__Bacteria; p__Proteobacteria; c__Gammaproteobacteria; o__Pseudomonadales; f__Pseudomonadaceae; g__Pseudomonas; s__Pseudomonas brassicacearum
species|931629|Mucilaginibacter lutimaris	k__Bacteria; p__Bacteroidetes; c__Sphingobacteriia; o__Sphingobacteriales; f__Sphingobacteriaceae; g__Mucilaginibacter; s__Mucilaginibacter lutimaris
species|940133|Sphingomonas limnosediminicola	k__Bacteria; p__Proteobacteria; c__Alphaproteobacteria; o__Sphingomonadales; f__Sphingomonadaceae; g__Sphingomonas; s__Sphingomonas limnosediminicola
species|940139|Terriglobus aquaticus	k__Bacteria; p__Acidobacteria; c__Acidobacteriia; o__Acidobacteriales; f__Acidobacteriaceae; g__Terriglobus; s__Terriglobus aquaticus
species|940145|Flavisolibacter rigui	k__Bacteria; p__Bacteroidetes; c__Chitinophagia; o__Chitinophagales; f__Chitinophagaceae; g__Flavisolibacter; s__Flavisolibacter rigui
species|940149|Dongia rigui	k__Bacteria; p__Proteobacteria; c__Alphaproteobacteria; o__Rhodospirillales; f__Rhodospirillaceae; g__Dongia; s__Dongia rigui
species|94132|Ramlibacter tataouinensis	k__Bacteria; p__Proteobacteria; c__Betaproteobacteria; o__Burkholderiales; f__Comamonadaceae; g__Ramlibacter; s__Ramlibacter tataouinensis
species|94254|Dyadobacter fermentans	k__Bacteria; p__Bacteroidetes; c__Cytophagia; o__Cytophagales; f__Cytophagaceae; g__Dyadobacter; s__Dyadobacter fermentans
species|945844|Massilia oculi	k__Bacteria; p__Proteobacteria; c__Betaproteobacteria; o__Burkholderiales; f__Oxalobacteraceae; g__Massilia; s__Massilia oculi
species|946333|Rhizobacter gummiphilus	k__Bacteria; p__Proteobacteria; c__Betaproteobacteria; o__Burkholderiales; f__nan; g__Rhizobacter; s__Rhizobacter gummiphilus
species|947013|Chryseolinea serpens	k__Bacteria; p__Bacteroidetes; c__Cytophagia; o__Cytophagales; f__Fulvivirgaceae; g__Chryseolinea; s__Chryseolinea serpens
species|948756|Paenibacillus macquariensis	k__Bacteria; p__Firmicutes; c__Bacilli; o__Bacillales; f__Paenibacillaceae; g__Paenibacillus; s__Paenibacillus macquariensis
species|94|Stella humosa	k__Bacteria; p__Proteobacteria; c__Alphaproteobacteria; o__Rhodospirillales; f__Acetobacteraceae; g__Stella; s__Stella humosa
species|95300|Pseudomonas vancouverensis	k__Bacteria; p__Proteobacteria; c__Gammaproteobacteria; o__Pseudomonadales; f__Pseudomonadaceae; g__Pseudomonas; s__Pseudomonas vancouverensis
species|959|Bdellovibrio bacteriovorus	k__Bacteria; p__Proteobacteria; c__Oligoflexia; o__Bdellovibrionales; f__Bdellovibrionaceae; g__Bdellovibrio; s__Bdellovibrio bacteriovorus
species|960|Bacteriovorax stolpii	k__Bacteria; p__Proteobacteria; c__Oligoflexia; o__Bacteriovoracales; f__Bacteriovoracaceae; g__Bacteriovorax; s__Bacteriovorax stolpii
species|96230|Legionella fallonii	k__Bacteria; p__Proteobacteria; c__Gammaproteobacteria; o__Legionellales; f__Legionellaceae; g__Legionella; s__Legionella fallonii
species|964|Herbaspirillum seropedicae	k__Bacteria; p__Proteobacteria; c__Betaproteobacteria; o__Burkholderiales; f__Oxalobacteraceae; g__Herbaspirillum; s__Herbaspirillum seropedicae
species|986|Flavobacterium johnsoniae	k__Bacteria; p__Bacteroidetes; c__Flavobacteriia; o__Flavobacteriales; f__Flavobacteriaceae; g__Flavobacterium; s__Flavobacterium johnsoniae
species|990371|Daejeonella rubra	k__Bacteria; p__Bacteroidetes; c__Sphingobacteriia; o__Sphingobacteriales; f__Sphingobacteriaceae; g__Daejeonella; s__Daejeonella rubra
species|99117|Friedmanniella capsulata	k__Bacteria; p__Actinobacteria; c__Actinobacteria; o__Propionibacteriales; f__Nocardioidaceae; g__Friedmanniella; s__Friedmanniella capsulata
species|993689|Metallibacterium scheffleri	k__Bacteria; p__Proteobacteria; c__Gammaproteobacteria; o__Xanthomonadales; f__Rhodanobacteraceae; g__Metallibacterium; s__Metallibacterium scheffleri
species|995|Solitalea canadensis	k__Bacteria; p__Bacteroidetes; c__Sphingobacteriia; o__Sphingobacteriales; f__Sphingobacteriaceae; g__Solitalea; s__Solitalea canadensis
species|996|Flavobacterium columnare	k__Bacteria; p__Bacteroidetes; c__Flavobacteriia; o__Flavobacteriales; f__Flavobacteriaceae; g__Flavobacterium; s__Flavobacterium columnare
