	SRR26147154	SRR26147165	SRR26147176	SRR26147181	SRR26147182	SRR26147183	SRR26147184	SRR26147185	SRR26147186	SRR26147187	SRR26147188	SRR26147189	SRR26147190	SRR26147191	SRR26147192	SRR26147193	SRR26147194	SRR26147195	SRR26147196	SRR26147197	SRR26147198	SRR26147199	SRR26147200	SRR26147201	SRR26147202	SRR26147203	SRR26147216	SRR26147217	SRR26147228	SRR26147239	SRR26147265	SRR26147276	SRR26147286	SRR26147287	SRR26147288	SRR26147289	SRR26147290	SRR26147292	SRR26147303	SRR26147314	SRR26147329	SRR26147340	SRR26147351	SRR26147365	SRR26147376	SRR26147387	SRR26147388	SRR26147389	SRR26147390	SRR26147391	SRR26147392	SRR26147393	SRR26147394	SRR26147395	SRR26147396	SRR26147397	SRR26147398	SRR26147399	SRR26147400	SRR26147401	SRR26147402	SRR26147403	SRR26147404	SRR26147405	SRR26147406	SRR26147407	SRR26147408	SRR26147409	SRR26147410	SRR26147411	SRR26147412	SRR26147413	SRR26147414	SRR26147415	SRR26147416	SRR26147417	SRR26147418	SRR26147421	SRR26147432	SRR26147443	SRR26147458	SRR26147469	SRR26147470	SRR26147481	SRR26147483	SRR26147494	SRR26147505	SRR26147516	SRR26147254
SRR26147154	0.0	0.9145003535592108	0.9169439094991739	0.9342807685376686	0.8956436804098311	0.8962442862480862	0.9147835994975116	0.8998695888036089	0.8735111825304329	0.9220748057548366	0.35921435095827886	0.9051195678397242	0.31147466554631625	0.3315347338892309	0.3244273518565672	0.31120240845997393	0.33902364032748666	0.2981216544443452	0.24278354723157025	0.9024770995060709	0.9308966341798105	0.9118137295596482	0.9228910055322521	0.8897239447206767	0.9114587456042014	0.9326397903125906	0.2258805294553718	0.9140082014941384	0.26081787273269086	0.23215979847136065	0.4243918251770344	0.3652934292452394	0.9382791316289611	0.9069697507663539	0.918931419487223	0.911861339522143	0.9248974947830471	0.9022313219834777	0.9386215071641896	0.22258478451458355	0.9353144632904289	0.8936037201528129	0.8919409507088681	0.39988795851211895	0.34275238919486706	0.9059284274323982	0.9041705172758745	0.9259743083179076	0.922450764886838	0.42340461378382876	0.43419276232517373	0.4607529369211062	0.9000293544179748	0.4777156386548076	0.47614884809987396	0.4380577528007124	0.40728850736726396	0.44201167288964305	0.9161136607754129	0.914823393656394	0.9274207563781481	0.9014234782542662	0.9278357859470807	0.9327742406149123	0.9049459180697454	0.9006828316926015	0.9387763737626776	0.40700722969605885	0.4149221286697357	0.4101343627695888	0.429797747847866	0.4197110787104717	0.41712436776825895	0.35082033371863053	0.9437517689204784	0.3450257854692582	0.907601749972225	0.24937083970202376	0.2978096377926286	0.2576503071333829	0.8950528620690281	0.9196981047832601	0.9764763004284462	0.9358356408678475	0.3764702829831324	0.3628765567281213	0.3644032669811299	0.9032841254068023	0.40585336884611883
SRR26147165	0.9145003535592108	0.0	0.19324959718412138	0.23859227664005833	0.16620698070714596	0.22018960622891562	0.2404932773484851	0.1974771172058762	0.17923802140896677	0.17763243308718965	0.8275078951841759	0.2300634298294468	0.8641133082493481	0.8404537139087205	0.8309682173204784	0.845219157057122	0.8395941689083355	0.8640798370041397	0.8544796663796153	0.16640136085265914	0.1734854404872478	0.17064209623463966	0.17324678074545907	0.23098288027078415	0.1854544164531902	0.23762118301440918	0.8993442212605162	0.19575611381741148	0.9064546437264948	0.9131957967218642	0.9602776301322207	0.9526741376213294	0.21407235754618453	0.2523392084865653	0.1799526721842657	0.16555370298573036	0.2295564227475616	0.17584998462938894	0.1832199645054806	0.9065587192874052	0.2613809384890491	0.22862920774517625	0.19426757437317696	0.9683525735153959	0.9590670898050185	0.2378647069793992	0.2558377088629715	0.20021497923187653	0.15161967743210644	0.7726142482174476	0.7803594940445764	0.8207172121972709	0.19152170863690943	0.7298183643017104	0.8017214188453846	0.7994251752380594	0.7679917282121967	0.6554637616708758	0.1503133158825965	0.1716313029022541	0.16878275692692873	0.18505443980920008	0.24274284168148255	0.28948797946244825	0.22298416245066588	0.17296678520207506	0.20668071436078428	0.7732054039588379	0.772446987194634	0.7662014605185228	0.7709873037998528	0.7636521010422936	0.7706816457423418	0.8305367081521103	0.31656804620349877	0.7787127475311011	0.14666751607015147	0.9050182853317744	0.896607316002282	0.9178965597915885	0.24191630708399112	0.15338279573891872	0.9547664546402462	0.15621211462742965	0.9523889502905958	0.9626787597477847	0.9653808045320281	0.12862905880553893	0.9667550971675515
SRR26147176	0.9169439094991739	0.19324959718412138	0.0	0.17281693608212473	0.20984404263278836	0.2216083069862539	0.2413179928909363	0.19356729107483386	0.1923159201753829	0.19702841298608667	0.8364621387915783	0.1806726763226065	0.862560294901566	0.8359971181587382	0.8263389482048359	0.8404058044547372	0.8366429977510167	0.8524182481816305	0.8547567237331621	0.2056751398167695	0.1650307341568168	0.18384716175739038	0.18830378218837113	0.25568098144092816	0.18053390662129506	0.18291666398738093	0.8899296079152538	0.18217259690933466	0.9024787444790725	0.910728287616615	0.9539225828718131	0.9533613068566259	0.1825363852031085	0.1960538024632309	0.16222533059553743	0.21389934088653328	0.21187392163528726	0.18561677600732882	0.18707073839307886	0.906585646044332	0.23908425712475143	0.2603636891479781	0.18186607229488227	0.9595980338913003	0.9566571355438129	0.21459639513550224	0.21684720080191966	0.19773735210248175	0.19713041936156286	0.7826877612834553	0.7761346368483004	0.8123540186928719	0.20088782159974147	0.7178898260617012	0.7956188654501474	0.796680227939157	0.7672566044748647	0.6494217454019123	0.17334494144328028	0.12904527013909026	0.21519516910502948	0.20749578224152468	0.19066128784728487	0.2284923023748491	0.20245672900807282	0.16284383706154848	0.1927732646473497	0.7754845942320767	0.7721758819912437	0.774104392762637	0.7674645118840016	0.7600735748969147	0.7775533704598739	0.8273795769484592	0.24836332646814974	0.7867711193010506	0.1865045799549909	0.8991012574781455	0.8924624039254809	0.9102908942281598	0.198962382524663	0.18685726138742823	0.9520210096791336	0.2028219639640585	0.9476814959079405	0.9605375862178707	0.9648622041291609	0.21510866416841917	0.9660481419004082
SRR26147181	0.9342807685376686	0.23859227664005833	0.17281693608212473	0.0	0.2670181070927201	0.2687933937473912	0.24876817927628658	0.2673403127867026	0.25317001499620656	0.22380978866268345	0.8569162839486772	0.23601925506135166	0.8753810341036818	0.8526134070009701	0.8536446757817817	0.8645588231607579	0.8563785585307878	0.8720651575278959	0.8731103596996843	0.2654572258121204	0.19619867262606297	0.22725837540414637	0.2237257803573989	0.3104173606154988	0.20978133277322514	0.2077863247093459	0.9070853973673678	0.20431109000822464	0.9192543224465529	0.9276090816118175	0.9643273715479166	0.9633697620038381	0.17703376370330481	0.22943514194664694	0.19403318552730306	0.2610712746622201	0.22679274090121398	0.22149716688084028	0.17132587658844958	0.9267717700979008	0.22683081179715417	0.3134064924330262	0.22246728946413752	0.9681368329050335	0.9681662412816017	0.2732994394629991	0.27172380838537225	0.2225196997411163	0.22552691375998127	0.8167738956407555	0.7945892598962312	0.8249008792285389	0.24804958221635703	0.7526318534499546	0.8138268020417071	0.8062512489209908	0.7814867230338604	0.6773975003746487	0.20569714997037497	0.16938952256322015	0.25349258822496656	0.2637221612271158	0.17885826543238217	0.22145468985142683	0.24602446598139088	0.19811771604416567	0.1853136503814074	0.8028519873417027	0.8006151529928185	0.8049823772560917	0.7952300866776904	0.7960443976482207	0.8016058842603604	0.8449392885430966	0.2178540287757759	0.8156886216462047	0.2403466882051371	0.9164187178664791	0.9086483842592046	0.9233862186041146	0.24429872323143162	0.19604468199952416	0.9466231731680954	0.22053924462780444	0.9602802787771273	0.9698846395733978	0.9730650280155533	0.2669397877789762	0.9728464911305273
SRR26147182	0.8956436804098311	0.16620698070714596	0.20984404263278836	0.2670181070927201	0.0	0.1730844251232124	0.2141566285095274	0.17098958050295035	0.1515434320286616	0.16364114804302352	0.8158191786345291	0.2000890762294478	0.8498674593575001	0.8215703479866141	0.8083006087980207	0.8232443392361193	0.8232092405100969	0.8453935084252752	0.8370975937121764	0.15954039064788894	0.22993847589231522	0.15870043075504406	0.16492861509436704	0.17109368989813717	0.19387819487271854	0.23191893572595085	0.8761791096941488	0.1869148558162253	0.8855399131834909	0.8956597411001281	0.9503515530096432	0.9383637544695682	0.2718968049952914	0.24881682441374564	0.16130221252649904	0.13708571980129897	0.22617511137792606	0.16306423240583354	0.24819713753271766	0.8865058300257489	0.23731181513475194	0.16018037502752897	0.21464122519687864	0.9570683716186461	0.9412669549117836	0.21462536531079765	0.218838937619678	0.183975905252711	0.16646288823295124	0.7532640072023908	0.7633411656015848	0.8068627571448515	0.17036730277933332	0.7038482349252431	0.7875681277281394	0.7900765794987521	0.7602845695046448	0.6397202898601293	0.18847324153659809	0.19635789944134324	0.19549033601590243	0.1581055834071341	0.2414464303361502	0.28265634016408897	0.1978131389551223	0.17489088447700837	0.2502781712547925	0.7566955111784847	0.7479122941747495	0.7456159631173809	0.7516581026002493	0.7354554669064973	0.7587898296463131	0.820427063100929	0.31801432806548424	0.7562490561007382	0.16907079007191575	0.8847934676427547	0.8800206373581081	0.8986857200385625	0.227667541900137	0.20297394293657067	0.9402139438037093	0.22378908111243823	0.9366512420930777	0.9485608045554833	0.9509090184837613	0.15683345680419997	0.9569724875837866
SRR26147183	0.8962442862480862	0.22018960622891562	0.2216083069862539	0.2687933937473912	0.1730844251232124	0.0	0.21603229000305482	0.17845074996561458	0.18499829591086547	0.18534512455729243	0.8095078280016785	0.2041444209031556	0.8406102604316071	0.8120480546582776	0.8035270667275071	0.8229894965287619	0.8099455122659694	0.8348083306364653	0.8370681959727002	0.20120574041123043	0.24323544279060919	0.17227215649337052	0.19719408994079426	0.15122324778523133	0.19934751136099169	0.23570736300108672	0.8739170212593089	0.18687400820194638	0.8812337630480233	0.8959709538254358	0.9500872455518394	0.9416949745954913	0.27854216466100795	0.23935316229280737	0.173309702310165	0.17908848664523494	0.17926431654197567	0.1782176772804648	0.2563087536854008	0.8859965990874507	0.214636605963458	0.1662281406453621	0.22153723685928314	0.954759586643486	0.944687257676399	0.19282802058353554	0.20451346507830054	0.1987073464304582	0.19985895138528528	0.7571827688322468	0.7571106588216217	0.7985496856984141	0.13571958775072546	0.6925939318799511	0.7735120729273561	0.769919665913122	0.7431551398925147	0.6343437937182466	0.2147995686841328	0.20538809055089988	0.22240429263403005	0.16979409446849514	0.20901496221673524	0.22251144923187263	0.18744091357469042	0.18406407288816745	0.26158637666600215	0.7482951348603509	0.7462287055069905	0.7400503542038019	0.7441347888216854	0.7371566550653624	0.7485108620929752	0.8048264674489037	0.3072457813264041	0.7612790899798187	0.20744949323582962	0.8816900194473762	0.8757176718273081	0.8928296281416539	0.2017792582000757	0.22353262613241426	0.947644931241813	0.24722351780883334	0.936409184259996	0.9524550114404369	0.9551252157236795	0.21657093025774626	0.9542898756780225
SRR26147184	0.9147835994975116	0.2404932773484851	0.2413179928909363	0.24876817927628658	0.2141566285095274	0.21603229000305482	0.0	0.2480100688879894	0.2108520321098584	0.19905858640210364	0.8353932642459343	0.262347269237108	0.8659979923682434	0.8382674205104461	0.8352236242691076	0.8475743042250854	0.8419881683776027	0.8584485372802084	0.8615750057638885	0.1982371464484269	0.2633712706172845	0.21926280292933256	0.19658385452207533	0.22434522405047888	0.1991939031368519	0.2608271907432684	0.8969423662446027	0.19453038378481813	0.9049526807258119	0.9162553082090705	0.9595412865295084	0.9536658085440356	0.28203294709376603	0.24654358553860936	0.18156084647607473	0.2156811950565988	0.2393339265091262	0.17495064206850278	0.2666267114645838	0.9060661451247924	0.20977777190377017	0.22497648544360374	0.230105992024594	0.9672869524332202	0.9572372365516358	0.2081494989385859	0.24118138814002182	0.1885351665844366	0.2125638504633122	0.7831821387777423	0.7766798681621491	0.8203063624869809	0.18985829667786594	0.7302135449114218	0.7988277306653627	0.7959998354970006	0.7770150566979249	0.6624060170697935	0.2139918022837795	0.22987356504014178	0.2391348663445476	0.24173260982141886	0.21271526602231086	0.27450401328950175	0.2520461736503489	0.20937480685091203	0.2641199789081425	0.7789278869560101	0.7758730530776451	0.7706916977066597	0.7788391116678611	0.7652646701305317	0.7796005624778507	0.8315441429747733	0.29677781416190047	0.7872253174534253	0.2378440714996414	0.9042705387048194	0.8930357425661203	0.9183570642473396	0.25935778617907007	0.2203985985522376	0.9295511065490004	0.2553993878595604	0.9483874609074249	0.964969371008657	0.970769709369446	0.23722318936549025	0.9723246547329629
SRR26147185	0.8998695888036089	0.1974771172058762	0.19356729107483386	0.2673403127867026	0.17098958050295035	0.17845074996561458	0.2480100688879894	0.0	0.16202715952934418	0.16469582370869806	0.8262119018723676	0.14818226830168396	0.8567134140846019	0.831754732126239	0.820362858907021	0.8373444109269086	0.8262957500110609	0.8485791546284153	0.8479001077599331	0.19485647452977192	0.23246119776030508	0.17835566429203004	0.18108376594548406	0.19553736750453515	0.20346736885762304	0.20667233570724836	0.8831255027485014	0.18111334882757726	0.8900235534209291	0.9009786203548577	0.9555667123676066	0.946793383657932	0.263636385120096	0.21057338965458272	0.18450577940238705	0.17771824531260552	0.19518160686760935	0.15013704908121916	0.2462827616278059	0.8941415469754196	0.26809677495362105	0.17648701739075212	0.21782781594336204	0.9624738608975533	0.9511825757366655	0.1740003528354112	0.17717861302133592	0.1901830558851235	0.1977341086694454	0.7676835830220551	0.7787867231322568	0.8114318461609967	0.16673970592087053	0.7088400136920951	0.7926734059632182	0.791029225287503	0.7601285919197445	0.6393375994917259	0.2328210984893473	0.19696009482923377	0.2526665662067587	0.1803886056456013	0.22064728226947336	0.26176672601329287	0.15098860856949567	0.17907876692467753	0.2665771382337875	0.7624759538959245	0.7586876685338533	0.7535232343673008	0.7575545747544257	0.7490593503448264	0.76400461512051	0.823696132853604	0.29431962605636036	0.7669024389588862	0.1814831414679303	0.8874570939053814	0.8820988602459586	0.901355556778387	0.16235690629532282	0.22744974431173165	0.9542018354251732	0.23332535015980532	0.9434997721519659	0.9590048805785373	0.9605757000410474	0.18829633814505453	0.964111919704269
SRR26147186	0.8735111825304329	0.17923802140896677	0.1923159201753829	0.25317001499620656	0.1515434320286616	0.18499829591086547	0.2108520321098584	0.16202715952934418	0.0	0.16199028189009498	0.794496855497453	0.19384995511695405	0.8269742562589562	0.8019728548036944	0.7880321454864201	0.8028537228460403	0.7944519898858493	0.8179450593298028	0.8182310383255305	0.16142471334467168	0.22622809824083134	0.18163640484890428	0.15676081216424023	0.1931922968219894	0.2009927555360183	0.21649072408698258	0.8539347166936595	0.1777778892979024	0.8620665933603396	0.8719274819313819	0.9323297739236286	0.9219601457890404	0.26983218852527635	0.2421100650433694	0.15599990338322808	0.16862466264037207	0.23246251424684627	0.14069615916797334	0.2548849778154803	0.8664321496627531	0.25620839265250117	0.18805063456261645	0.20969479676346045	0.9395905770563843	0.9240150525283487	0.1951593399767214	0.20507494555948366	0.1717236149298597	0.178013969518259	0.7371412136494566	0.7433735428859454	0.7846109371184	0.16673349820924308	0.6825240929230776	0.7649017044563422	0.7634300990106576	0.733532864092728	0.609966999127929	0.19566281814200087	0.19149541128109934	0.2349953457173877	0.19367425466438376	0.23948691509745962	0.28889457667845164	0.19935957120440112	0.15628345011370856	0.2612590891239867	0.7318308098230614	0.7282659623882679	0.7240926255371551	0.7353494171144048	0.7204675105153999	0.7328045823307772	0.7929333949958594	0.3242041759396035	0.7366862022680295	0.18596769946808572	0.8595464384525077	0.8545273698290432	0.8774577161474656	0.20896123458310853	0.19164007166774785	0.9442159927012166	0.23507806655902508	0.9160115011676561	0.9338881370351031	0.9345759635338418	0.17017153132053062	0.9395801014066004
SRR26147187	0.9220748057548366	0.17763243308718965	0.19702841298608667	0.22380978866268345	0.16364114804302352	0.18534512455729243	0.19905858640210364	0.16469582370869806	0.16199028189009498	0.0	0.8461890180226027	0.20329195118875446	0.8786877475088105	0.8528573949262623	0.839296576088081	0.8584642844894693	0.8462704321108526	0.8682562173928278	0.8714833062346027	0.17485743168479312	0.2038344344884346	0.15352695773947253	0.12565705863372165	0.1929845617822331	0.18754775826951509	0.20222685785817457	0.9038330526287138	0.14129429396187332	0.9114463481946158	0.9208673671634918	0.9690974093735704	0.9607014758574483	0.2351207530765487	0.2317503221676361	0.1341512330783222	0.14595699537199708	0.20318766956982515	0.1338185430045743	0.20850854362753388	0.914335082556387	0.21066606784140848	0.1875978256288309	0.22614871145513088	0.9758932115640685	0.9652497125882086	0.17967458483458865	0.19686361893535476	0.14465904780128075	0.12761452091861245	0.7827318706973359	0.7950088252683003	0.8346754791702882	0.15028348187298954	0.7328130729061652	0.814801969350299	0.8121708007227547	0.7860050014068467	0.6729923863246292	0.17865881184283144	0.17282580611483428	0.2165993539303329	0.18255158275630307	0.20446688288171802	0.23914484824986962	0.19191498578251928	0.1652728604964061	0.22030288512968052	0.7877295749903213	0.7885866467703546	0.7741582440801454	0.7857330667410968	0.7725811043342438	0.7882337971177692	0.8475165815802675	0.28334133419954155	0.7956533544461373	0.1652576516541175	0.9075910882597022	0.8994341366776778	0.9205947507217669	0.22614655969994507	0.17551802157113514	0.9419822726742575	0.18194637799698238	0.9566358013488174	0.9698617013286825	0.9722005419929569	0.15825753851967933	0.9739878071219082
SRR26147188	0.35921435095827886	0.8275078951841759	0.8364621387915783	0.8569162839486772	0.8158191786345291	0.8095078280016785	0.8353932642459343	0.8262119018723676	0.794496855497453	0.8461890180226027	0.0	0.8281898131806658	0.2695424849293349	0.3168248076365485	0.25265511158600906	0.24628119707065216	0.29292176844278234	0.28991389669545703	0.27279125287974104	0.8193986184158542	0.859507750546325	0.8371787047519847	0.8429291847604058	0.8070480364598421	0.8375844064393452	0.8531985789266939	0.31136675881874737	0.8349345261352946	0.32468245623605024	0.3706381571471192	0.6080794471389109	0.5592793017382968	0.8590008323869736	0.8362548956206475	0.8388362169684577	0.8239736765479959	0.8477759848492048	0.8258271502458524	0.8643249496357865	0.30607807269850373	0.8549290328910416	0.812503319740105	0.8043794763461892	0.5929344566353643	0.5335652546006027	0.8289242131182154	0.8286847868997843	0.8501699449084893	0.8404848951222774	0.264754544070895	0.3219219787886469	0.3513540283926247	0.8234682228669234	0.3316970336523539	0.3276318351615992	0.3254993740619185	0.32832418953074605	0.30675145728604175	0.8364409685840581	0.8346163552469889	0.8371280768629281	0.8169046219547419	0.8498633137794799	0.8520887496175461	0.8308198336199282	0.8183103401728455	0.8621483457998579	0.2599064400497743	0.28713021573398656	0.2950665392287777	0.33317016697160706	0.2867831261336762	0.3148787362231158	0.32161619774808314	0.8832625732567725	0.23283650855600843	0.8280615501300524	0.3848056084677852	0.36718969758721265	0.35116462232439616	0.8195267483375349	0.8440472869150547	0.9213628206268086	0.8590591103418658	0.5932979050083451	0.594624687358772	0.5922130909983245	0.8229699153854649	0.5977958827693877
SRR26147189	0.9051195678397242	0.2300634298294468	0.1806726763226065	0.23601925506135166	0.2000890762294478	0.2041444209031556	0.262347269237108	0.14818226830168396	0.19384995511695405	0.20329195118875446	0.8281898131806658	0.0	0.8532038953235752	0.8263155309958868	0.815325768538557	0.8373707288137174	0.824845212738739	0.8482981584611965	0.8511630187915649	0.23717429424901687	0.21789900223077985	0.1919727417917331	0.19839456441293224	0.23336532975216837	0.21027731898943078	0.1678254286969184	0.8847757639347885	0.18212933259674893	0.8912792675769354	0.9047230160814259	0.9508595962751982	0.9494904974829702	0.23245662972526474	0.16904039261588674	0.18136841059788084	0.2177255027856599	0.19260319621688105	0.1848516794468793	0.22945002980435789	0.9007201842156164	0.25983978662189394	0.2242055350390976	0.21309049032510352	0.9571123112829348	0.9529870130692144	0.19768639848690853	0.1891042895253807	0.20435624682258074	0.22003479811396207	0.7669924493330595	0.7748167815393432	0.804463819964312	0.1943943004623026	0.7049448522678814	0.7884145681914154	0.7835559021638879	0.7555290456887306	0.6378879361656955	0.21824331893098733	0.18743366864409086	0.25535264081240794	0.19352945915430939	0.2051991882894886	0.22957722520448612	0.1412027282768834	0.1681373096270685	0.24448341494137887	0.7619253915852997	0.7606014482596529	0.7578505855662552	0.7517778206242504	0.7455493280187486	0.7537336705467372	0.8180329035142301	0.2572308218286482	0.7744968034605582	0.20661828940560567	0.8922828776915511	0.8836098074855494	0.8973020493215434	0.1478201812218534	0.20972369664335921	0.947007880342376	0.23549561878445865	0.9455649061571239	0.959197615115538	0.9607341744173226	0.23563005123508798	0.9656620221124237
SRR26147190	0.31147466554631625	0.8641133082493481	0.862560294901566	0.8753810341036818	0.8498674593575001	0.8406102604316071	0.8659979923682434	0.8567134140846019	0.8269742562589562	0.8786877475088105	0.2695424849293349	0.8532038953235752	0.0	0.23514474973107102	0.2566952738065138	0.23941576982029586	0.2864202346985223	0.22301548557984954	0.24639109494023254	0.8600196816620997	0.8812975555324243	0.8649754362047272	0.8747933991056155	0.8416784185290901	0.8633018272775964	0.8808620473657957	0.2424425196152733	0.8656603940990734	0.28549831787462226	0.2614594790921885	0.4730604207408167	0.4557946139106382	0.8786733601340808	0.8638681548732339	0.8694368317652005	0.8615064410964096	0.8715220705145061	0.8540824736646607	0.8925418885727705	0.2837730515391736	0.8860748715590112	0.8446931627120589	0.8365291251264306	0.48362567943622026	0.4644093463890156	0.8658462472800138	0.8593203025249453	0.8776192910997876	0.8743845130051027	0.363993113795239	0.2620470927187453	0.3377511845157725	0.8478731941862181	0.38428528915081805	0.3942889685518291	0.32500211511312976	0.29614161338814776	0.37182780661871084	0.8585879979933324	0.8557691044650706	0.8657590603671038	0.85062504153811	0.8727073502607493	0.8728705276143118	0.8596774913530293	0.851138344575863	0.8779397489511254	0.33990303266237837	0.28187056505248764	0.29343136587309276	0.3235958561315221	0.31397141832327413	0.3104080585291423	0.253893749250018	0.9009966781830246	0.3104862660474769	0.8642326494894738	0.262421699235109	0.28755501555190766	0.29629743569951	0.8433248276002482	0.871612128232135	0.9420704282562404	0.8874787329160774	0.49104655996507746	0.4763230698946126	0.5073238260891114	0.8637381219909532	0.5023546228956773
SRR26147191	0.3315347338892309	0.8404537139087205	0.8359971181587382	0.8526134070009701	0.8215703479866141	0.8120480546582776	0.8382674205104461	0.831754732126239	0.8019728548036944	0.8528573949262623	0.3168248076365485	0.8263155309958868	0.23514474973107102	0.0	0.30355717071921295	0.28260767238296286	0.29580150198508287	0.25974611293820316	0.2644409217389956	0.8270323374543964	0.8596574229560728	0.838441566333398	0.8492649963052374	0.8089073911315442	0.8380573046646795	0.8551179924169847	0.29578687779896	0.8413789524342236	0.3525803541219344	0.28390859446172056	0.48012633412962363	0.442938330583526	0.8552482162786972	0.8374265285315752	0.8380305554165619	0.8319478415846859	0.8460069209300354	0.8299984831499669	0.8630631839317917	0.2934370494073756	0.857050794109183	0.8200762668509313	0.8126906514635385	0.4958396162538174	0.4579693018200833	0.8407421816768673	0.832305353486112	0.8526287759141046	0.8447725938349205	0.3654493092905454	0.30091016722781855	0.39013718722115587	0.8229650392279159	0.4342709678548961	0.46216501001435983	0.3460478659434564	0.32440731696396785	0.40264195835612415	0.8322170129244948	0.8340453509919785	0.8455351101111009	0.8214020828304303	0.8461048577626159	0.8497958343812748	0.8355878984575112	0.8211952364640399	0.8587656555626162	0.3505519860293467	0.2828572653807239	0.2747963715962347	0.34612071000400546	0.3668235895033742	0.33327409750083065	0.2603287157460992	0.8788950354067304	0.3181126773771069	0.8355702121147083	0.2835417257928248	0.2527632281881303	0.35904363769011066	0.8195025459808751	0.8451889308973282	0.9678014792425347	0.8631160967950604	0.4786532991746895	0.47499041359476213	0.47864827173277397	0.8334200963938769	0.48475181624553815
SRR26147192	0.3244273518565672	0.8309682173204784	0.8263389482048359	0.8536446757817817	0.8083006087980207	0.8035270667275071	0.8352236242691076	0.820362858907021	0.7880321454864201	0.839296576088081	0.25265511158600906	0.815325768538557	0.2566952738065138	0.30355717071921295	0.0	0.2128600476778621	0.22288611255001997	0.26296735153909784	0.24707562235678593	0.8246292125345488	0.8509230423576458	0.8314361756636228	0.8399598486674673	0.8014200529686271	0.8389662659064355	0.838138280902153	0.2953545391101517	0.8259870565753874	0.30648733356861535	0.3262731666526843	0.5820894148411937	0.5308399723751456	0.8548383020648728	0.8291266038064277	0.8351336022504086	0.8221583889928136	0.8437695074661399	0.8154693755507838	0.8611378807335838	0.3250660274329462	0.8518351561850793	0.8038560034679867	0.7996044053127542	0.5626505442444344	0.5264451452171779	0.8240336572628616	0.8183978489096823	0.8404185096945924	0.8373909567679692	0.29205918470031117	0.3071661732054055	0.3094027858988035	0.811078208463313	0.3082677618603233	0.3426789926799124	0.2615330525718131	0.23464206891300185	0.3154635496088166	0.8241606186194056	0.8229752054684039	0.8387326696314376	0.8129829168531643	0.8422221703874558	0.8383975598810767	0.8215599223368854	0.8118577338424746	0.854815490007097	0.2797363815562811	0.2732018996443616	0.2880835990410302	0.2522015269085571	0.2637595301939208	0.24843072766008634	0.26593049533948604	0.8763311988278213	0.24127251812106484	0.8275774190966289	0.32241399686011335	0.35644045942590497	0.27733930887343144	0.8083355180979043	0.8361629675204101	0.9712950822078777	0.8592662408900973	0.5481729064273702	0.5436039831257661	0.565508749949958	0.823430813613811	0.5667008936071817
SRR26147193	0.31120240845997393	0.845219157057122	0.8404058044547372	0.8645588231607579	0.8232443392361193	0.8229894965287619	0.8475743042250854	0.8373444109269086	0.8028537228460403	0.8584642844894693	0.24628119707065216	0.8373707288137174	0.23941576982029586	0.28260767238296286	0.2128600476778621	0.0	0.24127205013964426	0.2440660484340617	0.23383320469473517	0.835244051580228	0.8601299150396281	0.8425152088794811	0.8553268139233803	0.8202060605528259	0.8497379175102784	0.8517579108433809	0.2484724689059421	0.845984747621202	0.2996520741089498	0.3260916211824983	0.5467588507642082	0.5034744661881804	0.8623314085429302	0.8454315389491986	0.849425923588637	0.8410449068342921	0.8604153597326674	0.8328547150982124	0.8762562902442684	0.308208778070602	0.8693030566897768	0.8259965268045623	0.8196598017142513	0.5429402298838486	0.5024134784933847	0.8411981100032766	0.8315015260244203	0.8581067099380711	0.8529056590221753	0.30138770138581217	0.2882579520997482	0.3266175764385513	0.8252914604124759	0.3259804036095263	0.33744259321935316	0.29273730859272584	0.2690338679413638	0.3231326257470041	0.836210009881547	0.8344710332478289	0.8509409571606789	0.832280815146114	0.8585531794527863	0.8602941286785796	0.8385770261661377	0.8268889805644606	0.8709200567519604	0.2932125235197949	0.2731222259129955	0.2760887456484738	0.2798326033901204	0.24767578957836228	0.29991389152003745	0.26569829523494165	0.8873856515729103	0.2456420268737109	0.8391884947652827	0.32778077320685944	0.32795084096242394	0.29027243281637916	0.825578767891109	0.8553856910992705	0.9477686601974223	0.8705949371119518	0.5385794320272129	0.5416510255889246	0.5451136270722906	0.8374214509567058	0.5578704396385757
SRR26147194	0.33902364032748666	0.8395941689083355	0.8366429977510167	0.8563785585307878	0.8232092405100969	0.8099455122659694	0.8419881683776027	0.8262957500110609	0.7944519898858493	0.8462704321108526	0.29292176844278234	0.824845212738739	0.2864202346985223	0.29580150198508287	0.22288611255001997	0.24127205013964426	0.0	0.21182411441721113	0.27484023513071293	0.8253477966764392	0.8587849954033125	0.8377499400660708	0.8466061836030513	0.8056311396110943	0.8424011407014902	0.8556756563326009	0.3094117415100218	0.8361710801178821	0.2743144919152526	0.31381842827033785	0.5645230400330493	0.5117708715533807	0.8653717019123613	0.8350987130362123	0.8422542218735866	0.8301577083912764	0.8506677783855622	0.8234517957268568	0.8656023060098865	0.3258050645353135	0.8581344922915788	0.8128563650398934	0.8093625603014225	0.5484945523325205	0.5113350753586478	0.8280541967157476	0.8281453780538984	0.8485475492812043	0.8401086123345896	0.28997843947972995	0.32873331695750807	0.32984294072269077	0.8189004551489124	0.33952408785877647	0.36960445565948036	0.270932297380207	0.23631277013715563	0.3399747937400878	0.8339777273732689	0.834613715220235	0.8515331453275179	0.8218869004286697	0.8498681819770475	0.8513591914818673	0.829110516909911	0.8173479749243735	0.8639490007907361	0.28692841410410447	0.28611650913412695	0.293504971842364	0.3042003919933916	0.29895667825530603	0.24060725717699685	0.25785452829497046	0.8813150662486399	0.27982750975211734	0.8349105265401131	0.32267605260873494	0.3195245376131181	0.29283306240676643	0.8158143845608217	0.8464104554298869	0.9772493722671254	0.8649578155967922	0.5113271872437023	0.5289884753093202	0.5427732449836985	0.8270044892229877	0.5664502934914932
SRR26147195	0.2981216544443452	0.8640798370041397	0.8524182481816305	0.8720651575278959	0.8453935084252752	0.8348083306364653	0.8584485372802084	0.8485791546284153	0.8179450593298028	0.8682562173928278	0.28991389669545703	0.8482981584611965	0.22301548557984954	0.25974611293820316	0.26296735153909784	0.2440660484340617	0.21182411441721113	0.0	0.2570090341306287	0.8502367662029292	0.8805656311806727	0.8605325758976899	0.8682281792753926	0.8282061264360489	0.8590066438584708	0.8744978150500017	0.23377884401807658	0.8575408158998026	0.24248038820587248	0.22934438787053987	0.4890051542920128	0.44632975742242625	0.8813208634177242	0.8523831461260722	0.8603360474612127	0.8519523139414802	0.8734830295372802	0.8488197861523111	0.8848563673055065	0.28564280792881463	0.8780924069536661	0.83923515689817	0.8298570768708685	0.5032121685941416	0.47396589399873934	0.8542855813631197	0.8462911965217438	0.8709208412676327	0.8665798030231033	0.3563895510187748	0.29043001124188295	0.35740576863856366	0.8404737615803745	0.3978683644027351	0.4213894832522822	0.3178292514514083	0.2769890343975485	0.36998877885458187	0.8550676102261485	0.853669442785051	0.8691203868355913	0.8465495141151566	0.8710984090356928	0.8734748764357213	0.854874411927154	0.8396851586104537	0.8860704196467648	0.33578944359012824	0.2852187979276698	0.2889419638411693	0.3362024591954075	0.3397062529362377	0.3015330296934666	0.24914281633620897	0.8986400759594628	0.29386011040155924	0.8533899826229884	0.2607186015961871	0.2802095895442999	0.2929898417665396	0.8410179408239387	0.8658968020811214	0.9561328353395707	0.8816385420211451	0.4575738423434613	0.46762592083987575	0.51389373255797	0.8531267747403775	0.5117660366602547
SRR26147196	0.24278354723157025	0.8544796663796153	0.8547567237331621	0.8731103596996843	0.8370975937121764	0.8370681959727002	0.8615750057638885	0.8479001077599331	0.8182310383255305	0.8714833062346027	0.27279125287974104	0.8511630187915649	0.24639109494023254	0.2644409217389956	0.24707562235678593	0.23383320469473517	0.27484023513071293	0.2570090341306287	0.0	0.84335632765863	0.8796968453454587	0.8542468369228263	0.8689302139521955	0.8304045166052655	0.855416554944089	0.877398030209916	0.2583644984519935	0.8578000532154331	0.300616968724486	0.2712702258532342	0.5278681766088233	0.48627721433975596	0.8757317272275679	0.8595079941757345	0.8585563985322017	0.8531594807281646	0.8689241263687825	0.8475283500356645	0.884860466363177	0.27342544905639066	0.8813575794619615	0.8399849593309741	0.8302628981971839	0.524478114786361	0.4792674032051077	0.8576265975486437	0.8496351453536253	0.8727837293547108	0.8653798391957194	0.32907951474067754	0.30983866564463547	0.375462791499231	0.8462905538096481	0.39499923711492024	0.41285246963527156	0.3299061552625865	0.31244345253200917	0.37291123219978584	0.8549176110330765	0.8519752221296867	0.8645808746838823	0.8449969253171208	0.8696679624396837	0.87359192684346	0.8529060225450397	0.8435495292500081	0.8806285002766043	0.31260670180890826	0.2908442533296618	0.312344190707697	0.3270443408531681	0.32971178151381564	0.32432415336346704	0.2790560881162463	0.8962044202376718	0.24569035622042978	0.8517402051645927	0.2738459134470266	0.3112416782248168	0.27932676045268645	0.8366918185435338	0.8648822479300686	0.9869007748678148	0.8798919775886272	0.4957819785183023	0.481425248290202	0.49512630420218173	0.8469140221319432	0.5007674887396657
SRR26147197	0.9024770995060709	0.16640136085265914	0.2056751398167695	0.2654572258121204	0.15954039064788894	0.20120574041123043	0.1982371464484269	0.19485647452977192	0.16142471334467168	0.17485743168479312	0.8193986184158542	0.23717429424901687	0.8600196816620997	0.8270323374543964	0.8246292125345488	0.835244051580228	0.8253477966764392	0.8502367662029292	0.84335632765863	0.0	0.23691882564407832	0.19372437199793888	0.17660686879993737	0.20454897946631617	0.1936851074094159	0.2620457371255608	0.8831600061349597	0.1949971220955242	0.8928715086784295	0.9025010981488678	0.9557614470600839	0.9426994618552106	0.2750030841098665	0.2558563110822431	0.1636693675461599	0.15731315134111384	0.24653949164918182	0.1734459793138706	0.24991260162891457	0.889903024629287	0.2689590241424322	0.19230797787781373	0.19410648664916363	0.9613689273564963	0.9461272776160903	0.20525646302352044	0.2495016715747284	0.21043175330448977	0.17598685849461185	0.761136944643651	0.7739394678485639	0.8186063470628621	0.18709044744549846	0.7197628194005912	0.794622958106942	0.7917076299587839	0.7668410077010396	0.6441453992852284	0.18142372155123543	0.1924118642044132	0.21139046076432505	0.19348753407623784	0.2529087211181313	0.30697700379841525	0.22872938493944764	0.17770089660813243	0.2576943931956385	0.7666216844661172	0.7653230308363678	0.7519362434180135	0.7729187482696908	0.7527550208243099	0.7715490479012453	0.8260123334617713	0.33885068593532874	0.7677064926454911	0.1523071337366457	0.8933073046552014	0.8839190697516199	0.9078920646094836	0.2352627015209091	0.2008867902793321	0.9521262434329834	0.23273206254912998	0.9402807413308798	0.953233923149222	0.958041928078837	0.14071463179351168	0.962076266983734
SRR26147198	0.9308966341798105	0.1734854404872478	0.1650307341568168	0.19619867262606297	0.22993847589231522	0.24323544279060919	0.2633712706172845	0.23246119776030508	0.22622809824083134	0.2038344344884346	0.859507750546325	0.21789900223077985	0.8812975555324243	0.8596574229560728	0.8509230423576458	0.8601299150396281	0.8587849954033125	0.8805656311806727	0.8796968453454587	0.23691882564407832	0.0	0.1968696321706277	0.20154865868813057	0.285592240760283	0.19923495494291046	0.20164901370198623	0.914258080442985	0.209389134572814	0.9222394934327934	0.9230204335794514	0.969527063826058	0.9657444928046897	0.16785840146067374	0.2327826408279596	0.1927715769233133	0.2346097374049942	0.220027275380799	0.20604950377592218	0.15924905714960425	0.9255243803812245	0.2467990624511881	0.2819446180406736	0.20333324088630322	0.9753064896104399	0.9684559716045269	0.2504509211558177	0.2651825511763231	0.2284613972344034	0.19866311136186404	0.8048647543765183	0.8030659474062289	0.8293934524523542	0.2270361103315912	0.7407847682436484	0.8239320963160054	0.8131759474430111	0.7878631158562108	0.6786065190826246	0.17053588240492334	0.15903500758555347	0.20282544454281998	0.23441431658798276	0.21297730566866324	0.24517760926469057	0.23448224730163644	0.19030063391351712	0.16697612460271796	0.8022112003729109	0.7923823111001203	0.7981657383932214	0.785128778327056	0.7908621574702629	0.7916204974905674	0.8437678559698027	0.2622692773565478	0.8072503481981937	0.1781458437126021	0.9210521065301833	0.9092814187709617	0.927686195296319	0.2291713141497489	0.17120209013537535	0.9480525091873384	0.16363100298866018	0.9579414578229607	0.9712289201273977	0.9747162225935565	0.22187743025717188	0.9720758879605483
SRR26147199	0.9118137295596482	0.17064209623463966	0.18384716175739038	0.22725837540414637	0.15870043075504406	0.17227215649337052	0.21926280292933256	0.17835566429203004	0.18163640484890428	0.15352695773947253	0.8371787047519847	0.1919727417917331	0.8649754362047272	0.838441566333398	0.8314361756636228	0.8425152088794811	0.8377499400660708	0.8605325758976899	0.8542468369228263	0.19372437199793888	0.1968696321706277	0.0	0.15607387204706719	0.20044407128071645	0.16889798324481756	0.18857294598980093	0.8950006968748366	0.1700632840392226	0.9022923703561816	0.9120758766945102	0.9588389127596167	0.9563284555419851	0.22517528916692062	0.22093669026601614	0.16778679991478196	0.14865787761151436	0.18730035208362794	0.15889357480584043	0.19096643238745817	0.9053468060671024	0.21149231346419967	0.20065369073905667	0.20991908958969613	0.9663495985912858	0.9584717257689149	0.2250014215300363	0.22165643034485424	0.1614539954702811	0.16862544651808975	0.7803329313867061	0.7729672872557953	0.8162499031395504	0.16111845909261144	0.7181981871027057	0.7964917645558908	0.8017540474610295	0.7729072343394566	0.6606909174952721	0.17602266317656956	0.16189575039780094	0.17981543314555412	0.16161049898976945	0.19873395004890712	0.21724689240974773	0.1848129215161608	0.1609837992884768	0.19868370279957606	0.77122707840517	0.7728023312452584	0.7702629327148495	0.7673898466536379	0.7615703609752916	0.777917931828369	0.8266400986162594	0.2755290268495821	0.7818644245079958	0.18410030044765724	0.9025678454510545	0.8956164832358267	0.9119105532063684	0.22098948676496202	0.18143003232416038	0.9503213588629965	0.1842753338467148	0.9509948623594424	0.9654449357793374	0.9695551072644897	0.19237874447807393	0.9702978275829961
SRR26147200	0.9228910055322521	0.17324678074545907	0.18830378218837113	0.2237257803573989	0.16492861509436704	0.19719408994079426	0.19658385452207533	0.18108376594548406	0.15676081216424023	0.12565705863372165	0.8429291847604058	0.19839456441293224	0.8747933991056155	0.8492649963052374	0.8399598486674673	0.8553268139233803	0.8466061836030513	0.8682281792753926	0.8689302139521955	0.17660686879993737	0.20154865868813057	0.15607387204706719	0.0	0.20942401758983228	0.18325118889881273	0.18771061680338016	0.9039836417080267	0.16187334014214272	0.9079607493669843	0.9190218915299528	0.9672222982254869	0.9587120039104046	0.23484224891650865	0.23301517793084514	0.14665233100812258	0.15353195652971577	0.21268579109928024	0.13665811759611812	0.20773462055710007	0.9145953378661447	0.21185819844935008	0.20553860802578733	0.21395983822469444	0.972855277868043	0.9650391127015902	0.2079340388518949	0.20954689752438793	0.12966407787470308	0.1449367919355893	0.781467795465915	0.7905572517301153	0.8239263362265677	0.16186451556135784	0.733911706357981	0.8110190900154245	0.809088544893145	0.7824115381089544	0.6693546027695987	0.18272884822454805	0.17721725846108077	0.21211188608780274	0.18932859054240203	0.21594578244529092	0.2528706785510055	0.20148304866996722	0.1425068306732963	0.21331039462399515	0.7813527235717055	0.7831175949107263	0.7765492119558199	0.7806224900499856	0.7739410975550302	0.7807755897656978	0.839403495135549	0.28468119351751225	0.7890021754405728	0.1814525785237498	0.9071763993105241	0.9001103632577883	0.921020541819203	0.22170590939288778	0.14787638605710252	0.931826572452536	0.17538474459439335	0.9571188290423047	0.9691960211108943	0.972037373537449	0.1768453631658684	0.9731999170780563
SRR26147201	0.8897239447206767	0.23098288027078415	0.25568098144092816	0.3104173606154988	0.17109368989813717	0.15122324778523133	0.22434522405047888	0.19553736750453515	0.1931922968219894	0.1929845617822331	0.8070480364598421	0.23336532975216837	0.8416784185290901	0.8089073911315442	0.8014200529686271	0.8202060605528259	0.8056311396110943	0.8282061264360489	0.8304045166052655	0.20454897946631617	0.285592240760283	0.20044407128071645	0.20942401758983228	0.0	0.22959590308788613	0.26326225864721114	0.8694865920239488	0.20553894337513703	0.8754886320669674	0.8870027547509705	0.9448844022140906	0.9330738522126771	0.3246143239718763	0.261936405638737	0.19309091614645235	0.18723308613872414	0.2279519205960378	0.19030063426114388	0.2922049039786972	0.8786801368786978	0.22558928892595456	0.13885841835018353	0.2515135245161962	0.9507300091342653	0.9368562945463196	0.17647904417300753	0.18687518043459522	0.21974984318576554	0.21715562540660518	0.7453175303457042	0.756907592512244	0.7974797921055027	0.16458437743304716	0.6939730365040901	0.7760330284678179	0.7677047271448864	0.7435003716285191	0.6257086752014869	0.23856268228772914	0.2511996455180239	0.2651076378808977	0.19626517483955527	0.24580957150326077	0.26180617319761224	0.20802352988579703	0.21959882454470012	0.3010259361908578	0.7467544262207817	0.7430608059943999	0.7313248492450896	0.7410080155762603	0.7312638657939845	0.7438728784657953	0.8071388956295681	0.34621982812743446	0.750114203737399	0.21440050129466248	0.8758804827575823	0.8676930605277708	0.8899688802846398	0.24319268253506807	0.26520862147115637	0.9412065331586595	0.279515511427859	0.9304470441193019	0.9463050386728967	0.9476904839008161	0.21033534705453485	0.9518130561202917
SRR26147202	0.9114587456042014	0.1854544164531902	0.18053390662129506	0.20978133277322514	0.19387819487271854	0.19934751136099169	0.1991939031368519	0.20346736885762304	0.2009927555360183	0.18754775826951509	0.8375844064393452	0.21027731898943078	0.8633018272775964	0.8380573046646795	0.8389662659064355	0.8497379175102784	0.8424011407014902	0.8590066438584708	0.855416554944089	0.1936851074094159	0.19923495494291046	0.16889798324481756	0.18325118889881273	0.22959590308788613	0.0	0.2264143062567137	0.8953539815315054	0.197759954787798	0.9016213804107408	0.9113623885607226	0.9591716010689552	0.9504498449776142	0.23968647589629785	0.20583517378562757	0.1695546428622274	0.20255866329587735	0.2190559208844445	0.18198333112504703	0.20546051256416334	0.9041946052388802	0.24112117048594633	0.23126540382186375	0.16394197808645283	0.9604748579082348	0.9545277033184277	0.20072081354594037	0.24885652347562218	0.2067024547717639	0.19430601387199498	0.7823289850236472	0.7740744833957675	0.8114240308224063	0.1927293775878242	0.7293203505163739	0.7953728126015823	0.804110907350883	0.7730609357272925	0.6575869719350123	0.1820563661113947	0.17738136960535375	0.22183395007183385	0.196287115621664	0.1768932570029889	0.24605957127098155	0.21944252435547298	0.18003288772986428	0.20235321518584756	0.776872446101557	0.7778714716523127	0.7754064479372834	0.7799786401891111	0.7725318578929714	0.7819251615768694	0.8284447925704921	0.25186467686662245	0.7917493621870156	0.17839466672113358	0.9007365362745445	0.891022508841173	0.9121959682376176	0.2183813070088114	0.1897821382335833	0.9413585707508407	0.20181930147293553	0.9514030991351303	0.9607023404196359	0.9629273258534831	0.18728008533483587	0.9663058308156183
SRR26147203	0.9326397903125906	0.23762118301440918	0.18291666398738093	0.2077863247093459	0.23191893572595085	0.23570736300108672	0.2608271907432684	0.20667233570724836	0.21649072408698258	0.20222685785817457	0.8531985789266939	0.1678254286969184	0.8808620473657957	0.8551179924169847	0.838138280902153	0.8517579108433809	0.8556756563326009	0.8744978150500017	0.877398030209916	0.2620457371255608	0.20164901370198623	0.18857294598980093	0.18771061680338016	0.26326225864721114	0.2264143062567137	0.0	0.9100577363751459	0.1955997242636159	0.9213296814002713	0.9250354466708351	0.9699093655862909	0.964927416711862	0.1916585147075813	0.19800908299528555	0.19867691545172908	0.22572793219148246	0.17254625210635982	0.19824890386663585	0.18991027124715992	0.9243433956577163	0.21849772064436965	0.27342642590317473	0.2588563725862193	0.9722150464981538	0.9695221909815597	0.23902887196903547	0.19749066194460946	0.18085149548271626	0.21693398225633947	0.7930017138586245	0.7934062461039655	0.8223812695931408	0.20238730404355365	0.7302777561837991	0.8181402550808522	0.8074242842715033	0.7803770504855103	0.6695272156889095	0.21136331599692834	0.17773427165054737	0.24830001270688182	0.23118944995984675	0.1914870189834773	0.18654093760939516	0.18443817637963023	0.19349828951171189	0.1977901543537215	0.7902832510616921	0.7880588117921172	0.7917915726969575	0.7747072310510283	0.7763829244597499	0.7849002103015692	0.8422304482165708	0.2391066077498242	0.8054030176684043	0.24310147746540184	0.9201532594139864	0.9097700070904904	0.9222287071459676	0.19975629537619008	0.1971411023935236	0.943490524116211	0.2140367287605928	0.9646436721245534	0.9718316417998922	0.9752595863178317	0.2589111029295258	0.971817133369357
SRR26147216	0.2258805294553718	0.8993442212605162	0.8899296079152538	0.9070853973673678	0.8761791096941488	0.8739170212593089	0.8969423662446027	0.8831255027485014	0.8539347166936595	0.9038330526287138	0.31136675881874737	0.8847757639347885	0.2424425196152733	0.29578687779896	0.2953545391101517	0.2484724689059421	0.3094117415100218	0.23377884401807658	0.2583644984519935	0.8831600061349597	0.914258080442985	0.8950006968748366	0.9039836417080267	0.8694865920239488	0.8953539815315054	0.9100577363751459	0.0	0.8940692655715612	0.21330373486386645	0.23213963800789156	0.43746158245632477	0.38706575854229963	0.914707268368735	0.8873789156996644	0.8986390198337469	0.8906316239373846	0.9091163625770725	0.8840099299420886	0.9176342838888434	0.24784885262115267	0.918539183285516	0.8737568116779546	0.869559899730555	0.4370886797406789	0.38392724681633417	0.8916538777560743	0.8827276064142381	0.9044244623006584	0.9071756068353868	0.4114852857479826	0.3684646646573816	0.42886787385223185	0.8782735320532399	0.4212261555683281	0.41675465672185913	0.3883400839889717	0.35397925152359094	0.4118478756585938	0.8945021492123628	0.8873885966335745	0.9064685271728877	0.8821854444341308	0.9079484637103776	0.9130334925498009	0.8862618657078148	0.8791152272786442	0.9201263424225347	0.3909826823609145	0.37377473684746637	0.36505648715011474	0.36738250181173343	0.3415899394389981	0.3880767103127808	0.3110883126462514	0.9235910069519465	0.344953934327807	0.8875661561060707	0.23991916537191796	0.2846865244488769	0.24469273725412263	0.8747624610664296	0.9000806456220871	0.9407965024124391	0.9212671998044384	0.42124829919027684	0.41750714590989496	0.4508443069413653	0.8892178099153262	0.45365943919816004
SRR26147217	0.9140082014941384	0.19575611381741148	0.18217259690933466	0.20431109000822464	0.1869148558162253	0.18687400820194638	0.19453038378481813	0.18111334882757726	0.1777778892979024	0.14129429396187332	0.8349345261352946	0.18212933259674893	0.8656603940990734	0.8413789524342236	0.8259870565753874	0.845984747621202	0.8361710801178821	0.8575408158998026	0.8578000532154331	0.1949971220955242	0.209389134572814	0.1700632840392226	0.16187334014214272	0.20553894337513703	0.197759954787798	0.1955997242636159	0.8940692655715612	0.0	0.9000459611229409	0.9152201719487463	0.9650467549565026	0.9558941619385667	0.2252849509426697	0.19956306566019408	0.13436304669783647	0.18590008843516057	0.18366797850016683	0.1363997690381741	0.2150372838777446	0.9069977167012471	0.19477888620415298	0.2095995863253623	0.20659704785507566	0.968749107729237	0.9611124767548609	0.1837980475423707	0.1809493489213563	0.15971099317222842	0.1798568886554062	0.7724758817254794	0.7820284153066709	0.8221281248309464	0.15713222057427256	0.7227889758650138	0.8080598890438873	0.7990154797603971	0.7743420238869011	0.6507788758134613	0.18104207714027976	0.16827929529614558	0.23245572222409605	0.19429507100195956	0.17023180142192962	0.22278423098603298	0.18105901159159898	0.16227874774138046	0.21779566006070303	0.7712610487189862	0.768981384553715	0.7691176046401953	0.7738345345282391	0.7616190679090163	0.7727511714481115	0.8322747894941201	0.259453780488843	0.783030812383406	0.19858653529141676	0.899174537355038	0.8927821288993775	0.9146131386180621	0.18884375984028767	0.18584240768008492	0.9470592671370425	0.20836253806384997	0.9521343487348815	0.9668138134107428	0.9678481719620597	0.20442561628825784	0.9699141028039623
SRR26147228	0.26081787273269086	0.9064546437264948	0.9024787444790725	0.9192543224465529	0.8855399131834909	0.8812337630480233	0.9049526807258119	0.8900235534209291	0.8620665933603396	0.9114463481946158	0.32468245623605024	0.8912792675769354	0.28549831787462226	0.3525803541219344	0.30648733356861535	0.2996520741089498	0.2743144919152526	0.24248038820587248	0.300616968724486	0.8928715086784295	0.9222394934327934	0.9022923703561816	0.9079607493669843	0.8754886320669674	0.9016213804107408	0.9213296814002713	0.21330373486386645	0.9000459611229409	0.0	0.22915297472916898	0.4357472131672078	0.37405846211766375	0.927627154201357	0.8901589717182279	0.9070014617593517	0.8999878245820876	0.9179029825403029	0.8934021763687711	0.9238051238206314	0.26797183542618497	0.9226920264051072	0.8823530111136234	0.8806526323719436	0.4310051252191004	0.3840335889393901	0.8977813518108441	0.8919961994377416	0.9133382352535857	0.9140306485242082	0.42010828404649914	0.4014043001247717	0.42177228199002076	0.8862585171019659	0.40618643080416006	0.4275786261137513	0.4033025249726125	0.3728578400591144	0.4310505635186351	0.9059306827274981	0.9000836640374085	0.9137703192990674	0.8908026962216777	0.9149281949019371	0.9195303676216948	0.8953464388864641	0.8889322811851204	0.9263923168551957	0.3999936624633103	0.3846553894598261	0.3612574188762247	0.4010487063211601	0.36861257663067626	0.36575838906428837	0.3445494114561782	0.9332311963578103	0.3603553028900563	0.8994564294464851	0.25801021283415576	0.2844112681109085	0.26582050432813625	0.8798878202007463	0.912138917723338	0.9325739077759448	0.9281062367281626	0.39031770746042144	0.4116208060864269	0.4495212953680915	0.8957014807032844	0.4712389021187844
SRR26147239	0.23215979847136065	0.9131957967218642	0.910728287616615	0.9276090816118175	0.8956597411001281	0.8959709538254358	0.9162553082090705	0.9009786203548577	0.8719274819313819	0.9208673671634918	0.3706381571471192	0.9047230160814259	0.2614594790921885	0.28390859446172056	0.3262731666526843	0.3260916211824983	0.31381842827033785	0.22934438787053987	0.2712702258532342	0.9025010981488678	0.9230204335794514	0.9120758766945102	0.9190218915299528	0.8870027547509705	0.9113623885607226	0.9250354466708351	0.23213963800789156	0.9152201719487463	0.22915297472916898	0.0	0.38519674255501696	0.3370057612285586	0.934496311362736	0.9057230143531159	0.9148529831700245	0.9088734703303046	0.9259861772470165	0.9030229768210339	0.9354864058848432	0.2527112576234027	0.9350935161548766	0.8901702300517402	0.8891062181044486	0.3965071556494341	0.3490291753595903	0.9035739812630388	0.8989994877520646	0.9241690552374087	0.9247373280942217	0.4519796266330504	0.36870697762856436	0.4553047909993891	0.8971657129691716	0.5206546611958065	0.5263386673575832	0.430934794774492	0.3831815267322794	0.47772322058734257	0.9141187549887588	0.9093226143341331	0.9201696659697824	0.9035609425726182	0.9257853176592591	0.9306052987034963	0.9062019159652123	0.8994929980187913	0.9334557783821423	0.42854975869513706	0.3652215595050056	0.3807510294395142	0.4319759590583453	0.44314129366232907	0.3906038670634716	0.3208338902271029	0.9438893462029914	0.38095097491315943	0.9071713787826948	0.18184353585401292	0.26147437194021433	0.2868837136541736	0.8913450620648232	0.9196580969423168	0.9738550702132288	0.9360702487349104	0.34847988288402243	0.325729493376445	0.38959186006368046	0.9053136182087356	0.4016983518685054
SRR26147265	0.4243918251770344	0.9602776301322207	0.9539225828718131	0.9643273715479166	0.9503515530096432	0.9500872455518394	0.9595412865295084	0.9555667123676066	0.9323297739236286	0.9690974093735704	0.6080794471389109	0.9508595962751982	0.4730604207408167	0.48012633412962363	0.5820894148411937	0.5467588507642082	0.5645230400330493	0.4890051542920128	0.5278681766088233	0.9557614470600839	0.969527063826058	0.9588389127596167	0.9672222982254869	0.9448844022140906	0.9591716010689552	0.9699093655862909	0.43746158245632477	0.9650467549565026	0.4357472131672078	0.38519674255501696	0.0	0.2460118004214666	0.9725526019541503	0.9470667147378965	0.963224295999737	0.9605236643881983	0.9731014294744335	0.9550747340857021	0.9735327184868878	0.4088879918840536	0.9731406797773362	0.949399192181573	0.9476632627931265	0.2765561956515685	0.2888465478466606	0.9611460120440108	0.9545343521352267	0.9662676402046554	0.9681411018565006	0.6774066771644496	0.6160451339124879	0.6685227119494127	0.9526007412547622	0.6906430269610859	0.6904321510615526	0.6461137547187382	0.6197436721675208	0.683779370206062	0.9590175367440673	0.9515926804754721	0.9690516327127796	0.9554333663940998	0.9709771513272258	0.9728640487541573	0.9583446820715104	0.9538670220894693	0.9696753355875851	0.658095896418291	0.6277903851063255	0.6007493390001	0.6279124807623512	0.6491319975233374	0.6409745907416227	0.5390996140329474	0.972711939697088	0.6335234549593475	0.9616207538722018	0.37226720509706945	0.4369812603413967	0.4867852229052756	0.9470173225071149	0.9685115275842917	0.9493917562577423	0.9740124006111183	0.27206191685301684	0.27026548775042547	0.3127897587977251	0.9614766889159625	0.3193890383428319
SRR26147276	0.3652934292452394	0.9526741376213294	0.9533613068566259	0.9633697620038381	0.9383637544695682	0.9416949745954913	0.9536658085440356	0.946793383657932	0.9219601457890404	0.9607014758574483	0.5592793017382968	0.9494904974829702	0.4557946139106382	0.442938330583526	0.5308399723751456	0.5034744661881804	0.5117708715533807	0.44632975742242625	0.48627721433975596	0.9426994618552106	0.9657444928046897	0.9563284555419851	0.9587120039104046	0.9330738522126771	0.9504498449776142	0.964927416711862	0.38706575854229963	0.9558941619385667	0.37405846211766375	0.3370057612285586	0.2460118004214666	0.0	0.9756131912516176	0.9445100521102033	0.9576515246366609	0.9501101203296176	0.9683957393042485	0.9475355603436927	0.9694851551140302	0.3406156662018848	0.9693341958631426	0.9342617528572531	0.9360647927413412	0.27893262817027453	0.2261201711822261	0.9496783651254194	0.9455213924004437	0.9603526545544165	0.9620666470279133	0.6320288989401602	0.5901745747089341	0.6470825638965751	0.9412981174561516	0.6615031786841457	0.6616201019657831	0.6231151221355026	0.5937024229871253	0.6474559291843569	0.95590094918874	0.952311542874134	0.9615612897174388	0.9473962752322342	0.9680078186485518	0.9724226514366379	0.9500841785675195	0.9466571960645448	0.9716645333789867	0.6256222811069609	0.5924093148105787	0.5529902310575742	0.6065547165164653	0.6077825843856421	0.6069996939200717	0.520092868978696	0.9750442385982976	0.5844753057649097	0.9526585919839148	0.33798398503229005	0.38011358072256785	0.4422657290788065	0.9397199826900886	0.962704057147268	0.9516235138138889	0.9770640217409922	0.27563452586118514	0.24277217348994906	0.2660560476996242	0.9468609056240863	0.2723320182310663
SRR26147286	0.9382791316289611	0.21407235754618453	0.1825363852031085	0.17703376370330481	0.2718968049952914	0.27854216466100795	0.28203294709376603	0.263636385120096	0.26983218852527635	0.2351207530765487	0.8590008323869736	0.23245662972526474	0.8786733601340808	0.8552482162786972	0.8548383020648728	0.8623314085429302	0.8653717019123613	0.8813208634177242	0.8757317272275679	0.2750030841098665	0.16785840146067374	0.22517528916692062	0.23484224891650865	0.3246143239718763	0.23968647589629785	0.1916585147075813	0.914707268368735	0.2252849509426697	0.927627154201357	0.934496311362736	0.9725526019541503	0.9756131912516176	0.0	0.23495768776098844	0.2204967670253343	0.26440763238782156	0.21995472120138432	0.23935098097724128	0.16475418175565112	0.9301216266705783	0.2718597485728662	0.32739466572691384	0.25327173395575736	0.9773667965421752	0.9802619076451622	0.2805945337802198	0.26495924338466326	0.23442818800178694	0.21732208916183826	0.8116428181256748	0.7941028373755937	0.8250149548523188	0.2567511533429406	0.7512390376093881	0.823352867961671	0.8105269267718556	0.796015352684102	0.6877865429918432	0.190786133355258	0.16298572990505183	0.23194795238291005	0.273237823719135	0.21109214452592306	0.20707857653967282	0.2340919624812194	0.2288905751209589	0.16603503233979994	0.8054346952550362	0.8079634534051477	0.8142597112964659	0.794752020556597	0.7961551099643758	0.8100538604653149	0.842393168530911	0.20762379252722338	0.8236413542371692	0.2284683862747969	0.9246429058159314	0.9177301518427277	0.9357940918712371	0.23615705235674705	0.20951301357102134	0.9566634158035676	0.1692605010299535	0.9651503819881131	0.982102492028664	0.9867696759170655	0.25844651470642316	0.9847301469851183
SRR26147287	0.9069697507663539	0.2523392084865653	0.1960538024632309	0.22943514194664694	0.24881682441374564	0.23935316229280737	0.24654358553860936	0.21057338965458272	0.2421100650433694	0.2317503221676361	0.8362548956206475	0.16904039261588674	0.8638681548732339	0.8374265285315752	0.8291266038064277	0.8454315389491986	0.8350987130362123	0.8523831461260722	0.8595079941757345	0.2558563110822431	0.2327826408279596	0.22093669026601614	0.23301517793084514	0.261936405638737	0.20583517378562757	0.19800908299528555	0.8873789156996644	0.19956306566019408	0.8901589717182279	0.9057230143531159	0.9470667147378965	0.9445100521102033	0.23495768776098844	0.0	0.19975260849495452	0.2716755164854187	0.21280785404654678	0.21586785602821332	0.2308216929289668	0.9003155146668109	0.2656271889149493	0.266064251300527	0.2317412952478901	0.9487813782826912	0.951265739161095	0.19433775607876289	0.22964963811651584	0.23046584186876481	0.2568408984250887	0.7838407395831133	0.7803357733377614	0.8139121666064092	0.2293430007992003	0.71877868525301	0.8004872476747402	0.7858540779291651	0.7645926963475355	0.6504178270991948	0.2382624511403711	0.1914333743156536	0.27822037488973966	0.2460998074813687	0.1849113491007951	0.23067348040938754	0.1904284729026352	0.20925528211331626	0.23210003595957293	0.7760237301984494	0.7782342323672266	0.7803083216398858	0.7654291480518192	0.7632121304079531	0.7718526707816478	0.8239124098807733	0.21531897851096976	0.7880959511750207	0.23081648769330368	0.8968047180749533	0.8874312713186142	0.9021395866519091	0.17596080566206354	0.2421709309379377	0.9382735538275984	0.25123224947735434	0.9393718568983337	0.9559469382997954	0.958534673617984	0.2600022652086344	0.9607660198508996
SRR26147288	0.918931419487223	0.1799526721842657	0.16222533059553743	0.19403318552730306	0.16130221252649904	0.173309702310165	0.18156084647607473	0.18450577940238705	0.15599990338322808	0.1341512330783222	0.8388362169684577	0.18136841059788084	0.8694368317652005	0.8380305554165619	0.8351336022504086	0.849425923588637	0.8422542218735866	0.8603360474612127	0.8585563985322017	0.1636693675461599	0.1927715769233133	0.16778679991478196	0.14665233100812258	0.19309091614645235	0.1695546428622274	0.19867691545172908	0.8986390198337469	0.13436304669783647	0.9070014617593517	0.9148529831700245	0.963224295999737	0.9576515246366609	0.2204967670253343	0.19975260849495452	0.0	0.1705210320092092	0.19958894917682055	0.13627721086851777	0.21039888726066655	0.9096200603847806	0.20200489893406434	0.20105828661476172	0.1854252462420619	0.9672969509387458	0.9622881024703976	0.1824455449628272	0.18431188649471741	0.14541830220860139	0.1480518229170991	0.7781806222153036	0.7805406475808429	0.8197800372379256	0.1584689234485745	0.7261445774992269	0.8049746965217165	0.7970304628702974	0.7733873964982554	0.6577711252964055	0.15928983636840854	0.1523335482675342	0.20359765864721682	0.18705850542020627	0.18467092495045137	0.24161981831118992	0.19048574946013294	0.14965969424255354	0.21517591963407215	0.7743697952837537	0.7761504816846514	0.7693444386773374	0.7754887585935852	0.763562712562701	0.7740210255240947	0.8347159265027033	0.269186132916438	0.784000919179532	0.16685192995097	0.904794498431206	0.8913581059595179	0.9179150813326565	0.19806451826654622	0.17214218907546608	0.9422353711556842	0.19711200396682416	0.9510721681618091	0.9675235428053915	0.9701044649709216	0.17767413641621446	0.9710339488968422
SRR26147289	0.911861339522143	0.16555370298573036	0.21389934088653328	0.2610712746622201	0.13708571980129897	0.17908848664523494	0.2156811950565988	0.17771824531260552	0.16862466264037207	0.14595699537199708	0.8239736765479959	0.2177255027856599	0.8615064410964096	0.8319478415846859	0.8221583889928136	0.8410449068342921	0.8301577083912764	0.8519523139414802	0.8531594807281646	0.15731315134111384	0.2346097374049942	0.14865787761151436	0.15353195652971577	0.18723308613872414	0.20255866329587735	0.22572793219148246	0.8906316239373846	0.18590008843516057	0.8999878245820876	0.9088734703303046	0.9605236643881983	0.9501101203296176	0.26440763238782156	0.2716755164854187	0.1705210320092092	0.0	0.2035637328408747	0.1658454387158437	0.23326811506075745	0.8998463150805656	0.22822833971510711	0.16068405122063534	0.22622253880954446	0.96697732869633	0.9541597148867146	0.22493564181476408	0.23408896031107757	0.1676720321487845	0.1372285290860288	0.7663626332683857	0.7785814260775178	0.8155952742609783	0.1619620034254521	0.7193579970990299	0.7966129516427952	0.7980429264211558	0.7678196535912108	0.6517965469215243	0.1796907843200674	0.199800839125594	0.18050981486652487	0.16711507837815165	0.2435926715927969	0.26754892990848467	0.21755761786898165	0.17747552050557167	0.23733621482845793	0.7683941650354184	0.7623345598212667	0.7537547408769055	0.7683847999757946	0.7566358744832412	0.7704427776550796	0.8317171745032281	0.324003848906958	0.7705136069965716	0.17708921573234576	0.8969716677012481	0.8911234596002968	0.9118399211205613	0.2468030786541252	0.19224888401509582	0.9520581614190139	0.21086272817278565	0.9476880657481287	0.9597330787741296	0.9613730658505367	0.1498926671425911	0.964455250478786
SRR26147290	0.9248974947830471	0.2295564227475616	0.21187392163528726	0.22679274090121398	0.22617511137792606	0.17926431654197567	0.2393339265091262	0.19518160686760935	0.23246251424684627	0.20318766956982515	0.8477759848492048	0.19260319621688105	0.8715220705145061	0.8460069209300354	0.8437695074661399	0.8604153597326674	0.8506677783855622	0.8734830295372802	0.8689241263687825	0.24653949164918182	0.220027275380799	0.18730035208362794	0.21268579109928024	0.2279519205960378	0.2190559208844445	0.17254625210635982	0.9091163625770725	0.18366797850016683	0.9179029825403029	0.9259861772470165	0.9731014294744335	0.9683957393042485	0.21995472120138432	0.21280785404654678	0.19958894917682055	0.2035637328408747	0.0	0.20263141835413323	0.21995101478635432	0.9209582602843441	0.19571228371931038	0.2229410155400361	0.25290036814219474	0.9752178261661344	0.9701736348719492	0.22012288326582014	0.20396175298673375	0.19833077044997982	0.20942185690770612	0.7967534348685965	0.7894808649771039	0.8223067160562462	0.1696375387703519	0.7398306930669575	0.8083259195382976	0.8021718231616312	0.7825785959603538	0.6688719073246862	0.20762441998704934	0.1894888280847668	0.23703805049392182	0.20591538330795078	0.17362613378972602	0.16496284463419422	0.17856856409723976	0.21455620707029122	0.2113233307178169	0.7889044768220786	0.7921565932362529	0.7877777197950344	0.7809391445327195	0.7812403129708699	0.781534305154553	0.8346918388711212	0.23609615872919967	0.8027620881559497	0.2345957606809583	0.9167306903937025	0.9119466953873623	0.9244796891528023	0.2009809385743887	0.22367903049858726	0.9554130770242439	0.22096099583469658	0.9658896437044404	0.9727216320578995	0.9768645395104923	0.25313182549355423	0.9736765369415579
SRR26147292	0.9022313219834777	0.17584998462938894	0.18561677600732882	0.22149716688084028	0.16306423240583354	0.1782176772804648	0.17495064206850278	0.15013704908121916	0.14069615916797334	0.1338185430045743	0.8258271502458524	0.1848516794468793	0.8540824736646607	0.8299984831499669	0.8154693755507838	0.8328547150982124	0.8234517957268568	0.8488197861523111	0.8475283500356645	0.1734459793138706	0.20604950377592218	0.15889357480584043	0.13665811759611812	0.19030063426114388	0.18198333112504703	0.19824890386663585	0.8840099299420886	0.1363997690381741	0.8934021763687711	0.9030229768210339	0.9550747340857021	0.9475355603436927	0.23935098097724128	0.21586785602821332	0.13627721086851777	0.1658454387158437	0.20263141835413323	0.0	0.22291686690704773	0.896732559990869	0.20397626797026971	0.18920088428751544	0.1927348282553752	0.9617073610617316	0.9519460958036865	0.18215341932175533	0.17273242787351306	0.13558178677404614	0.15547153547526035	0.7622952619940375	0.7737084497148449	0.8130793411766769	0.13839403715346557	0.7102845303239831	0.7938441629053885	0.7904901209367192	0.7629188327024639	0.6422630828798079	0.18163083580071074	0.16823048584874245	0.23211941145754247	0.18197461998473063	0.19308773435886392	0.2510645014411349	0.1673699143778004	0.13668627673536324	0.21996250647919643	0.7622068883275217	0.761275757020926	0.7577726507881268	0.7590228431061308	0.7463390581695679	0.7629479263106195	0.8244876821065602	0.27568508900608074	0.7721297414850227	0.18113967748689372	0.8910355537618981	0.8855122877010654	0.9028038731248861	0.19529076889910382	0.16530276435818808	0.9440745700279981	0.194486043071713	0.9449916352195747	0.9580256603419374	0.9602745138125668	0.18192800154131866	0.9626385805325951
SRR26147303	0.9386215071641896	0.1832199645054806	0.18707073839307886	0.17132587658844958	0.24819713753271766	0.2563087536854008	0.2666267114645838	0.2462827616278059	0.2548849778154803	0.20850854362753388	0.8643249496357865	0.22945002980435789	0.8925418885727705	0.8630631839317917	0.8611378807335838	0.8762562902442684	0.8656023060098865	0.8848563673055065	0.884860466363177	0.24991260162891457	0.15924905714960425	0.19096643238745817	0.20773462055710007	0.2922049039786972	0.20546051256416334	0.18991027124715992	0.9176342838888434	0.2150372838777446	0.9238051238206314	0.9354864058848432	0.9735327184868878	0.9694851551140302	0.16475418175565112	0.2308216929289668	0.21039888726066655	0.23326811506075745	0.21995101478635432	0.22291686690704773	0.0	0.931095946150864	0.23751397960946402	0.29658977151993066	0.23929714056562468	0.9779517449968603	0.9731611122368221	0.2720973947496962	0.27126881377819395	0.22048593764783203	0.20025672681216422	0.8146163358324576	0.8038185953528875	0.831455973324993	0.2222429943016028	0.7556705891650102	0.8305563971244162	0.819402051617589	0.7933245894959438	0.6853843368512742	0.17638621368107904	0.18056244933017748	0.20587042319471838	0.23755761625099392	0.19374213666044643	0.20318197872496713	0.2365684546681539	0.20014872292888677	0.1520397679085776	0.8114785254774288	0.8119633205391951	0.8110480795351175	0.8027964961241264	0.8044496194703662	0.8092135773454583	0.8570583000741842	0.24454979011622616	0.8218303181428297	0.20578517709408017	0.9255514317417418	0.9166836812360382	0.932482177299572	0.2483328552126631	0.17087661289003384	0.9470056896695987	0.14254648312239065	0.9649047197975333	0.9792333655192165	0.980206750390427	0.22549290501340008	0.9781010972106239
SRR26147314	0.22258478451458355	0.9065587192874052	0.906585646044332	0.9267717700979008	0.8865058300257489	0.8859965990874507	0.9060661451247924	0.8941415469754196	0.8664321496627531	0.914335082556387	0.30607807269850373	0.9007201842156164	0.2837730515391736	0.2934370494073756	0.3250660274329462	0.308208778070602	0.3258050645353135	0.28564280792881463	0.27342544905639066	0.889903024629287	0.9255243803812245	0.9053468060671024	0.9145953378661447	0.8786801368786978	0.9041946052388802	0.9243433956577163	0.24784885262115267	0.9069977167012471	0.26797183542618497	0.2527112576234027	0.4088879918840536	0.3406156662018848	0.9301216266705783	0.9003155146668109	0.9096200603847806	0.8998463150805656	0.9209582602843441	0.896732559990869	0.931095946150864	0.0	0.9275474074839462	0.8842246546412484	0.8821177717409755	0.3856136017980189	0.31544981365399855	0.8980522444687428	0.8966590899247044	0.9187082954827784	0.9152234223596223	0.3977999290705873	0.3972503263274489	0.447874447844019	0.8912545995436583	0.46114610398459727	0.4614786877890206	0.43226957381250836	0.42314714043508056	0.4300906400886368	0.907531535568582	0.9035245678910302	0.911596406442961	0.8937639268854387	0.9211554017995082	0.9240221309752594	0.90010557126062	0.8896849935434912	0.9324941581548198	0.3869602664516407	0.3908246379921812	0.38587094246512504	0.4258859145441127	0.4141670870793891	0.41391305683701496	0.35740438519214157	0.9405949971178472	0.3452577071580797	0.8992556979292937	0.22550246208853827	0.22705847255061107	0.2797525144178619	0.8883837960320571	0.9144973283625161	0.9624983192312407	0.9307041976592784	0.41316355527391974	0.38900773685463413	0.36860695900719054	0.898000958693135	0.3856697995725167
SRR26147329	0.9353144632904289	0.2613809384890491	0.23908425712475143	0.22683081179715417	0.23731181513475194	0.214636605963458	0.20977777190377017	0.26809677495362105	0.25620839265250117	0.21066606784140848	0.8549290328910416	0.25983978662189394	0.8860748715590112	0.857050794109183	0.8518351561850793	0.8693030566897768	0.8581344922915788	0.8780924069536661	0.8813575794619615	0.2689590241424322	0.2467990624511881	0.21149231346419967	0.21185819844935008	0.22558928892595456	0.24112117048594633	0.21849772064436965	0.918539183285516	0.19477888620415298	0.9226920264051072	0.9350935161548766	0.9731406797773362	0.9693341958631426	0.2718597485728662	0.2656271889149493	0.20200489893406434	0.22822833971510711	0.19571228371931038	0.20397626797026971	0.23751397960946402	0.9275474074839462	0.0	0.2442382485105408	0.284576724057888	0.9777263224214398	0.9730918000434636	0.25523031099241916	0.22881679606900404	0.18536648760128632	0.23482819524299386	0.7998997400308633	0.8006539159029609	0.831699602646669	0.19195395157586828	0.7496398899169346	0.8201671923795764	0.8169690126888751	0.7928442777638594	0.6811286061813364	0.2358004307004996	0.23401334512477265	0.2425771884424206	0.25499258866158225	0.19630918680932313	0.19748269183788478	0.2398110022298503	0.2350005567254393	0.2325541152095777	0.7958164940739167	0.801152517476657	0.7951650954584725	0.7894612961824957	0.7852089318889898	0.7935894420702426	0.8534682967070532	0.2767296525057657	0.813040817575279	0.288176828549951	0.9229159581583997	0.9124677915980491	0.9328279372488876	0.27010255736978234	0.2117075565643734	0.9208097628341665	0.252272052865881	0.9637697395317223	0.9780170164481704	0.9783355011147048	0.27886557583866733	0.9780317850172653
SRR26147340	0.8936037201528129	0.22862920774517625	0.2603636891479781	0.3134064924330262	0.16018037502752897	0.1662281406453621	0.22497648544360374	0.17648701739075212	0.18805063456261645	0.1875978256288309	0.812503319740105	0.2242055350390976	0.8446931627120589	0.8200762668509313	0.8038560034679867	0.8259965268045623	0.8128563650398934	0.83923515689817	0.8399849593309741	0.19230797787781373	0.2819446180406736	0.20065369073905667	0.20553860802578733	0.13885841835018353	0.23126540382186375	0.27342642590317473	0.8737568116779546	0.2095995863253623	0.8823530111136234	0.8901702300517402	0.949399192181573	0.9342617528572531	0.32739466572691384	0.266064251300527	0.20105828661476172	0.16068405122063534	0.2229410155400361	0.18920088428751544	0.29658977151993066	0.8842246546412484	0.2442382485105408	0.0	0.23936393928101032	0.9551738010555705	0.9382067645103911	0.1904911283594965	0.2195292499087193	0.2113816927337884	0.19760381173750932	0.7474368747400382	0.7676010491969667	0.8040436033139908	0.1600298646916905	0.7020926818938937	0.7821000098057543	0.7801983681942841	0.7517329354821954	0.6354461849570373	0.24098595759068625	0.2514667140482322	0.25680883249801933	0.18494750223089207	0.2597266944176713	0.28134285350290145	0.21397680242681746	0.21839522511445317	0.30634465905458375	0.7495732668441272	0.7452337483357121	0.7350331018893612	0.7491483690729962	0.733410419443011	0.7506717007094031	0.8157169676469403	0.35575492078027493	0.7551531707281391	0.20672370055658096	0.8799761914355857	0.8763167256340592	0.8958767026584392	0.23260993014861384	0.2497650964886326	0.9436599157886134	0.2711750848265883	0.9361136086272427	0.9444555142015785	0.9487616370665862	0.19236493543956693	0.9522791566485538
SRR26147351	0.8919409507088681	0.19426757437317696	0.18186607229488227	0.22246728946413752	0.21464122519687864	0.22153723685928314	0.230105992024594	0.21782781594336204	0.20969479676346045	0.22614871145513088	0.8043794763461892	0.21309049032510352	0.8365291251264306	0.8126906514635385	0.7996044053127542	0.8196598017142513	0.8093625603014225	0.8298570768708685	0.8302628981971839	0.19410648664916363	0.20333324088630322	0.20991908958969613	0.21395983822469444	0.2515135245161962	0.16394197808645283	0.2588563725862193	0.869559899730555	0.20659704785507566	0.8806526323719436	0.8891062181044486	0.9476632627931265	0.9360647927413412	0.25327173395575736	0.2317412952478901	0.1854252462420619	0.22622253880954446	0.25290036814219474	0.1927348282553752	0.23929714056562468	0.8821177717409755	0.284576724057888	0.23936393928101032	0.0	0.9491984641551409	0.9402476195288356	0.23251691085702517	0.27464205363133065	0.2405365669062488	0.21947523753537662	0.7566048188675091	0.7535931676344465	0.7876957583849666	0.2197207548011601	0.7021527555007624	0.7707854421972193	0.7695145846511692	0.7406474365268727	0.6210343948794133	0.18871054465802653	0.175591807580637	0.23851095497776217	0.19992635982432896	0.21843053338710122	0.29299649502669795	0.23670555073085736	0.1824588323335358	0.24253700046445034	0.7500072964470152	0.7463397444677222	0.7475644364710025	0.752429055285084	0.7444484158290772	0.753204994236711	0.7976145410764887	0.29383453566884415	0.756791557672846	0.1768843228098718	0.8776441926643977	0.8756897438867272	0.8913518391951597	0.22252908302344224	0.2133755123095148	0.9554306514463634	0.2324646208044646	0.9351825263475403	0.9450663160286519	0.9478376931565524	0.2087761074339861	0.9484421285597318
SRR26147365	0.39988795851211895	0.9683525735153959	0.9595980338913003	0.9681368329050335	0.9570683716186461	0.954759586643486	0.9672869524332202	0.9624738608975533	0.9395905770563843	0.9758932115640685	0.5929344566353643	0.9571123112829348	0.48362567943622026	0.4958396162538174	0.5626505442444344	0.5429402298838486	0.5484945523325205	0.5032121685941416	0.524478114786361	0.9613689273564963	0.9753064896104399	0.9663495985912858	0.972855277868043	0.9507300091342653	0.9604748579082348	0.9722150464981538	0.4370886797406789	0.968749107729237	0.4310051252191004	0.3965071556494341	0.2765561956515685	0.27893262817027453	0.9773667965421752	0.9487813782826912	0.9672969509387458	0.96697732869633	0.9752178261661344	0.9617073610617316	0.9779517449968603	0.3856136017980189	0.9777263224214398	0.9551738010555705	0.9491984641551409	0.0	0.23650405084176293	0.9652112716468771	0.9585742927051762	0.9710042669236815	0.9744800419127565	0.610109418047832	0.6172510964048274	0.5797835618016948	0.9575126151629272	0.6605690658894012	0.6344743523917451	0.6431808484382485	0.6123881453546177	0.6539605051586045	0.9681499761819455	0.9599467697987258	0.971690138432169	0.9639618697405753	0.9742544906345595	0.9761413880614912	0.960708460818227	0.9611672153290008	0.9696353365104154	0.5858614871270165	0.6405776541307773	0.6090941598021193	0.6309744878421937	0.6459659217321841	0.6227960084397958	0.5476227804020701	0.9780947189442354	0.6224861999386536	0.9668555096745877	0.3832582018571527	0.37155647294001704	0.3786080817645243	0.9518316020808579	0.9696391299890885	0.9593309198619636	0.9810388930663075	0.2753036172496811	0.2673513231435796	0.2657205018590679	0.9665038251214612	0.32952005881333774
SRR26147376	0.34275238919486706	0.9590670898050185	0.9566571355438129	0.9681662412816017	0.9412669549117836	0.944687257676399	0.9572372365516358	0.9511825757366655	0.9240150525283487	0.9652497125882086	0.5335652546006027	0.9529870130692144	0.4644093463890156	0.4579693018200833	0.5264451452171779	0.5024134784933847	0.5113350753586478	0.47396589399873934	0.4792674032051077	0.9461272776160903	0.9684559716045269	0.9584717257689149	0.9650391127015902	0.9368562945463196	0.9545277033184277	0.9695221909815597	0.38392724681633417	0.9611124767548609	0.3840335889393901	0.3490291753595903	0.2888465478466606	0.2261201711822261	0.9802619076451622	0.951265739161095	0.9622881024703976	0.9541597148867146	0.9701736348719492	0.9519460958036865	0.9731611122368221	0.31544981365399855	0.9730918000434636	0.9382067645103911	0.9402476195288356	0.23650405084176293	0.0	0.9549621404053857	0.9509035748738313	0.967470675858862	0.9648892879862444	0.598279453650133	0.5970617003506273	0.6283991231474916	0.9453771632778054	0.6520157783793917	0.6359145101321614	0.6331309511734868	0.6166911041701945	0.6255781218602625	0.9582132721452069	0.9575634628333446	0.9676836758447009	0.9524949582662268	0.9705351077314633	0.9751078519996801	0.9536453388290012	0.9491254305527325	0.9772707306255771	0.5965190471881925	0.6010309876338839	0.5697608682796844	0.6249752944950812	0.6042594196526572	0.5963304398607118	0.5389004261663292	0.9775617883662324	0.5601113107590753	0.953926829093631	0.3323388518992323	0.3734851810651488	0.4135859856302049	0.9467541595394027	0.9638986764267528	0.9594793020985528	0.9797057950412698	0.26795133532960214	0.23250848833339344	0.18786170777073144	0.9507826745435229	0.28894186532577504
SRR26147387	0.9059284274323982	0.2378647069793992	0.21459639513550224	0.2732994394629991	0.21462536531079765	0.19282802058353554	0.2081494989385859	0.1740003528354112	0.1951593399767214	0.17967458483458865	0.8289242131182154	0.19768639848690853	0.8658462472800138	0.8407421816768673	0.8240336572628616	0.8411981100032766	0.8280541967157476	0.8542855813631197	0.8576265975486437	0.20525646302352044	0.2504509211558177	0.2250014215300363	0.2079340388518949	0.17647904417300753	0.20072081354594037	0.23902887196903547	0.8916538777560743	0.1837980475423707	0.8977813518108441	0.9035739812630388	0.9611460120440108	0.9496783651254194	0.2805945337802198	0.19433775607876289	0.1824455449628272	0.22493564181476408	0.22012288326582014	0.18215341932175533	0.2720973947496962	0.8980522444687428	0.25523031099241916	0.1904911283594965	0.23251691085702517	0.9652112716468771	0.9549621404053857	0.0	0.17446081870239694	0.21068056051489317	0.210761644919367	0.767223678077614	0.7863433882532168	0.8180995339721815	0.17885087262389993	0.71623078296886	0.7978565060725938	0.7976028965959199	0.7726887492757416	0.653060792041223	0.24661530839448215	0.2168609175083828	0.2860724189185941	0.23085763554605757	0.2026852434591089	0.24857101170905968	0.17827565867437012	0.1967547785077427	0.28541073353506125	0.7718471477688273	0.7741511057209981	0.7600191476752856	0.7697127428691399	0.758477231631685	0.7732845957375274	0.8297730574428288	0.279113593505531	0.7769859177333567	0.2039916009114256	0.8937146775236826	0.8855459144593042	0.9077370437657761	0.19408410892030326	0.2545896644670542	0.9405926865882821	0.2690711839491988	0.9495032823784363	0.9592096819800715	0.9645866537342584	0.21595109403243135	0.9666238047279434
SRR26147388	0.9041705172758745	0.2558377088629715	0.21684720080191966	0.27172380838537225	0.218838937619678	0.20451346507830054	0.24118138814002182	0.17717861302133592	0.20507494555948366	0.19686361893535476	0.8286847868997843	0.1891042895253807	0.8593203025249453	0.832305353486112	0.8183978489096823	0.8315015260244203	0.8281453780538984	0.8462911965217438	0.8496351453536253	0.2495016715747284	0.2651825511763231	0.22165643034485424	0.20954689752438793	0.18687518043459522	0.24885652347562218	0.19749066194460946	0.8827276064142381	0.1809493489213563	0.8919961994377416	0.8989994877520646	0.9545343521352267	0.9455213924004437	0.26495924338466326	0.22964963811651584	0.18431188649471741	0.23408896031107757	0.20396175298673375	0.17273242787351306	0.27126881377819395	0.8966590899247044	0.22881679606900404	0.2195292499087193	0.27464205363133065	0.9585742927051762	0.9509035748738313	0.17446081870239694	0.0	0.190915517602679	0.22461710237925336	0.764582155740512	0.7717130887575278	0.8087988672044409	0.1790048105706295	0.7066991167789537	0.7903135416085393	0.7903777200087281	0.766605825802644	0.6454146098841043	0.2554253582982487	0.22023788769066246	0.28628823240554524	0.24837069022260191	0.21813592795229722	0.2345467902093358	0.16359476563720973	0.210119959668873	0.2919354367757027	0.766005531395069	0.7639219144192655	0.7581782455095633	0.7603838393977993	0.7445692981364748	0.7639522016336806	0.8254743188468808	0.2997739124403591	0.7775326288172402	0.2479889419003193	0.8876978744305548	0.8824798035928734	0.900630070421745	0.1845555361981045	0.25130809895415884	0.9446544227144236	0.26614069423791975	0.9421093952758125	0.9579632774323152	0.9594457554432595	0.26127303885687686	0.9627944063499922
SRR26147389	0.9259743083179076	0.20021497923187653	0.19773735210248175	0.2225196997411163	0.183975905252711	0.1987073464304582	0.1885351665844366	0.1901830558851235	0.1717236149298597	0.14465904780128075	0.8501699449084893	0.20435624682258074	0.8776192910997876	0.8526287759141046	0.8404185096945924	0.8581067099380711	0.8485475492812043	0.8709208412676327	0.8727837293547108	0.21043175330448977	0.2284613972344034	0.1614539954702811	0.12966407787470308	0.21974984318576554	0.2067024547717639	0.18085149548271626	0.9044244623006584	0.15971099317222842	0.9133382352535857	0.9241690552374087	0.9662676402046554	0.9603526545544165	0.23442818800178694	0.23046584186876481	0.14541830220860139	0.1676720321487845	0.19833077044997982	0.13558178677404614	0.22048593764783203	0.9187082954827784	0.18536648760128632	0.2113816927337884	0.2405365669062488	0.9710042669236815	0.967470675858862	0.21068056051489317	0.190915517602679	0.0	0.1563128212106312	0.7813662125554688	0.7910368404268638	0.8279135180989208	0.15952063032698555	0.7307398305093213	0.8090117036950992	0.8060142464402302	0.7834536091693072	0.6681201680102696	0.19365944396548845	0.18704121364891677	0.21605503176023952	0.1928897619388633	0.2053221258604604	0.23855881241519045	0.20092405815964454	0.17130898369503872	0.21455946015921415	0.7834782889494981	0.7837340143380167	0.7815346720409404	0.7777882378685343	0.7674292042218586	0.7850022809934496	0.8408745323764919	0.2834689642106949	0.7962025717172829	0.21661200117227278	0.9099962795440365	0.9008768196992195	0.9223313081589526	0.22026011006210414	0.17970142525440566	0.9368855871496568	0.20738406221358066	0.9561812701585083	0.9699710924284216	0.973098879994294	0.20281573916588752	0.9731405118576012
SRR26147390	0.922450764886838	0.15161967743210644	0.19713041936156286	0.22552691375998127	0.16646288823295124	0.19985895138528528	0.2125638504633122	0.1977341086694454	0.178013969518259	0.12761452091861245	0.8404848951222774	0.22003479811396207	0.8743845130051027	0.8447725938349205	0.8373909567679692	0.8529056590221753	0.8401086123345896	0.8665798030231033	0.8653798391957194	0.17598685849461185	0.19866311136186404	0.16862544651808975	0.1449367919355893	0.21715562540660518	0.19430601387199498	0.21693398225633947	0.9071756068353868	0.1798568886554062	0.9140306485242082	0.9247373280942217	0.9681411018565006	0.9620666470279133	0.21732208916183826	0.2568408984250887	0.1480518229170991	0.1372285290860288	0.20942185690770612	0.15547153547526035	0.20025672681216422	0.9152234223596223	0.23482819524299386	0.19760381173750932	0.21947523753537662	0.9744800419127565	0.9648892879862444	0.210761644919367	0.22461710237925336	0.1563128212106312	0.0	0.7794976556177402	0.7938246080686915	0.8230925288470199	0.17178944975723645	0.7318372917327922	0.8030803855545561	0.8022142534857422	0.778224315417712	0.6651192772611902	0.15330793499710904	0.16508790736849296	0.18547082153680228	0.19055315523341373	0.2305799977081435	0.2592100912680127	0.2200780496565129	0.16108735092516094	0.19606798304870987	0.7804183702615208	0.7831646121206097	0.7727885147152518	0.7762617616761559	0.7670891547362979	0.7784638619288707	0.8399193329241293	0.30556386033122873	0.7893061318008401	0.1558774778424639	0.9106931874100004	0.9062485645282475	0.9244134364136201	0.2501754940237525	0.1580562632635183	0.9507834401712811	0.167029934346215	0.9572683346776856	0.9692040773528829	0.9720318659715017	0.14204380851247309	0.9734419833703463
SRR26147391	0.42340461378382876	0.7726142482174476	0.7826877612834553	0.8167738956407555	0.7532640072023908	0.7571827688322468	0.7831821387777423	0.7676835830220551	0.7371412136494566	0.7827318706973359	0.264754544070895	0.7669924493330595	0.363993113795239	0.3654493092905454	0.29205918470031117	0.30138770138581217	0.28997843947972995	0.3563895510187748	0.32907951474067754	0.761136944643651	0.8048647543765183	0.7803329313867061	0.781467795465915	0.7453175303457042	0.7823289850236472	0.7930017138586245	0.4114852857479826	0.7724758817254794	0.42010828404649914	0.4519796266330504	0.6774066771644496	0.6320288989401602	0.8116428181256748	0.7838407395831133	0.7781806222153036	0.7663626332683857	0.7967534348685965	0.7622952619940375	0.8146163358324576	0.3977999290705873	0.7998997400308633	0.7474368747400382	0.7566048188675091	0.610109418047832	0.598279453650133	0.767223678077614	0.764582155740512	0.7813662125554688	0.7794976556177402	0.0	0.29488173716064947	0.26901455185371514	0.7546689999058589	0.29565526554526117	0.31568306922002304	0.27799354492542383	0.2924108667576354	0.30360212984958557	0.7776550747656615	0.7832904775859069	0.7886322244890235	0.762604193175259	0.7960674269868239	0.7985894965898178	0.7676599235410114	0.7594031942770149	0.8100270216264979	0.19257867211701116	0.27231427049159035	0.2669138119049497	0.2812847909643035	0.2648294357177921	0.27177640325772173	0.31929196460039	0.8403981027907625	0.24043469731134903	0.7691960755011369	0.45321278388063146	0.39832146203163654	0.3706893068671307	0.7566001827249698	0.7842246440929652	0.9735228154590033	0.8120505356713418	0.6420204507153768	0.6488987420063862	0.6122033972764794	0.7692806022776557	0.6576131470642101
SRR26147392	0.43419276232517373	0.7803594940445764	0.7761346368483004	0.7945892598962312	0.7633411656015848	0.7571106588216217	0.7766798681621491	0.7787867231322568	0.7433735428859454	0.7950088252683003	0.3219219787886469	0.7748167815393432	0.2620470927187453	0.30091016722781855	0.3071661732054055	0.2882579520997482	0.32873331695750807	0.29043001124188295	0.30983866564463547	0.7739394678485639	0.8030659474062289	0.7729672872557953	0.7905572517301153	0.756907592512244	0.7740744833957675	0.7934062461039655	0.3684646646573816	0.7820284153066709	0.4014043001247717	0.36870697762856436	0.6160451339124879	0.5901745747089341	0.7941028373755937	0.7803357733377614	0.7805406475808429	0.7785814260775178	0.7894808649771039	0.7737084497148449	0.8038185953528875	0.3972503263274489	0.8006539159029609	0.7676010491969667	0.7535931676344465	0.6172510964048274	0.5970617003506273	0.7863433882532168	0.7717130887575278	0.7910368404268638	0.7938246080686915	0.29488173716064947	0.0	0.28701359365916185	0.7618577722784614	0.34110866264127765	0.3780555918137435	0.2783635644661196	0.2609951752466004	0.3228148965892897	0.7763222976243361	0.7702253364661553	0.7815094968669329	0.7657541815163806	0.7780486850061622	0.78987965444743	0.7758101862522133	0.7633691914670586	0.800817901703732	0.3014853291064237	0.22595200740272567	0.2701057783846772	0.2825210028847895	0.3034354897490487	0.2890277348981012	0.27482973678110256	0.8283906981369106	0.2862574786798868	0.7841722878266211	0.39485354689868446	0.395843583732535	0.3949239165350566	0.758718231369092	0.7873347613441641	0.9683478610730893	0.8078082859419071	0.6059558965553749	0.5948776815169221	0.6226955197708621	0.7765105218261508	0.6203777833188708
SRR26147393	0.4607529369211062	0.8207172121972709	0.8123540186928719	0.8249008792285389	0.8068627571448515	0.7985496856984141	0.8203063624869809	0.8114318461609967	0.7846109371184	0.8346754791702882	0.3513540283926247	0.804463819964312	0.3377511845157725	0.39013718722115587	0.3094027858988035	0.3266175764385513	0.32984294072269077	0.35740576863856366	0.375462791499231	0.8186063470628621	0.8293934524523542	0.8162499031395504	0.8239263362265677	0.7974797921055027	0.8114240308224063	0.8223812695931408	0.42886787385223185	0.8221281248309464	0.42177228199002076	0.4553047909993891	0.6685227119494127	0.6470825638965751	0.8250149548523188	0.8139121666064092	0.8197800372379256	0.8155952742609783	0.8223067160562462	0.8130793411766769	0.831455973324993	0.447874447844019	0.831699602646669	0.8040436033139908	0.7876957583849666	0.5797835618016948	0.6283991231474916	0.8180995339721815	0.8087988672044409	0.8279135180989208	0.8230925288470199	0.26901455185371514	0.28701359365916185	0.0	0.803519104093352	0.3163756051327596	0.3320751147068055	0.27851425341180686	0.271056365858829	0.3401933155489819	0.8186403812854693	0.8074569079392552	0.8152518321986834	0.8081078357630105	0.8237674354722295	0.8148398762828678	0.8141048273952564	0.7998026669957203	0.8236591336926388	0.2521396704089885	0.3342794823436966	0.3280502440584204	0.2748029324365427	0.334553631638441	0.28863531595471026	0.3026060269248628	0.8421847319452681	0.320368842376865	0.8203950364064555	0.46567627426631425	0.3761963557267525	0.34664044971442637	0.7954420471248035	0.8251945802310119	0.9617998576863769	0.8328939824337577	0.6413705078961188	0.6711565309394522	0.6321459178213014	0.8187061048318574	0.6738117867368035
SRR26147394	0.9000293544179748	0.19152170863690943	0.20088782159974147	0.24804958221635703	0.17036730277933332	0.13571958775072546	0.18985829667786594	0.16673970592087053	0.16673349820924308	0.15028348187298954	0.8234682228669234	0.1943943004623026	0.8478731941862181	0.8229650392279159	0.811078208463313	0.8252914604124759	0.8189004551489124	0.8404737615803745	0.8462905538096481	0.18709044744549846	0.2270361103315912	0.16111845909261144	0.16186451556135784	0.16458437743304716	0.1927293775878242	0.20238730404355365	0.8782735320532399	0.15713222057427256	0.8862585171019659	0.8971657129691716	0.9526007412547622	0.9412981174561516	0.2567511533429406	0.2293430007992003	0.1584689234485745	0.1619620034254521	0.1696375387703519	0.13839403715346557	0.2222429943016028	0.8912545995436583	0.19195395157586828	0.1600298646916905	0.2197207548011601	0.9575126151629272	0.9453771632778054	0.17885087262389993	0.1790048105706295	0.15952063032698555	0.17178944975723645	0.7546689999058589	0.7618577722784614	0.803519104093352	0.0	0.7000691721671659	0.7827267475256463	0.7818962644132235	0.7575449531859827	0.6358743736108713	0.18764195634142875	0.18437855796690056	0.2231106852958665	0.17445044514550315	0.19774210223331737	0.22184060418458643	0.17318945973297825	0.1594884849357374	0.231692664458913	0.7529474528114201	0.7488655451543554	0.743042270347943	0.7513624983861212	0.7408293123819221	0.7569456313020415	0.8139373463038446	0.2958254255934044	0.7622802150202409	0.19851594864021327	0.8843500308591791	0.8798790831947281	0.8991228453950366	0.19863060319171816	0.19105365136879288	0.9447393227713611	0.2144355536547754	0.9366796592780726	0.9500235823095929	0.954841412578753	0.1951970925734075	0.9590712061513826
SRR26147395	0.4777156386548076	0.7298183643017104	0.7178898260617012	0.7526318534499546	0.7038482349252431	0.6925939318799511	0.7302135449114218	0.7088400136920951	0.6825240929230776	0.7328130729061652	0.3316970336523539	0.7049448522678814	0.38428528915081805	0.4342709678548961	0.3082677618603233	0.3259804036095263	0.33952408785877647	0.3978683644027351	0.39499923711492024	0.7197628194005912	0.7407847682436484	0.7181981871027057	0.733911706357981	0.6939730365040901	0.7293203505163739	0.7302777561837991	0.4212261555683281	0.7227889758650138	0.40618643080416006	0.5206546611958065	0.6906430269610859	0.6615031786841457	0.7512390376093881	0.71877868525301	0.7261445774992269	0.7193579970990299	0.7398306930669575	0.7102845303239831	0.7556705891650102	0.46114610398459727	0.7496398899169346	0.7020926818938937	0.7021527555007624	0.6605690658894012	0.6520157783793917	0.71623078296886	0.7066991167789537	0.7307398305093213	0.7318372917327922	0.29565526554526117	0.34110866264127765	0.3163756051327596	0.7000691721671659	0.0	0.24860980448311307	0.2765280103156724	0.27660680205511845	0.24396567824910886	0.722337485528301	0.71761934400188	0.7317719023304243	0.711213819874892	0.7327860468031193	0.7305717167868383	0.7113588215486095	0.7038538884628988	0.7525607147644922	0.2945361840797895	0.35088745121688586	0.32527440966106874	0.2672368943592294	0.2419798836519601	0.2962877668904395	0.3687321831917398	0.7742963245441595	0.3119488155174159	0.726293879942721	0.5037686920179575	0.4757070040516596	0.4262744614829619	0.6887183315622737	0.7324572715510257	0.9316058316762837	0.7545328659004871	0.6752157478918935	0.7012256440520066	0.6910147503220021	0.7243468091846846	0.7093229047142383
SRR26147396	0.47614884809987396	0.8017214188453846	0.7956188654501474	0.8138268020417071	0.7875681277281394	0.7735120729273561	0.7988277306653627	0.7926734059632182	0.7649017044563422	0.814801969350299	0.3276318351615992	0.7884145681914154	0.3942889685518291	0.46216501001435983	0.3426789926799124	0.33744259321935316	0.36960445565948036	0.4213894832522822	0.41285246963527156	0.794622958106942	0.8239320963160054	0.7964917645558908	0.8110190900154245	0.7760330284678179	0.7953728126015823	0.8181402550808522	0.41675465672185913	0.8080598890438873	0.4275786261137513	0.5263386673575832	0.6904321510615526	0.6616201019657831	0.823352867961671	0.8004872476747402	0.8049746965217165	0.7966129516427952	0.8083259195382976	0.7938441629053885	0.8305563971244162	0.4614786877890206	0.8201671923795764	0.7821000098057543	0.7707854421972193	0.6344743523917451	0.6359145101321614	0.7978565060725938	0.7903135416085393	0.8090117036950992	0.8030803855545561	0.31568306922002304	0.3780555918137435	0.3320751147068055	0.7827267475256463	0.24860980448311307	0.0	0.3165354547696905	0.34312387468338656	0.31014449087645285	0.7982462719228347	0.7947231561373667	0.8098559211991107	0.78842979734152	0.8050005492582691	0.8053257521919674	0.7975376049034169	0.7880403062121616	0.8241214855420289	0.31420283186888653	0.3917303126470363	0.36459309843662835	0.3121764945382023	0.2722372637080729	0.3625383688763071	0.3826160390273568	0.83917480028399	0.3376023340218043	0.8046223827959615	0.5182393365924438	0.46653540196815857	0.4071931754459795	0.7831613504015427	0.8088894751275562	0.9032900479836359	0.8236679979615382	0.6748129262991944	0.701259959095021	0.6718014987168816	0.7982252611778526	0.706286073096131
SRR26147397	0.4380577528007124	0.7994251752380594	0.796680227939157	0.8062512489209908	0.7900765794987521	0.769919665913122	0.7959998354970006	0.791029225287503	0.7634300990106576	0.8121708007227547	0.3254993740619185	0.7835559021638879	0.32500211511312976	0.3460478659434564	0.2615330525718131	0.29273730859272584	0.270932297380207	0.3178292514514083	0.3299061552625865	0.7917076299587839	0.8131759474430111	0.8017540474610295	0.809088544893145	0.7677047271448864	0.804110907350883	0.8074242842715033	0.3883400839889717	0.7990154797603971	0.4033025249726125	0.430934794774492	0.6461137547187382	0.6231151221355026	0.8105269267718556	0.7858540779291651	0.7970304628702974	0.7980429264211558	0.8021718231616312	0.7904901209367192	0.819402051617589	0.43226957381250836	0.8169690126888751	0.7801983681942841	0.7695145846511692	0.6431808484382485	0.6331309511734868	0.7976028965959199	0.7903777200087281	0.8060142464402302	0.8022142534857422	0.27799354492542383	0.2783635644661196	0.27851425341180686	0.7818962644132235	0.2765280103156724	0.3165354547696905	0.0	0.2042504009864236	0.30623319343807065	0.7905738394347115	0.7900014142713727	0.805543938189448	0.785395123007074	0.8044948444031724	0.7956822575601964	0.793231217202369	0.7794969400952483	0.804447291366818	0.2783114925281773	0.2944829545742652	0.26974451631939234	0.21997356277004507	0.25351519564252606	0.24318497801023256	0.2755348263361319	0.8347070155242388	0.2787753742199627	0.7983840295121388	0.4388352171846581	0.44057710295815383	0.3878706594961876	0.7709991493467235	0.8042788737950778	0.9510152912675696	0.8139264343430135	0.6278932209776846	0.6487567436672984	0.665639585985446	0.7954653469840928	0.6580915432171727
SRR26147398	0.40728850736726396	0.7679917282121967	0.7672566044748647	0.7814867230338604	0.7602845695046448	0.7431551398925147	0.7770150566979249	0.7601285919197445	0.733532864092728	0.7860050014068467	0.32832418953074605	0.7555290456887306	0.29614161338814776	0.32440731696396785	0.23464206891300185	0.2690338679413638	0.23631277013715563	0.2769890343975485	0.31244345253200917	0.7668410077010396	0.7878631158562108	0.7729072343394566	0.7824115381089544	0.7435003716285191	0.7730609357272925	0.7803770504855103	0.35397925152359094	0.7743420238869011	0.3728578400591144	0.3831815267322794	0.6197436721675208	0.5937024229871253	0.796015352684102	0.7645926963475355	0.7733873964982554	0.7678196535912108	0.7825785959603538	0.7629188327024639	0.7933245894959438	0.42314714043508056	0.7928442777638594	0.7517329354821954	0.7406474365268727	0.6123881453546177	0.6166911041701945	0.7726887492757416	0.766605825802644	0.7834536091693072	0.778224315417712	0.2924108667576354	0.2609951752466004	0.271056365858829	0.7575449531859827	0.27660680205511845	0.34312387468338656	0.2042504009864236	0.0	0.2901556645087262	0.7626861298746077	0.7617421531549927	0.7801759910072059	0.7540847096787562	0.7770487701276659	0.7736242786297728	0.7673608258433744	0.7521426373213638	0.7800164768616059	0.27624054036294826	0.24983319142474597	0.2688182958554867	0.20427679429916096	0.2535830276721646	0.23758114488581245	0.24587509993817236	0.811372973889342	0.2655096227328083	0.7708758746114529	0.3930416208813217	0.3993416796319636	0.36400591969058405	0.7420773621772953	0.7801507310377751	0.970484223575724	0.7941389927842127	0.5961183731729425	0.6032315028129542	0.6294828662493666	0.7673774946325185	0.6405542151630276
SRR26147399	0.44201167288964305	0.6554637616708758	0.6494217454019123	0.6773975003746487	0.6397202898601293	0.6343437937182466	0.6624060170697935	0.6393375994917259	0.609966999127929	0.6729923863246292	0.30675145728604175	0.6378879361656955	0.37182780661871084	0.40264195835612415	0.3154635496088166	0.3231326257470041	0.3399747937400878	0.36998877885458187	0.37291123219978584	0.6441453992852284	0.6786065190826246	0.6606909174952721	0.6693546027695987	0.6257086752014869	0.6575869719350123	0.6695272156889095	0.4118478756585938	0.6507788758134613	0.4310505635186351	0.47772322058734257	0.683779370206062	0.6474559291843569	0.6877865429918432	0.6504178270991948	0.6577711252964055	0.6517965469215243	0.6688719073246862	0.6422630828798079	0.6853843368512742	0.4300906400886368	0.6811286061813364	0.6354461849570373	0.6210343948794133	0.6539605051586045	0.6255781218602625	0.653060792041223	0.6454146098841043	0.6681201680102696	0.6651192772611902	0.30360212984958557	0.3228148965892897	0.3401933155489819	0.6358743736108713	0.24396567824910886	0.31014449087645285	0.30623319343807065	0.2901556645087262	0.0	0.6539092098595617	0.6500945369283124	0.6663976848216346	0.6305636038668533	0.6636466633917528	0.6703607948766923	0.6436662288818324	0.6359891235176637	0.692710849403943	0.2880124519765828	0.3171649396089417	0.3140639125204484	0.31404312049139965	0.28214598610753416	0.29752120730959	0.35061296983748463	0.7135529832731923	0.28589639658676136	0.6501123117183938	0.47534225484454656	0.4483851301193372	0.43619794568257686	0.6308391084658089	0.6609438606634396	0.9419381337107516	0.6828130197007231	0.6654384960125092	0.6771483088233519	0.6536839727542334	0.6496961768779047	0.6837698553589318
SRR26147400	0.9161136607754129	0.1503133158825965	0.17334494144328028	0.20569714997037497	0.18847324153659809	0.2147995686841328	0.2139918022837795	0.2328210984893473	0.19566281814200087	0.17865881184283144	0.8364409685840581	0.21824331893098733	0.8585879979933324	0.8322170129244948	0.8241606186194056	0.836210009881547	0.8339777273732689	0.8550676102261485	0.8549176110330765	0.18142372155123543	0.17053588240492334	0.17602266317656956	0.18272884822454805	0.23856268228772914	0.1820563661113947	0.21136331599692834	0.8945021492123628	0.18104207714027976	0.9059306827274981	0.9141187549887588	0.9590175367440673	0.95590094918874	0.190786133355258	0.2382624511403711	0.15928983636840854	0.1796907843200674	0.20762441998704934	0.18163083580071074	0.17638621368107904	0.907531535568582	0.2358004307004996	0.24098595759068625	0.18871054465802653	0.9681499761819455	0.9582132721452069	0.24661530839448215	0.2554253582982487	0.19365944396548845	0.15330793499710904	0.7776550747656615	0.7763222976243361	0.8186403812854693	0.18764195634142875	0.722337485528301	0.7982462719228347	0.7905738394347115	0.7626861298746077	0.6539092098595617	0.0	0.15133477131448225	0.1660693425422008	0.19881182137425032	0.21015933838630393	0.24235197908696007	0.2344122187015223	0.1748798581505305	0.17168202218634881	0.7750234341695911	0.7749742375725621	0.7747405837296204	0.7692028243939867	0.7622334659530691	0.7797416456972404	0.825993277093288	0.2885388831729048	0.7892486201202634	0.15772817969040104	0.9045431741260451	0.8918530146731796	0.9148386023170283	0.2340798869967801	0.14266581418510899	0.9487078106860428	0.15880432165307073	0.9475440720430739	0.9624387532585416	0.9644036380929897	0.16188162559154262	0.9699267759198628
SRR26147401	0.914823393656394	0.1716313029022541	0.12904527013909026	0.16938952256322015	0.19635789944134324	0.20538809055089988	0.22987356504014178	0.19696009482923377	0.19149541128109934	0.17282580611483428	0.8346163552469889	0.18743366864409086	0.8557691044650706	0.8340453509919785	0.8229752054684039	0.8344710332478289	0.834613715220235	0.853669442785051	0.8519752221296867	0.1924118642044132	0.15903500758555347	0.16189575039780094	0.17721725846108077	0.2511996455180239	0.17738136960535375	0.17773427165054737	0.8873885966335745	0.16827929529614558	0.9000836640374085	0.9093226143341331	0.9515926804754721	0.952311542874134	0.16298572990505183	0.1914333743156536	0.1523335482675342	0.199800839125594	0.1894888280847668	0.16823048584874245	0.18056244933017748	0.9035245678910302	0.23401334512477265	0.2514667140482322	0.175591807580637	0.9599467697987258	0.9575634628333446	0.2168609175083828	0.22023788769066246	0.18704121364891677	0.16508790736849296	0.7832904775859069	0.7702253364661553	0.8074569079392552	0.18437855796690056	0.71761934400188	0.7947231561373667	0.7900014142713727	0.7617421531549927	0.6500945369283124	0.15133477131448225	0.0	0.1925910893039166	0.19614366435497094	0.1639581831807779	0.22293568110527837	0.20016239945167696	0.1557382361297701	0.16812536231821604	0.7739078657438614	0.7681562331955383	0.7743967125834375	0.7633314087775961	0.7609315157309371	0.7752906542668782	0.8198234721687837	0.24479918948204119	0.787026392750052	0.1694631918661486	0.8993109195485587	0.8890830615322481	0.909240693777515	0.19786705501845778	0.16440367518181223	0.9574169354380759	0.17085393646188712	0.9448639808292687	0.9605234255831185	0.9656164511625919	0.2005721121805993	0.9690307008223007
SRR26147402	0.9274207563781481	0.16878275692692873	0.21519516910502948	0.25349258822496656	0.19549033601590243	0.22240429263403005	0.2391348663445476	0.2526665662067587	0.2349953457173877	0.2165993539303329	0.8371280768629281	0.25535264081240794	0.8657590603671038	0.8455351101111009	0.8387326696314376	0.8509409571606789	0.8515331453275179	0.8691203868355913	0.8645808746838823	0.21139046076432505	0.20282544454281998	0.17981543314555412	0.21211188608780274	0.2651076378808977	0.22183395007183385	0.24830001270688182	0.9064685271728877	0.23245572222409605	0.9137703192990674	0.9201696659697824	0.9690516327127796	0.9615612897174388	0.23194795238291005	0.27822037488973966	0.20359765864721682	0.18050981486652487	0.23703805049392182	0.23211941145754247	0.20587042319471838	0.911596406442961	0.2425771884424206	0.25680883249801933	0.23851095497776217	0.971690138432169	0.9676836758447009	0.2860724189185941	0.28628823240554524	0.21605503176023952	0.18547082153680228	0.7886322244890235	0.7815094968669329	0.8152518321986834	0.2231106852958665	0.7317719023304243	0.8098559211991107	0.805543938189448	0.7801759910072059	0.6663976848216346	0.1660693425422008	0.1925910893039166	0.0	0.20932507110146178	0.2597707693346044	0.27258607619119984	0.25273190509375304	0.209594957919743	0.19885365511844566	0.7837817054534671	0.7776382124935073	0.7776230781887181	0.7760131294742201	0.7728579236221977	0.786339068245062	0.8349840117383609	0.33395800720312374	0.789774924954622	0.20652168047170927	0.9120089397926083	0.9044451902856685	0.9278432404781669	0.2766820782841445	0.17947944584388764	0.9496931225132723	0.20972914275144258	0.9576798062449434	0.9716523869335114	0.9726727059956629	0.19829103050592126	0.9700880257357868
SRR26147403	0.9014234782542662	0.18505443980920008	0.20749578224152468	0.2637221612271158	0.1581055834071341	0.16979409446849514	0.24173260982141886	0.1803886056456013	0.19367425466438376	0.18255158275630307	0.8169046219547419	0.19352945915430939	0.85062504153811	0.8214020828304303	0.8129829168531643	0.832280815146114	0.8218869004286697	0.8465495141151566	0.8449969253171208	0.19348753407623784	0.23441431658798276	0.16161049898976945	0.18932859054240203	0.19626517483955527	0.196287115621664	0.23118944995984675	0.8821854444341308	0.19429507100195956	0.8908026962216777	0.9035609425726182	0.9554333663940998	0.9473962752322342	0.273237823719135	0.2460998074813687	0.18705850542020627	0.16711507837815165	0.20591538330795078	0.18197461998473063	0.23755761625099392	0.8937639268854387	0.25499258866158225	0.18494750223089207	0.19992635982432896	0.9639618697405753	0.9524949582662268	0.23085763554605757	0.24837069022260191	0.1928897619388633	0.19055315523341373	0.762604193175259	0.7657541815163806	0.8081078357630105	0.17445044514550315	0.711213819874892	0.78842979734152	0.785395123007074	0.7540847096787562	0.6305636038668533	0.19881182137425032	0.19614366435497094	0.20932507110146178	0.0	0.23490390751987897	0.26545428812103783	0.21320322867038924	0.17431980709748007	0.2487095636721579	0.7517183215045773	0.7507237546860184	0.7477768988703989	0.7575587432900426	0.7465745555525743	0.7575577512133012	0.8127705461193743	0.32448614011927807	0.7622679571544595	0.187092855275897	0.8921135470968404	0.8858754552272349	0.9028219519800731	0.22186270369369512	0.2073929471844932	0.9514126140821565	0.2217819389078214	0.9425104198866289	0.9600274851973645	0.9571969408670368	0.18617890342877222	0.9625540529067984
SRR26147404	0.9278357859470807	0.24274284168148255	0.19066128784728487	0.17885826543238217	0.2414464303361502	0.20901496221673524	0.21271526602231086	0.22064728226947336	0.23948691509745962	0.20446688288171802	0.8498633137794799	0.2051991882894886	0.8727073502607493	0.8461048577626159	0.8422221703874558	0.8585531794527863	0.8498681819770475	0.8710984090356928	0.8696679624396837	0.2529087211181313	0.21297730566866324	0.19873395004890712	0.21594578244529092	0.24580957150326077	0.1768932570029889	0.1914870189834773	0.9079484637103776	0.17023180142192962	0.9149281949019371	0.9257853176592591	0.9709771513272258	0.9680078186485518	0.21109214452592306	0.1849113491007951	0.18467092495045137	0.2435926715927969	0.17362613378972602	0.19308773435886392	0.19374213666044643	0.9211554017995082	0.19630918680932313	0.2597266944176713	0.21843053338710122	0.9742544906345595	0.9705351077314633	0.2026852434591089	0.21813592795229722	0.2053221258604604	0.2305799977081435	0.7960674269868239	0.7780486850061622	0.8237674354722295	0.19774210223331737	0.7327860468031193	0.8050005492582691	0.8044948444031724	0.7770487701276659	0.6636466633917528	0.21015933838630393	0.1639581831807779	0.2597707693346044	0.23490390751987897	0.0	0.1747270849250811	0.1983853857180831	0.1983105366339717	0.19729036251283744	0.7921472684599394	0.7880707731868144	0.7933102896300458	0.785050894850024	0.7783909387418506	0.7882051244886066	0.8380401713855765	0.2088425128808957	0.8053413936376483	0.24061388666472516	0.9163608232822208	0.9076299941063506	0.9260013579669548	0.20683254408545604	0.21462982726037486	0.9477280870906251	0.22090327165748075	0.9604395951766097	0.9735794023556523	0.9784265814564088	0.2654745110304765	0.9791714609872241
SRR26147405	0.9327742406149123	0.28948797946244825	0.2284923023748491	0.22145468985142683	0.28265634016408897	0.22251144923187263	0.27450401328950175	0.26176672601329287	0.28889457667845164	0.23914484824986962	0.8520887496175461	0.22957722520448612	0.8728705276143118	0.8497958343812748	0.8383975598810767	0.8602941286785796	0.8513591914818673	0.8734748764357213	0.87359192684346	0.30697700379841525	0.24517760926469057	0.21724689240974773	0.2528706785510055	0.26180617319761224	0.24605957127098155	0.18654093760939516	0.9130334925498009	0.22278423098603298	0.9195303676216948	0.9306052987034963	0.9728640487541573	0.9724226514366379	0.20707857653967282	0.23067348040938754	0.24161981831118992	0.26754892990848467	0.16496284463419422	0.2510645014411349	0.20318197872496713	0.9240221309752594	0.19748269183788478	0.28134285350290145	0.29299649502669795	0.9761413880614912	0.9751078519996801	0.24857101170905968	0.2345467902093358	0.23855881241519045	0.2592100912680127	0.7985894965898178	0.78987965444743	0.8148398762828678	0.22184060418458643	0.7305717167868383	0.8053257521919674	0.7956822575601964	0.7736242786297728	0.6703607948766923	0.24235197908696007	0.22293568110527837	0.27258607619119984	0.26545428812103783	0.1747270849250811	0.0	0.21435185481072927	0.24761847688832225	0.2083990371908845	0.7936774617045907	0.7961126605990431	0.7974403298515286	0.7756296486317226	0.7805239941108573	0.7838824007020881	0.831840909302028	0.2176959846800234	0.8157107105704059	0.2865277604861602	0.920105519966421	0.9128114198077989	0.9265585326560836	0.23222030976771008	0.2509654491582172	0.9412242840111268	0.23803809278167537	0.9653625677451452	0.9785831460497415	0.9803374017402812	0.30702158777372257	0.9812284446129694
SRR26147406	0.9049459180697454	0.22298416245066588	0.20245672900807282	0.24602446598139088	0.1978131389551223	0.18744091357469042	0.2520461736503489	0.15098860856949567	0.19935957120440112	0.19191498578251928	0.8308198336199282	0.1412027282768834	0.8596774913530293	0.8355878984575112	0.8215599223368854	0.8385770261661377	0.829110516909911	0.854874411927154	0.8529060225450397	0.22872938493944764	0.23448224730163644	0.1848129215161608	0.20148304866996722	0.20802352988579703	0.21944252435547298	0.18443817637963023	0.8862618657078148	0.18105901159159898	0.8953464388864641	0.9062019159652123	0.9583446820715104	0.9500841785675195	0.2340919624812194	0.1904284729026352	0.19048574946013294	0.21755761786898165	0.17856856409723976	0.1673699143778004	0.2365684546681539	0.90010557126062	0.2398110022298503	0.21397680242681746	0.23670555073085736	0.960708460818227	0.9536453388290012	0.17827565867437012	0.16359476563720973	0.20092405815964454	0.2200780496565129	0.7676599235410114	0.7758101862522133	0.8141048273952564	0.17318945973297825	0.7113588215486095	0.7975376049034169	0.793231217202369	0.7673608258433744	0.6436662288818324	0.2344122187015223	0.20016239945167696	0.25273190509375304	0.21320322867038924	0.1983853857180831	0.21435185481072927	0.0	0.18182567721969267	0.2578737976865027	0.7650800095012927	0.7648176932942233	0.7629116872353581	0.758999697272683	0.7513021065771546	0.7672204188453441	0.8279431054510882	0.2708214069674463	0.7764199889300272	0.20562771218137832	0.894412355252897	0.889376420160133	0.9036441847357614	0.14666047812921357	0.2151519313721813	0.9592676161855491	0.24202051325277768	0.945593072607153	0.9595956291302072	0.9608882146722205	0.22012521875724358	0.9620539874420297
SRR26147407	0.9006828316926015	0.17296678520207506	0.16284383706154848	0.19811771604416567	0.17489088447700837	0.18406407288816745	0.20937480685091203	0.17907876692467753	0.15628345011370856	0.1652728604964061	0.8183103401728455	0.1681373096270685	0.851138344575863	0.8211952364640399	0.8118577338424746	0.8268889805644606	0.8173479749243735	0.8396851586104537	0.8435495292500081	0.17770089660813243	0.19030063391351712	0.1609837992884768	0.1425068306732963	0.21959882454470012	0.18003288772986428	0.19349828951171189	0.8791152272786442	0.16227874774138046	0.8889322811851204	0.8994929980187913	0.9538670220894693	0.9466571960645448	0.2288905751209589	0.20925528211331626	0.14965969424255354	0.17747552050557167	0.21455620707029122	0.13668627673536324	0.20014872292888677	0.8896849935434912	0.2350005567254393	0.21839522511445317	0.1824588323335358	0.9611672153290008	0.9491254305527325	0.1967547785077427	0.210119959668873	0.17130898369503872	0.16108735092516094	0.7594031942770149	0.7633691914670586	0.7998026669957203	0.1594884849357374	0.7038538884628988	0.7880403062121616	0.7794969400952483	0.7521426373213638	0.6359891235176637	0.1748798581505305	0.1557382361297701	0.209594957919743	0.17431980709748007	0.1983105366339717	0.24761847688832225	0.18182567721969267	0.0	0.20821150375771166	0.7548302167133608	0.7509901567317079	0.7467963119149257	0.749766210753448	0.7395325761027293	0.751517552848241	0.8086251435657731	0.27903304373379995	0.7574610265247603	0.17864468264701888	0.8860372564470572	0.8798685065547608	0.9025663447119711	0.19269723607237405	0.16739679724013948	0.9474895408256954	0.20019741254783827	0.9408191911050209	0.9554198256515857	0.9584054805011575	0.1848733415287214	0.9624255548076921
SRR26147408	0.9387763737626776	0.20668071436078428	0.1927732646473497	0.1853136503814074	0.2502781712547925	0.26158637666600215	0.2641199789081425	0.2665771382337875	0.2612590891239867	0.22030288512968052	0.8621483457998579	0.24448341494137887	0.8779397489511254	0.8587656555626162	0.854815490007097	0.8709200567519604	0.8639490007907361	0.8860704196467648	0.8806285002766043	0.2576943931956385	0.16697612460271796	0.19868370279957606	0.21331039462399515	0.3010259361908578	0.20235321518584756	0.1977901543537215	0.9201263424225347	0.21779566006070303	0.9263923168551957	0.9334557783821423	0.9696753355875851	0.9716645333789867	0.16603503233979994	0.23210003595957293	0.21517591963407215	0.23733621482845793	0.2113233307178169	0.21996250647919643	0.1520397679085776	0.9324941581548198	0.2325541152095777	0.30634465905458375	0.24253700046445034	0.9696353365104154	0.9772707306255771	0.28541073353506125	0.2919354367757027	0.21455946015921415	0.19606798304870987	0.8100270216264979	0.800817901703732	0.8236591336926388	0.231692664458913	0.7525607147644922	0.8241214855420289	0.804447291366818	0.7800164768616059	0.692710849403943	0.17168202218634881	0.16812536231821604	0.19885365511844566	0.2487095636721579	0.19729036251283744	0.2083990371908845	0.2578737976865027	0.20821150375771166	0.0	0.8051615669786965	0.8024475775867133	0.8046798900318386	0.786116545422611	0.7965358471268738	0.7990369035350113	0.8423903843665778	0.2409949390310906	0.8208517467365501	0.22642347727237255	0.9192947399212603	0.9127062777172195	0.9326265494636136	0.2643094296447634	0.17975258467770475	0.9464493606980001	0.17227533654474675	0.9671065045867979	0.9765871669209087	0.9842445166491213	0.23520890661846525	0.9836437464408146
SRR26147409	0.40700722969605885	0.7732054039588379	0.7754845942320767	0.8028519873417027	0.7566955111784847	0.7482951348603509	0.7789278869560101	0.7624759538959245	0.7318308098230614	0.7877295749903213	0.2599064400497743	0.7619253915852997	0.33990303266237837	0.3505519860293467	0.2797363815562811	0.2932125235197949	0.28692841410410447	0.33578944359012824	0.31260670180890826	0.7666216844661172	0.8022112003729109	0.77122707840517	0.7813527235717055	0.7467544262207817	0.776872446101557	0.7902832510616921	0.3909826823609145	0.7712610487189862	0.3999936624633103	0.42854975869513706	0.658095896418291	0.6256222811069609	0.8054346952550362	0.7760237301984494	0.7743697952837537	0.7683941650354184	0.7889044768220786	0.7622068883275217	0.8114785254774288	0.3869602664516407	0.7958164940739167	0.7495732668441272	0.7500072964470152	0.5858614871270165	0.5965190471881925	0.7718471477688273	0.766005531395069	0.7834782889494981	0.7804183702615208	0.19257867211701116	0.3014853291064237	0.2521396704089885	0.7529474528114201	0.2945361840797895	0.31420283186888653	0.2783114925281773	0.27624054036294826	0.2880124519765828	0.7750234341695911	0.7739078657438614	0.7837817054534671	0.7517183215045773	0.7921472684599394	0.7936774617045907	0.7650800095012927	0.7548302167133608	0.8051615669786965	0.0	0.26350089833656515	0.26632399168691284	0.26913827290287035	0.2640034575555636	0.2826468833143714	0.2941437805887679	0.8319536305660263	0.22094878551282576	0.771430035977008	0.44299999867034706	0.3577298770612702	0.3211488520817132	0.7515279109023455	0.7807055977558848	0.9769550553091275	0.8024357755373103	0.6244931694842228	0.6366376217590113	0.6000801780737263	0.7650579648712917	0.6476854865040038
SRR26147410	0.4149221286697357	0.772446987194634	0.7721758819912437	0.8006151529928185	0.7479122941747495	0.7462287055069905	0.7758730530776451	0.7586876685338533	0.7282659623882679	0.7885866467703546	0.28713021573398656	0.7606014482596529	0.28187056505248764	0.2828572653807239	0.2732018996443616	0.2731222259129955	0.28611650913412695	0.2852187979276698	0.2908442533296618	0.7653230308363678	0.7923823111001203	0.7728023312452584	0.7831175949107263	0.7430608059943999	0.7778714716523127	0.7880588117921172	0.37377473684746637	0.768981384553715	0.3846553894598261	0.3652215595050056	0.6277903851063255	0.5924093148105787	0.8079634534051477	0.7782342323672266	0.7761504816846514	0.7623345598212667	0.7921565932362529	0.761275757020926	0.8119633205391951	0.3908246379921812	0.801152517476657	0.7452337483357121	0.7463397444677222	0.6405776541307773	0.6010309876338839	0.7741511057209981	0.7639219144192655	0.7837340143380167	0.7831646121206097	0.27231427049159035	0.22595200740272567	0.3342794823436966	0.7488655451543554	0.35088745121688586	0.3917303126470363	0.2944829545742652	0.24983319142474597	0.3171649396089417	0.7749742375725621	0.7681562331955383	0.7776382124935073	0.7507237546860184	0.7880707731868144	0.7961126605990431	0.7648176932942233	0.7509901567317079	0.8024475775867133	0.26350089833656515	0.0	0.191989677431284	0.2759537067202157	0.25251180238715476	0.25241890848172943	0.271947882029144	0.8377645218191012	0.21679970391557282	0.7719236060676405	0.37270291476306805	0.3959734183220575	0.4139660349845897	0.7567462648997638	0.7796067474918456	0.9894961574363811	0.810372007016814	0.6062580086877777	0.5864573499765837	0.6316891358510333	0.7639073478950944	0.6165406538058817
SRR26147411	0.4101343627695888	0.7662014605185228	0.774104392762637	0.8049823772560917	0.7456159631173809	0.7400503542038019	0.7706916977066597	0.7535232343673008	0.7240926255371551	0.7741582440801454	0.2950665392287777	0.7578505855662552	0.29343136587309276	0.2747963715962347	0.2880835990410302	0.2760887456484738	0.293504971842364	0.2889419638411693	0.312344190707697	0.7519362434180135	0.7981657383932214	0.7702629327148495	0.7765492119558199	0.7313248492450896	0.7754064479372834	0.7917915726969575	0.36505648715011474	0.7691176046401953	0.3612574188762247	0.3807510294395142	0.6007493390001	0.5529902310575742	0.8142597112964659	0.7803083216398858	0.7693444386773374	0.7537547408769055	0.7877777197950344	0.7577726507881268	0.8110480795351175	0.38587094246512504	0.7951650954584725	0.7350331018893612	0.7475644364710025	0.6090941598021193	0.5697608682796844	0.7600191476752856	0.7581782455095633	0.7815346720409404	0.7727885147152518	0.2669138119049497	0.2701057783846772	0.3280502440584204	0.743042270347943	0.32527440966106874	0.36459309843662835	0.26974451631939234	0.2688182958554867	0.3140639125204484	0.7747405837296204	0.7743967125834375	0.7776230781887181	0.7477768988703989	0.7933102896300458	0.7974403298515286	0.7629116872353581	0.7467963119149257	0.8046798900318386	0.26632399168691284	0.191989677431284	0.0	0.25715031767100044	0.23559456823329394	0.2473596375445201	0.26038243027859576	0.8396198785487676	0.2220238016550997	0.7630654958066865	0.3920795163348386	0.37375132523670396	0.40244784610701884	0.7521697478066582	0.7825604565606517	0.9509168497281216	0.8036130647054698	0.581659578370305	0.5966018417584018	0.6151481357524253	0.7534611001055154	0.6174863576238503
SRR26147412	0.429797747847866	0.7709873037998528	0.7674645118840016	0.7952300866776904	0.7516581026002493	0.7441347888216854	0.7788391116678611	0.7575545747544257	0.7353494171144048	0.7857330667410968	0.33317016697160706	0.7517778206242504	0.3235958561315221	0.34612071000400546	0.2522015269085571	0.2798326033901204	0.3042003919933916	0.3362024591954075	0.3270443408531681	0.7729187482696908	0.785128778327056	0.7673898466536379	0.7806224900499856	0.7410080155762603	0.7799786401891111	0.7747072310510283	0.36738250181173343	0.7738345345282391	0.4010487063211601	0.4319759590583453	0.6279124807623512	0.6065547165164653	0.794752020556597	0.7654291480518192	0.7754887585935852	0.7683847999757946	0.7809391445327195	0.7590228431061308	0.8027964961241264	0.4258859145441127	0.7894612961824957	0.7491483690729962	0.752429055285084	0.6309744878421937	0.6249752944950812	0.7697127428691399	0.7603838393977993	0.7777882378685343	0.7762617616761559	0.2812847909643035	0.2825210028847895	0.2748029324365427	0.7513624983861212	0.2672368943592294	0.3121764945382023	0.21997356277004507	0.20427679429916096	0.31404312049139965	0.7692028243939867	0.7633314087775961	0.7760131294742201	0.7575587432900426	0.785050894850024	0.7756296486317226	0.758999697272683	0.749766210753448	0.786116545422611	0.26913827290287035	0.2759537067202157	0.25715031767100044	0.0	0.22763271329995113	0.25038535701939013	0.2460403052934248	0.8080894154819797	0.2633287824594306	0.7770301925112639	0.44309058819227265	0.43037465124046215	0.37701751235585684	0.735599991906198	0.7815470531807394	0.9615442880975806	0.7930671332915747	0.6078993529764405	0.629933224422255	0.6527368243024623	0.7768963730842907	0.6525207972266114
SRR26147413	0.4197110787104717	0.7636521010422936	0.7600735748969147	0.7960443976482207	0.7354554669064973	0.7371566550653624	0.7652646701305317	0.7490593503448264	0.7204675105153999	0.7725811043342438	0.2867831261336762	0.7455493280187486	0.31397141832327413	0.3668235895033742	0.2637595301939208	0.24767578957836228	0.29895667825530603	0.3397062529362377	0.32971178151381564	0.7527550208243099	0.7908621574702629	0.7615703609752916	0.7739410975550302	0.7312638657939845	0.7725318578929714	0.7763829244597499	0.3415899394389981	0.7616190679090163	0.36861257663067626	0.44314129366232907	0.6491319975233374	0.6077825843856421	0.7961551099643758	0.7632121304079531	0.763562712562701	0.7566358744832412	0.7812403129708699	0.7463390581695679	0.8044496194703662	0.4141670870793891	0.7852089318889898	0.733410419443011	0.7444484158290772	0.6459659217321841	0.6042594196526572	0.758477231631685	0.7445692981364748	0.7674292042218586	0.7670891547362979	0.2648294357177921	0.3034354897490487	0.334553631638441	0.7408293123819221	0.2419798836519601	0.2722372637080729	0.25351519564252606	0.2535830276721646	0.28214598610753416	0.7622334659530691	0.7609315157309371	0.7728579236221977	0.7465745555525743	0.7783909387418506	0.7805239941108573	0.7513021065771546	0.7395325761027293	0.7965358471268738	0.2640034575555636	0.25251180238715476	0.23559456823329394	0.22763271329995113	0.0	0.2517958250641614	0.29623586596113255	0.8243356652831437	0.23112505398942645	0.7639082183344076	0.44527372241360713	0.43735368917080025	0.41016387078084443	0.736851810620773	0.7754238721454769	0.9345134147880823	0.7945926959195604	0.6410355476100639	0.6438264253462964	0.6547362266228212	0.7547375107834313	0.6592216931580676
SRR26147414	0.41712436776825895	0.7706816457423418	0.7775533704598739	0.8016058842603604	0.7587898296463131	0.7485108620929752	0.7796005624778507	0.76400461512051	0.7328045823307772	0.7882337971177692	0.3148787362231158	0.7537336705467372	0.3104080585291423	0.33327409750083065	0.24843072766008634	0.29991389152003745	0.24060725717699685	0.3015330296934666	0.32432415336346704	0.7715490479012453	0.7916204974905674	0.777917931828369	0.7807755897656978	0.7438728784657953	0.7819251615768694	0.7849002103015692	0.3880767103127808	0.7727511714481115	0.36575838906428837	0.3906038670634716	0.6409745907416227	0.6069996939200717	0.8100538604653149	0.7718526707816478	0.7740210255240947	0.7704427776550796	0.781534305154553	0.7629479263106195	0.8092135773454583	0.41391305683701496	0.7935894420702426	0.7506717007094031	0.753204994236711	0.6227960084397958	0.5963304398607118	0.7732845957375274	0.7639522016336806	0.7850022809934496	0.7784638619288707	0.27177640325772173	0.2890277348981012	0.28863531595471026	0.7569456313020415	0.2962877668904395	0.3625383688763071	0.24318497801023256	0.23758114488581245	0.29752120730959	0.7797416456972404	0.7752906542668782	0.786339068245062	0.7575577512133012	0.7882051244886066	0.7838824007020881	0.7672204188453441	0.751517552848241	0.7990369035350113	0.2826468833143714	0.25241890848172943	0.2473596375445201	0.25038535701939013	0.2517958250641614	0.0	0.22701522646916755	0.8243304500238328	0.2580716913974592	0.7767773887901547	0.4123030552613324	0.39725083410481876	0.38113416420034146	0.7425025423137769	0.7854184491298448	0.9682259352517731	0.8038873840253551	0.6045201117705352	0.6210306345360432	0.6358975494951878	0.7720375677329586	0.6416054179617248
SRR26147415	0.35082033371863053	0.8305367081521103	0.8273795769484592	0.8449392885430966	0.820427063100929	0.8048264674489037	0.8315441429747733	0.823696132853604	0.7929333949958594	0.8475165815802675	0.32161619774808314	0.8180329035142301	0.253893749250018	0.2603287157460992	0.26593049533948604	0.26569829523494165	0.25785452829497046	0.24914281633620897	0.2790560881162463	0.8260123334617713	0.8437678559698027	0.8266400986162594	0.839403495135549	0.8071388956295681	0.8284447925704921	0.8422304482165708	0.3110883126462514	0.8322747894941201	0.3445494114561782	0.3208338902271029	0.5390996140329474	0.520092868978696	0.842393168530911	0.8239124098807733	0.8347159265027033	0.8317171745032281	0.8346918388711212	0.8244876821065602	0.8570583000741842	0.35740438519214157	0.8534682967070532	0.8157169676469403	0.7976145410764887	0.5476227804020701	0.5389004261663292	0.8297730574428288	0.8254743188468808	0.8408745323764919	0.8399193329241293	0.31929196460039	0.27482973678110256	0.3026060269248628	0.8139373463038446	0.3687321831917398	0.3826160390273568	0.2755348263361319	0.24587509993817236	0.35061296983748463	0.825993277093288	0.8198234721687837	0.8349840117383609	0.8127705461193743	0.8380401713855765	0.831840909302028	0.8279431054510882	0.8086251435657731	0.8423903843665778	0.2941437805887679	0.271947882029144	0.26038243027859576	0.2460403052934248	0.29623586596113255	0.22701522646916755	0.0	0.8537620797995992	0.2746263929589338	0.831794336721818	0.35206317483050686	0.33831576627179716	0.3266750708475048	0.8028964952664108	0.8406833565287263	0.9671551372692391	0.8479360933061103	0.5050684460634972	0.5356038109198429	0.5566728546762769	0.828448759442367	0.5600596172988417
SRR26147416	0.9437517689204784	0.31656804620349877	0.24836332646814974	0.2178540287757759	0.31801432806548424	0.3072457813264041	0.29677781416190047	0.29431962605636036	0.3242041759396035	0.28334133419954155	0.8832625732567725	0.2572308218286482	0.9009966781830246	0.8788950354067304	0.8763311988278213	0.8873856515729103	0.8813150662486399	0.8986400759594628	0.8962044202376718	0.33885068593532874	0.2622692773565478	0.2755290268495821	0.28468119351751225	0.34621982812743446	0.25186467686662245	0.2391066077498242	0.9235910069519465	0.259453780488843	0.9332311963578103	0.9438893462029914	0.972711939697088	0.9750442385982976	0.20762379252722338	0.21531897851096976	0.269186132916438	0.324003848906958	0.23609615872919967	0.27568508900608074	0.24454979011622616	0.9405949971178472	0.2767296525057657	0.35575492078027493	0.29383453566884415	0.9780947189442354	0.9775617883662324	0.279113593505531	0.2997739124403591	0.2834689642106949	0.30556386033122873	0.8403981027907625	0.8283906981369106	0.8421847319452681	0.2958254255934044	0.7742963245441595	0.83917480028399	0.8347070155242388	0.811372973889342	0.7135529832731923	0.2885388831729048	0.24479918948204119	0.33395800720312374	0.32448614011927807	0.2088425128808957	0.2176959846800234	0.2708214069674463	0.27903304373379995	0.2409949390310906	0.8319536305660263	0.8377645218191012	0.8396198785487676	0.8080894154819797	0.8243356652831437	0.8243304500238328	0.8537620797995992	0.0	0.846309467377352	0.317923965437583	0.933433224469035	0.9243971284978745	0.9381870940739108	0.26535186290820184	0.28187170330405653	0.935517234779624	0.26622783274182854	0.9673437069524691	0.9824919380745409	0.9862246318108003	0.34197044457010384	0.9860006587336493
SRR26147417	0.3450257854692582	0.7787127475311011	0.7867711193010506	0.8156886216462047	0.7562490561007382	0.7612790899798187	0.7872253174534253	0.7669024389588862	0.7366862022680295	0.7956533544461373	0.23283650855600843	0.7744968034605582	0.3104862660474769	0.3181126773771069	0.24127251812106484	0.2456420268737109	0.27982750975211734	0.29386011040155924	0.24569035622042978	0.7677064926454911	0.8072503481981937	0.7818644245079958	0.7890021754405728	0.750114203737399	0.7917493621870156	0.8054030176684043	0.344953934327807	0.783030812383406	0.3603553028900563	0.38095097491315943	0.6335234549593475	0.5844753057649097	0.8236413542371692	0.7880959511750207	0.784000919179532	0.7705136069965716	0.8027620881559497	0.7721297414850227	0.8218303181428297	0.3452577071580797	0.813040817575279	0.7551531707281391	0.756791557672846	0.6224861999386536	0.5601113107590753	0.7769859177333567	0.7775326288172402	0.7962025717172829	0.7893061318008401	0.24043469731134903	0.2862574786798868	0.320368842376865	0.7622802150202409	0.3119488155174159	0.3376023340218043	0.2787753742199627	0.2655096227328083	0.28589639658676136	0.7892486201202634	0.787026392750052	0.789774924954622	0.7622679571544595	0.8053413936376483	0.8157107105704059	0.7764199889300272	0.7574610265247603	0.8208517467365501	0.22094878551282576	0.21679970391557282	0.2220238016550997	0.2633287824594306	0.23112505398942645	0.2580716913974592	0.2746263929589338	0.846309467377352	0.0	0.7745599744898058	0.38929851594400317	0.38890936451989255	0.3536420308810241	0.7655817031519284	0.7921213357182626	0.9695732774146678	0.817222929296294	0.6094741275067189	0.6044049228365362	0.597379963546029	0.7635455663849937	0.618261870501509
SRR26147418	0.907601749972225	0.14666751607015147	0.1865045799549909	0.2403466882051371	0.16907079007191575	0.20744949323582962	0.2378440714996414	0.1814831414679303	0.18596769946808572	0.1652576516541175	0.8280615501300524	0.20661828940560567	0.8642326494894738	0.8355702121147083	0.8275774190966289	0.8391884947652827	0.8349105265401131	0.8533899826229884	0.8517402051645927	0.1523071337366457	0.1781458437126021	0.18410030044765724	0.1814525785237498	0.21440050129466248	0.17839466672113358	0.24310147746540184	0.8875661561060707	0.19858653529141676	0.8994564294464851	0.9071713787826948	0.9616207538722018	0.9526585919839148	0.2284683862747969	0.23081648769330368	0.16685192995097	0.17708921573234576	0.2345957606809583	0.18113967748689372	0.20578517709408017	0.8992556979292937	0.288176828549951	0.20672370055658096	0.1768843228098718	0.9668555096745877	0.953926829093631	0.2039916009114256	0.2479889419003193	0.21661200117227278	0.1558774778424639	0.7691960755011369	0.7841722878266211	0.8203950364064555	0.19851594864021327	0.726293879942721	0.8046223827959615	0.7983840295121388	0.7708758746114529	0.6501123117183938	0.15772817969040104	0.1694631918661486	0.20652168047170927	0.187092855275897	0.24061388666472516	0.2865277604861602	0.20562771218137832	0.17864468264701888	0.22642347727237255	0.771430035977008	0.7719236060676405	0.7630654958066865	0.7770301925112639	0.7639082183344076	0.7767773887901547	0.831794336721818	0.317923965437583	0.7745599744898058	0.0	0.897859282520531	0.8906122806652601	0.9119539147014828	0.21840114687017131	0.18669599018625233	0.9572733673227062	0.18967122025603014	0.9512996866899206	0.9593892599781847	0.9641797806546012	0.12786114764306208	0.9673624714390917
SRR26147421	0.24937083970202376	0.9050182853317744	0.8991012574781455	0.9164187178664791	0.8847934676427547	0.8816900194473762	0.9042705387048194	0.8874570939053814	0.8595464384525077	0.9075910882597022	0.3848056084677852	0.8922828776915511	0.262421699235109	0.2835417257928248	0.32241399686011335	0.32778077320685944	0.32267605260873494	0.2607186015961871	0.2738459134470266	0.8933073046552014	0.9210521065301833	0.9025678454510545	0.9071763993105241	0.8758804827575823	0.9007365362745445	0.9201532594139864	0.23991916537191796	0.899174537355038	0.25801021283415576	0.18184353585401292	0.37226720509706945	0.33798398503229005	0.9246429058159314	0.8968047180749533	0.904794498431206	0.8969716677012481	0.9167306903937025	0.8910355537618981	0.9255514317417418	0.22550246208853827	0.9229159581583997	0.8799761914355857	0.8776441926643977	0.3832582018571527	0.3323388518992323	0.8937146775236826	0.8876978744305548	0.9099962795440365	0.9106931874100004	0.45321278388063146	0.39485354689868446	0.46567627426631425	0.8843500308591791	0.5037686920179575	0.5182393365924438	0.4388352171846581	0.3930416208813217	0.47534225484454656	0.9045431741260451	0.8993109195485587	0.9120089397926083	0.8921135470968404	0.9163608232822208	0.920105519966421	0.894412355252897	0.8860372564470572	0.9192947399212603	0.44299999867034706	0.37270291476306805	0.3920795163348386	0.44309058819227265	0.44527372241360713	0.4123030552613324	0.35206317483050686	0.933433224469035	0.38929851594400317	0.897859282520531	0.0	0.23374002462644256	0.2902864287754968	0.8794623783186496	0.9073442957662118	0.9740757681593878	0.9264915514541331	0.3528166238947358	0.34273415704970245	0.3926806307889532	0.8944251524454341	0.38475661262549865
SRR26147432	0.2978096377926286	0.896607316002282	0.8924624039254809	0.9086483842592046	0.8800206373581081	0.8757176718273081	0.8930357425661203	0.8820988602459586	0.8545273698290432	0.8994341366776778	0.36718969758721265	0.8836098074855494	0.28755501555190766	0.2527632281881303	0.35644045942590497	0.32795084096242394	0.3195245376131181	0.2802095895442999	0.3112416782248168	0.8839190697516199	0.9092814187709617	0.8956164832358267	0.9001103632577883	0.8676930605277708	0.891022508841173	0.9097700070904904	0.2846865244488769	0.8927821288993775	0.2844112681109085	0.26147437194021433	0.4369812603413967	0.38011358072256785	0.9177301518427277	0.8874312713186142	0.8913581059595179	0.8911234596002968	0.9119466953873623	0.8855122877010654	0.9166836812360382	0.22705847255061107	0.9124677915980491	0.8763167256340592	0.8756897438867272	0.37155647294001704	0.3734851810651488	0.8855459144593042	0.8824798035928734	0.9008768196992195	0.9062485645282475	0.39832146203163654	0.395843583732535	0.3761963557267525	0.8798790831947281	0.4757070040516596	0.46653540196815857	0.44057710295815383	0.3993416796319636	0.4483851301193372	0.8918530146731796	0.8890830615322481	0.9044451902856685	0.8858754552272349	0.9076299941063506	0.9128114198077989	0.889376420160133	0.8798685065547608	0.9127062777172195	0.3577298770612702	0.3959734183220575	0.37375132523670396	0.43037465124046215	0.43735368917080025	0.39725083410481876	0.33831576627179716	0.9243971284978745	0.38890936451989255	0.8906122806652601	0.23374002462644256	0.0	0.2520161862873236	0.8695759928807048	0.9022251317844423	0.9504501150665268	0.9175248472186731	0.41359318253218397	0.4268490430542079	0.38975079026107223	0.8875451942537889	0.43838526463372185
SRR26147443	0.2576503071333829	0.9178965597915885	0.9102908942281598	0.9233862186041146	0.8986857200385625	0.8928296281416539	0.9183570642473396	0.901355556778387	0.8774577161474656	0.9205947507217669	0.35116462232439616	0.8973020493215434	0.29629743569951	0.35904363769011066	0.27733930887343144	0.29027243281637916	0.29283306240676643	0.2929898417665396	0.27932676045268645	0.9078920646094836	0.927686195296319	0.9119105532063684	0.921020541819203	0.8899688802846398	0.9121959682376176	0.9222287071459676	0.24469273725412263	0.9146131386180621	0.26582050432813625	0.2868837136541736	0.4867852229052756	0.4422657290788065	0.9357940918712371	0.9021395866519091	0.9179150813326565	0.9118399211205613	0.9244796891528023	0.9028038731248861	0.932482177299572	0.2797525144178619	0.9328279372488876	0.8958767026584392	0.8913518391951597	0.3786080817645243	0.4135859856302049	0.9077370437657761	0.900630070421745	0.9223313081589526	0.9244134364136201	0.3706893068671307	0.3949239165350566	0.34664044971442637	0.8991228453950366	0.4262744614829619	0.4071931754459795	0.3878706594961876	0.36400591969058405	0.43619794568257686	0.9148386023170283	0.909240693777515	0.9278432404781669	0.9028219519800731	0.9260013579669548	0.9265585326560836	0.9036441847357614	0.9025663447119711	0.9326265494636136	0.3211488520817132	0.4139660349845897	0.40244784610701884	0.37701751235585684	0.41016387078084443	0.38113416420034146	0.3266750708475048	0.9381870940739108	0.3536420308810241	0.9119539147014828	0.2902864287754968	0.2520161862873236	0.0	0.8928924976725364	0.9184092923597008	0.975363995561443	0.9337874626106132	0.44007341898483654	0.4386217113512628	0.42336416042987196	0.9121555422950863	0.4677664749562724
SRR26147458	0.8950528620690281	0.24191630708399112	0.198962382524663	0.24429872323143162	0.227667541900137	0.2017792582000757	0.25935778617907007	0.16235690629532282	0.20896123458310853	0.22614655969994507	0.8195267483375349	0.1478201812218534	0.8433248276002482	0.8195025459808751	0.8083355180979043	0.825578767891109	0.8158143845608217	0.8410179408239387	0.8366918185435338	0.2352627015209091	0.2291713141497489	0.22098948676496202	0.22170590939288778	0.24319268253506807	0.2183813070088114	0.19975629537619008	0.8747624610664296	0.18884375984028767	0.8798878202007463	0.8913450620648232	0.9470173225071149	0.9397199826900886	0.23615705235674705	0.17596080566206354	0.19806451826654622	0.2468030786541252	0.2009809385743887	0.19529076889910382	0.2483328552126631	0.8883837960320571	0.27010255736978234	0.23260993014861384	0.22252908302344224	0.9518316020808579	0.9467541595394027	0.19408410892030326	0.1845555361981045	0.22026011006210414	0.2501754940237525	0.7566001827249698	0.758718231369092	0.7954420471248035	0.19863060319171816	0.6887183315622737	0.7831613504015427	0.7709991493467235	0.7420773621772953	0.6308391084658089	0.2340798869967801	0.19786705501845778	0.2766820782841445	0.22186270369369512	0.20683254408545604	0.23222030976771008	0.14666047812921357	0.19269723607237405	0.2643094296447634	0.7515279109023455	0.7567462648997638	0.7521697478066582	0.735599991906198	0.736851810620773	0.7425025423137769	0.8028964952664108	0.26535186290820184	0.7655817031519284	0.21840114687017131	0.8794623783186496	0.8695759928807048	0.8928924976725364	0.0	0.24471439476024054	0.9464239993822285	0.25341602309792294	0.9350483527265984	0.9499760418059097	0.9527671717960056	0.2517389315587629	0.9550418271731441
SRR26147469	0.9196981047832601	0.15338279573891872	0.18685726138742823	0.19604468199952416	0.20297394293657067	0.22353262613241426	0.2203985985522376	0.22744974431173165	0.19164007166774785	0.17551802157113514	0.8440472869150547	0.20972369664335921	0.871612128232135	0.8451889308973282	0.8361629675204101	0.8553856910992705	0.8464104554298869	0.8658968020811214	0.8648822479300686	0.2008867902793321	0.17120209013537535	0.18143003232416038	0.14787638605710252	0.26520862147115637	0.1897821382335833	0.1971411023935236	0.9000806456220871	0.18584240768008492	0.912138917723338	0.9196580969423168	0.9685115275842917	0.962704057147268	0.20951301357102134	0.2421709309379377	0.17214218907546608	0.19224888401509582	0.22367903049858726	0.16530276435818808	0.17087661289003384	0.9144973283625161	0.2117075565643734	0.2497650964886326	0.2133755123095148	0.9696391299890885	0.9638986764267528	0.2545896644670542	0.25130809895415884	0.17970142525440566	0.1580562632635183	0.7842246440929652	0.7873347613441641	0.8251945802310119	0.19105365136879288	0.7324572715510257	0.8088894751275562	0.8042788737950778	0.7801507310377751	0.6609438606634396	0.14266581418510899	0.16440367518181223	0.17947944584388764	0.2073929471844932	0.21462982726037486	0.2509654491582172	0.2151519313721813	0.16739679724013948	0.17975258467770475	0.7807055977558848	0.7796067474918456	0.7825604565606517	0.7815470531807394	0.7754238721454769	0.7854184491298448	0.8406833565287263	0.28187170330405653	0.7921213357182626	0.18669599018625233	0.9073442957662118	0.9022251317844423	0.9184092923597008	0.24471439476024054	0.0	0.9394338512472382	0.1488548092504888	0.9579842807578122	0.9685440441116211	0.9707993993615193	0.17438894651634407	0.9707927885494495
SRR26147470	0.9764763004284462	0.9547664546402462	0.9520210096791336	0.9466231731680954	0.9402139438037093	0.947644931241813	0.9295511065490004	0.9542018354251732	0.9442159927012166	0.9419822726742575	0.9213628206268086	0.947007880342376	0.9420704282562404	0.9678014792425347	0.9712950822078777	0.9477686601974223	0.9772493722671254	0.9561328353395707	0.9869007748678148	0.9521262434329834	0.9480525091873384	0.9503213588629965	0.931826572452536	0.9412065331586595	0.9413585707508407	0.943490524116211	0.9407965024124391	0.9470592671370425	0.9325739077759448	0.9738550702132288	0.9493917562577423	0.9516235138138889	0.9566634158035676	0.9382735538275984	0.9422353711556842	0.9520581614190139	0.9554130770242439	0.9440745700279981	0.9470056896695987	0.9624983192312407	0.9208097628341665	0.9436599157886134	0.9554306514463634	0.9593309198619636	0.9594793020985528	0.9405926865882821	0.9446544227144236	0.9368855871496568	0.9507834401712811	0.9735228154590033	0.9683478610730893	0.9617998576863769	0.9447393227713611	0.9316058316762837	0.9032900479836359	0.9510152912675696	0.970484223575724	0.9419381337107516	0.9487078106860428	0.9574169354380759	0.9496931225132723	0.9514126140821565	0.9477280870906251	0.9412242840111268	0.9592676161855491	0.9474895408256954	0.9464493606980001	0.9769550553091275	0.9894961574363811	0.9509168497281216	0.9615442880975806	0.9345134147880823	0.9682259352517731	0.9671551372692391	0.935517234779624	0.9695732774146678	0.9572733673227062	0.9740757681593878	0.9504501150665268	0.975363995561443	0.9464239993822285	0.9394338512472382	0.0	0.9430001862611055	0.9683836830848782	0.9962042788129746	0.9804652749379469	0.9558887520740292	0.9872058755913882
SRR26147481	0.9358356408678475	0.15621211462742965	0.2028219639640585	0.22053924462780444	0.22378908111243823	0.24722351780883334	0.2553993878595604	0.23332535015980532	0.23507806655902508	0.18194637799698238	0.8590591103418658	0.23549561878445865	0.8874787329160774	0.8631160967950604	0.8592662408900973	0.8705949371119518	0.8649578155967922	0.8816385420211451	0.8798919775886272	0.23273206254912998	0.16363100298866018	0.1842753338467148	0.17538474459439335	0.279515511427859	0.20181930147293553	0.2140367287605928	0.9212671998044384	0.20836253806384997	0.9281062367281626	0.9360702487349104	0.9740124006111183	0.9770640217409922	0.1692605010299535	0.25123224947735434	0.19711200396682416	0.21086272817278565	0.22096099583469658	0.194486043071713	0.14254648312239065	0.9307041976592784	0.252272052865881	0.2711750848265883	0.2324646208044646	0.9810388930663075	0.9797057950412698	0.2690711839491988	0.26614069423791975	0.20738406221358066	0.167029934346215	0.8120505356713418	0.8078082859419071	0.8328939824337577	0.2144355536547754	0.7545328659004871	0.8236679979615382	0.8139264343430135	0.7941389927842127	0.6828130197007231	0.15880432165307073	0.17085393646188712	0.20972914275144258	0.2217819389078214	0.22090327165748075	0.23803809278167537	0.24202051325277768	0.20019741254783827	0.17227533654474675	0.8024357755373103	0.810372007016814	0.8036130647054698	0.7930671332915747	0.7945926959195604	0.8038873840253551	0.8479360933061103	0.26622783274182854	0.817222929296294	0.18967122025603014	0.9264915514541331	0.9175248472186731	0.9337874626106132	0.25341602309792294	0.1488548092504888	0.9430001862611055	0.0	0.967208697996699	0.9821012121628586	0.9855390820752137	0.19132995095222297	0.9871170460804259
SRR26147483	0.3764702829831324	0.9523889502905958	0.9476814959079405	0.9602802787771273	0.9366512420930777	0.936409184259996	0.9483874609074249	0.9434997721519659	0.9160115011676561	0.9566358013488174	0.5932979050083451	0.9455649061571239	0.49104655996507746	0.4786532991746895	0.5481729064273702	0.5385794320272129	0.5113271872437023	0.4575738423434613	0.4957819785183023	0.9402807413308798	0.9579414578229607	0.9509948623594424	0.9571188290423047	0.9304470441193019	0.9514030991351303	0.9646436721245534	0.42124829919027684	0.9521343487348815	0.39031770746042144	0.34847988288402243	0.27206191685301684	0.27563452586118514	0.9651503819881131	0.9393718568983337	0.9510721681618091	0.9476880657481287	0.9658896437044404	0.9449916352195747	0.9649047197975333	0.41316355527391974	0.9637697395317223	0.9361136086272427	0.9351825263475403	0.2753036172496811	0.26795133532960214	0.9495032823784363	0.9421093952758125	0.9561812701585083	0.9572683346776856	0.6420204507153768	0.6059558965553749	0.6413705078961188	0.9366796592780726	0.6752157478918935	0.6748129262991944	0.6278932209776846	0.5961183731729425	0.6654384960125092	0.9475440720430739	0.9448639808292687	0.9576798062449434	0.9425104198866289	0.9604395951766097	0.9653625677451452	0.945593072607153	0.9408191911050209	0.9671065045867979	0.6244931694842228	0.6062580086877777	0.581659578370305	0.6078993529764405	0.6410355476100639	0.6045201117705352	0.5050684460634972	0.9673437069524691	0.6094741275067189	0.9512996866899206	0.3528166238947358	0.41359318253218397	0.44007341898483654	0.9350483527265984	0.9579842807578122	0.9683836830848782	0.967208697996699	0.0	0.21926837841058153	0.2934878826601654	0.9479849833970916	0.34186952811438337
SRR26147494	0.3628765567281213	0.9626787597477847	0.9605375862178707	0.9698846395733978	0.9485608045554833	0.9524550114404369	0.964969371008657	0.9590048805785373	0.9338881370351031	0.9698617013286825	0.594624687358772	0.959197615115538	0.4763230698946126	0.47499041359476213	0.5436039831257661	0.5416510255889246	0.5289884753093202	0.46762592083987575	0.481425248290202	0.953233923149222	0.9712289201273977	0.9654449357793374	0.9691960211108943	0.9463050386728967	0.9607023404196359	0.9718316417998922	0.41750714590989496	0.9668138134107428	0.4116208060864269	0.325729493376445	0.27026548775042547	0.24277217348994906	0.982102492028664	0.9559469382997954	0.9675235428053915	0.9597330787741296	0.9727216320578995	0.9580256603419374	0.9792333655192165	0.38900773685463413	0.9780170164481704	0.9444555142015785	0.9450663160286519	0.2673513231435796	0.23250848833339344	0.9592096819800715	0.9579632774323152	0.9699710924284216	0.9692040773528829	0.6488987420063862	0.5948776815169221	0.6711565309394522	0.9500235823095929	0.7012256440520066	0.701259959095021	0.6487567436672984	0.6032315028129542	0.6771483088233519	0.9624387532585416	0.9605234255831185	0.9716523869335114	0.9600274851973645	0.9735794023556523	0.9785831460497415	0.9595956291302072	0.9554198256515857	0.9765871669209087	0.6366376217590113	0.5864573499765837	0.5966018417584018	0.629933224422255	0.6438264253462964	0.6210306345360432	0.5356038109198429	0.9824919380745409	0.6044049228365362	0.9593892599781847	0.34273415704970245	0.4268490430542079	0.4386217113512628	0.9499760418059097	0.9685440441116211	0.9962042788129746	0.9821012121628586	0.21926837841058153	0.0	0.27558215487693144	0.9558729156927626	0.30165764190017813
SRR26147505	0.3644032669811299	0.9653808045320281	0.9648622041291609	0.9730650280155533	0.9509090184837613	0.9551252157236795	0.970769709369446	0.9605757000410474	0.9345759635338418	0.9722005419929569	0.5922130909983245	0.9607341744173226	0.5073238260891114	0.47864827173277397	0.565508749949958	0.5451136270722906	0.5427732449836985	0.51389373255797	0.49512630420218173	0.958041928078837	0.9747162225935565	0.9695551072644897	0.972037373537449	0.9476904839008161	0.9629273258534831	0.9752595863178317	0.4508443069413653	0.9678481719620597	0.4495212953680915	0.38959186006368046	0.3127897587977251	0.2660560476996242	0.9867696759170655	0.958534673617984	0.9701044649709216	0.9613730658505367	0.9768645395104923	0.9602745138125668	0.980206750390427	0.36860695900719054	0.9783355011147048	0.9487616370665862	0.9478376931565524	0.2657205018590679	0.18786170777073144	0.9645866537342584	0.9594457554432595	0.973098879994294	0.9720318659715017	0.6122033972764794	0.6226955197708621	0.6321459178213014	0.954841412578753	0.6910147503220021	0.6718014987168816	0.665639585985446	0.6294828662493666	0.6536839727542334	0.9644036380929897	0.9656164511625919	0.9726727059956629	0.9571969408670368	0.9784265814564088	0.9803374017402812	0.9608882146722205	0.9584054805011575	0.9842445166491213	0.6000801780737263	0.6316891358510333	0.6151481357524253	0.6527368243024623	0.6547362266228212	0.6358975494951878	0.5566728546762769	0.9862246318108003	0.597379963546029	0.9641797806546012	0.3926806307889532	0.38975079026107223	0.42336416042987196	0.9527671717960056	0.9707993993615193	0.9804652749379469	0.9855390820752137	0.2934878826601654	0.27558215487693144	0.0	0.9604958633392395	0.2523539491465955
SRR26147516	0.9032841254068023	0.12862905880553893	0.21510866416841917	0.2669397877789762	0.15683345680419997	0.21657093025774626	0.23722318936549025	0.18829633814505453	0.17017153132053062	0.15825753851967933	0.8229699153854649	0.23563005123508798	0.8637381219909532	0.8334200963938769	0.823430813613811	0.8374214509567058	0.8270044892229877	0.8531267747403775	0.8469140221319432	0.14071463179351168	0.22187743025717188	0.19237874447807393	0.1768453631658684	0.21033534705453485	0.18728008533483587	0.2589111029295258	0.8892178099153262	0.20442561628825784	0.8957014807032844	0.9053136182087356	0.9614766889159625	0.9468609056240863	0.25844651470642316	0.2600022652086344	0.17767413641621446	0.1498926671425911	0.25313182549355423	0.18192800154131866	0.22549290501340008	0.898000958693135	0.27886557583866733	0.19236493543956693	0.2087761074339861	0.9665038251214612	0.9507826745435229	0.21595109403243135	0.26127303885687686	0.20281573916588752	0.14204380851247309	0.7692806022776557	0.7765105218261508	0.8187061048318574	0.1951970925734075	0.7243468091846846	0.7982252611778526	0.7954653469840928	0.7673774946325185	0.6496961768779047	0.16188162559154262	0.2005721121805993	0.19829103050592126	0.18617890342877222	0.2654745110304765	0.30702158777372257	0.22012521875724358	0.1848733415287214	0.23520890661846525	0.7650579648712917	0.7639073478950944	0.7534611001055154	0.7768963730842907	0.7547375107834313	0.7720375677329586	0.828448759442367	0.34197044457010384	0.7635455663849937	0.12786114764306208	0.8944251524454341	0.8875451942537889	0.9121555422950863	0.2517389315587629	0.17438894651634407	0.9558887520740292	0.19132995095222297	0.9479849833970916	0.9558729156927626	0.9604958633392395	0.0	0.96364357707845
SRR26147254	0.40585336884611883	0.9667550971675515	0.9660481419004082	0.9728464911305273	0.9569724875837866	0.9542898756780225	0.9723246547329629	0.964111919704269	0.9395801014066004	0.9739878071219082	0.5977958827693877	0.9656620221124237	0.5023546228956773	0.48475181624553815	0.5667008936071817	0.5578704396385757	0.5664502934914932	0.5117660366602547	0.5007674887396657	0.962076266983734	0.9720758879605483	0.9702978275829961	0.9731999170780563	0.9518130561202917	0.9663058308156183	0.971817133369357	0.45365943919816004	0.9699141028039623	0.4712389021187844	0.4016983518685054	0.3193890383428319	0.2723320182310663	0.9847301469851183	0.9607660198508996	0.9710339488968422	0.964455250478786	0.9736765369415579	0.9626385805325951	0.9781010972106239	0.3856697995725167	0.9780317850172653	0.9522791566485538	0.9484421285597318	0.32952005881333774	0.28894186532577504	0.9666238047279434	0.9627944063499922	0.9731405118576012	0.9734419833703463	0.6576131470642101	0.6203777833188708	0.6738117867368035	0.9590712061513826	0.7093229047142383	0.706286073096131	0.6580915432171727	0.6405542151630276	0.6837698553589318	0.9699267759198628	0.9690307008223007	0.9700880257357868	0.9625540529067984	0.9791714609872241	0.9812284446129694	0.9620539874420297	0.9624255548076921	0.9836437464408146	0.6476854865040038	0.6165406538058817	0.6174863576238503	0.6525207972266114	0.6592216931580676	0.6416054179617248	0.5600596172988417	0.9860006587336493	0.618261870501509	0.9673624714390917	0.38475661262549865	0.43838526463372185	0.4677664749562724	0.9550418271731441	0.9707927885494495	0.9872058755913882	0.9871170460804259	0.34186952811438337	0.30165764190017813	0.2523539491465955	0.96364357707845	0.0
