	SRR26147154	SRR26147165	SRR26147176	SRR26147181	SRR26147182	SRR26147183	SRR26147184	SRR26147185	SRR26147186	SRR26147187	SRR26147188	SRR26147189	SRR26147190	SRR26147191	SRR26147192	SRR26147193	SRR26147194	SRR26147195	SRR26147196	SRR26147197	SRR26147198	SRR26147199	SRR26147200	SRR26147201	SRR26147202	SRR26147203	SRR26147216	SRR26147217	SRR26147228	SRR26147239	SRR26147265	SRR26147276	SRR26147286	SRR26147287	SRR26147288	SRR26147289	SRR26147290	SRR26147292	SRR26147303	SRR26147314	SRR26147329	SRR26147340	SRR26147351	SRR26147365	SRR26147376	SRR26147387	SRR26147388	SRR26147389	SRR26147390	SRR26147391	SRR26147392	SRR26147393	SRR26147394	SRR26147395	SRR26147396	SRR26147397	SRR26147398	SRR26147399	SRR26147400	SRR26147401	SRR26147402	SRR26147403	SRR26147404	SRR26147405	SRR26147406	SRR26147407	SRR26147408	SRR26147409	SRR26147410	SRR26147411	SRR26147412	SRR26147413	SRR26147414	SRR26147415	SRR26147416	SRR26147417	SRR26147418	SRR26147421	SRR26147432	SRR26147443	SRR26147458	SRR26147469	SRR26147481	SRR26147483	SRR26147494	SRR26147505	SRR26147516	SRR26147254
SRR26147154	0.0	0.8877551020408163	0.8954802259887006	0.9150943396226415	0.8718535469107551	0.8756218905472637	0.8916256157635468	0.8773148148148148	0.8475750577367206	0.9014423076923077	0.4523076923076923	0.8837837837837837	0.46545454545454545	0.4539249146757679	0.4276094276094276	0.4074074074074074	0.4161490683229814	0.40584415584415584	0.3835616438356164	0.8733624454148472	0.9166666666666666	0.8864864864864865	0.9040404040404041	0.8701298701298701	0.8834688346883469	0.9205882352941176	0.3418181818181818	0.8863049095607235	0.38047138047138046	0.34494773519163763	0.6115107913669064	0.503125	0.9218241042345277	0.886039886039886	0.8900255754475703	0.8939051918735892	0.90625	0.871859296482412	0.9184952978056427	0.379746835443038	0.9226361031518625	0.8757637474541752	0.8650793650793651	0.5968379446640316	0.49032258064516127	0.8769574944071589	0.8746928746928747	0.9002624671916011	0.9024390243902439	0.5501432664756447	0.5277777777777778	0.5719844357976653	0.875	0.5170068027210885	0.5486111111111112	0.5229681978798587	0.4861111111111111	0.5408805031446541	0.8916666666666667	0.8971428571428571	0.9132791327913279	0.8839506172839506	0.9085545722713865	0.9119496855345912	0.8818897637795275	0.8726790450928382	0.9208860759493671	0.5146579804560261	0.49142857142857144	0.509641873278237	0.5352112676056338	0.47368421052631576	0.4812286689419795	0.4699248120300752	0.9324324324324325	0.4807692307692308	0.8896882494004796	0.3865814696485623	0.38652482269503546	0.3469387755102041	0.876010781671159	0.8974358974358975	0.9190751445086706	0.5853658536585366	0.4928571428571429	0.5173745173745173	0.8797327394209354	0.5658914728682171
SRR26147165	0.8877551020408163	0.0	0.42358078602620086	0.5071090047393365	0.3345323741007194	0.4015151515151515	0.41509433962264153	0.3807829181494662	0.3771626297577855	0.3449612403100775	0.8025316455696202	0.42386831275720166	0.8470588235294118	0.8347107438016529	0.8189189189189189	0.8249336870026526	0.8264058679706602	0.8417085427135679	0.8306878306878307	0.38	0.44651162790697674	0.35344827586206895	0.3643724696356275	0.3973941368078176	0.37446808510638296	0.4681818181818182	0.8759894459102903	0.34297520661157027	0.8836633663366337	0.8819095477386935	0.9404761904761905	0.930952380952381	0.5528846153846154	0.4703389830508475	0.3374485596707819	0.38028169014084506	0.4080717488789238	0.33067729083665337	0.49282296650717705	0.8738317757009346	0.42727272727272725	0.46017699115044247	0.36475409836065575	0.9516129032258065	0.9317073170731708	0.3835616438356164	0.3787878787878788	0.3925619834710744	0.33992094861660077	0.7539267015706806	0.7914110429447853	0.8458904109589042	0.3464566929133858	0.7469135802469136	0.779874213836478	0.8242424242424242	0.7734138972809668	0.6927710843373494	0.3744493392070485	0.35944700460829493	0.3656387665198238	0.3515625	0.44036697247706424	0.5023696682464455	0.3770491803278688	0.3541666666666667	0.5048076923076923	0.750733137829912	0.7703703703703704	0.7444717444717445	0.79375	0.7686170212765957	0.7865497076023392	0.843558282208589	0.6116504854368932	0.7458033573141487	0.32170542635658916	0.8770685579196218	0.8575268817204301	0.887240356083086	0.4074074074074074	0.3698630136986301	0.4074074074074074	0.9318181818181818	0.9405405405405406	0.9401197604790419	0.3286219081272085	0.9440993788819876
SRR26147176	0.8954802259887006	0.42358078602620086	0.0	0.42105263157894735	0.4344569288389513	0.43568464730290457	0.44398340248962653	0.42911877394636017	0.45255474452554745	0.47808764940239046	0.814404432132964	0.3671497584541063	0.8509933774834437	0.8260869565217391	0.8228228228228228	0.8328445747800587	0.8274932614555256	0.8379888268156425	0.8357771260997068	0.5	0.39444444444444443	0.4028436018957346	0.41150442477876104	0.4847457627118644	0.41037735849056606	0.3867403314917127	0.8694362017804155	0.4107142857142857	0.8815426997245179	0.8888888888888888	0.9457627118644067	0.9396325459317585	0.43902439024390244	0.4120603015075377	0.38288288288288286	0.46296296296296297	0.4263959390862944	0.4085106382978723	0.42105263157894735	0.8823529411764706	0.372972972972973	0.5368098159509203	0.3761467889908257	0.951310861423221	0.9320652173913043	0.46402877697841727	0.3907563025210084	0.3925233644859813	0.44398340248962653	0.7824858757062146	0.7881944444444444	0.832	0.4177215189873418	0.7377622377622378	0.7706093189964157	0.8131487889273357	0.7721088435374149	0.6723549488054608	0.4039408866995074	0.33689839572192515	0.4097560975609756	0.4092827004219409	0.3967391304347826	0.40588235294117647	0.3824884792626728	0.37962962962962965	0.4260355029585799	0.7549019607843137	0.7756756756756756	0.7736842105263158	0.7992957746478874	0.7813411078717201	0.8025889967637541	0.8432055749128919	0.5304878048780488	0.7616580310880829	0.42276422764227645	0.8743455497382199	0.8622754491017964	0.8813559322033898	0.3867924528301887	0.38341968911917096	0.45077720207253885	0.9424920127795527	0.9452887537993921	0.9453924914675768	0.49295774647887325	0.9501779359430605
SRR26147181	0.9150943396226415	0.5071090047393365	0.42105263157894735	0.0	0.5855513307984791	0.5418502202643172	0.5506607929515418	0.5891472868217055	0.5895522388059702	0.5579399141630901	0.8318042813455657	0.48704663212435234	0.868421052631579	0.8512110726643599	0.8543046357615894	0.8571428571428571	0.8558823529411764	0.8615384615384616	0.8491803278688524	0.6236933797909407	0.4423076923076923	0.5076923076923077	0.5235849056603774	0.6267123287671232	0.484375	0.4129032258064516	0.8870431893687708	0.4803921568627451	0.8990825688073395	0.9074074074074074	0.9566929133858267	0.9501466275659824	0.38461538461538464	0.48314606741573035	0.47317073170731705	0.6075471698113207	0.4827586206896552	0.5291479820627802	0.3283582089552239	0.9078212290502793	0.39622641509433965	0.6614906832298136	0.4752475247524752	0.96	0.9420731707317073	0.6094890510948905	0.5411255411255411	0.5174129353233831	0.5633187772925764	0.8226299694189603	0.81640625	0.8450704225352113	0.5442477876106194	0.77431906614786	0.7877551020408163	0.8307086614173228	0.7931034482758621	0.7007575757575758	0.45555555555555555	0.3939393939393939	0.4864864864864865	0.5418502202643172	0.37254901960784315	0.381294964028777	0.48258706467661694	0.4489795918367347	0.4057971014492754	0.7862318840579711	0.8134110787172012	0.8169014084507042	0.8293650793650794	0.819047619047619	0.8345323741007195	0.8695652173913043	0.4146341463414634	0.8099173553719008	0.5446808510638298	0.8901734104046243	0.882943143812709	0.8949416342412452	0.4742268041237113	0.4166666666666667	0.4666666666666667	0.9560439560439561	0.9584775086505191	0.9563492063492064	0.610909090909091	0.9625
SRR26147182	0.8718535469107551	0.3345323741007194	0.4344569288389513	0.5855513307984791	0.0	0.3707482993197279	0.39932885906040266	0.36421725239616615	0.3141025641025641	0.34812286689419797	0.7981859410430839	0.4229390681003584	0.8367875647668394	0.8148148148148148	0.7951219512195122	0.8095238095238095	0.8119469026548672	0.8253968253968254	0.8119047619047619	0.3445121951219512	0.5189393939393939	0.3978102189781022	0.3594306049822064	0.3159509202453988	0.4377224199288256	0.5243445692883895	0.8527315914489311	0.3873239436619718	0.8635346756152126	0.8719101123595505	0.9355670103092784	0.9188034188034188	0.6230769230769231	0.5071428571428571	0.34767025089605735	0.31596091205211724	0.4908424908424908	0.35294117647058826	0.5909090909090909	0.8628691983122363	0.4734848484848485	0.37359550561797755	0.4166666666666667	0.9447513812154696	0.9144736842105263	0.3622291021671827	0.3559322033898305	0.3898916967509025	0.34375	0.7458823529411764	0.7810810810810811	0.8411764705882353	0.38305084745762713	0.7315068493150685	0.7741046831955923	0.8164893617021277	0.7751322751322751	0.6801075268817204	0.41044776119402987	0.42366412213740456	0.4148148148148148	0.3539518900343643	0.5075187969924813	0.5871212121212122	0.37050359712230213	0.3914590747330961	0.6007604562737643	0.7421875	0.7528089887640449	0.7377777777777778	0.7796143250688705	0.7409200968523002	0.7772020725388601	0.8364611260053619	0.685823754789272	0.7280701754385965	0.32764505119453924	0.860813704496788	0.8496420047732697	0.8691099476439791	0.40860215053763443	0.449438202247191	0.5148148148148148	0.9201995012468828	0.9232613908872902	0.9240837696335078	0.31746031746031744	0.9385026737967914
SRR26147183	0.8756218905472637	0.4015151515151515	0.43568464730290457	0.5418502202643172	0.3707482993197279	0.0	0.3484848484848485	0.3588850174216028	0.3447098976109215	0.34701492537313433	0.7955665024630542	0.404	0.830945558739255	0.8102981029810298	0.8015873015873016	0.8170103092783505	0.7990314769975787	0.8163771712158809	0.8165374677002584	0.37012987012987014	0.4782608695652174	0.3821138211382114	0.37209302325581395	0.33986928104575165	0.35537190082644626	0.5042372881355932	0.8549222797927462	0.38996138996138996	0.8609756097560975	0.8728606356968215	0.9401709401709402	0.9236111111111112	0.5656108597285068	0.492	0.32669322709163345	0.3642611683848797	0.41452991452991456	0.34600760456273766	0.5288888888888889	0.8604118993135011	0.44635193133047213	0.3940298507462687	0.35968379446640314	0.9442724458204335	0.9216152019002375	0.37333333333333335	0.36764705882352944	0.38	0.373134328358209	0.7544303797468355	0.7761194029850746	0.8272425249169435	0.3035019455252918	0.7173252279635258	0.7569230769230769	0.7940298507462686	0.7551622418879056	0.6842105263157895	0.3958333333333333	0.4034334763948498	0.3941908713692946	0.3218390804597701	0.44541484716157204	0.5045045045045045	0.3968871595330739	0.36254980079681276	0.5530973451327433	0.7335243553008596	0.7554479418886199	0.7392344497607656	0.774390243902439	0.7526041666666666	0.7720797720797721	0.8198198198198198	0.6334841628959276	0.7494199535962877	0.3492647058823529	0.858139534883721	0.8455497382198953	0.8666666666666667	0.3684210526315789	0.42616033755274263	0.48739495798319327	0.9230769230769231	0.9347258485639687	0.9367816091954023	0.39144736842105265	0.9404761904761905
SRR26147184	0.8916256157635468	0.41509433962264153	0.44398340248962653	0.5506607929515418	0.39932885906040266	0.3484848484848485	0.0	0.43666666666666665	0.40594059405940597	0.38461538461538464	0.8179611650485437	0.46124031007751937	0.8531073446327684	0.8284182305630027	0.8255208333333334	0.8312020460358056	0.8293838862559242	0.8357843137254902	0.8396946564885496	0.36065573770491804	0.5	0.4032258064516129	0.3543307086614173	0.3885350318471338	0.35684647302904565	0.5	0.8746803069053708	0.4099616858237548	0.8848920863309353	0.8886198547215496	0.9488636363636364	0.9331797235023042	0.5746606334841629	0.4817813765182186	0.3543307086614173	0.40939597315436244	0.4297872340425532	0.3660377358490566	0.5377777777777778	0.8778280542986425	0.4279475982532751	0.41420118343195267	0.3675889328063241	0.9569230769230769	0.9289099526066351	0.38	0.38686131386861317	0.41338582677165353	0.41025641025641024	0.7688442211055276	0.7857142857142857	0.8491803278688524	0.3371647509578544	0.75	0.7781155015197568	0.8176470588235294	0.7896253602305475	0.7126436781609196	0.4107883817427386	0.425531914893617	0.4156378600823045	0.40875912408759124	0.4266666666666667	0.5135135135135135	0.4528301886792453	0.38976377952755903	0.5491071428571429	0.7605633802816901	0.7721822541966427	0.7676056338028169	0.8095238095238095	0.770618556701031	0.8016759776536313	0.8431952662721893	0.6301369863013698	0.7626728110599078	0.3686131386861314	0.8784403669724771	0.8626943005181347	0.8917378917378918	0.421259842519685	0.4476987447698745	0.463519313304721	0.9344262295081968	0.9427083333333334	0.9515669515669516	0.4290322580645161	0.9588235294117647
SRR26147185	0.8773148148148148	0.3807829181494662	0.42911877394636017	0.5891472868217055	0.36421725239616615	0.3588850174216028	0.43666666666666665	0.0	0.30718954248366015	0.3356643356643357	0.8109339407744874	0.36363636363636365	0.84251968503937	0.8258706467661692	0.8203883495145631	0.831353919239905	0.8139013452914798	0.8275862068965517	0.8281622911694511	0.363914373088685	0.5269230769230769	0.3857677902621723	0.37050359712230213	0.34049079754601225	0.42124542124542125	0.5210727969348659	0.8663484486873508	0.39285714285714285	0.871331828442438	0.8798185941043084	0.9425587467362925	0.9290322580645162	0.6328125	0.4981684981684982	0.39361702127659576	0.3201320132013201	0.4521072796934866	0.2730627306273063	0.5669291338582677	0.8702127659574468	0.49236641221374045	0.36857142857142855	0.4280701754385965	0.9523809523809523	0.9273127753303965	0.346031746031746	0.31448763250883394	0.3656716417910448	0.3938356164383562	0.7733644859813084	0.8027027027027027	0.844311377245509	0.34275618374558303	0.7430939226519337	0.7793296089385475	0.8189189189189189	0.7768817204301075	0.6910569105691057	0.4744525547445255	0.4541984732824427	0.46715328467153283	0.3645833333333333	0.4980694980694981	0.5852713178294574	0.3333333333333333	0.38545454545454544	0.59375	0.7532808398950132	0.7680180180180181	0.7527839643652561	0.7916666666666666	0.7692307692307693	0.7979274611398963	0.842391304347826	0.6811023622047244	0.7400881057268722	0.3771043771043771	0.8658008658008658	0.8523002421307506	0.8783068783068783	0.32950191570881227	0.45038167938931295	0.5	0.929471032745592	0.9424460431654677	0.9394736842105263	0.34810126582278483	0.9486486486486486
SRR26147186	0.8475750577367206	0.3771626297577855	0.45255474452554745	0.5895522388059702	0.3141025641025641	0.3447098976109215	0.40594059405940597	0.30718954248366015	0.0	0.34459459459459457	0.776255707762557	0.38405797101449274	0.8057742782152231	0.7910447761194029	0.7804878048780488	0.7923627684964201	0.777027027027027	0.7926267281105991	0.7889688249400479	0.3611940298507463	0.5296296296296297	0.4050179211469534	0.35563380281690143	0.32326283987915405	0.4275618374558304	0.5185185185185185	0.8273381294964028	0.3832752613240418	0.8344671201814059	0.8428246013667426	0.9145077720207254	0.9012875536480687	0.631578947368421	0.5017667844522968	0.33807829181494664	0.3343949044585987	0.49097472924187724	0.3146853146853147	0.5947955390334573	0.837953091684435	0.5072992700729927	0.37047353760445684	0.4178082191780822	0.9222222222222223	0.8989010989010989	0.3385093167701863	0.3299319727891156	0.3914590747330961	0.37919463087248323	0.7377049180327869	0.7547683923705722	0.8023952095808383	0.35714285714285715	0.7008310249307479	0.7402234636871509	0.7810810810810811	0.739247311827957	0.6531165311653117	0.45714285714285713	0.4307116104868914	0.46099290780141844	0.40460526315789475	0.5129151291512916	0.5962962962962963	0.37809187279151946	0.35842293906810035	0.6148148148148148	0.7131578947368421	0.7336343115124153	0.7158836689038032	0.7562326869806094	0.7325301204819277	0.7454068241469817	0.7945205479452054	0.6977611940298507	0.7149122807017544	0.36303630363036304	0.8304347826086956	0.8155339805825242	0.8443271767810027	0.35766423357664234	0.45588235294117646	0.5359712230215827	0.8942065491183879	0.9088729016786571	0.9083769633507853	0.36085626911314983	0.9195710455764075
SRR26147187	0.9014423076923077	0.3449612403100775	0.47808764940239046	0.5579399141630901	0.34812286689419797	0.34701492537313433	0.38461538461538464	0.3356643356643357	0.34459459459459457	0.0	0.8266033254156769	0.41568627450980394	0.8591160220994475	0.84375	0.8286445012787724	0.8428927680798005	0.8294392523364486	0.8413461538461539	0.8482587064676617	0.36451612903225805	0.48936170212765956	0.3617886178861789	0.3	0.3504823151125402	0.3815261044176707	0.502092050209205	0.885286783042394	0.3515625	0.892018779342723	0.8931116389548693	0.9585635359116023	0.9414414414414415	0.5877192982456141	0.5019607843137255	0.3	0.30633802816901406	0.4462809917355372	0.3269961977186312	0.5132743362831859	0.8871681415929203	0.41810344827586204	0.3887240356083086	0.41509433962264153	0.9671641791044776	0.9423963133640553	0.3511705685618729	0.3553113553113553	0.32653061224489793	0.2972972972972973	0.7698019801980198	0.8040345821325648	0.8670886075949367	0.31679389312977096	0.7514619883040936	0.7899408284023669	0.8347578347578347	0.7937853107344632	0.7219101123595506	0.3884297520661157	0.41596638655462187	0.4065040650406504	0.3592592592592593	0.45064377682403434	0.5283842794759825	0.38372093023255816	0.3938223938223938	0.5565217391304348	0.771978021978022	0.7873831775700935	0.7540983606557377	0.8099415204678363	0.7777777777777778	0.8087431693989071	0.8628571428571429	0.6415929203539823	0.7692307692307693	0.299625468164794	0.8803611738148984	0.8651399491094147	0.8969359331476323	0.40625	0.3983050847457627	0.4267241379310345	0.9413333333333334	0.9517766497461929	0.952513966480447	0.2787456445993031	0.9596541786743515
SRR26147188	0.4523076923076923	0.8025316455696202	0.814404432132964	0.8318042813455657	0.7981859410430839	0.7955665024630542	0.8179611650485437	0.8109339407744874	0.776255707762557	0.8266033254156769	0.0	0.8126649076517151	0.3894736842105263	0.39344262295081966	0.3583061889250814	0.3333333333333333	0.4326647564469914	0.4	0.31456953642384106	0.7952069716775599	0.8410404624277457	0.8153034300791556	0.8254364089775561	0.7978494623655914	0.8121693121693122	0.8457142857142858	0.3782894736842105	0.8121827411167513	0.46745562130177515	0.4294478527607362	0.6863354037267081	0.6203208556149733	0.8427672955974843	0.8176795580110497	0.8165829145728644	0.8157303370786517	0.8342541436464088	0.8058968058968059	0.8389057750759878	0.3805309734513274	0.8431372549019608	0.8125	0.783289817232376	0.6933333333333334	0.5893854748603352	0.8022222222222222	0.8043478260869565	0.8277634961439588	0.8293269230769231	0.40294117647058825	0.4212328767123288	0.5467625899280576	0.8063725490196079	0.4592833876221498	0.468013468013468	0.47315436241610737	0.4440789473684211	0.434375	0.8184281842818428	0.8117977528089888	0.8194070080862533	0.8073170731707318	0.8304597701149425	0.8323170731707317	0.8128205128205128	0.796875	0.8404907975460123	0.4045307443365696	0.34310850439882695	0.39444444444444443	0.48494983277591974	0.3890577507598784	0.419672131147541	0.46366782006920415	0.8722044728434505	0.3791208791208791	0.8123515439429929	0.4289855072463768	0.4129032258064516	0.48109965635738833	0.8052631578947368	0.8222222222222222	0.8455056179775281	0.6656626506024096	0.6298507462686567	0.6592356687898089	0.8131868131868132	0.652317880794702
SRR26147189	0.8837837837837837	0.42386831275720166	0.3671497584541063	0.48704663212435234	0.4229390681003584	0.404	0.46124031007751937	0.36363636363636365	0.38405797101449274	0.41568627450980394	0.8126649076517151	0.0	0.8359621451104101	0.8200589970501475	0.8069164265129684	0.83008356545961	0.812987012987013	0.8288770053475936	0.8328690807799443	0.46179401993355484	0.4213197969543147	0.36818181818181817	0.3717948717948718	0.4470198675496689	0.42543859649122806	0.35602094240837695	0.8647887323943662	0.3706896551724138	0.8707124010554089	0.8806366047745358	0.9394904458598726	0.935	0.5291005291005291	0.3671497584541063	0.3577586206896552	0.4223826714801444	0.40384615384615385	0.35	0.455026455026455	0.8777506112469438	0.45454545454545453	0.48787878787878786	0.3722943722943723	0.9440559440559441	0.9276485788113695	0.43006993006993005	0.3603238866396761	0.36607142857142855	0.41832669322709165	0.7622950819672131	0.7875816993464052	0.8239700374531835	0.3795918367346939	0.7104377104377104	0.7585034013605442	0.7993421052631579	0.7564935064935064	0.6655844155844156	0.41284403669724773	0.375609756097561	0.4253393665158371	0.38461538461538464	0.4228855721393035	0.44148936170212766	0.2889908256880734	0.3167420814479638	0.4842105263157895	0.7366771159874608	0.7597911227154047	0.7519181585677749	0.7694915254237288	0.7570621468926554	0.7711598746081505	0.8278145695364238	0.5706521739130435	0.7405541561712846	0.416988416988417	0.87	0.8547008547008547	0.864516129032258	0.3378995433789954	0.37073170731707317	0.4786729857819905	0.9367469879518072	0.9426934097421203	0.9391025641025641	0.4745762711864407	0.9503311258278145
SRR26147190	0.46545454545454545	0.8470588235294118	0.8509933774834437	0.868421052631579	0.8367875647668394	0.830945558739255	0.8531073446327684	0.84251968503937	0.8057742782152231	0.8591160220994475	0.3894736842105263	0.8359621451104101	0.0	0.38976377952755903	0.3667953667953668	0.36259541984732824	0.436241610738255	0.3804347826086957	0.3970037453183521	0.8402948402948403	0.8612099644128114	0.8463949843260188	0.8563049853372434	0.8369829683698297	0.8391167192429022	0.8745644599303136	0.3715415019762846	0.8413173652694611	0.450354609929078	0.42124542124542125	0.5867768595041323	0.5876623376623377	0.8611111111111112	0.8471760797342193	0.8495575221238938	0.8564102564102564	0.8595317725752508	0.8294797687861272	0.8768656716417911	0.40816326530612246	0.8783783783783784	0.8428246013667426	0.8153846153846154	0.5990990990990991	0.552901023890785	0.8434343434343434	0.8370786516853933	0.8567073170731707	0.8690807799442897	0.5	0.37606837606837606	0.424390243902439	0.829971181556196	0.4444444444444444	0.4351464435146444	0.3948497854077253	0.3868312757201646	0.45018450184501846	0.8360655737704918	0.8367346938775511	0.8520900321543409	0.847457627118644	0.856140350877193	0.8560606060606061	0.8424242424242424	0.8348623853211009	0.870722433460076	0.45112781954887216	0.4234527687296417	0.4613003095975232	0.43037974683544306	0.41901408450704225	0.396	0.4008810572687225	0.889795918367347	0.49852507374631266	0.852054794520548	0.3993055555555556	0.36904761904761907	0.3665158371040724	0.8307210031347962	0.8528428093645485	0.8775510204081632	0.6130268199233716	0.5627376425855514	0.5774058577405857	0.8582089552238806	0.5826086956521739
SRR26147191	0.4539249146757679	0.8347107438016529	0.8260869565217391	0.8512110726643599	0.8148148148148148	0.8102981029810298	0.8284182305630027	0.8258706467661692	0.7910447761194029	0.84375	0.39344262295081966	0.8200589970501475	0.38976377952755903	0.0	0.4236111111111111	0.38028169014084506	0.41214057507987223	0.4013377926421405	0.3607142857142857	0.8108747044917257	0.8491803278688524	0.8264705882352941	0.8402203856749312	0.8051643192488263	0.8230088495575221	0.8617363344051447	0.38321167883211676	0.8258426966292135	0.46557377049180326	0.4068965517241379	0.6336996336996337	0.6130952380952381	0.851985559566787	0.8297213622291022	0.8272980501392758	0.8308823529411765	0.8411214953271028	0.8152173913043478	0.8512110726643599	0.42586750788643535	0.8548895899053628	0.8257080610021786	0.7976878612716763	0.6640625	0.5825545171339563	0.8245192307692307	0.8133333333333334	0.8433048433048433	0.8469656992084432	0.4923547400611621	0.40077821011673154	0.48068669527896996	0.8157181571815718	0.4673913043478261	0.4944237918215613	0.4423076923076923	0.4275092936802974	0.46075085324232085	0.823170731707317	0.8270440251572327	0.8452380952380952	0.8198924731182796	0.8333333333333334	0.84375	0.8267045454545454	0.8057971014492754	0.8571428571428571	0.4671280276816609	0.3956386292834891	0.41916167664670656	0.4559386973180077	0.44155844155844154	0.4290909090909091	0.4302788844621514	0.8777777777777778	0.43023255813953487	0.828125	0.4180064308681672	0.362962962962963	0.4566929133858268	0.8187134502923976	0.8348909657320872	0.8683385579937304	0.6401384083044983	0.608843537414966	0.6104868913857678	0.8333333333333334	0.632183908045977
SRR26147192	0.4276094276094276	0.8189189189189189	0.8228228228228228	0.8543046357615894	0.7951219512195122	0.8015873015873016	0.8255208333333334	0.8203883495145631	0.7804878048780488	0.8286445012787724	0.3583061889250814	0.8069164265129684	0.3667953667953668	0.4236111111111111	0.0	0.3010752688172043	0.35691318327974275	0.38688524590163936	0.3689655172413793	0.8114942528735632	0.8412698412698413	0.82	0.8368983957219251	0.8004587155963303	0.8267045454545454	0.8427672955974843	0.35611510791366907	0.8099173553719008	0.4144736842105263	0.4080267558528428	0.6515679442508711	0.584070796460177	0.8551724137931035	0.8192771084337349	0.8211382113821138	0.8253588516746412	0.8408408408408409	0.8031914893617021	0.8504983388704319	0.43119266055045874	0.850609756097561	0.8133047210300429	0.7818696883852692	0.6360153256704981	0.5657492354740061	0.8080568720379147	0.8046875	0.83008356545961	0.8376288659793815	0.45426829268292684	0.45454545454545453	0.4918032786885246	0.8037135278514589	0.3754646840148699	0.4188679245283019	0.4068441064638783	0.35714285714285715	0.42905405405405406	0.8059701492537313	0.8165137614678899	0.838150289017341	0.8141361256544503	0.8369905956112853	0.8277027027027027	0.8138888888888889	0.8033707865168539	0.8484848484848485	0.4241379310344828	0.396969696969697	0.41055718475073316	0.38372093023255816	0.3367003367003367	0.3358208955223881	0.4186046511627907	0.875886524822695	0.41714285714285715	0.8193384223918575	0.41379310344827586	0.39436619718309857	0.3952569169960474	0.8022922636103151	0.8206686930091185	0.8601823708206687	0.625	0.5852842809364549	0.6200716845878136	0.819672131147541	0.6259259259259259
SRR26147193	0.4074074074074074	0.8249336870026526	0.8328445747800587	0.8571428571428571	0.8095238095238095	0.8170103092783505	0.8312020460358056	0.831353919239905	0.7923627684964201	0.8428927680798005	0.3333333333333333	0.83008356545961	0.36259541984732824	0.38028169014084506	0.3010752688172043	0.0	0.3639240506329114	0.3509933774834437	0.29537366548042704	0.8140589569160998	0.8513931888544891	0.8263305322128851	0.84251968503937	0.8139013452914798	0.8263305322128851	0.852760736196319	0.35231316725978645	0.8257372654155496	0.4358974358974359	0.40924092409240925	0.6401384083044983	0.5830903790087464	0.8542372881355932	0.8259587020648967	0.8271276595744681	0.8387850467289719	0.8504398826979472	0.8155844155844156	0.8571428571428571	0.378125	0.8601190476190477	0.8280922431865828	0.8021978021978022	0.6441947565543071	0.5474006116207951	0.8190255220417634	0.8137755102040817	0.8455284552845529	0.8459595959595959	0.4263803680981595	0.40370370370370373	0.49193548387096775	0.812987012987013	0.3890909090909091	0.4141791044776119	0.4141791044776119	0.3772893772893773	0.41946308724832215	0.8128654970760234	0.8198198198198198	0.8441926345609065	0.8320610687022901	0.8470948012232415	0.8464052287581699	0.8265582655826558	0.8066298342541437	0.8590163934426229	0.4197952218430034	0.3738601823708207	0.4069767441860465	0.43333333333333335	0.3388704318936877	0.38571428571428573	0.4015444015444015	0.8784722222222222	0.4045584045584046	0.8220551378446115	0.40993788819875776	0.3732394366197183	0.4153846153846154	0.8156424581005587	0.8377581120943953	0.8592814371257484	0.636963696369637	0.5841584158415841	0.5985663082437276	0.8275862068965517	0.6290909090909091
SRR26147194	0.4161490683229814	0.8264058679706602	0.8274932614555256	0.8558823529411764	0.8119469026548672	0.7990314769975787	0.8293838862559242	0.8139013452914798	0.777027027027027	0.8294392523364486	0.4326647564469914	0.812987012987013	0.436241610738255	0.41214057507987223	0.35691318327974275	0.3639240506329114	0.0	0.3069620253164557	0.3824451410658307	0.8059701492537313	0.8441926345609065	0.8247422680412371	0.8341463414634146	0.7957446808510639	0.8217054263565892	0.8551532033426184	0.40764331210191085	0.8125	0.359375	0.378125	0.6261980830670927	0.5472222222222223	0.8704819277108434	0.8211382113821138	0.8255528255528255	0.8211920529801324	0.8467741935483871	0.8004866180048662	0.849112426035503	0.40229885057471265	0.8493150684931506	0.8056112224448898	0.7902813299232737	0.67	0.5371428571428571	0.8026315789473685	0.8047619047619048	0.8308080808080808	0.8321513002364066	0.42857142857142855	0.4755700325732899	0.5321428571428571	0.7980535279805353	0.44155844155844154	0.47019867549668876	0.43389830508474575	0.3783783783783784	0.4835820895522388	0.8155080213903744	0.825136612021858	0.8471502590673575	0.8162291169451074	0.8370786516853933	0.8461538461538461	0.8131313131313131	0.794344473007712	0.857566765578635	0.4472049689440994	0.4111111111111111	0.4274193548387097	0.4666666666666667	0.42058823529411765	0.39144736842105265	0.45017182130584193	0.8785046728971962	0.41644562334217505	0.8263888888888888	0.37091988130563797	0.37987012987012986	0.4463667820069204	0.805699481865285	0.8319783197831978	0.8610354223433242	0.5759493670886076	0.5572755417956656	0.5921052631578947	0.8134490238611713	0.6336633663366337
SRR26147195	0.40584415584415584	0.8417085427135679	0.8379888268156425	0.8615384615384616	0.8253968253968254	0.8163771712158809	0.8357843137254902	0.8275862068965517	0.7926267281105991	0.8413461538461539	0.4	0.8288770053475936	0.3804347826086957	0.4013377926421405	0.38688524590163936	0.3509933774834437	0.3069620253164557	0.0	0.35973597359735976	0.8239130434782609	0.8592375366568915	0.8377659574468085	0.8438287153652393	0.8082788671023965	0.8284182305630027	0.863768115942029	0.3527397260273973	0.8277634961439588	0.3729903536977492	0.3388704318936877	0.6114864864864865	0.5391304347826087	0.8769716088328076	0.8379888268156425	0.8379746835443038	0.834841628959276	0.8579387186629527	0.8179551122194514	0.8615384615384616	0.3628048780487805	0.8607954545454546	0.824847250509165	0.798941798941799	0.6476868327402135	0.5626822157434402	0.8236607142857143	0.8132678132678133	0.84375	0.8526570048309179	0.4785100286532951	0.4463667820069204	0.5263157894736842	0.8125	0.4633333333333333	0.47766323024054985	0.44014084507042256	0.39372822299651566	0.4670846394984326	0.8319559228650137	0.8356940509915014	0.8548387096774194	0.8308823529411765	0.8517441860465116	0.8584615384615385	0.8316062176165803	0.8095238095238095	0.8738461538461538	0.48264984227129337	0.4154727793696275	0.43213296398891965	0.4897260273972603	0.42073170731707316	0.41216216216216217	0.43478260869565216	0.8928571428571429	0.4207650273224044	0.8325358851674641	0.3591331269349845	0.32752613240418116	0.4074074074074074	0.8275862068965517	0.8394366197183099	0.8696883852691218	0.5775577557755776	0.5533980582524272	0.5993150684931506	0.8395604395604396	0.6091549295774648
SRR26147196	0.3835616438356164	0.8306878306878307	0.8357771260997068	0.8491803278688524	0.8119047619047619	0.8165374677002584	0.8396946564885496	0.8281622911694511	0.7889688249400479	0.8482587064676617	0.31456953642384106	0.8328690807799443	0.3970037453183521	0.3607142857142857	0.3689655172413793	0.29537366548042704	0.3824451410658307	0.35973597359735976	0.0	0.8082191780821918	0.8615384615384616	0.8258426966292135	0.8481675392670157	0.8108108108108109	0.8225352112676056	0.8628048780487805	0.35	0.8284182305630027	0.41368078175895767	0.3859060402684564	0.6529209621993127	0.5818713450292398	0.8614864864864865	0.8391812865497076	0.8328912466843501	0.8411214953271028	0.85	0.8181818181818182	0.8566775244299675	0.39628482972136225	0.8630952380952381	0.8301886792452831	0.8082191780821918	0.6529850746268657	0.572289156626506	0.8267898383371824	0.8223350253807107	0.8513513513513513	0.8542713567839196	0.41975308641975306	0.3895131086142322	0.5020080321285141	0.8277634961439588	0.4326241134751773	0.4411764705882353	0.417910447761194	0.38686131386861317	0.43333333333333335	0.8260869565217391	0.8298507462686567	0.8502824858757062	0.8286445012787724	0.8501529051987767	0.8534201954397395	0.8324324324324325	0.8159340659340659	0.8622950819672132	0.4068965517241379	0.3768996960486322	0.40058479532163743	0.45985401459854014	0.37987012987012986	0.3835125448028674	0.41762452107279696	0.8858131487889274	0.36070381231671556	0.830423940149626	0.41304347826086957	0.36524822695035464	0.41923076923076924	0.8184357541899442	0.8372781065088757	0.8690476190476191	0.6312292358803987	0.5780730897009967	0.6021505376344086	0.8298850574712644	0.6227106227106227
SRR26147197	0.8733624454148472	0.38	0.5	0.6236933797909407	0.3445121951219512	0.37012987012987014	0.36065573770491804	0.363914373088685	0.3611940298507463	0.36451612903225805	0.7952069716775599	0.46179401993355484	0.8402948402948403	0.8108747044917257	0.8114942528735632	0.8140589569160998	0.8059701492537313	0.8239130434782609	0.8082191780821918	0.0	0.5625	0.43389830508474575	0.40264026402640263	0.32748538011695905	0.4391891891891892	0.5767918088737202	0.8526077097505669	0.40728476821192056	0.8629550321199143	0.8709677419354839	0.9339853300733496	0.9137577002053389	0.6584507042253521	0.5397350993377483	0.37037037037037035	0.34355828220858897	0.5051546391752577	0.369281045751634	0.6091549295774648	0.8507157464212679	0.5259515570934256	0.3551912568306011	0.4139072847682119	0.9397905759162304	0.9094736842105263	0.3473053892215569	0.3821656050955414	0.4521452145214521	0.3974358974358974	0.7420814479638009	0.7783505154639175	0.8448753462603878	0.3713355048859935	0.734375	0.7716535433070866	0.8121827411167513	0.7758186397984886	0.6921119592875318	0.4570446735395189	0.4808362369337979	0.4554794520547945	0.3858520900321543	0.5365853658536586	0.6056338028169014	0.423841059602649	0.3952702702702703	0.6376306620209059	0.7536945812807881	0.7649572649572649	0.7317596566523605	0.7927461139896373	0.7545871559633027	0.7867647058823529	0.8312020460358056	0.7112676056338029	0.7331932773109243	0.3180327868852459	0.8627049180327869	0.8470319634703196	0.8737623762376238	0.41694915254237286	0.48788927335640137	0.547945205479452	0.9168646080760094	0.9248291571753986	0.9257425742574258	0.31402439024390244	0.9367088607594937
SRR26147198	0.9166666666666666	0.44651162790697674	0.39444444444444443	0.4423076923076923	0.5189393939393939	0.4782608695652174	0.5	0.5269230769230769	0.5296296296296297	0.48936170212765956	0.8410404624277457	0.4213197969543147	0.8612099644128114	0.8491803278688524	0.8412698412698413	0.8513931888544891	0.8441926345609065	0.8592375366568915	0.8615384615384616	0.5625	0.0	0.41836734693877553	0.4558139534883721	0.5616438356164384	0.4577114427860697	0.37423312883435583	0.89375	0.44075829383886256	0.9014492753623189	0.8997050147492626	0.9635036496350365	0.9556786703601108	0.3873239436619718	0.45454545454545453	0.4413145539906103	0.5413533834586466	0.4101123595505618	0.45089285714285715	0.4117647058823529	0.900804289544236	0.378698224852071	0.6068111455108359	0.42028985507246375	0.9673469387755103	0.9452449567723343	0.5454545454545454	0.4851063829787234	0.46859903381642515	0.48695652173913045	0.7976190476190477	0.8118081180811808	0.8427947598253275	0.48034934497816595	0.7490636704119851	0.7938931297709924	0.8208955223880597	0.7854545454545454	0.7025089605734767	0.3945945945945946	0.38636363636363635	0.40106951871657753	0.47161572052401746	0.41420118343195267	0.3841059602649007	0.44976076555023925	0.424390243902439	0.38513513513513514	0.7835051546391752	0.8	0.8005464480874317	0.7969348659003831	0.8042813455657493	0.8048780487804879	0.8490566037735849	0.5034965034965035	0.7810810810810811	0.4703389830508475	0.8958904109589041	0.8722044728434505	0.9021739130434783	0.4090909090909091	0.398876404494382	0.4277456647398844	0.9444444444444444	0.9576547231270358	0.959409594095941	0.5678571428571428	0.9571984435797666
SRR26147199	0.8864864864864865	0.35344827586206895	0.4028436018957346	0.5076923076923077	0.3978102189781022	0.3821138211382114	0.4032258064516129	0.3857677902621723	0.4050179211469534	0.3617886178861789	0.8153034300791556	0.36818181818181817	0.8463949843260188	0.8264705882352941	0.82	0.8263305322128851	0.8247422680412371	0.8377659574468085	0.8258426966292135	0.43389830508474575	0.41836734693877553	0.0	0.3620689655172414	0.4135593220338983	0.365296803652968	0.41919191919191917	0.8707865168539326	0.3537117903930131	0.8792650918635171	0.8862433862433863	0.946031746031746	0.940149625935162	0.48633879781420764	0.4252336448598131	0.354978354978355	0.39114391143911437	0.40865384615384615	0.3403361344537815	0.4521276595744681	0.8746928746928747	0.39800995024875624	0.47706422018348627	0.3974358974358974	0.9548611111111112	0.9329896907216495	0.43902439024390244	0.3904382470119522	0.3409090909090909	0.37037037037037035	0.7683923705722071	0.7788778877887789	0.8407407407407408	0.37037037037037035	0.7266666666666667	0.7661016949152543	0.8181818181818182	0.7795527156549521	0.6942675159235668	0.3953488372093023	0.32323232323232326	0.37089201877934275	0.3821138211382114	0.39593908629441626	0.41304347826086957	0.35398230088495575	0.37280701754385964	0.4734042553191489	0.7476635514018691	0.7751937984496124	0.7670886075949367	0.7933333333333333	0.7703081232492998	0.796923076923077	0.834983498349835	0.5683060109289617	0.7587064676616916	0.376984126984127	0.8781094527363185	0.8640226628895185	0.8821656050955414	0.40789473684210525	0.375609756097561	0.4	0.9365558912386707	0.9485714285714286	0.9523809523809523	0.4245614035087719	0.9570957095709571
SRR26147200	0.9040404040404041	0.3643724696356275	0.41150442477876104	0.5235849056603774	0.3594306049822064	0.37209302325581395	0.3543307086614173	0.37050359712230213	0.35563380281690143	0.3	0.8254364089775561	0.3717948717948718	0.8563049853372434	0.8402203856749312	0.8368983957219251	0.84251968503937	0.8341463414634146	0.8438287153652393	0.8481675392670157	0.40264026402640263	0.4558139534883721	0.3620689655172414	0.0	0.38283828382838286	0.36909871244635195	0.419811320754717	0.8812664907651715	0.3305439330543933	0.8830845771144279	0.8925	0.9557522123893806	0.9407582938388626	0.5414634146341464	0.4458874458874459	0.31092436974789917	0.34057971014492755	0.4099099099099099	0.34523809523809523	0.46568627450980393	0.8863109048723898	0.3925233644859813	0.4431137724550898	0.3861788617886179	0.9614147909967846	0.941747572815534	0.4013605442176871	0.3488372093023256	0.29515418502202645	0.34782608695652173	0.7751937984496124	0.8012232415902141	0.8487972508591065	0.3346613545816733	0.7569230769230769	0.7861635220125787	0.8267477203647416	0.7904191616766467	0.7065868263473054	0.39035087719298245	0.3835616438356164	0.388646288209607	0.38461538461538464	0.4205607476635514	0.4830917874396135	0.3651452282157676	0.3276595744680851	0.5072463768115942	0.7602339181286549	0.7813267813267813	0.7675544794188862	0.8074534161490683	0.7900262467191601	0.8028985507246377	0.8496932515337423	0.6146341463414634	0.7565632458233891	0.3612167300380228	0.8791469194312796	0.8629032258064516	0.8931750741839762	0.3547008547008547	0.3488372093023256	0.39436619718309857	0.9405099150141643	0.9516129032258065	0.9523809523809523	0.3758620689655172	0.9567901234567902
SRR26147201	0.8701298701298701	0.3973941368078176	0.4847457627118644	0.6267123287671232	0.3159509202453988	0.33986928104575165	0.3885350318471338	0.34049079754601225	0.32326283987915405	0.3504823151125402	0.7978494623655914	0.4470198675496689	0.8369829683698297	0.8051643192488263	0.8004587155963303	0.8139013452914798	0.7957446808510639	0.8082788671023965	0.8108108108108109	0.32748538011695905	0.5616438356164384	0.4135593220338983	0.38283828382838286	0.0	0.45544554455445546	0.5563139931740614	0.852017937219731	0.4084967320261438	0.8550106609808102	0.8605150214592274	0.9271844660194175	0.9103869653767821	0.6655172413793103	0.5198675496688742	0.35570469798657717	0.30959752321981426	0.5	0.3656957928802589	0.6124567474048442	0.8548387096774194	0.5205479452054794	0.2678062678062678	0.4405144694533762	0.9352331606217616	0.9106029106029107	0.29878048780487804	0.33116883116883117	0.4271523178807947	0.3729903536977492	0.7483296213808464	0.7817258883248731	0.8379120879120879	0.34098360655737703	0.7319587628865979	0.7751937984496124	0.7969543147208121	0.7669172932330827	0.6934673366834171	0.4576271186440678	0.49146757679180886	0.4664429530201342	0.3821656050955414	0.541095890410959	0.6089965397923875	0.4144736842105263	0.42295081967213116	0.6404109589041096	0.742014742014742	0.7521367521367521	0.7188841201716738	0.7772020725388601	0.7465753424657534	0.769041769041769	0.8308080808080808	0.7172413793103448	0.7286012526096033	0.3471337579617834	0.852760736196319	0.835990888382688	0.8617283950617284	0.4491803278688525	0.5084175084175084	0.5423728813559322	0.9129411764705883	0.9209932279909706	0.9242053789731052	0.33630952380952384	0.9323308270676691
SRR26147202	0.8834688346883469	0.37446808510638296	0.41037735849056606	0.484375	0.4377224199288256	0.35537190082644626	0.35684647302904565	0.42124542124542125	0.4275618374558304	0.3815261044176707	0.8121693121693122	0.42543859649122806	0.8391167192429022	0.8230088495575221	0.8267045454545454	0.8263305322128851	0.8217054263565892	0.8284182305630027	0.8225352112676056	0.4391891891891892	0.4577114427860697	0.365296803652968	0.36909871244635195	0.45544554455445546	0.0	0.435	0.8707865168539326	0.36796536796536794	0.8763157894736842	0.883289124668435	0.946031746031746	0.9321608040201005	0.510752688172043	0.4398148148148148	0.3406113537117904	0.44285714285714284	0.37745098039215685	0.36099585062240663	0.4521276595744681	0.8719211822660099	0.39800995024875624	0.4817073170731707	0.35526315789473684	0.9438596491228071	0.927461139896373	0.41134751773049644	0.421875	0.38495575221238937	0.416	0.7616438356164383	0.7748344370860927	0.832089552238806	0.3770491803278688	0.7392739273927392	0.7619047619047619	0.8181818181818182	0.7756410256410257	0.6816720257234726	0.36492890995260663	0.3883495145631068	0.39351851851851855	0.3821138211382114	0.34554973821989526	0.42162162162162165	0.39655172413793105	0.40086206896551724	0.45698924731182794	0.7476635514018691	0.772020725388601	0.7670886075949367	0.8052805280528053	0.7805555555555556	0.8006134969325154	0.8426229508196721	0.5604395604395604	0.7679012345679013	0.357429718875502	0.8696741854636592	0.8510028653295129	0.8785942492012779	0.3721973094170404	0.375609756097561	0.4158415841584158	0.9365558912386707	0.9394812680115274	0.9389067524115756	0.4134275618374558	0.9466666666666667
SRR26147203	0.9205882352941176	0.4681818181818182	0.3867403314917127	0.4129032258064516	0.5243445692883895	0.5042372881355932	0.5	0.5210727969348659	0.5185185185185185	0.502092050209205	0.8457142857142858	0.35602094240837695	0.8745644599303136	0.8617363344051447	0.8427672955974843	0.852760736196319	0.8551532033426184	0.863768115942029	0.8628048780487805	0.5767918088737202	0.37423312883435583	0.41919191919191917	0.419811320754717	0.5563139931740614	0.435	0.0	0.8947368421052632	0.4339622641509434	0.9022988505747126	0.9101449275362319	0.9676258992805755	0.9560439560439561	0.4	0.3956043956043956	0.4272300469483568	0.5245283018867924	0.39325842696629215	0.4444444444444444	0.33783783783783783	0.9074074074074074	0.38011695906432746	0.6018518518518519	0.4507042253521127	0.967741935483871	0.9517045454545454	0.5503597122302158	0.4458874458874459	0.4	0.4870689655172414	0.799410029498525	0.8267148014440433	0.8497854077253219	0.4672489082969432	0.7564575645756457	0.8097014925373134	0.8357664233576643	0.7921146953405018	0.6964285714285714	0.4293193717277487	0.3693181818181818	0.4512820512820513	0.4978723404255319	0.3869047619047619	0.3422818791946309	0.39705882352941174	0.4326923076923077	0.35374149659863946	0.7773972602739726	0.7983193277310925	0.8054054054054054	0.8127340823970037	0.8024316109422492	0.8191126279863481	0.8676470588235294	0.4825174825174825	0.7957559681697612	0.4896265560165975	0.8967391304347826	0.8840125391849529	0.8992805755395683	0.4020100502512563	0.36363636363636365	0.41954022988505746	0.9628378378378378	0.9614147909967846	0.9636363636363636	0.5622775800711743	0.9616858237547893
SRR26147216	0.3418181818181818	0.8759894459102903	0.8694362017804155	0.8870431893687708	0.8527315914489311	0.8549222797927462	0.8746803069053708	0.8663484486873508	0.8273381294964028	0.885286783042394	0.3782894736842105	0.8647887323943662	0.3715415019762846	0.38321167883211676	0.35611510791366907	0.35231316725978645	0.40764331210191085	0.3527397260273973	0.35	0.8526077097505669	0.89375	0.8707865168539326	0.8812664907651715	0.852017937219731	0.8707865168539326	0.8947368421052632	0.0	0.8682795698924731	0.3473684210526316	0.3626760563380282	0.5970149253731343	0.5251572327044025	0.8931034482758621	0.8660714285714286	0.8753315649867374	0.8705882352941177	0.8905325443786982	0.8567708333333334	0.890728476821192	0.37540453074433655	0.9041916167664671	0.8565400843881856	0.8425414364640884	0.5918367346938775	0.4527027027027027	0.8689655172413793	0.8542199488491049	0.8794520547945206	0.8916876574307305	0.5238095238095238	0.47232472324723246	0.5308641975308642	0.8541666666666666	0.48936170212765956	0.483271375464684	0.45454545454545453	0.43956043956043955	0.47651006711409394	0.8658892128279884	0.8640483383685801	0.8923512747875354	0.8666666666666667	0.8854489164086687	0.8910891089108911	0.8664850136239782	0.850415512465374	0.8966666666666666	0.4778156996587031	0.4629080118694362	0.504225352112676	0.4621212121212121	0.4318181818181818	0.4296028880866426	0.41832669322709165	0.9032258064516129	0.48746518105849584	0.8675	0.34448160535117056	0.3333333333333333	0.326271186440678	0.8567415730337079	0.8746268656716418	0.9036144578313253	0.5652173913043478	0.5126353790613718	0.5333333333333333	0.8744292237442922	0.56
SRR26147217	0.8863049095607235	0.34297520661157027	0.4107142857142857	0.4803921568627451	0.3873239436619718	0.38996138996138996	0.4099616858237548	0.39285714285714285	0.3832752613240418	0.3515625	0.8121827411167513	0.3706896551724138	0.8413173652694611	0.8258426966292135	0.8099173553719008	0.8257372654155496	0.8125	0.8277634961439588	0.8284182305630027	0.40728476821192056	0.44075829383886256	0.3537117903930131	0.3305439330543933	0.4084967320261438	0.36796536796536794	0.4339622641509434	0.8682795698924731	0.0	0.8708860759493671	0.8860759493670886	0.9491017964071856	0.9326923076923077	0.5346534653465347	0.4247787610619469	0.2948717948717949	0.36917562724014336	0.4018264840182648	0.3373493975903614	0.4803921568627451	0.875	0.3605769230769231	0.44744744744744747	0.35833333333333334	0.954248366013072	0.9334975369458128	0.4006849315068493	0.3540856031128405	0.33766233766233766	0.39768339768339767	0.7506631299734748	0.784375	0.8432055749128919	0.3466135458167331	0.7350157728706624	0.7802547770700637	0.8142414860681114	0.7737003058103975	0.68	0.35294117647058826	0.375	0.40869565217391307	0.35177865612648224	0.3894230769230769	0.49029126213592233	0.37083333333333335	0.3261802575107296	0.48514851485148514	0.7395209580838323	0.7550505050505051	0.7536945812807881	0.7943037974683544	0.7654986522911051	0.7869822485207101	0.8375	0.5808080808080808	0.748792270531401	0.3726235741444867	0.8674698795180723	0.8493150684931506	0.8821752265861027	0.3463203463203463	0.37037037037037035	0.4377880184331797	0.9339080459770115	0.9455040871934605	0.9424242424242424	0.38620689655172413	0.9498432601880877
SRR26147228	0.38047138047138046	0.8836633663366337	0.8815426997245179	0.8990825688073395	0.8635346756152126	0.8609756097560975	0.8848920863309353	0.871331828442438	0.8344671201814059	0.892018779342723	0.46745562130177515	0.8707124010554089	0.450354609929078	0.46557377049180326	0.4144736842105263	0.4358974358974359	0.359375	0.3729903536977492	0.41368078175895767	0.8629550321199143	0.9014492753623189	0.8792650918635171	0.8830845771144279	0.8550106609808102	0.8763157894736842	0.9022988505747126	0.3473684210526316	0.8708860759493671	0.0	0.3219178082191781	0.5880281690140845	0.44654088050314467	0.9085173501577287	0.8690807799442897	0.8830845771144279	0.8802660753880266	0.9010989010989011	0.8655256723716381	0.8990825688073395	0.3582554517133956	0.9078212290502793	0.8637274549098196	0.8586118251928021	0.6037735849056604	0.45686900958466453	0.87117903930131	0.8629807692307693	0.8871794871794871	0.8981042654028436	0.5607734806629834	0.5317725752508361	0.5584905660377358	0.8602941176470589	0.5309446254071661	0.5420875420875421	0.5120274914089347	0.47635135135135137	0.552870090634441	0.8840970350404312	0.8798882681564246	0.9023746701846965	0.8746987951807229	0.8936781609195402	0.899390243902439	0.875	0.8630490956072352	0.9079754601226994	0.528125	0.5	0.5053763440860215	0.523972602739726	0.5189504373177842	0.46153846153846156	0.4928571428571429	0.9183006535947712	0.5130890052356021	0.883177570093458	0.35962145110410093	0.3508771929824561	0.3783783783783784	0.8601583113456465	0.8925619834710744	0.9134078212290503	0.4856115107913669	0.48788927335640137	0.5276752767527675	0.8787878787878788	0.5793357933579336
SRR26147239	0.34494773519163763	0.8819095477386935	0.8888888888888888	0.9074074074074074	0.8719101123595505	0.8728606356968215	0.8886198547215496	0.8798185941043084	0.8428246013667426	0.8931116389548693	0.4294478527607362	0.8806366047745358	0.42124542124542125	0.4068965517241379	0.4080267558528428	0.40924092409240925	0.378125	0.3388704318936877	0.3859060402684564	0.8709677419354839	0.8997050147492626	0.8862433862433863	0.8925	0.8605150214592274	0.883289124668435	0.9101449275362319	0.3626760563380282	0.8860759493670886	0.3219178082191781	0.0	0.5842293906810035	0.475	0.9137380191693291	0.8795518207282913	0.8841309823677582	0.8861607142857143	0.9025069637883009	0.8719211822660099	0.9074074074074074	0.3667711598746082	0.9185393258426966	0.8666666666666667	0.859375	0.6159695817490495	0.4857142857142857	0.8694690265486725	0.8692493946731235	0.8969072164948454	0.9045346062052506	0.5533707865168539	0.486013986013986	0.5538461538461539	0.8722358722358723	0.5551948051948052	0.5525423728813559	0.506993006993007	0.46551724137931033	0.5623100303951368	0.8852459016393442	0.8873239436619719	0.900804289544236	0.8837772397094431	0.9014492753623189	0.9076923076923077	0.8817480719794345	0.8697916666666666	0.9130434782608695	0.5284810126582279	0.4744318181818182	0.4972677595628415	0.5344827586206896	0.49700598802395207	0.4610169491525424	0.45353159851301117	0.9238410596026491	0.47282608695652173	0.8815165876777251	0.33116883116883117	0.33691756272401435	0.3953488372093023	0.8670212765957447	0.8907563025210085	0.9150141643059491	0.5283687943262412	0.4551971326164875	0.5280898876404494	0.8796498905908097	0.5643939393939394
SRR26147265	0.6115107913669064	0.9404761904761905	0.9457627118644067	0.9566929133858267	0.9355670103092784	0.9401709401709402	0.9488636363636364	0.9425587467362925	0.9145077720207254	0.9585635359116023	0.6863354037267081	0.9394904458598726	0.5867768595041323	0.6336996336996337	0.6515679442508711	0.6401384083044983	0.6261980830670927	0.6114864864864865	0.6529209621993127	0.9339853300733496	0.9635036496350365	0.946031746031746	0.9557522123893806	0.9271844660194175	0.946031746031746	0.9676258992805755	0.5970149253731343	0.9491017964071856	0.5880281690140845	0.5842293906810035	0.0	0.5056179775280899	0.9670781893004116	0.934931506849315	0.9464285714285714	0.9432989690721649	0.9661016949152542	0.9365994236311239	0.96484375	0.6198083067092651	0.9722222222222222	0.9297052154195011	0.9327217125382263	0.48066298342541436	0.5134099616858238	0.9423558897243107	0.9382022471910112	0.9537037037037037	0.9577464788732394	0.7396449704142012	0.696969696969697	0.7072072072072072	0.9367816091954023	0.7240143369175627	0.7196969696969697	0.7	0.6716417910447762	0.7368421052631579	0.9437086092715232	0.9411764705882353	0.9611650485436893	0.9461756373937678	0.9642857142857143	0.9649805447470817	0.9451219512195121	0.9384615384615385	0.9683794466403162	0.7297297297297297	0.6938775510204082	0.7229916897506925	0.6875	0.7012578616352201	0.6727272727272727	0.6025641025641025	0.9649122807017544	0.7250673854447439	0.9506849315068493	0.5785953177257525	0.5955056179775281	0.5555555555555556	0.940251572327044	0.9593220338983051	0.9647887323943662	0.44761904761904764	0.4594594594594595	0.4489795918367347	0.9477611940298507	0.44086021505376344
SRR26147276	0.503125	0.930952380952381	0.9396325459317585	0.9501466275659824	0.9188034188034188	0.9236111111111112	0.9331797235023042	0.9290322580645162	0.9012875536480687	0.9414414414414415	0.6203208556149733	0.935	0.5876623376623377	0.6130952380952381	0.584070796460177	0.5830903790087464	0.5472222222222223	0.5391304347826087	0.5818713450292398	0.9137577002053389	0.9556786703601108	0.940149625935162	0.9407582938388626	0.9103869653767821	0.9321608040201005	0.9560439560439561	0.5251572327044025	0.9326923076923077	0.44654088050314467	0.475	0.5056179775280899	0.0	0.9700598802395209	0.9312169312169312	0.9382422802850356	0.9275053304904051	0.9553805774278216	0.9255813953488372	0.956268221574344	0.5042735042735043	0.9626666666666667	0.9113680154142582	0.9166666666666666	0.5680933852140078	0.3527397260273973	0.9248434237995825	0.9271070615034168	0.9437652811735942	0.9501133786848073	0.6926952141057935	0.6916167664670658	0.7162162162162162	0.9182242990654206	0.6909620991253644	0.7018072289156626	0.6819571865443425	0.6475903614457831	0.7142857142857143	0.9354005167958657	0.936	0.9545454545454546	0.9334862385321101	0.953551912568306	0.9624277456647399	0.9318734793187348	0.9238329238329238	0.9618768328445748	0.6899441340782123	0.6407035175879398	0.6354679802955665	0.68	0.6506666666666666	0.656891495601173	0.6451612903225806	0.9686520376175548	0.6426858513189448	0.9375	0.46745562130177515	0.5047923322683706	0.5586206896551724	0.925	0.9473684210526315	0.9707446808510638	0.44814814814814813	0.3828996282527881	0.4789272030651341	0.9272349272349273	0.4980392156862745
SRR26147286	0.9218241042345277	0.5528846153846154	0.43902439024390244	0.38461538461538464	0.6230769230769231	0.5656108597285068	0.5746606334841629	0.6328125	0.631578947368421	0.5877192982456141	0.8427672955974843	0.5291005291005291	0.8611111111111112	0.851985559566787	0.8551724137931035	0.8542372881355932	0.8704819277108434	0.8769716088328076	0.8614864864864865	0.6584507042253521	0.3873239436619718	0.48633879781420764	0.5414634146341464	0.6655172413793103	0.510752688172043	0.4	0.8931034482758621	0.5346534653465347	0.9085173501577287	0.9137380191693291	0.9670781893004116	0.9700598802395209	0.0	0.48520710059171596	0.5270935960591133	0.624031007751938	0.4662576687116564	0.5529953917050692	0.359375	0.9072463768115943	0.46496815286624205	0.6927899686520376	0.5226130653266332	0.9719626168224299	0.9626168224299065	0.6407407407407407	0.5770925110132159	0.4973544973544973	0.5746606334841629	0.8146964856230032	0.8106995884773662	0.8341708542713567	0.5616438356164384	0.7714285714285715	0.7957446808510639	0.8257261410788381	0.8055555555555556	0.7098039215686275	0.4378698224852071	0.38064516129032255	0.4624277456647399	0.5656108597285068	0.4228187919463087	0.2845528455284553	0.5376884422110553	0.5279187817258884	0.3252032520325203	0.7886792452830189	0.826865671641791	0.829971181556196	0.8242677824267782	0.8223684210526315	0.8432835820895522	0.8571428571428571	0.35454545454545455	0.8225352112676056	0.5739130434782609	0.8988095238095238	0.8888888888888888	0.9068825910931174	0.5	0.4819277108433735	0.3959731543624161	0.9576923076923077	0.9713261648745519	0.9753086419753086	0.6470588235294118	0.9737991266375546
SRR26147287	0.886039886039886	0.4703389830508475	0.4120603015075377	0.48314606741573035	0.5071428571428571	0.492	0.4817813765182186	0.4981684981684982	0.5017667844522968	0.5019607843137255	0.8176795580110497	0.3671497584541063	0.8471760797342193	0.8297213622291022	0.8192771084337349	0.8259587020648967	0.8211382113821138	0.8379888268156425	0.8391812865497076	0.5397350993377483	0.45454545454545453	0.4252336448598131	0.4458874458874459	0.5198675496688742	0.4398148148148148	0.3956043956043956	0.8660714285714286	0.4247787610619469	0.8690807799442897	0.8795518207282913	0.934931506849315	0.9312169312169312	0.48520710059171596	0.0	0.43231441048034935	0.543859649122807	0.43434343434343436	0.4672131147540984	0.42105263157894735	0.8794871794871795	0.4642857142857143	0.5589123867069486	0.4266666666666667	0.935361216730038	0.9291553133514986	0.4858156028368794	0.4493927125506073	0.45045045045045046	0.5059760956175299	0.7720797720797721	0.7881944444444444	0.8273092369477911	0.46311475409836067	0.7198581560283688	0.775	0.7922535211267606	0.7594501718213058	0.6813559322033899	0.44976076555023925	0.40512820512820513	0.4766355140186916	0.46747967479674796	0.40540540540540543	0.4152046783625731	0.3972602739726027	0.42342342342342343	0.4260355029585799	0.7467105263157895	0.7789757412398922	0.7801047120418848	0.7907801418439716	0.7777777777777778	0.7947882736156352	0.8268551236749117	0.48427672955974843	0.7616580310880829	0.466403162055336	0.8743455497382199	0.8622754491017964	0.8698630136986302	0.37142857142857144	0.44	0.4666666666666667	0.9288025889967637	0.9388379204892966	0.9381443298969072	0.5190311418685121	0.9464285714285714
SRR26147288	0.8900255754475703	0.3374485596707819	0.38288288288288286	0.47317073170731705	0.34767025089605735	0.32669322709163345	0.3543307086614173	0.39361702127659576	0.33807829181494664	0.3	0.8165829145728644	0.3577586206896552	0.8495575221238938	0.8272980501392758	0.8211382113821138	0.8271276595744681	0.8255528255528255	0.8379746835443038	0.8328912466843501	0.37037037037037035	0.4413145539906103	0.354978354978355	0.31092436974789917	0.35570469798657717	0.3406113537117904	0.4272300469483568	0.8753315649867374	0.2948717948717949	0.8830845771144279	0.8841309823677582	0.9464285714285714	0.9382422802850356	0.5270935960591133	0.43231441048034935	0.0	0.34657039711191334	0.3881278538812785	0.332	0.46568627450980393	0.8785046728971962	0.3619047619047619	0.42900302114803623	0.359504132231405	0.9512987012987013	0.9339853300733496	0.3623693379790941	0.30952380952380953	0.3173913043478261	0.31451612903225806	0.762402088772846	0.7863777089783281	0.8408304498269896	0.328	0.7414330218068536	0.7823343848580442	0.8195718654434251	0.7831325301204819	0.6948640483383686	0.3242009132420091	0.35348837209302325	0.33031674208144796	0.35294117647058826	0.4056603773584906	0.4682926829268293	0.3651452282157676	0.32051282051282054	0.5072463768115942	0.7492625368731564	0.7783251231527094	0.7524509803921569	0.8037383177570093	0.7706666666666667	0.7923976608187134	0.8461538461538461	0.594059405940594	0.7565632458233891	0.31640625	0.8764845605700713	0.8536585365853658	0.8865671641791045	0.34763948497854075	0.35648148148148145	0.4383561643835616	0.9344729344729344	0.9459459459459459	0.9429429429429429	0.3473684210526316	0.9503105590062112
SRR26147289	0.8939051918735892	0.38028169014084506	0.46296296296296297	0.6075471698113207	0.31596091205211724	0.3642611683848797	0.40939597315436244	0.3201320132013201	0.3343949044585987	0.30633802816901406	0.8157303370786517	0.4223826714801444	0.8564102564102564	0.8308823529411765	0.8253588516746412	0.8387850467289719	0.8211920529801324	0.834841628959276	0.8411214953271028	0.34355828220858897	0.5413533834586466	0.39114391143911437	0.34057971014492755	0.30959752321981426	0.44285714285714284	0.5245283018867924	0.8705882352941177	0.36917562724014336	0.8802660753880266	0.8861607142857143	0.9432989690721649	0.9275053304904051	0.624031007751938	0.543859649122807	0.34657039711191334	0.0	0.45660377358490567	0.34035087719298246	0.5642023346303502	0.8763102725366876	0.4732824427480916	0.3400576368876081	0.4379310344827586	0.9501385041551247	0.9281045751633987	0.36645962732919257	0.36054421768707484	0.3408239700374532	0.31316725978647686	0.7674418604651163	0.8053333333333333	0.8567251461988304	0.33098591549295775	0.75	0.7890410958904109	0.8275862068965517	0.7894736842105263	0.708994708994709	0.44485294117647056	0.4351145038167939	0.40225563909774437	0.35294117647058826	0.5075757575757576	0.5769230769230769	0.4098939929328622	0.40213523131672596	0.5961538461538461	0.7660668380462725	0.7706013363028953	0.7472283813747228	0.7945205479452054	0.7690476190476191	0.794344473007712	0.8537234042553191	0.6923076923076923	0.7510822510822511	0.3378839590443686	0.8720682302771855	0.8568019093078759	0.8886010362694301	0.41935483870967744	0.4606741573033708	0.49242424242424243	0.9276807980049875	0.9380952380952381	0.9375	0.31629392971246006	0.946524064171123
SRR26147290	0.90625	0.4080717488789238	0.4263959390862944	0.4827586206896552	0.4908424908424908	0.41452991452991456	0.4297872340425532	0.4521072796934866	0.49097472924187724	0.4462809917355372	0.8342541436464088	0.40384615384615385	0.8595317725752508	0.8411214953271028	0.8408408408408409	0.8504398826979472	0.8467741935483871	0.8579387186629527	0.85	0.5051546391752577	0.4101123595505618	0.40865384615384615	0.4099099099099099	0.5	0.37745098039215685	0.39325842696629215	0.8905325443786982	0.4018264840182648	0.9010989010989011	0.9025069637883009	0.9661016949152542	0.9553805774278216	0.4662576687116564	0.43434343434343436	0.3881278538812785	0.45660377358490567	0.0	0.41379310344827586	0.41916167664670656	0.8976982097186701	0.3701657458563536	0.5327102803738317	0.4253393665158371	0.9660377358490566	0.9483695652173914	0.4856115107913669	0.42916666666666664	0.3827751196172249	0.40948275862068967	0.7891737891737892	0.8090277777777778	0.8514056224899599	0.39565217391304347	0.7673611111111112	0.7921146953405018	0.8257839721254355	0.7966101694915254	0.706081081081081	0.37755102040816324	0.3689839572192513	0.4079601990049751	0.40772532188841204	0.35795454545454547	0.36419753086419754	0.4027777777777778	0.43636363636363634	0.4049079754601227	0.7704918032786885	0.7983870967741935	0.7926509186351706	0.8120567375886525	0.7988338192419825	0.8065573770491803	0.856140350877193	0.5031847133757962	0.7897435897435897	0.44715447154471544	0.8900523560209425	0.8835820895522388	0.8979591836734694	0.41509433962264153	0.3894736842105263	0.3812154696132597	0.9583333333333334	0.9571865443425076	0.9623287671232876	0.5035460992907801	0.960431654676259
SRR26147292	0.871859296482412	0.33067729083665337	0.4085106382978723	0.5291479820627802	0.35294117647058826	0.34600760456273766	0.3660377358490566	0.2730627306273063	0.3146853146853147	0.3269961977186312	0.8058968058968059	0.35	0.8294797687861272	0.8152173913043478	0.8031914893617021	0.8155844155844156	0.8004866180048662	0.8179551122194514	0.8181818181818182	0.369281045751634	0.45089285714285715	0.3403361344537815	0.34523809523809523	0.3656957928802589	0.36099585062240663	0.4444444444444444	0.8567708333333334	0.3373493975903614	0.8655256723716381	0.8719211822660099	0.9365994236311239	0.9255813953488372	0.5529953917050692	0.4672131147540984	0.332	0.34035087719298246	0.41379310344827586	0.0	0.4954128440366973	0.8620689655172413	0.42543859649122806	0.40298507462686567	0.3252032520325203	0.9470404984423676	0.9236276849642004	0.3724832214765101	0.3103448275862069	0.325	0.3473282442748092	0.7429305912596401	0.7740963855421686	0.8333333333333334	0.28174603174603174	0.7186544342507645	0.7585139318885449	0.8029850746268656	0.7603550295857988	0.6656716417910448	0.3813559322033898	0.3744493392070485	0.4262295081967213	0.34600760456273766	0.4170403587443946	0.5180180180180181	0.29583333333333334	0.3070539419087137	0.5205479452054794	0.7312138728323699	0.7506112469437652	0.7464114832535885	0.7760736196319018	0.7440633245382586	0.7806267806267806	0.8323353293413174	0.6221198156682027	0.7358490566037735	0.3169811320754717	0.8598130841121495	0.8412698412698413	0.8688046647230321	0.34024896265560167	0.3700440528634361	0.4342105263157895	0.925414364640884	0.937007874015748	0.936231884057971	0.36363636363636365	0.9431137724550899
SRR26147303	0.9184952978056427	0.49282296650717705	0.42105263157894735	0.3283582089552239	0.5909090909090909	0.5288888888888889	0.5377777777777778	0.5669291338582677	0.5947955390334573	0.5132743362831859	0.8389057750759878	0.455026455026455	0.8768656716417911	0.8512110726643599	0.8504983388704319	0.8571428571428571	0.849112426035503	0.8615384615384616	0.8566775244299675	0.6091549295774648	0.4117647058823529	0.4521276595744681	0.46568627450980393	0.6124567474048442	0.4521276595744681	0.33783783783783783	0.890728476821192	0.4803921568627451	0.8990825688073395	0.9074074074074074	0.96484375	0.956268221574344	0.359375	0.42105263157894735	0.46568627450980393	0.5642023346303502	0.41916167664670656	0.4954128440366973	0.0	0.9078212290502793	0.3860759493670886	0.6489028213166145	0.49019607843137253	0.9691629955947136	0.9484848484848485	0.5940959409594095	0.5283842794759825	0.45595854922279794	0.5180180180180181	0.8080495356037152	0.8117647058823529	0.8450704225352113	0.5045454545454545	0.7598425196850394	0.8024193548387096	0.8307086614173228	0.7884615384615384	0.7007575757575758	0.42045454545454547	0.4036144578313253	0.4530386740331492	0.515695067264574	0.3288590604026846	0.2824427480916031	0.4595959595959596	0.46464646464646464	0.3076923076923077	0.7906137184115524	0.8168604651162791	0.8169014084507042	0.82	0.8152866242038217	0.8260869565217391	0.8650793650793651	0.3884297520661157	0.8033240997229917	0.5258620689655172	0.8933717579250721	0.882943143812709	0.8992248062015504	0.4583333333333333	0.3878787878787879	0.3782051282051282	0.9560439560439561	0.9656357388316151	0.9645669291338582	0.5851851851851851	0.9625
SRR26147314	0.379746835443038	0.8738317757009346	0.8823529411764706	0.9078212290502793	0.8628691983122363	0.8604118993135011	0.8778280542986425	0.8702127659574468	0.837953091684435	0.8871681415929203	0.3805309734513274	0.8777506112469438	0.40816326530612246	0.42586750788643535	0.43119266055045874	0.378125	0.40229885057471265	0.3628048780487805	0.39628482972136225	0.8507157464212679	0.900804289544236	0.8746928746928747	0.8863109048723898	0.8548387096774194	0.8719211822660099	0.9074074074074074	0.37540453074433655	0.875	0.3582554517133956	0.3667711598746082	0.6198083067092651	0.5042735042735043	0.9072463768115943	0.8794871794871795	0.8785046728971962	0.8763102725366876	0.8976982097186701	0.8620689655172413	0.9078212290502793	0.0	0.9067357512953368	0.8609523809523809	0.8526570048309179	0.6452702702702703	0.47023809523809523	0.8677685950413223	0.8648648648648649	0.8902147971360382	0.8903803131991052	0.5081081081081081	0.4935897435897436	0.5807560137457045	0.8649885583524027	0.5349544072948328	0.5362776025236593	0.5222929936305732	0.49375	0.5386819484240688	0.8762626262626263	0.8779220779220779	0.8880597014925373	0.8707482993197279	0.896551724137931	0.898876404494382	0.8788598574821853	0.8567961165048543	0.9098591549295775	0.514792899408284	0.4359673024523161	0.46335078534031415	0.5425867507886435	0.4730878186968839	0.47987616099071206	0.4798657718120805	0.9194029850746268	0.45219638242894056	0.8738938053097345	0.34036144578313254	0.34105960264900664	0.4554794520547945	0.8679706601466992	0.8868894601542416	0.9033942558746736	0.5741324921135647	0.5420560747663551	0.5714285714285714	0.875	0.5945945945945946
SRR26147329	0.9226361031518625	0.42727272727272725	0.372972972972973	0.39622641509433965	0.4734848484848485	0.44635193133047213	0.4279475982532751	0.49236641221374045	0.5072992700729927	0.41810344827586204	0.8431372549019608	0.45454545454545453	0.8783783783783784	0.8548895899053628	0.850609756097561	0.8601190476190477	0.8493150684931506	0.8607954545454546	0.8630952380952381	0.5259515570934256	0.378698224852071	0.39800995024875624	0.3925233644859813	0.5205479452054794	0.39800995024875624	0.38011695906432746	0.9041916167664671	0.3605769230769231	0.9078212290502793	0.9185393258426966	0.9722222222222222	0.9626666666666667	0.46496815286624205	0.4642857142857143	0.3619047619047619	0.4732824427480916	0.3701657458563536	0.42543859649122806	0.3860759493670886	0.9067357512953368	0.0	0.5652173913043478	0.4377880184331797	0.9768339768339769	0.9558011049723757	0.5179856115107914	0.4206008583690987	0.3951219512195122	0.44155844155844154	0.7942028985507247	0.8197879858657244	0.8600823045267489	0.40707964601769914	0.7730496453900709	0.7985347985347986	0.8491228070175438	0.8109965635738832	0.7147766323024055	0.42346938775510207	0.3825136612021858	0.3631578947368421	0.4595744680851064	0.36257309941520466	0.40993788819875776	0.42990654205607476	0.419811320754717	0.42138364779874216	0.7759197324414716	0.8032786885245902	0.7973333333333333	0.8273381294964028	0.8005952380952381	0.8205980066445183	0.8798586572438163	0.5131578947368421	0.8005181347150259	0.4775510204081633	0.8992042440318302	0.8871951219512195	0.9137931034482759	0.4647887323943662	0.3407821229050279	0.4044943820224719	0.9605263157894737	0.968944099378882	0.968421052631579	0.5197132616487455	0.9705882352941176
SRR26147340	0.8757637474541752	0.46017699115044247	0.5368098159509203	0.6614906832298136	0.37359550561797755	0.3940298507462687	0.41420118343195267	0.36857142857142855	0.37047353760445684	0.3887240356083086	0.8125	0.48787878787878786	0.8428246013667426	0.8257080610021786	0.8133047210300429	0.8280922431865828	0.8056112224448898	0.824847250509165	0.8301886792452831	0.3551912568306011	0.6068111455108359	0.47706422018348627	0.4431137724550898	0.2678062678062678	0.4817073170731707	0.6018518518518519	0.8565400843881856	0.44744744744744747	0.8637274549098196	0.8666666666666667	0.9297052154195011	0.9113680154142582	0.6927899686520376	0.5589123867069486	0.42900302114803623	0.3400576368876081	0.5327102803738317	0.40298507462686567	0.6489028213166145	0.8609523809523809	0.5652173913043478	0.0	0.47633136094674555	0.9373493975903614	0.9094488188976378	0.3436619718309859	0.3905325443786982	0.4696969696969697	0.40476190476190477	0.7615062761506276	0.8	0.8473282442748091	0.37575757575757573	0.7511961722488039	0.7855421686746988	0.8169014084507042	0.7775175644028103	0.7149532710280374	0.5258358662613982	0.5432098765432098	0.5287009063444109	0.4269005847953216	0.5794392523364486	0.65	0.4716417910447761	0.46546546546546547	0.6739130434782609	0.7540229885057471	0.7620967741935484	0.738430583501006	0.7903614457831325	0.7601713062098501	0.7876712328767124	0.84	0.7398119122257053	0.7495107632093934	0.39473684210526316	0.861271676300578	0.8489361702127659	0.8738532110091743	0.48493975903614456	0.5356037151702786	0.5758513931888545	0.9162995594713657	0.9191489361702128	0.9220183486238532	0.3593314763231198	0.9295774647887324
SRR26147351	0.8650793650793651	0.36475409836065575	0.3761467889908257	0.4752475247524752	0.4166666666666667	0.35968379446640314	0.3675889328063241	0.4280701754385965	0.4178082191780822	0.41509433962264153	0.783289817232376	0.3722943722943723	0.8153846153846154	0.7976878612716763	0.7818696883852692	0.8021978021978022	0.7902813299232737	0.798941798941799	0.8082191780821918	0.4139072847682119	0.42028985507246375	0.3974358974358974	0.3861788617886179	0.4405144694533762	0.35526315789473684	0.4507042253521127	0.8425414364640884	0.35833333333333334	0.8586118251928021	0.859375	0.9327217125382263	0.9166666666666666	0.5226130653266332	0.4266666666666667	0.359504132231405	0.4379310344827586	0.4253393665158371	0.3252032520325203	0.49019607843137253	0.8526570048309179	0.4377880184331797	0.47633136094674555	0.0	0.9328859060402684	0.9116161616161617	0.41836734693877553	0.4053030303030303	0.4214876033057851	0.4296577946768061	0.7459893048128342	0.7635782747603834	0.8086642599277978	0.3992248062015504	0.7087378640776699	0.7342192691029901	0.7827476038338658	0.7373417721518988	0.6487341772151899	0.36936936936936937	0.35377358490566035	0.41739130434782606	0.3852140077821012	0.38349514563106796	0.47783251231527096	0.3991769547325103	0.3418803418803419	0.5098039215686274	0.7225609756097561	0.7442455242966752	0.743142144638404	0.7694805194805194	0.7540983606557377	0.7710843373493976	0.8102893890675241	0.5909090909090909	0.729064039408867	0.3552123552123552	0.8501228501228502	0.8388888888888889	0.8571428571428571	0.40336134453781514	0.3870967741935484	0.4681818181818182	0.9210526315789473	0.9245810055865922	0.9256965944272446	0.436241610738255	0.9292604501607717
SRR26147365	0.5968379446640316	0.9516129032258065	0.951310861423221	0.96	0.9447513812154696	0.9442724458204335	0.9569230769230769	0.9523809523809523	0.9222222222222223	0.9671641791044776	0.6933333333333334	0.9440559440559441	0.5990990990990991	0.6640625	0.6360153256704981	0.6441947565543071	0.67	0.6476868327402135	0.6529850746268657	0.9397905759162304	0.9673469387755103	0.9548611111111112	0.9614147909967846	0.9352331606217616	0.9438596491228071	0.967741935483871	0.5918367346938775	0.954248366013072	0.6037735849056604	0.6159695817490495	0.48066298342541436	0.5680933852140078	0.9719626168224299	0.935361216730038	0.9512987012987013	0.9501385041551247	0.9660377358490566	0.9470404984423676	0.9691629955947136	0.6452702702702703	0.9768339768339769	0.9373493975903614	0.9328859060402684	0.0	0.5428571428571428	0.9460916442048517	0.9452887537993921	0.9594594594594594	0.9664634146341463	0.7420382165605095	0.6958333333333333	0.6526315789473685	0.9439252336448598	0.6947791164658634	0.6936170212765957	0.6936170212765957	0.6570247933884298	0.7302158273381295	0.9565217391304348	0.950381679389313	0.9642857142857143	0.9571865443425076	0.9681274900398407	0.9692982456140351	0.95	0.9463087248322147	0.9732142857142857	0.7174721189591078	0.7286585365853658	0.7390029325513197	0.6796536796536796	0.7050847457627119	0.6746031746031746	0.6232558139534884	0.975	0.7443181818181818	0.9585798816568047	0.6028368794326241	0.5959183673469388	0.4845360824742268	0.9448275862068966	0.9584905660377359	0.9766536964980544	0.49489795918367346	0.46798029556650245	0.48333333333333334	0.9546666666666667	0.4303030303030303
SRR26147376	0.49032258064516127	0.9317073170731708	0.9320652173913043	0.9420731707317073	0.9144736842105263	0.9216152019002375	0.9289099526066351	0.9273127753303965	0.8989010989010989	0.9423963133640553	0.5893854748603352	0.9276485788113695	0.552901023890785	0.5825545171339563	0.5657492354740061	0.5474006116207951	0.5371428571428571	0.5626822157434402	0.572289156626506	0.9094736842105263	0.9452449567723343	0.9329896907216495	0.941747572815534	0.9106029106029107	0.927461139896373	0.9517045454545454	0.4527027027027027	0.9334975369458128	0.45686900958466453	0.4857142857142857	0.5134099616858238	0.3527397260273973	0.9626168224299065	0.9291553133514986	0.9339853300733496	0.9281045751633987	0.9483695652173914	0.9236276849642004	0.9484848484848485	0.47023809523809523	0.9558011049723757	0.9094488188976378	0.9116161616161617	0.5428571428571428	0.0	0.9276595744680851	0.9252336448598131	0.9475	0.9439252336448598	0.6770833333333334	0.664576802507837	0.7007042253521126	0.9160671462829736	0.6807228915662651	0.6833855799373041	0.6666666666666666	0.6481481481481481	0.6983240223463687	0.9278074866310161	0.931129476584022	0.9505208333333334	0.9317647058823529	0.9491525423728814	0.954954954954955	0.9273182957393483	0.9189873417721519	0.9574468085106383	0.6801152737752162	0.6375321336760925	0.6390977443609023	0.6602564102564102	0.625	0.6288343558282209	0.6182432432432432	0.9607843137254902	0.6228287841191067	0.9285714285714286	0.45426829268292684	0.511400651465798	0.5091575091575091	0.9256410256410257	0.9400544959128065	0.9641873278236914	0.47761194029850745	0.38783269961977185	0.4180327868852459	0.925531914893617	0.4691358024691358
SRR26147387	0.8769574944071589	0.3835616438356164	0.46402877697841727	0.6094890510948905	0.3622291021671827	0.37333333333333335	0.38	0.346031746031746	0.3385093167701863	0.3511705685618729	0.8022222222222222	0.43006993006993005	0.8434343434343434	0.8245192307692307	0.8080568720379147	0.8190255220417634	0.8026315789473685	0.8236607142857143	0.8267898383371824	0.3473053892215569	0.5454545454545454	0.43902439024390244	0.4013605442176871	0.29878048780487804	0.41134751773049644	0.5503597122302158	0.8689655172413793	0.4006849315068493	0.87117903930131	0.8694690265486725	0.9423558897243107	0.9248434237995825	0.6407407407407407	0.4858156028368794	0.3623693379790941	0.36645962732919257	0.4856115107913669	0.3724832214765101	0.5940959409594095	0.8677685950413223	0.5179856115107914	0.3436619718309859	0.41836734693877553	0.9460916442048517	0.9276595744680851	0.0	0.3367003367003367	0.40350877192982454	0.3691275167785235	0.7482678983833718	0.7958115183246073	0.8386167146974063	0.3412969283276451	0.7311827956989247	0.772972972972973	0.8115183246073299	0.7772020725388601	0.7012987012987013	0.4574468085106383	0.47653429602888087	0.4558303886925795	0.37333333333333335	0.5073529411764706	0.5799256505576208	0.38461538461538464	0.40484429065743943	0.6190476190476191	0.7480916030534351	0.7631578947368421	0.737417943107221	0.7882037533512064	0.7552941176470588	0.7822784810126582	0.8372703412073491	0.6962962962962963	0.7387580299785867	0.35313531353135313	0.8634453781512605	0.8474178403755869	0.875	0.39361702127659576	0.4838709677419355	0.5357142857142857	0.9297820823244553	0.9348837209302325	0.9393939393939394	0.3415384615384615	0.9454545454545454
SRR26147388	0.8746928746928747	0.3787878787878788	0.3907563025210084	0.5411255411255411	0.3559322033898305	0.36764705882352944	0.38686131386861317	0.31448763250883394	0.3299319727891156	0.3553113553113553	0.8043478260869565	0.3603238866396761	0.8370786516853933	0.8133333333333334	0.8046875	0.8137755102040817	0.8047619047619048	0.8132678132678133	0.8223350253807107	0.3821656050955414	0.4851063829787234	0.3904382470119522	0.3488372093023256	0.33116883116883117	0.421875	0.4458874458874459	0.8542199488491049	0.3540856031128405	0.8629807692307693	0.8692493946731235	0.9382022471910112	0.9271070615034168	0.5770925110132159	0.4493927125506073	0.30952380952380953	0.36054421768707484	0.42916666666666664	0.3103448275862069	0.5283842794759825	0.8648648648648649	0.4206008583690987	0.3905325443786982	0.4053030303030303	0.9452887537993921	0.9252336448598131	0.3367003367003367	0.0	0.32926829268292684	0.38686131386861317	0.7518796992481203	0.7764705882352941	0.8229508196721311	0.3	0.718562874251497	0.7613293051359517	0.7976539589442815	0.7701149425287356	0.6782608695652174	0.436	0.4050632911392405	0.428	0.4028776978417266	0.4661016949152542	0.5367965367965368	0.3412698412698413	0.35177865612648224	0.5584415584415584	0.7380281690140845	0.7559808612440191	0.7399527186761229	0.7820895522388059	0.75	0.7793296089385475	0.8333333333333334	0.6371681415929203	0.75	0.36917562724014336	0.8574712643678161	0.8389610389610389	0.8657142857142858	0.3441295546558704	0.43388429752066116	0.48132780082987553	0.9243243243243243	0.9357326478149101	0.9348441926345609	0.4185303514376997	0.9446064139941691
SRR26147389	0.9002624671916011	0.3925619834710744	0.3925233644859813	0.5174129353233831	0.3898916967509025	0.38	0.41338582677165353	0.3656716417910448	0.3914590747330961	0.32653061224489793	0.8277634961439588	0.36607142857142855	0.8567073170731707	0.8433048433048433	0.83008356545961	0.8455284552845529	0.8308080808080808	0.84375	0.8513513513513513	0.4521452145214521	0.46859903381642515	0.3409090909090909	0.29515418502202645	0.4271523178807947	0.38495575221238937	0.4	0.8794520547945206	0.33766233766233766	0.8871794871794871	0.8969072164948454	0.9537037037037037	0.9437652811735942	0.4973544973544973	0.45045045045045046	0.3173913043478261	0.3408239700374532	0.3827751196172249	0.325	0.45595854922279794	0.8902147971360382	0.3951219512195122	0.4696969696969697	0.4214876033057851	0.9594594594594594	0.9475	0.40350877192982454	0.32926829268292684	0.0	0.3551020408163265	0.7727272727272727	0.8031746031746032	0.8530465949820788	0.3278008298755187	0.7491961414790996	0.7796052631578947	0.8259493670886076	0.7881619937694704	0.7009345794392523	0.3853211009174312	0.37799043062200954	0.3761467889908257	0.3603238866396761	0.400990099009901	0.4587628865979381	0.3593073593073593	0.38461538461538464	0.47668393782383417	0.7530487804878049	0.7791878172588832	0.7711442786069652	0.8058252427184466	0.7747252747252747	0.8119402985074626	0.8498402555910544	0.5916230366492147	0.7688564476885644	0.38132295719844356	0.8801955990220048	0.8635097493036211	0.891640866873065	0.35555555555555557	0.357487922705314	0.41262135922330095	0.9410029498525073	0.952513966480447	0.953416149068323	0.3829787234042553	0.9580645161290322
SRR26147390	0.9024390243902439	0.33992094861660077	0.44398340248962653	0.5633187772925764	0.34375	0.373134328358209	0.41025641025641024	0.3938356164383562	0.37919463087248323	0.2972972972972973	0.8293269230769231	0.41832669322709165	0.8690807799442897	0.8469656992084432	0.8376288659793815	0.8459595959595959	0.8321513002364066	0.8526570048309179	0.8542713567839196	0.3974358974358974	0.48695652173913045	0.37037037037037035	0.34782608695652173	0.3729903536977492	0.416	0.4870689655172414	0.8916876574307305	0.39768339768339767	0.8981042654028436	0.9045346062052506	0.9577464788732394	0.9501133786848073	0.5746606334841629	0.5059760956175299	0.31451612903225806	0.31316725978647686	0.40948275862068967	0.3473282442748092	0.5180180180180181	0.8903803131991052	0.44155844155844154	0.40476190476190477	0.4296577946768061	0.9664634146341463	0.9439252336448598	0.3691275167785235	0.38686131386861317	0.3551020408163265	0.0	0.775	0.8208092485549133	0.8640776699029126	0.3560606060606061	0.7610619469026548	0.7891566265060241	0.838150289017341	0.8	0.7236467236467237	0.39748953974895396	0.39826839826839827	0.38235294117647056	0.373134328358209	0.48068669527896996	0.5201793721973094	0.3984375	0.3705179282868526	0.5294117647058824	0.7743732590529248	0.7924528301886793	0.7676056338028169	0.8095238095238095	0.7800511508951407	0.8016759776536313	0.8666666666666667	0.6486486486486487	0.7711670480549199	0.3132075471698113	0.8886363636363637	0.8801020408163265	0.9011299435028248	0.4517374517374517	0.3869565217391304	0.45021645021645024	0.9459459459459459	0.9509043927648578	0.9515669515669516	0.3321917808219178	0.9588235294117647
SRR26147391	0.5501432664756447	0.7539267015706806	0.7824858757062146	0.8226299694189603	0.7458823529411764	0.7544303797468355	0.7688442211055276	0.7733644859813084	0.7377049180327869	0.7698019801980198	0.40294117647058825	0.7622950819672131	0.5	0.4923547400611621	0.45426829268292684	0.4263803680981595	0.42857142857142855	0.4785100286532951	0.41975308641975306	0.7420814479638009	0.7976190476190477	0.7683923705722071	0.7751937984496124	0.7483296213808464	0.7616438356164383	0.799410029498525	0.5238095238095238	0.7506631299734748	0.5607734806629834	0.5533707865168539	0.7396449704142012	0.6926952141057935	0.8146964856230032	0.7720797720797721	0.762402088772846	0.7674418604651163	0.7891737891737892	0.7429305912596401	0.8080495356037152	0.5081081081081081	0.7942028985507247	0.7615062761506276	0.7459893048128342	0.7420382165605095	0.6770833333333334	0.7482678983833718	0.7518796992481203	0.7727272727272727	0.775	0.0	0.4271186440677966	0.5464285714285714	0.7403598971722365	0.41333333333333333	0.4682274247491639	0.4527027027027027	0.45454545454545453	0.45871559633027525	0.7528409090909091	0.7793696275071633	0.7851239669421488	0.7638190954773869	0.7833827893175074	0.7899686520376176	0.7606382978723404	0.75	0.8018867924528302	0.38961038961038963	0.38636363636363635	0.39944903581267216	0.49504950495049505	0.38972809667673713	0.4098360655737705	0.5149501661129569	0.8478964401294499	0.4144385026737968	0.754950495049505	0.5309973045822103	0.5223880597014925	0.5598705501618123	0.7513661202185792	0.7729885057471264	0.8171428571428572	0.7220630372492837	0.6949152542372882	0.7151515151515152	0.7687074829931972	0.7267080745341615
SRR26147392	0.5277777777777778	0.7914110429447853	0.7881944444444444	0.81640625	0.7810810810810811	0.7761194029850746	0.7857142857142857	0.8027027027027027	0.7547683923705722	0.8040345821325648	0.4212328767123288	0.7875816993464052	0.37606837606837606	0.40077821011673154	0.45454545454545453	0.40370370370370373	0.4755700325732899	0.4463667820069204	0.3895131086142322	0.7783505154639175	0.8118081180811808	0.7788778877887789	0.8012232415902141	0.7817258883248731	0.7748344370860927	0.8267148014440433	0.47232472324723246	0.784375	0.5317725752508361	0.486013986013986	0.696969696969697	0.6916167664670658	0.8106995884773662	0.7881944444444444	0.7863777089783281	0.8053333333333333	0.8090277777777778	0.7740963855421686	0.8117647058823529	0.4935897435897436	0.8197879858657244	0.8	0.7635782747603834	0.6958333333333333	0.664576802507837	0.7958115183246073	0.7764705882352941	0.8031746031746032	0.8208092485549133	0.4271186440677966	0.0	0.4223300970873786	0.7747747747747747	0.4365079365079365	0.4067796610169492	0.38626609442060084	0.3983739837398374	0.4312267657992565	0.7773972602739726	0.7801418439716312	0.7993311036789298	0.7905604719764012	0.7851851851851852	0.7984189723320159	0.7886435331230284	0.7684887459807074	0.8228346456692913	0.41379310344827586	0.4169381107491857	0.45987654320987653	0.44166666666666665	0.41754385964912283	0.40711462450592883	0.44680851063829785	0.8487394957983193	0.4608433734939759	0.7936962750716332	0.4967532467532468	0.45318352059925093	0.4875	0.7745098039215687	0.7937062937062938	0.8309859154929577	0.6953405017921147	0.6666666666666666	0.669260700389105	0.805699481865285	0.688
SRR26147393	0.5719844357976653	0.8458904109589042	0.832	0.8450704225352113	0.8411764705882353	0.8272425249169435	0.8491803278688524	0.844311377245509	0.8023952095808383	0.8670886075949367	0.5467625899280576	0.8239700374531835	0.424390243902439	0.48068669527896996	0.4918032786885246	0.49193548387096775	0.5321428571428571	0.5263157894736842	0.5020080321285141	0.8448753462603878	0.8427947598253275	0.8407407407407408	0.8487972508591065	0.8379120879120879	0.832089552238806	0.8497854077253219	0.5308641975308642	0.8432055749128919	0.5584905660377358	0.5538461538461539	0.7072072072072072	0.7162162162162162	0.8341708542713567	0.8273092369477911	0.8408304498269896	0.8567251461988304	0.8514056224899599	0.8333333333333334	0.8450704225352113	0.5807560137457045	0.8600823045267489	0.8473282442748091	0.8086642599277978	0.6526315789473685	0.7007042253521126	0.8386167146974063	0.8229508196721311	0.8530465949820788	0.8640776699029126	0.5464285714285714	0.4223300970873786	0.0	0.83	0.4470046082949309	0.4207920792079208	0.3888888888888889	0.4398148148148148	0.5282258064516129	0.8416988416988417	0.8237704918032787	0.842911877394636	0.8501628664495114	0.8418803418803419	0.8293838862559242	0.8362989323843416	0.8188405797101449	0.8476190476190476	0.4678111587982833	0.5794701986754967	0.5833333333333334	0.4228855721393035	0.518796992481203	0.4343891402714932	0.4205128205128205	0.8578947368421053	0.6116207951070336	0.8553459119496856	0.5704225352112676	0.4978902953586498	0.48514851485148514	0.8178438661710037	0.8433734939759037	0.8636363636363636	0.6824034334763949	0.6923076923076923	0.6682242990654206	0.8587570621468926	0.6780487804878049
SRR26147394	0.875	0.3464566929133858	0.4177215189873418	0.5442477876106194	0.38305084745762713	0.3035019455252918	0.3371647509578544	0.34275618374558303	0.35714285714285715	0.31679389312977096	0.8063725490196079	0.3795918367346939	0.829971181556196	0.8157181571815718	0.8037135278514589	0.812987012987013	0.7980535279805353	0.8125	0.8277634961439588	0.3713355048859935	0.48034934497816595	0.37037037037037035	0.3346613545816733	0.34098360655737703	0.3770491803278688	0.4672489082969432	0.8541666666666666	0.3466135458167331	0.8602941176470589	0.8722358722358723	0.9367816091954023	0.9182242990654206	0.5616438356164384	0.46311475409836067	0.328	0.33098591549295775	0.39565217391304347	0.28174603174603174	0.5045454545454545	0.8649885583524027	0.40707964601769914	0.37575757575757573	0.3992248062015504	0.9439252336448598	0.9160671462829736	0.3412969283276451	0.3	0.3278008298755187	0.3560606060606061	0.7403598971722365	0.7747747747747747	0.83	0.0	0.7155963302752294	0.7554179566563467	0.8	0.7683284457478006	0.6745562130177515	0.4041666666666667	0.4051724137931034	0.42213114754098363	0.36704119850187267	0.4608695652173913	0.5067873303167421	0.3534136546184739	0.33739837398373984	0.5426008968609866	0.7246376811594203	0.754257907542579	0.7288135593220338	0.7692307692307693	0.7447368421052631	0.7742857142857142	0.8258258258258259	0.6238532110091743	0.7394366197183099	0.3382899628252788	0.8548009367681498	0.841688654353562	0.8658892128279884	0.3765182186234818	0.40086206896551724	0.4434782608695652	0.9166666666666666	0.9259259259259259	0.9271137026239067	0.3712374581939799	0.9401197604790419
SRR26147395	0.5170068027210885	0.7469135802469136	0.7377622377622378	0.77431906614786	0.7315068493150685	0.7173252279635258	0.75	0.7430939226519337	0.7008310249307479	0.7514619883040936	0.4592833876221498	0.7104377104377104	0.4444444444444444	0.4673913043478261	0.3754646840148699	0.3890909090909091	0.44155844155844154	0.4633333333333333	0.4326241134751773	0.734375	0.7490636704119851	0.7266666666666667	0.7569230769230769	0.7319587628865979	0.7392739273927392	0.7564575645756457	0.48936170212765956	0.7350157728706624	0.5309446254071661	0.5551948051948052	0.7240143369175627	0.6909620991253644	0.7714285714285715	0.7198581560283688	0.7414330218068536	0.75	0.7673611111111112	0.7186544342507645	0.7598425196850394	0.5349544072948328	0.7730496453900709	0.7511961722488039	0.7087378640776699	0.6947791164658634	0.6807228915662651	0.7311827956989247	0.718562874251497	0.7491961414790996	0.7610619469026548	0.41333333333333333	0.4365079365079365	0.4470046082949309	0.7155963302752294	0.0	0.3203463203463203	0.3697478991596639	0.3292181069958848	0.3435114503816794	0.7275862068965517	0.7375886524822695	0.7591973244147158	0.7477744807121661	0.75	0.7309236947791165	0.7266881028938906	0.7133550488599348	0.7658730158730159	0.3359375	0.42902208201892744	0.4276923076923077	0.34334763948497854	0.3464285714285714	0.3852140077821012	0.46122448979591835	0.7932489451476793	0.46176470588235297	0.7485549132947977	0.551829268292683	0.4929078014184397	0.4879032258064516	0.7013422818791947	0.7429577464788732	0.7758007117437722	0.7079037800687286	0.6933333333333334	0.6937269372693727	0.7519788918205804	0.7072243346007605
SRR26147396	0.5486111111111112	0.779874213836478	0.7706093189964157	0.7877551020408163	0.7741046831955923	0.7569230769230769	0.7781155015197568	0.7793296089385475	0.7402234636871509	0.7899408284023669	0.468013468013468	0.7585034013605442	0.4351464435146444	0.4944237918215613	0.4188679245283019	0.4141791044776119	0.47019867549668876	0.47766323024054985	0.4411764705882353	0.7716535433070866	0.7938931297709924	0.7661016949152543	0.7861635220125787	0.7751937984496124	0.7619047619047619	0.8097014925373134	0.483271375464684	0.7802547770700637	0.5420875420875421	0.5525423728813559	0.7196969696969697	0.7018072289156626	0.7957446808510639	0.775	0.7823343848580442	0.7890410958904109	0.7921146953405018	0.7585139318885449	0.8024193548387096	0.5362776025236593	0.7985347985347986	0.7855421686746988	0.7342192691029901	0.6936170212765957	0.6833855799373041	0.772972972972973	0.7613293051359517	0.7796052631578947	0.7891566265060241	0.4682274247491639	0.4067796610169492	0.4207920792079208	0.7554179566563467	0.3203463203463203	0.0	0.391304347826087	0.40329218106995884	0.4	0.7640845070422535	0.7709090909090909	0.791095890410959	0.7831325301204819	0.7803030303030303	0.7736625514403292	0.7766990291262136	0.7557755775577558	0.8040816326530612	0.3937007874015748	0.4713375796178344	0.47368421052631576	0.35714285714285715	0.4050179211469534	0.412	0.4185022026431718	0.8193832599118943	0.5276967930029155	0.7900874635568513	0.5445859872611465	0.48134328358208955	0.4936708860759494	0.761744966442953	0.776173285198556	0.8058608058608059	0.6886446886446886	0.6968641114982579	0.6926070038910506	0.7962962962962963	0.7016129032258065
SRR26147397	0.5229681978798587	0.8242424242424242	0.8131487889273357	0.8307086614173228	0.8164893617021277	0.7940298507462686	0.8176470588235294	0.8189189189189189	0.7810810810810811	0.8347578347578347	0.47315436241610737	0.7993421052631579	0.3948497854077253	0.4423076923076923	0.4068441064638783	0.4141791044776119	0.43389830508474575	0.44014084507042256	0.417910447761194	0.8121827411167513	0.8208955223880597	0.8181818181818182	0.8267477203647416	0.7969543147208121	0.8181818181818182	0.8357664233576643	0.45454545454545453	0.8142414860681114	0.5120274914089347	0.506993006993007	0.7	0.6819571865443425	0.8257261410788381	0.7922535211267606	0.8195718654434251	0.8275862068965517	0.8257839721254355	0.8029850746268656	0.8307086614173228	0.5222929936305732	0.8491228070175438	0.8169014084507042	0.7827476038338658	0.6936170212765957	0.6666666666666666	0.8115183246073299	0.7976539589442815	0.8259493670886076	0.838150289017341	0.4527027027027027	0.38626609442060084	0.3888888888888889	0.8	0.3697478991596639	0.391304347826087	0.0	0.3203463203463203	0.44776119402985076	0.8061224489795918	0.8014184397163121	0.8311258278145696	0.8187134502923976	0.8248175182481752	0.8174603174603174	0.8150470219435737	0.7877813504823151	0.8232931726907631	0.3745019920318725	0.4565916398713826	0.46417445482866043	0.35714285714285715	0.4050179211469534	0.3795918367346939	0.39732142857142855	0.8547008547008547	0.5190615835777126	0.8243626062322946	0.5162337662337663	0.4583333333333333	0.4808510638297872	0.7941176470588235	0.818815331010453	0.8439716312056738	0.6789667896678967	0.6737588652482269	0.6719367588932806	0.8333333333333334	0.680327868852459
SRR26147398	0.4861111111111111	0.7734138972809668	0.7721088435374149	0.7931034482758621	0.7751322751322751	0.7551622418879056	0.7896253602305475	0.7768817204301075	0.739247311827957	0.7937853107344632	0.4440789473684211	0.7564935064935064	0.3868312757201646	0.4275092936802974	0.35714285714285715	0.3772893772893773	0.3783783783783784	0.39372822299651566	0.38686131386861317	0.7758186397984886	0.7854545454545454	0.7795527156549521	0.7904191616766467	0.7669172932330827	0.7756410256410257	0.7921146953405018	0.43956043956043955	0.7737003058103975	0.47635135135135137	0.46551724137931033	0.6716417910447762	0.6475903614457831	0.8055555555555556	0.7594501718213058	0.7831325301204819	0.7894736842105263	0.7966101694915254	0.7603550295857988	0.7884615384615384	0.49375	0.8109965635738832	0.7775175644028103	0.7373417721518988	0.6570247933884298	0.6481481481481481	0.7772020725388601	0.7701149425287356	0.7881619937694704	0.8	0.45454545454545453	0.3983739837398374	0.4398148148148148	0.7683284457478006	0.3292181069958848	0.40329218106995884	0.3203463203463203	0.0	0.3925925925925926	0.7575757575757576	0.759581881533101	0.7954545454545454	0.7696793002915452	0.7813620071684588	0.7799227799227799	0.7739938080495357	0.75	0.7898832684824902	0.367816091954023	0.38311688311688313	0.41304347826086957	0.314410480349345	0.3867595818815331	0.3466135458167331	0.36796536796536794	0.8181818181818182	0.4294294294294294	0.780281690140845	0.49206349206349204	0.4200743494423792	0.4309623430962343	0.7516129032258064	0.7815699658703071	0.8096885813148789	0.6619217081850534	0.624561403508772	0.6436781609195402	0.7871794871794872	0.671875
SRR26147399	0.5408805031446541	0.6927710843373494	0.6723549488054608	0.7007575757575758	0.6801075268817204	0.6842105263157895	0.7126436781609196	0.6910569105691057	0.6531165311653117	0.7219101123595506	0.434375	0.6655844155844156	0.45018450184501846	0.46075085324232085	0.42905405405405406	0.41946308724832215	0.4835820895522388	0.4670846394984326	0.43333333333333335	0.6921119592875318	0.7025089605734767	0.6942675159235668	0.7065868263473054	0.6934673366834171	0.6816720257234726	0.6964285714285714	0.47651006711409394	0.68	0.552870090634441	0.5623100303951368	0.7368421052631579	0.7142857142857143	0.7098039215686275	0.6813559322033899	0.6948640483383686	0.708994708994709	0.706081081081081	0.6656716417910448	0.7007575757575758	0.5386819484240688	0.7147766323024055	0.7149532710280374	0.6487341772151899	0.7302158273381295	0.6983240223463687	0.7012987012987013	0.6782608695652174	0.7009345794392523	0.7236467236467237	0.45871559633027525	0.4312267657992565	0.5282258064516129	0.6745562130177515	0.3435114503816794	0.4	0.44776119402985076	0.3925925925925926	0.0	0.6766666666666666	0.671280276816609	0.7087378640776699	0.6803519061583577	0.6903914590747331	0.6870229007633588	0.670846394984326	0.6656151419558359	0.7255639097744361	0.36101083032490977	0.39143730886850153	0.41935483870967744	0.46096654275092935	0.3954248366013072	0.4234875444839858	0.4659090909090909	0.758893280632411	0.42120343839541546	0.6940509915014165	0.5504322766570605	0.504950495049505	0.5345454545454545	0.6655948553054662	0.6815068493150684	0.7172413793103448	0.7375	0.7195121951219512	0.7094594594594594	0.7153846153846154	0.726643598615917
SRR26147400	0.8916666666666667	0.3744493392070485	0.4039408866995074	0.45555555555555555	0.41044776119402987	0.3958333333333333	0.4107883817427386	0.4744525547445255	0.45714285714285713	0.3884297520661157	0.8184281842818428	0.41284403669724773	0.8360655737704918	0.823170731707317	0.8059701492537313	0.8128654970760234	0.8155080213903744	0.8319559228650137	0.8260869565217391	0.4570446735395189	0.3945945945945946	0.3953488372093023	0.39035087719298245	0.4576271186440678	0.36492890995260663	0.4293193717277487	0.8658892128279884	0.35294117647058826	0.8840970350404312	0.8852459016393442	0.9437086092715232	0.9354005167958657	0.4378698224852071	0.44976076555023925	0.3242009132420091	0.44485294117647056	0.37755102040816324	0.3813559322033898	0.42045454545454547	0.8762626262626263	0.42346938775510207	0.5258358662613982	0.36936936936936937	0.9565217391304348	0.9278074866310161	0.4574468085106383	0.436	0.3853211009174312	0.39748953974895396	0.7528409090909091	0.7773972602739726	0.8416988416988417	0.4041666666666667	0.7275862068965517	0.7640845070422535	0.8061224489795918	0.7575757575757576	0.6766666666666666	0.0	0.3471502590673575	0.3864734299516908	0.3755274261603376	0.3709677419354839	0.39655172413793105	0.41150442477876104	0.38009049773755654	0.42528735632183906	0.7491961414790996	0.773936170212766	0.7751937984496124	0.7923875432525952	0.7687861271676301	0.8037974683544303	0.8356164383561644	0.543859649122807	0.7602040816326531	0.36363636363636365	0.8740359897172236	0.8520710059171598	0.8807947019867549	0.3944954128440367	0.358974358974359	0.4175257731958763	0.9305993690851735	0.9402985074626866	0.9362416107382551	0.44285714285714284	0.9515570934256056
SRR26147401	0.8971428571428571	0.35944700460829493	0.33689839572192515	0.3939393939393939	0.42366412213740456	0.4034334763948498	0.425531914893617	0.4541984732824427	0.4307116104868914	0.41596638655462187	0.8117977528089888	0.375609756097561	0.8367346938775511	0.8270440251572327	0.8165137614678899	0.8198198198198198	0.825136612021858	0.8356940509915014	0.8298507462686567	0.4808362369337979	0.38636363636363635	0.32323232323232326	0.3835616438356164	0.49146757679180886	0.3883495145631068	0.3693181818181818	0.8640483383685801	0.375	0.8798882681564246	0.8873239436619719	0.9411764705882353	0.936	0.38064516129032255	0.40512820512820513	0.35348837209302325	0.4351145038167939	0.3689839572192513	0.3744493392070485	0.4036144578313253	0.8779220779220779	0.3825136612021858	0.5432098765432098	0.35377358490566035	0.950381679389313	0.931129476584022	0.47653429602888087	0.4050632911392405	0.37799043062200954	0.39826839826839827	0.7793696275071633	0.7801418439716312	0.8237704918032787	0.4051724137931034	0.7375886524822695	0.7709090909090909	0.8014184397163121	0.759581881533101	0.671280276816609	0.3471502590673575	0.0	0.328125	0.39655172413793105	0.313953488372093	0.39759036144578314	0.39814814814814814	0.3492822966507177	0.36875	0.7466666666666667	0.7759562841530054	0.783641160949868	0.7913669064748201	0.7817109144542773	0.7993421052631579	0.8279569892473119	0.4968152866242038	0.7714285714285715	0.3907563025210084	0.8726790450928382	0.8532110091743119	0.8793103448275862	0.3875598086124402	0.3582887700534759	0.39344262295081966	0.9311475409836065	0.9444444444444444	0.9444444444444444	0.4784172661870504	0.9530685920577617
SRR26147402	0.9132791327913279	0.3656387665198238	0.4097560975609756	0.4864864864864865	0.4148148148148148	0.3941908713692946	0.4156378600823045	0.46715328467153283	0.46099290780141844	0.4065040650406504	0.8194070080862533	0.4253393665158371	0.8520900321543409	0.8452380952380952	0.838150289017341	0.8441926345609065	0.8471502590673575	0.8548387096774194	0.8502824858757062	0.4554794520547945	0.40106951871657753	0.37089201877934275	0.388646288209607	0.4664429530201342	0.39351851851851855	0.4512820512820513	0.8923512747875354	0.40869565217391307	0.9023746701846965	0.900804289544236	0.9611650485436893	0.9545454545454546	0.4624277456647399	0.4766355140186916	0.33031674208144796	0.40225563909774437	0.4079601990049751	0.4262295081967213	0.4530386740331492	0.8880597014925373	0.3631578947368421	0.5287009063444109	0.41739130434782606	0.9642857142857143	0.9505208333333334	0.4558303886925795	0.428	0.3761467889908257	0.38235294117647056	0.7851239669421488	0.7993311036789298	0.842911877394636	0.42213114754098363	0.7591973244147158	0.791095890410959	0.8311258278145696	0.7954545454545454	0.7087378640776699	0.3864734299516908	0.328125	0.0	0.3670886075949367	0.41968911917098445	0.4388888888888889	0.4166666666666667	0.39285714285714285	0.449438202247191	0.7665615141955836	0.7879581151832461	0.782608695652174	0.8061224489795918	0.7909604519774012	0.8125	0.8523489932885906	0.5819209039548022	0.7738693467336684	0.4330708661417323	0.8916876574307305	0.8728323699421965	0.9102564102564102	0.42857142857142855	0.37373737373737376	0.4626865671641791	0.9442724458204335	0.9591836734693877	0.9609120521172638	0.4631578947368421	0.9590443686006825
SRR26147403	0.8839506172839506	0.3515625	0.4092827004219409	0.5418502202643172	0.3539518900343643	0.3218390804597701	0.40875912408759124	0.3645833333333333	0.40460526315789475	0.3592592592592593	0.8073170731707318	0.38461538461538464	0.847457627118644	0.8198924731182796	0.8141361256544503	0.8320610687022901	0.8162291169451074	0.8308823529411765	0.8286445012787724	0.3858520900321543	0.47161572052401746	0.3821138211382114	0.38461538461538464	0.3821656050955414	0.3821138211382114	0.4978723404255319	0.8666666666666667	0.35177865612648224	0.8746987951807229	0.8837772397094431	0.9461756373937678	0.9334862385321101	0.5656108597285068	0.46747967479674796	0.35294117647058826	0.35294117647058826	0.40772532188841204	0.34600760456273766	0.515695067264574	0.8707482993197279	0.4595744680851064	0.4269005847953216	0.3852140077821012	0.9571865443425076	0.9317647058823529	0.37333333333333335	0.4028776978417266	0.3603238866396761	0.373134328358209	0.7638190954773869	0.7905604719764012	0.8501628664495114	0.36704119850187267	0.7477744807121661	0.7831325301204819	0.8187134502923976	0.7696793002915452	0.6803519061583577	0.3755274261603376	0.39655172413793105	0.3670886075949367	0.0	0.43859649122807015	0.497737556561086	0.3843137254901961	0.36254980079681276	0.5466666666666666	0.7443181818181818	0.7584541062801933	0.7511848341232228	0.7964071856287425	0.7686375321336761	0.7893258426966292	0.8372781065088757	0.6334841628959276	0.7377049180327869	0.3308550185873606	0.8738532110091743	0.8604651162790697	0.8796561604584527	0.41338582677165353	0.405982905982906	0.4482758620689655	0.9318801089918256	0.9457364341085271	0.9398280802292264	0.35906040268456374	0.9529411764705882
SRR26147404	0.9085545722713865	0.44036697247706424	0.3967391304347826	0.37254901960784315	0.5075187969924813	0.44541484716157204	0.4266666666666667	0.4980694980694981	0.5129151291512916	0.45064377682403434	0.8304597701149425	0.4228855721393035	0.856140350877193	0.8333333333333334	0.8369905956112853	0.8470948012232415	0.8370786516853933	0.8517441860465116	0.8501529051987767	0.5365853658536586	0.41420118343195267	0.39593908629441626	0.4205607476635514	0.541095890410959	0.34554973821989526	0.3869047619047619	0.8854489164086687	0.3894230769230769	0.8936781609195402	0.9014492753623189	0.9642857142857143	0.953551912568306	0.4228187919463087	0.40540540540540543	0.4056603773584906	0.5075757575757576	0.35795454545454547	0.4170403587443946	0.3288590604026846	0.896551724137931	0.36257309941520466	0.5794392523364486	0.38349514563106796	0.9681274900398407	0.9491525423728814	0.5073529411764706	0.4661016949152542	0.400990099009901	0.48068669527896996	0.7833827893175074	0.7851851851851852	0.8418803418803419	0.4608695652173913	0.75	0.7803030303030303	0.8248175182481752	0.7813620071684588	0.6903914590747331	0.3709677419354839	0.313953488372093	0.41968911917098445	0.43859649122807015	0.0	0.35526315789473684	0.43601895734597157	0.4029126213592233	0.36666666666666664	0.7671232876712328	0.7932960893854749	0.8005390835579514	0.8278388278388278	0.796969696969697	0.8169491525423729	0.8566176470588235	0.4397163120567376	0.7845744680851063	0.4449152542372881	0.8885869565217391	0.8746081504702194	0.900355871886121	0.4264705882352941	0.3743016759776536	0.40229885057471265	0.9527027027027027	0.9584664536741214	0.9640287769784173	0.5306859205776173	0.9699248120300752
SRR26147405	0.9119496855345912	0.5023696682464455	0.40588235294117647	0.381294964028777	0.5871212121212122	0.5045045045045045	0.5135135135135135	0.5852713178294574	0.5962962962962963	0.5283842794759825	0.8323170731707317	0.44148936170212766	0.8560606060606061	0.84375	0.8277027027027027	0.8464052287581699	0.8461538461538461	0.8584615384615385	0.8534201954397395	0.6056338028169014	0.3841059602649007	0.41304347826086957	0.4830917874396135	0.6089965397923875	0.42162162162162165	0.3422818791946309	0.8910891089108911	0.49029126213592233	0.899390243902439	0.9076923076923077	0.9649805447470817	0.9624277456647399	0.2845528455284553	0.4152046783625731	0.4682926829268293	0.5769230769230769	0.36419753086419754	0.5180180180180181	0.2824427480916031	0.898876404494382	0.40993788819875776	0.65	0.47783251231527096	0.9692982456140351	0.954954954954955	0.5799256505576208	0.5367965367965368	0.4587628865979381	0.5201793721973094	0.7899686520376176	0.7984189723320159	0.8293838862559242	0.5067873303167421	0.7309236947791165	0.7736625514403292	0.8174603174603174	0.7799227799227799	0.6870229007633588	0.39655172413793105	0.39759036144578314	0.4388888888888889	0.497737556561086	0.35526315789473684	0.0	0.4623115577889447	0.475	0.3	0.7692307692307693	0.8035190615835777	0.8073654390934845	0.8016194331983806	0.7928802588996764	0.8007380073800738	0.8473895582329317	0.38016528925619836	0.8071625344352618	0.521551724137931	0.8936781609195402	0.8833333333333333	0.8953488372093024	0.44502617801047123	0.39156626506024095	0.3717948717948718	0.96	0.9621993127147767	0.9647058823529412	0.5867158671586716	0.9711934156378601
SRR26147406	0.8818897637795275	0.3770491803278688	0.3824884792626728	0.48258706467661694	0.37050359712230213	0.3968871595330739	0.4528301886792453	0.3333333333333333	0.37809187279151946	0.38372093023255816	0.8128205128205128	0.2889908256880734	0.8424242424242424	0.8267045454545454	0.8138888888888889	0.8265582655826558	0.8131313131313131	0.8316062176165803	0.8324324324324325	0.423841059602649	0.44976076555023925	0.35398230088495575	0.3651452282157676	0.4144736842105263	0.39655172413793105	0.39705882352941174	0.8664850136239782	0.37083333333333335	0.875	0.8817480719794345	0.9451219512195121	0.9318734793187348	0.5376884422110553	0.3972602739726027	0.3651452282157676	0.4098939929328622	0.4027777777777778	0.29583333333333334	0.4595959595959596	0.8788598574821853	0.42990654205607476	0.4716417910447761	0.3991769547325103	0.95	0.9273182957393483	0.38461538461538464	0.3412698412698413	0.3593073593073593	0.3984375	0.7606382978723404	0.7886435331230284	0.8362989323843416	0.3534136546184739	0.7266881028938906	0.7766990291262136	0.8150470219435737	0.7739938080495357	0.670846394984326	0.41150442477876104	0.39814814814814814	0.4166666666666667	0.3843137254901961	0.43601895734597157	0.4623115577889447	0.0	0.32608695652173914	0.5099009900990099	0.7469879518072289	0.7645569620253164	0.753731343283582	0.7870967741935484	0.7656675749318801	0.798219584569733	0.8459119496855346	0.6060606060606061	0.7457212713936431	0.3667953667953668	0.8686131386861314	0.8535911602209945	0.8734567901234568	0.3244444444444444	0.35545023696682465	0.46788990825688076	0.9329446064139941	0.9418282548476454	0.9382716049382716	0.3923611111111111	0.9456869009584664
SRR26147407	0.8726790450928382	0.3541666666666667	0.37962962962962965	0.4489795918367347	0.3914590747330961	0.36254980079681276	0.38976377952755903	0.38545454545454544	0.35842293906810035	0.3938223938223938	0.796875	0.3167420814479638	0.8348623853211009	0.8057971014492754	0.8033707865168539	0.8066298342541437	0.794344473007712	0.8095238095238095	0.8159340659340659	0.3952702702702703	0.424390243902439	0.37280701754385964	0.3276595744680851	0.42295081967213116	0.40086206896551724	0.4326923076923077	0.850415512465374	0.3261802575107296	0.8630490956072352	0.8697916666666666	0.9384615384615385	0.9238329238329238	0.5279187817258884	0.42342342342342343	0.32051282051282054	0.40213523131672596	0.43636363636363634	0.3070539419087137	0.46464646464646464	0.8567961165048543	0.419811320754717	0.46546546546546547	0.3418803418803419	0.9463087248322147	0.9189873417721519	0.40484429065743943	0.35177865612648224	0.38461538461538464	0.3705179282868526	0.75	0.7684887459807074	0.8188405797101449	0.33739837398373984	0.7133550488599348	0.7557755775577558	0.7877813504823151	0.75	0.6656151419558359	0.38009049773755654	0.3492822966507177	0.39285714285714285	0.36254980079681276	0.4029126213592233	0.475	0.32608695652173914	0.0	0.49246231155778897	0.7308868501529052	0.7480719794344473	0.7341772151898734	0.7704918032786885	0.7409470752089137	0.7682926829268293	0.8155339805825242	0.5824742268041238	0.7135678391959799	0.34509803921568627	0.854320987654321	0.8370786516853933	0.8695652173913043	0.35807860262008734	0.3444976076555024	0.4583333333333333	0.9201183431952663	0.9357541899441341	0.9347826086956522	0.4232081911262799	0.9455128205128205
SRR26147408	0.9208860759493671	0.5048076923076923	0.4260355029585799	0.4057971014492754	0.6007604562737643	0.5530973451327433	0.5491071428571429	0.59375	0.6148148148148148	0.5565217391304348	0.8404907975460123	0.4842105263157895	0.870722433460076	0.8571428571428571	0.8484848484848485	0.8590163934426229	0.857566765578635	0.8738461538461538	0.8622950819672132	0.6376306620209059	0.38513513513513514	0.4734042553191489	0.5072463768115942	0.6404109589041096	0.45698924731182794	0.35374149659863946	0.8966666666666666	0.48514851485148514	0.9079754601226994	0.9130434782608695	0.9683794466403162	0.9618768328445748	0.3252032520325203	0.4260355029585799	0.5072463768115942	0.5961538461538461	0.4049079754601227	0.5205479452054794	0.3076923076923077	0.9098591549295775	0.42138364779874216	0.6739130434782609	0.5098039215686274	0.9732142857142857	0.9574468085106383	0.6190476190476191	0.5584415584415584	0.47668393782383417	0.5294117647058824	0.8018867924528302	0.8228346456692913	0.8476190476190476	0.5426008968609866	0.7658730158730159	0.8040816326530612	0.8232931726907631	0.7898832684824902	0.7255639097744361	0.42528735632183906	0.36875	0.449438202247191	0.5466666666666666	0.36666666666666664	0.3	0.5099009900990099	0.49246231155778897	0.0	0.7830882352941176	0.8181818181818182	0.828169014084507	0.8170731707317073	0.8167202572347267	0.8278388278388278	0.8582995951417004	0.3949579831932773	0.8111111111111111	0.5555555555555556	0.8985507246376812	0.8888888888888888	0.90625	0.4712041884816754	0.42168674698795183	0.40384615384615385	0.9592592592592593	0.9651567944250871	0.9722222222222222	0.6153846153846154	0.9748953974895398
SRR26147409	0.5146579804560261	0.750733137829912	0.7549019607843137	0.7862318840579711	0.7421875	0.7335243553008596	0.7605633802816901	0.7532808398950132	0.7131578947368421	0.771978021978022	0.4045307443365696	0.7366771159874608	0.45112781954887216	0.4671280276816609	0.4241379310344828	0.4197952218430034	0.4472049689440994	0.48264984227129337	0.4068965517241379	0.7536945812807881	0.7835051546391752	0.7476635514018691	0.7602339181286549	0.742014742014742	0.7476635514018691	0.7773972602739726	0.4778156996587031	0.7395209580838323	0.528125	0.5284810126582279	0.7297297297297297	0.6899441340782123	0.7886792452830189	0.7467105263157895	0.7492625368731564	0.7660668380462725	0.7704918032786885	0.7312138728323699	0.7906137184115524	0.514792899408284	0.7759197324414716	0.7540229885057471	0.7225609756097561	0.7174721189591078	0.6801152737752162	0.7480916030534351	0.7380281690140845	0.7530487804878049	0.7743732590529248	0.38961038961038963	0.41379310344827586	0.4678111587982833	0.7246376811594203	0.3359375	0.3937007874015748	0.3745019920318725	0.367816091954023	0.36101083032490977	0.7491961414790996	0.7466666666666667	0.7665615141955836	0.7443181818181818	0.7671232876712328	0.7692307692307693	0.7469879518072289	0.7308868501529052	0.7830882352941176	0.0	0.3710691823899371	0.3860182370820669	0.3952569169960474	0.3515358361774744	0.3888888888888889	0.45525291828793774	0.823076923076923	0.39823008849557523	0.7554945054945055	0.5311572700296736	0.4915254237288136	0.5094339622641509	0.728125	0.7557755775577558	0.7906976744186046	0.7142857142857143	0.6878980891719745	0.6923076923076923	0.7613065326633166	0.7142857142857143
SRR26147410	0.49142857142857144	0.7703703703703704	0.7756756756756756	0.8134110787172012	0.7528089887640449	0.7554479418886199	0.7721822541966427	0.7680180180180181	0.7336343115124153	0.7873831775700935	0.34310850439882695	0.7597911227154047	0.4234527687296417	0.3956386292834891	0.396969696969697	0.3738601823708207	0.4111111111111111	0.4154727793696275	0.3768996960486322	0.7649572649572649	0.8	0.7751937984496124	0.7813267813267813	0.7521367521367521	0.772020725388601	0.7983193277310925	0.4629080118694362	0.7550505050505051	0.5	0.4744318181818182	0.6938775510204082	0.6407035175879398	0.826865671641791	0.7789757412398922	0.7783251231527094	0.7706013363028953	0.7983870967741935	0.7506112469437652	0.8168604651162791	0.4359673024523161	0.8032786885245902	0.7620967741935484	0.7442455242966752	0.7286585365853658	0.6375321336760925	0.7631578947368421	0.7559808612440191	0.7791878172588832	0.7924528301886793	0.38636363636363635	0.4169381107491857	0.5794701986754967	0.754257907542579	0.42902208201892744	0.4713375796178344	0.4565916398713826	0.38311688311688313	0.39143730886850153	0.773936170212766	0.7759562841530054	0.7879581151832461	0.7584541062801933	0.7932960893854749	0.8035190615835777	0.7645569620253164	0.7480719794344473	0.8181818181818182	0.3710691823899371	0.0	0.2869318181818182	0.4630225080385852	0.32831325301204817	0.4056603773584906	0.4870967741935484	0.851063829787234	0.30578512396694213	0.7704918032786885	0.4465753424657534	0.4658753709198813	0.526813880126183	0.7686375321336761	0.776566757493188	0.8247978436657682	0.6927374301675978	0.6629834254143646	0.6882352941176471	0.7717391304347826	0.6987951807228916
SRR26147411	0.509641873278237	0.7444717444717445	0.7736842105263158	0.8169014084507042	0.7377777777777778	0.7392344497607656	0.7676056338028169	0.7527839643652561	0.7158836689038032	0.7540983606557377	0.39444444444444443	0.7519181585677749	0.4613003095975232	0.41916167664670656	0.41055718475073316	0.4069767441860465	0.4274193548387097	0.43213296398891965	0.40058479532163743	0.7317596566523605	0.8005464480874317	0.7670886075949367	0.7675544794188862	0.7188841201716738	0.7670886075949367	0.8054054054054054	0.504225352112676	0.7536945812807881	0.5053763440860215	0.4972677595628415	0.7229916897506925	0.6354679802955665	0.829971181556196	0.7801047120418848	0.7524509803921569	0.7472283813747228	0.7926509186351706	0.7464114832535885	0.8169014084507042	0.46335078534031415	0.7973333333333333	0.738430583501006	0.743142144638404	0.7390029325513197	0.6390977443609023	0.737417943107221	0.7399527186761229	0.7711442786069652	0.7676056338028169	0.39944903581267216	0.45987654320987653	0.5833333333333334	0.7288135593220338	0.4276923076923077	0.47368421052631576	0.46417445482866043	0.41304347826086957	0.41935483870967744	0.7751937984496124	0.783641160949868	0.782608695652174	0.7511848341232228	0.8005390835579514	0.8073654390934845	0.753731343283582	0.7341772151898734	0.828169014084507	0.3860182370820669	0.2869318181818182	0.0	0.465625	0.3343108504398827	0.3950617283950617	0.5123456790123457	0.8600583090379009	0.33421750663129973	0.745920745920746	0.49740932642487046	0.45930232558139533	0.5542168674698795	0.7575757575757576	0.7810026385224275	0.8153034300791556	0.6964769647696477	0.6781914893617021	0.6923076923076923	0.7462039045553145	0.7138728323699421
SRR26147412	0.5352112676056338	0.79375	0.7992957746478874	0.8293650793650794	0.7796143250688705	0.774390243902439	0.8095238095238095	0.7916666666666666	0.7562326869806094	0.8099415204678363	0.48494983277591974	0.7694915254237288	0.43037974683544306	0.4559386973180077	0.38372093023255816	0.43333333333333335	0.4666666666666667	0.4897260273972603	0.45985401459854014	0.7927461139896373	0.7969348659003831	0.7933333333333333	0.8074534161490683	0.7772020725388601	0.8052805280528053	0.8127340823970037	0.4621212121212121	0.7943037974683544	0.523972602739726	0.5344827586206896	0.6875	0.68	0.8242677824267782	0.7907801418439716	0.8037383177570093	0.7945205479452054	0.8120567375886525	0.7760736196319018	0.82	0.5425867507886435	0.8273381294964028	0.7903614457831325	0.7694805194805194	0.6796536796536796	0.6602564102564102	0.7882037533512064	0.7820895522388059	0.8058252427184466	0.8095238095238095	0.49504950495049505	0.44166666666666665	0.4228855721393035	0.7692307692307693	0.34334763948497854	0.35714285714285715	0.35714285714285715	0.314410480349345	0.46096654275092935	0.7923875432525952	0.7913669064748201	0.8061224489795918	0.7964071856287425	0.8278388278388278	0.8016194331983806	0.7870967741935484	0.7704918032786885	0.8170731707317073	0.3952569169960474	0.4630225080385852	0.465625	0.0	0.4007220216606498	0.37448559670781895	0.3918918918918919	0.8333333333333334	0.4894894894894895	0.7959183673469388	0.5416666666666666	0.48880597014925375	0.4698275862068966	0.7601351351351351	0.800711743772242	0.8218181818181818	0.6716417910447762	0.6666666666666666	0.6746031746031746	0.8110236220472441	0.6938775510204082
SRR26147413	0.47368421052631576	0.7686170212765957	0.7813411078717201	0.819047619047619	0.7409200968523002	0.7526041666666666	0.770618556701031	0.7692307692307693	0.7325301204819277	0.7777777777777778	0.3890577507598784	0.7570621468926554	0.41901408450704225	0.44155844155844154	0.3367003367003367	0.3388704318936877	0.42058823529411765	0.42073170731707316	0.37987012987012986	0.7545871559633027	0.8042813455657493	0.7703081232492998	0.7900262467191601	0.7465753424657534	0.7805555555555556	0.8024316109422492	0.4318181818181818	0.7654986522911051	0.5189504373177842	0.49700598802395207	0.7012578616352201	0.6506666666666666	0.8223684210526315	0.7777777777777778	0.7706666666666667	0.7690476190476191	0.7988338192419825	0.7440633245382586	0.8152866242038217	0.4730878186968839	0.8005952380952381	0.7601713062098501	0.7540983606557377	0.7050847457627119	0.625	0.7552941176470588	0.75	0.7747252747252747	0.7800511508951407	0.38972809667673713	0.41754385964912283	0.518796992481203	0.7447368421052631	0.3464285714285714	0.4050179211469534	0.4050179211469534	0.3867595818815331	0.3954248366013072	0.7687861271676301	0.7817109144542773	0.7909604519774012	0.7686375321336761	0.796969696969697	0.7928802588996764	0.7656675749318801	0.7409470752089137	0.8167202572347267	0.3515358361774744	0.32831325301204817	0.3343108504398827	0.4007220216606498	0.0	0.3321554770318021	0.4555160142348754	0.8489932885906041	0.34285714285714286	0.7688442211055276	0.5056179775280899	0.4551282051282051	0.48951048951048953	0.7597765363128491	0.7859237536656891	0.8205882352941176	0.6918429003021148	0.6636904761904762	0.6826923076923077	0.7703016241299304	0.6983606557377049
SRR26147414	0.4812286689419795	0.7865497076023392	0.8025889967637541	0.8345323741007195	0.7772020725388601	0.7720797720797721	0.8016759776536313	0.7979274611398963	0.7454068241469817	0.8087431693989071	0.419672131147541	0.7711598746081505	0.396	0.4290909090909091	0.3358208955223881	0.38571428571428573	0.39144736842105265	0.41216216216216217	0.3835125448028674	0.7867647058823529	0.8048780487804879	0.796923076923077	0.8028985507246377	0.769041769041769	0.8006134969325154	0.8191126279863481	0.4296028880866426	0.7869822485207101	0.46153846153846156	0.4610169491525424	0.6727272727272727	0.656891495601173	0.8432835820895522	0.7947882736156352	0.7923976608187134	0.794344473007712	0.8065573770491803	0.7806267806267806	0.8260869565217391	0.47987616099071206	0.8205980066445183	0.7876712328767124	0.7710843373493976	0.6746031746031746	0.6288343558282209	0.7822784810126582	0.7793296089385475	0.8119402985074626	0.8016759776536313	0.4098360655737705	0.40711462450592883	0.4343891402714932	0.7742857142857142	0.3852140077821012	0.412	0.3795918367346939	0.3466135458167331	0.4234875444839858	0.8037974683544303	0.7993421052631579	0.8125	0.7893258426966292	0.8169491525423729	0.8007380073800738	0.798219584569733	0.7682926829268293	0.8278388278388278	0.3888888888888889	0.4056603773584906	0.3950617283950617	0.37448559670781895	0.3321554770318021	0.0	0.3504273504273504	0.8565891472868217	0.4260355029585799	0.7923497267759563	0.4827586206896552	0.4218181818181818	0.44534412955465585	0.7739938080495357	0.8078175895765473	0.834983498349835	0.6585365853658537	0.6360544217687075	0.6605166051660517	0.7980049875311721	0.6730038022813688
SRR26147415	0.4699248120300752	0.843558282208589	0.8432055749128919	0.8695652173913043	0.8364611260053619	0.8198198198198198	0.8431952662721893	0.842391304347826	0.7945205479452054	0.8628571428571429	0.46366782006920415	0.8278145695364238	0.4008810572687225	0.4302788844621514	0.4186046511627907	0.4015444015444015	0.45017182130584193	0.43478260869565216	0.41762452107279696	0.8312020460358056	0.8490566037735849	0.834983498349835	0.8496932515337423	0.8308080808080808	0.8426229508196721	0.8676470588235294	0.41832669322709165	0.8375	0.4928571428571429	0.45353159851301117	0.6025641025641025	0.6451612903225806	0.8571428571428571	0.8268551236749117	0.8461538461538461	0.8537234042553191	0.856140350877193	0.8323353293413174	0.8650793650793651	0.4798657718120805	0.8798586572438163	0.84	0.8102893890675241	0.6232558139534884	0.6182432432432432	0.8372703412073491	0.8333333333333334	0.8498402555910544	0.8666666666666667	0.5149501661129569	0.44680851063829785	0.4205128205128205	0.8258258258258259	0.46122448979591835	0.4185022026431718	0.39732142857142855	0.36796536796536794	0.4659090909090909	0.8356164383561644	0.8279569892473119	0.8523489932885906	0.8372781065088757	0.8566176470588235	0.8473895582329317	0.8459119496855346	0.8155339805825242	0.8582995951417004	0.45525291828793774	0.4870967741935484	0.5123456790123457	0.3918918918918919	0.4555160142348754	0.3504273504273504	0.0	0.8728070175438597	0.5165165165165165	0.8424068767908309	0.49324324324324326	0.416	0.41284403669724773	0.8223684210526315	0.8531468531468531	0.8669064748201439	0.5836734693877551	0.5984555984555985	0.5991379310344828	0.8467532467532467	0.6116071428571429
SRR26147416	0.9324324324324325	0.6116504854368932	0.5304878048780488	0.4146341463414634	0.685823754789272	0.6334841628959276	0.6301369863013698	0.6811023622047244	0.6977611940298507	0.6415929203539823	0.8722044728434505	0.5706521739130435	0.889795918367347	0.8777777777777778	0.875886524822695	0.8784722222222222	0.8785046728971962	0.8928571428571429	0.8858131487889274	0.7112676056338029	0.5034965034965035	0.5683060109289617	0.6146341463414634	0.7172413793103448	0.5604395604395604	0.4825174825174825	0.9032258064516129	0.5808080808080808	0.9183006535947712	0.9238410596026491	0.9649122807017544	0.9686520376175548	0.35454545454545455	0.48427672955974843	0.594059405940594	0.6923076923076923	0.5031847133757962	0.6221198156682027	0.3884297520661157	0.9194029850746268	0.5131578947368421	0.7398119122257053	0.5909090909090909	0.975	0.9607843137254902	0.6962962962962963	0.6371681415929203	0.5916230366492147	0.6486486486486487	0.8478964401294499	0.8487394957983193	0.8578947368421053	0.6238532110091743	0.7932489451476793	0.8193832599118943	0.8547008547008547	0.8181818181818182	0.758893280632411	0.543859649122807	0.4968152866242038	0.5819209039548022	0.6334841628959276	0.4397163120567376	0.38016528925619836	0.6060606060606061	0.5824742268041238	0.3949579831932773	0.823076923076923	0.851063829787234	0.8600583090379009	0.8333333333333334	0.8489932885906041	0.8565891472868217	0.8728070175438597	0.0	0.8518518518518519	0.645021645021645	0.9143730886850153	0.9028776978417267	0.9102564102564102	0.5567567567567567	0.5370370370370371	0.4657534246575342	0.9635627530364372	0.9735849056603774	0.9781659388646288	0.6925925925925925	0.9814814814814815
SRR26147417	0.4807692307692308	0.7458033573141487	0.7616580310880829	0.8099173553719008	0.7280701754385965	0.7494199535962877	0.7626728110599078	0.7400881057268722	0.7149122807017544	0.7692307692307693	0.3791208791208791	0.7405541561712846	0.49852507374631266	0.43023255813953487	0.41714285714285715	0.4045584045584046	0.41644562334217505	0.4207650273224044	0.36070381231671556	0.7331932773109243	0.7810810810810811	0.7587064676616916	0.7565632458233891	0.7286012526096033	0.7679012345679013	0.7957559681697612	0.48746518105849584	0.748792270531401	0.5130890052356021	0.47282608695652173	0.7250673854447439	0.6426858513189448	0.8225352112676056	0.7616580310880829	0.7565632458233891	0.7510822510822511	0.7897435897435897	0.7358490566037735	0.8033240997229917	0.45219638242894056	0.8005181347150259	0.7495107632093934	0.729064039408867	0.7443181818181818	0.6228287841191067	0.7387580299785867	0.75	0.7688564476885644	0.7711670480549199	0.4144385026737968	0.4608433734939759	0.6116207951070336	0.7394366197183099	0.46176470588235297	0.5276967930029155	0.5190615835777126	0.4294294294294294	0.42120343839541546	0.7602040816326531	0.7714285714285715	0.7738693467336684	0.7377049180327869	0.7845744680851063	0.8071625344352618	0.7457212713936431	0.7135678391959799	0.8111111111111111	0.39823008849557523	0.30578512396694213	0.33421750663129973	0.4894894894894895	0.34285714285714286	0.4260355029585799	0.5165165165165165	0.8518518518518519	0.0	0.7442922374429224	0.4897959183673469	0.4732394366197183	0.5400593471810089	0.746268656716418	0.765625	0.8149100257069408	0.7094240837696335	0.6640419947506562	0.680672268907563	0.7393162393162394	0.7090395480225988
SRR26147418	0.8896882494004796	0.32170542635658916	0.42276422764227645	0.5446808510638298	0.32764505119453924	0.3492647058823529	0.3686131386861314	0.3771043771043771	0.36303630363036304	0.299625468164794	0.8123515439429929	0.416988416988417	0.852054794520548	0.828125	0.8193384223918575	0.8220551378446115	0.8263888888888888	0.8325358851674641	0.830423940149626	0.3180327868852459	0.4703389830508475	0.376984126984127	0.3612167300380228	0.3471337579617834	0.357429718875502	0.4896265560165975	0.8675	0.3726235741444867	0.883177570093458	0.8815165876777251	0.9506849315068493	0.9375	0.5739130434782609	0.466403162055336	0.31640625	0.3378839590443686	0.44715447154471544	0.3169811320754717	0.5258620689655172	0.8738938053097345	0.4775510204081633	0.39473684210526316	0.3552123552123552	0.9585798816568047	0.9285714285714286	0.35313531353135313	0.36917562724014336	0.38132295719844356	0.3132075471698113	0.754950495049505	0.7936962750716332	0.8553459119496856	0.3382899628252788	0.7485549132947977	0.7900874635568513	0.8243626062322946	0.780281690140845	0.6940509915014165	0.36363636363636365	0.3907563025210084	0.4330708661417323	0.3308550185873606	0.4449152542372881	0.521551724137931	0.3667953667953668	0.34509803921568627	0.5555555555555556	0.7554945054945055	0.7704918032786885	0.745920745920746	0.7959183673469388	0.7688442211055276	0.7923497267759563	0.8424068767908309	0.645021645021645	0.7442922374429224	0.0	0.874439461883408	0.8556962025316456	0.8895027624309392	0.38910505836575876	0.41975308641975306	0.4669421487603306	0.9394736842105263	0.9419191919191919	0.9445983379501385	0.2876712328767123	0.9544159544159544
SRR26147421	0.3865814696485623	0.8770685579196218	0.8743455497382199	0.8901734104046243	0.860813704496788	0.858139534883721	0.8784403669724771	0.8658008658008658	0.8304347826086956	0.8803611738148984	0.4289855072463768	0.87	0.3993055555555556	0.4180064308681672	0.41379310344827586	0.40993788819875776	0.37091988130563797	0.3591331269349845	0.41304347826086957	0.8627049180327869	0.8958904109589041	0.8781094527363185	0.8791469194312796	0.852760736196319	0.8696741854636592	0.8967391304347826	0.34448160535117056	0.8674698795180723	0.35962145110410093	0.33116883116883117	0.5785953177257525	0.46745562130177515	0.8988095238095238	0.8743455497382199	0.8764845605700713	0.8720682302771855	0.8900523560209425	0.8598130841121495	0.8933717579250721	0.34036144578313254	0.8992042440318302	0.861271676300578	0.8501228501228502	0.6028368794326241	0.45426829268292684	0.8634453781512605	0.8574712643678161	0.8801955990220048	0.8886363636363637	0.5309973045822103	0.4967532467532468	0.5704225352112676	0.8548009367681498	0.551829268292683	0.5445859872611465	0.5162337662337663	0.49206349206349204	0.5504322766570605	0.8740359897172236	0.8726790450928382	0.8916876574307305	0.8738532110091743	0.8885869565217391	0.8936781609195402	0.8686131386861314	0.854320987654321	0.8985507246376812	0.5311572700296736	0.4465753424657534	0.49740932642487046	0.5416666666666666	0.5056179775280899	0.4827586206896552	0.49324324324324326	0.9143730886850153	0.4897959183673469	0.874439461883408	0.0	0.3254237288135593	0.40860215053763443	0.8571428571428571	0.8789473684210526	0.9045092838196287	0.5361842105263158	0.498371335504886	0.5563139931740614	0.8731808731808732	0.5749128919860628
SRR26147432	0.38652482269503546	0.8575268817204301	0.8622754491017964	0.882943143812709	0.8496420047732697	0.8455497382198953	0.8626943005181347	0.8523002421307506	0.8155339805825242	0.8651399491094147	0.4129032258064516	0.8547008547008547	0.36904761904761907	0.362962962962963	0.39436619718309857	0.3732394366197183	0.37987012987012986	0.32752613240418116	0.36524822695035464	0.8470319634703196	0.8722044728434505	0.8640226628895185	0.8629032258064516	0.835990888382688	0.8510028653295129	0.8840125391849529	0.3333333333333333	0.8493150684931506	0.3508771929824561	0.33691756272401435	0.5955056179775281	0.5047923322683706	0.8888888888888888	0.8622754491017964	0.8536585365853658	0.8568019093078759	0.8835820895522388	0.8412698412698413	0.882943143812709	0.34105960264900664	0.8871951219512195	0.8489361702127659	0.8388888888888889	0.5959183673469388	0.511400651465798	0.8474178403755869	0.8389610389610389	0.8635097493036211	0.8801020408163265	0.5223880597014925	0.45318352059925093	0.4978902953586498	0.841688654353562	0.4929078014184397	0.48134328358208955	0.4583333333333333	0.4200743494423792	0.504950495049505	0.8520710059171598	0.8532110091743119	0.8728323699421965	0.8604651162790697	0.8746081504702194	0.8833333333333333	0.8535911602209945	0.8370786516853933	0.8888888888888888	0.4915254237288136	0.4658753709198813	0.45930232558139533	0.48880597014925375	0.4551282051282051	0.4218181818181818	0.416	0.9028776978417267	0.4732394366197183	0.8556962025316456	0.3254237288135593	0.0	0.35833333333333334	0.836676217765043	0.8640483383685801	0.8932926829268293	0.5261194029850746	0.516245487364621	0.525691699604743	0.8558139534883721	0.564
SRR26147443	0.3469387755102041	0.887240356083086	0.8813559322033898	0.8949416342412452	0.8691099476439791	0.8666666666666667	0.8917378917378918	0.8783068783068783	0.8443271767810027	0.8969359331476323	0.48109965635738833	0.864516129032258	0.3665158371040724	0.4566929133858268	0.3952569169960474	0.4153846153846154	0.4463667820069204	0.4074074074074074	0.41923076923076924	0.8737623762376238	0.9021739130434783	0.8821656050955414	0.8931750741839762	0.8617283950617284	0.8785942492012779	0.8992805755395683	0.326271186440678	0.8821752265861027	0.3783783783783784	0.3953488372093023	0.5555555555555556	0.5586206896551724	0.9068825910931174	0.8698630136986302	0.8865671641791045	0.8886010362694301	0.8979591836734694	0.8688046647230321	0.8992248062015504	0.4554794520547945	0.9137931034482759	0.8738532110091743	0.8571428571428571	0.4845360824742268	0.5091575091575091	0.875	0.8657142857142858	0.891640866873065	0.9011299435028248	0.5598705501618123	0.4875	0.48514851485148514	0.8658892128279884	0.4879032258064516	0.4936708860759494	0.4808510638297872	0.4309623430962343	0.5345454545454545	0.8807947019867549	0.8793103448275862	0.9102564102564102	0.8796561604584527	0.900355871886121	0.8953488372093024	0.8734567901234568	0.8695652173913043	0.90625	0.5094339622641509	0.526813880126183	0.5542168674698795	0.4698275862068966	0.48951048951048953	0.44534412955465585	0.41284403669724773	0.9102564102564102	0.5400593471810089	0.8895027624309392	0.40860215053763443	0.35833333333333334	0.0	0.8662420382165605	0.8873720136518771	0.9094076655052264	0.5256410256410257	0.4895397489539749	0.47641509433962265	0.8922305764411027	0.5144230769230769
SRR26147458	0.876010781671159	0.4074074074074074	0.3867924528301887	0.4742268041237113	0.40860215053763443	0.3684210526315789	0.421259842519685	0.32950191570881227	0.35766423357664234	0.40625	0.8052631578947368	0.3378995433789954	0.8307210031347962	0.8187134502923976	0.8022922636103151	0.8156424581005587	0.805699481865285	0.8275862068965517	0.8184357541899442	0.41694915254237286	0.4090909090909091	0.40789473684210525	0.3547008547008547	0.4491803278688525	0.3721973094170404	0.4020100502512563	0.8567415730337079	0.3463203463203463	0.8601583113456465	0.8670212765957447	0.940251572327044	0.925	0.5	0.37142857142857144	0.34763948497854075	0.41935483870967744	0.41509433962264153	0.34024896265560167	0.4583333333333333	0.8679706601466992	0.4647887323943662	0.48493975903614456	0.40336134453781514	0.9448275862068966	0.9256410256410257	0.39361702127659576	0.3441295546558704	0.35555555555555557	0.4517374517374517	0.7513661202185792	0.7745098039215687	0.8178438661710037	0.3765182186234818	0.7013422818791947	0.761744966442953	0.7941176470588235	0.7516129032258064	0.6655948553054662	0.3944954128440367	0.3875598086124402	0.42857142857142855	0.41338582677165353	0.4264705882352941	0.44502617801047123	0.3244444444444444	0.35807860262008734	0.4712041884816754	0.728125	0.7686375321336761	0.7575757575757576	0.7601351351351351	0.7597765363128491	0.7739938080495357	0.8223684210526315	0.5567567567567567	0.746268656716418	0.38910505836575876	0.8571428571428571	0.836676217765043	0.8662420382165605	0.0	0.4056603773584906	0.4375	0.9246987951807228	0.9342857142857143	0.9331210191082803	0.43986254295532645	0.944078947368421
SRR26147469	0.8974358974358975	0.3698630136986301	0.38341968911917096	0.4166666666666667	0.449438202247191	0.42616033755274263	0.4476987447698745	0.45038167938931295	0.45588235294117646	0.3983050847457627	0.8222222222222222	0.37073170731707317	0.8528428093645485	0.8348909657320872	0.8206686930091185	0.8377581120943953	0.8319783197831978	0.8394366197183099	0.8372781065088757	0.48788927335640137	0.398876404494382	0.375609756097561	0.3488372093023256	0.5084175084175084	0.375609756097561	0.36363636363636365	0.8746268656716418	0.37037037037037035	0.8925619834710744	0.8907563025210085	0.9593220338983051	0.9473684210526315	0.4819277108433735	0.44	0.35648148148148145	0.4606741573033708	0.3894736842105263	0.3700440528634361	0.3878787878787879	0.8868894601542416	0.3407821229050279	0.5356037151702786	0.3870967741935484	0.9584905660377359	0.9400544959128065	0.4838709677419355	0.43388429752066116	0.357487922705314	0.3869565217391304	0.7729885057471264	0.7937062937062938	0.8433734939759037	0.40086206896551724	0.7429577464788732	0.776173285198556	0.818815331010453	0.7815699658703071	0.6815068493150684	0.358974358974359	0.3582887700534759	0.37373737373737376	0.405982905982906	0.3743016759776536	0.39156626506024095	0.35545023696682465	0.3444976076555024	0.42168674698795183	0.7557755775577558	0.776566757493188	0.7810026385224275	0.800711743772242	0.7859237536656891	0.8078175895765473	0.8531468531468531	0.5370370370370371	0.765625	0.41975308641975306	0.8789473684210526	0.8640483383685801	0.8873720136518771	0.4056603773584906	0.0	0.3701657458563536	0.9485530546623794	0.9478527607361963	0.9482758620689655	0.4581818181818182	0.9532374100719424
SRR26147481	0.9190751445086706	0.4074074074074074	0.45077720207253885	0.4666666666666667	0.5148148148148148	0.48739495798319327	0.463519313304721	0.5	0.5359712230215827	0.4267241379310345	0.8455056179775281	0.4786729857819905	0.8775510204081632	0.8683385579937304	0.8601823708206687	0.8592814371257484	0.8610354223433242	0.8696883852691218	0.8690476190476191	0.547945205479452	0.4277456647398844	0.4	0.39436619718309857	0.5423728813559322	0.4158415841584158	0.41954022988505746	0.9036144578313253	0.4377880184331797	0.9134078212290503	0.9150141643059491	0.9647887323943662	0.9707446808510638	0.3959731543624161	0.4666666666666667	0.4383561643835616	0.49242424242424243	0.3812154696132597	0.4342105263157895	0.3782051282051282	0.9033942558746736	0.4044943820224719	0.5758513931888545	0.4681818181818182	0.9766536964980544	0.9641873278236914	0.5357142857142857	0.48132780082987553	0.41262135922330095	0.45021645021645024	0.8171428571428572	0.8309859154929577	0.8636363636363636	0.4434782608695652	0.7758007117437722	0.8058608058608059	0.8439716312056738	0.8096885813148789	0.7172413793103448	0.4175257731958763	0.39344262295081966	0.4626865671641791	0.4482758620689655	0.40229885057471265	0.3717948717948718	0.46788990825688076	0.4583333333333333	0.40384615384615385	0.7906976744186046	0.8247978436657682	0.8153034300791556	0.8218181818181818	0.8205882352941176	0.834983498349835	0.8669064748201439	0.4657534246575342	0.8149100257069408	0.4669421487603306	0.9045092838196287	0.8932926829268293	0.9094076655052264	0.4375	0.3701657458563536	0.0	0.9602649006622517	0.96875	0.971830985915493	0.4945054945054945	0.9779411764705882
SRR26147483	0.5853658536585366	0.9318181818181818	0.9424920127795527	0.9560439560439561	0.9201995012468828	0.9230769230769231	0.9344262295081968	0.929471032745592	0.8942065491183879	0.9413333333333334	0.6656626506024096	0.9367469879518072	0.6130268199233716	0.6401384083044983	0.625	0.636963696369637	0.5759493670886076	0.5775577557755776	0.6312292358803987	0.9168646080760094	0.9444444444444444	0.9365558912386707	0.9405099150141643	0.9129411764705883	0.9365558912386707	0.9628378378378378	0.5652173913043478	0.9339080459770115	0.4856115107913669	0.5283687943262412	0.44761904761904764	0.44814814814814813	0.9576923076923077	0.9288025889967637	0.9344729344729344	0.9276807980049875	0.9583333333333334	0.925414364640884	0.9560439560439561	0.5741324921135647	0.9605263157894737	0.9162995594713657	0.9210526315789473	0.49489795918367346	0.47761194029850745	0.9297820823244553	0.9243243243243243	0.9410029498525073	0.9459459459459459	0.7220630372492837	0.6953405017921147	0.6824034334763949	0.9166666666666666	0.7079037800687286	0.6886446886446886	0.6789667896678967	0.6619217081850534	0.7375	0.9305993690851735	0.9311475409836065	0.9442724458204335	0.9318801089918256	0.9527027027027027	0.96	0.9329446064139941	0.9201183431952663	0.9592592592592593	0.7142857142857143	0.6927374301675978	0.6964769647696477	0.6716417910447762	0.6918429003021148	0.6585365853658537	0.5836734693877551	0.9635627530364372	0.7094240837696335	0.9394736842105263	0.5361842105263158	0.5261194029850746	0.5256410256410257	0.9246987951807228	0.9485530546623794	0.9602649006622517	0.0	0.4260869565217391	0.45714285714285713	0.9325301204819277	0.46534653465346537
SRR26147494	0.4928571428571429	0.9405405405405406	0.9452887537993921	0.9584775086505191	0.9232613908872902	0.9347258485639687	0.9427083333333334	0.9424460431654677	0.9088729016786571	0.9517766497461929	0.6298507462686567	0.9426934097421203	0.5627376425855514	0.608843537414966	0.5852842809364549	0.5841584158415841	0.5572755417956656	0.5533980582524272	0.5780730897009967	0.9248291571753986	0.9576547231270358	0.9485714285714286	0.9516129032258065	0.9209932279909706	0.9394812680115274	0.9614147909967846	0.5126353790613718	0.9455040871934605	0.48788927335640137	0.4551971326164875	0.4594594594594595	0.3828996282527881	0.9713261648745519	0.9388379204892966	0.9459459459459459	0.9380952380952381	0.9571865443425076	0.937007874015748	0.9656357388316151	0.5420560747663551	0.968944099378882	0.9191489361702128	0.9245810055865922	0.46798029556650245	0.38783269961977185	0.9348837209302325	0.9357326478149101	0.952513966480447	0.9509043927648578	0.6949152542372882	0.6666666666666666	0.6923076923076923	0.9259259259259259	0.6933333333333334	0.6968641114982579	0.6737588652482269	0.624561403508772	0.7195121951219512	0.9402985074626866	0.9444444444444444	0.9591836734693877	0.9457364341085271	0.9584664536741214	0.9621993127147767	0.9418282548476454	0.9357541899441341	0.9651567944250871	0.6878980891719745	0.6629834254143646	0.6781914893617021	0.6666666666666666	0.6636904761904762	0.6360544217687075	0.5984555984555985	0.9735849056603774	0.6640419947506562	0.9419191919191919	0.498371335504886	0.516245487364621	0.4895397489539749	0.9342857142857143	0.9478527607361963	0.96875	0.4260869565217391	0.0	0.37320574162679426	0.9350348027842227	0.4766355140186916
SRR26147505	0.5173745173745173	0.9401197604790419	0.9453924914675768	0.9563492063492064	0.9240837696335078	0.9367816091954023	0.9515669515669516	0.9394736842105263	0.9083769633507853	0.952513966480447	0.6592356687898089	0.9391025641025641	0.5774058577405857	0.6104868913857678	0.6200716845878136	0.5985663082437276	0.5921052631578947	0.5993150684931506	0.6021505376344086	0.9257425742574258	0.959409594095941	0.9523809523809523	0.9523809523809523	0.9242053789731052	0.9389067524115756	0.9636363636363636	0.5333333333333333	0.9424242424242424	0.5276752767527675	0.5280898876404494	0.4489795918367347	0.4789272030651341	0.9753086419753086	0.9381443298969072	0.9429429429429429	0.9375	0.9623287671232876	0.936231884057971	0.9645669291338582	0.5714285714285714	0.968421052631579	0.9220183486238532	0.9256965944272446	0.48333333333333334	0.4180327868852459	0.9393939393939394	0.9348441926345609	0.953416149068323	0.9515669515669516	0.7151515151515152	0.669260700389105	0.6682242990654206	0.9271137026239067	0.6937269372693727	0.6926070038910506	0.6719367588932806	0.6436781609195402	0.7094594594594594	0.9362416107382551	0.9444444444444444	0.9609120521172638	0.9398280802292264	0.9640287769784173	0.9647058823529412	0.9382716049382716	0.9347826086956522	0.9722222222222222	0.6923076923076923	0.6882352941176471	0.6923076923076923	0.6746031746031746	0.6826923076923077	0.6605166051660517	0.5991379310344828	0.9781659388646288	0.680672268907563	0.9445983379501385	0.5563139931740614	0.525691699604743	0.47641509433962265	0.9331210191082803	0.9482758620689655	0.971830985915493	0.45714285714285713	0.37320574162679426	0.0	0.9368686868686869	0.36363636363636365
SRR26147516	0.8797327394209354	0.3286219081272085	0.49295774647887325	0.610909090909091	0.31746031746031744	0.39144736842105265	0.4290322580645161	0.34810126582278483	0.36085626911314983	0.2787456445993031	0.8131868131868132	0.4745762711864407	0.8582089552238806	0.8333333333333334	0.819672131147541	0.8275862068965517	0.8134490238611713	0.8395604395604396	0.8298850574712644	0.31402439024390244	0.5678571428571428	0.4245614035087719	0.3758620689655172	0.33630952380952384	0.4134275618374558	0.5622775800711743	0.8744292237442922	0.38620689655172413	0.8787878787878788	0.8796498905908097	0.9477611940298507	0.9272349272349273	0.6470588235294118	0.5190311418685121	0.3473684210526316	0.31629392971246006	0.5035460992907801	0.36363636363636365	0.5851851851851851	0.875	0.5197132616487455	0.3593314763231198	0.436241610738255	0.9546666666666667	0.925531914893617	0.3415384615384615	0.4185303514376997	0.3829787234042553	0.3321917808219178	0.7687074829931972	0.805699481865285	0.8587570621468926	0.3712374581939799	0.7519788918205804	0.7962962962962963	0.8333333333333334	0.7871794871794872	0.7153846153846154	0.44285714285714284	0.4784172661870504	0.4631578947368421	0.35906040268456374	0.5306859205776173	0.5867158671586716	0.3923611111111111	0.4232081911262799	0.6153846153846154	0.7613065326633166	0.7717391304347826	0.7462039045553145	0.8110236220472441	0.7703016241299304	0.7980049875311721	0.8467532467532467	0.6925925925925925	0.7393162393162394	0.2876712328767123	0.8731808731808732	0.8558139534883721	0.8922305764411027	0.43986254295532645	0.4581818181818182	0.4945054945054945	0.9325301204819277	0.9350348027842227	0.9368686868686869	0.0	0.9455958549222798
SRR26147254	0.5658914728682171	0.9440993788819876	0.9501779359430605	0.9625	0.9385026737967914	0.9404761904761905	0.9588235294117647	0.9486486486486486	0.9195710455764075	0.9596541786743515	0.652317880794702	0.9503311258278145	0.5826086956521739	0.632183908045977	0.6259259259259259	0.6290909090909091	0.6336633663366337	0.6091549295774648	0.6227106227106227	0.9367088607594937	0.9571984435797666	0.9570957095709571	0.9567901234567902	0.9323308270676691	0.9466666666666667	0.9616858237547893	0.56	0.9498432601880877	0.5793357933579336	0.5643939393939394	0.44086021505376344	0.4980392156862745	0.9737991266375546	0.9464285714285714	0.9503105590062112	0.946524064171123	0.960431654676259	0.9431137724550899	0.9625	0.5945945945945946	0.9705882352941176	0.9295774647887324	0.9292604501607717	0.4303030303030303	0.4691358024691358	0.9454545454545454	0.9446064139941691	0.9580645161290322	0.9588235294117647	0.7267080745341615	0.688	0.6780487804878049	0.9401197604790419	0.7072243346007605	0.7016129032258065	0.680327868852459	0.671875	0.726643598615917	0.9515570934256056	0.9530685920577617	0.9590443686006825	0.9529411764705882	0.9699248120300752	0.9711934156378601	0.9456869009584664	0.9455128205128205	0.9748953974895398	0.7142857142857143	0.6987951807228916	0.7138728323699421	0.6938775510204082	0.6983606557377049	0.6730038022813688	0.6116071428571429	0.9814814814814815	0.7090395480225988	0.9544159544159544	0.5749128919860628	0.564	0.5144230769230769	0.944078947368421	0.9532374100719424	0.9779411764705882	0.46534653465346537	0.4766355140186916	0.36363636363636365	0.9455958549222798	0.0
