Source,Target,key_gene_output,wgs_output,Weight
Acholeplasma phage L2,Segetibacter,1.0,0.9207193851470948,0.9603596925735474
Acholeplasma phage L2,Bacillus oryzisoli,0.9999997615814208,0.9183047413825988,0.9591522514820098
Lactococcus prophage bIL310,Segetibacter,1.0,0.9115763306617736,0.9557881653308868
Lactococcus prophage bIL310,Bacillus oryzisoli,1.0,0.9073358178138732,0.9536679089069366
Streptococcus phage Sfi19,Segetibacter,1.0,0.9069904685020448,0.9534952342510224
Lactococcus phage 1706,Segetibacter,1.0,0.904937207698822,0.952468603849411
Streptococcus phage O1205,Segetibacter,1.0,0.9047990441322328,0.9523995220661164
Lactobacillus prophage Lj965,Segetibacter,1.0,0.9037105441093444,0.9518552720546722
Streptococcus phage phi3396,Segetibacter,1.0,0.9033012986183168,0.9516506493091584
Streptococcus phage Sfi19,Bacillus oryzisoli,0.9999582767486572,0.9023664593696594,0.9511623680591584
Streptococcus pyogenes phage 315.3,Segetibacter,1.0,0.90176522731781,0.950882613658905
Streptococcus phage TP-J34 complete genome,Segetibacter,1.0,0.9013097882270812,0.9506548941135406
Vibrio phage JA-1,Segetibacter,0.9998164772987366,0.9007121920585632,0.95026433467865
Lactococcus phage 1706,Bacillus oryzisoli,1.0,0.8999881744384766,0.9499940872192384
Streptococcus prophage 315.6,Segetibacter,1.0,0.8991075754165649,0.9495537877082824
Streptococcus phage O1205,Bacillus oryzisoli,1.0,0.8989178538322449,0.9494589269161224
Lactobacillus prophage Lj965,Bacillus oryzisoli,1.0,0.8982729315757751,0.9491364657878876
Vibrio phage phi 1,Segetibacter,0.9999979734420776,0.8979119658470154,0.9489549696445464
Streptococcus phage phi3396,Bacillus oryzisoli,1.0,0.8969168663024902,0.9484584331512452
Streptococcus prophage 315.1,Segetibacter,1.0,0.8962209820747375,0.9481104910373688
Streptococcus pyogenes phage 315.3,Bacillus oryzisoli,1.0,0.8958001136779785,0.9479000568389891
Streptococcus phage Sfi21,Segetibacter,1.0,0.8957350254058838,0.947867512702942
Streptococcus phage TP-J34 complete genome,Bacillus oryzisoli,0.9999996423721312,0.8952370285987854,0.9476183354854584
Streptococcus phage A25,Segetibacter,1.0,0.8950435519218445,0.9475217759609222
Streptococcus pneumoniae bacteriophage MM1 complete genome,Segetibacter,1.0,0.8946517109870911,0.9473258554935456
Lactobacillus prophage Lj928,Segetibacter,1.0,0.8944352865219116,0.9472176432609558
Enterococcus phage vB_EfaS_IME196,Segetibacter,1.0,0.8935074210166931,0.9467537105083466
Streptococcus phage 5093,Segetibacter,1.0,0.8932403922080994,0.9466201961040496
Streptococcus prophage 315.6,Bacillus oryzisoli,0.9998859167099,0.8932318091392517,0.9465588629245758
Enterococcus phage Ec-ZZ2,Segetibacter,1.0,0.8927803635597229,0.9463901817798616
Lactococcus prophage bIL312,Segetibacter,1.0,0.8926493525505066,0.9463246762752532
Enterococcus phage IME-EF4,Segetibacter,1.0,0.8925584554672241,0.946279227733612
Streptococcus phage SpSL1,Segetibacter,1.0,0.8922469019889832,0.9461234509944916
Enterococcus phage EfaCPT1,Segetibacter,1.0,0.8913576006889343,0.9456788003444672
Lactobacillus johnsonii prophage Lj771,Segetibacter,1.0,0.8907002806663513,0.9453501403331755
Enterococcus phage vB_EfaS_IME196,Bacillus oryzisoli,1.0,0.8903653025627136,0.9451826512813568
Flavobacterium phage 1H,Segetibacter,1.0,0.8903098702430725,0.9451549351215364
Lactococcus phage BK5-T,Segetibacter,1.0,0.8892757296562195,0.9446378648281096
Streptococcus prophage 315.1,Bacillus oryzisoli,1.0,0.8892647624015808,0.9446323812007904
Streptococcus phage A25,Bacillus oryzisoli,1.0,0.8891035318374634,0.9445517659187316
Streptococcus phage Sfi21,Bacillus oryzisoli,1.0,0.8888241648674011,0.9444120824337006
Lactobacillus phage KC5a,Segetibacter,1.0,0.8887661099433899,0.944383054971695
Lactobacillus prophage Lj928,Bacillus oryzisoli,1.0,0.8887642025947571,0.9443821012973784
Streptococcus phage Abc2,Segetibacter,1.0,0.8887472748756409,0.9443736374378204
Streptococcus pneumoniae bacteriophage MM1 complete genome,Bacillus oryzisoli,1.0,0.8884347677230835,0.9442173838615416
Staphylococcus phage SpaA1,Segetibacter,1.0,0.8883354663848877,0.9441677331924438
Streptococcus phage 7201,Segetibacter,1.0,0.8883299231529236,0.9441649615764618
Bacillus phage GA-1,Segetibacter,1.0,0.8881989121437073,0.9440994560718536
Lactococcus phage 4268,Segetibacter,1.0,0.8880681395530701,0.944034069776535
Enterococcus phage IME-EF4,Bacillus oryzisoli,1.0,0.8880603313446045,0.9440301656723022
Enterococcus phage SANTOR1,Segetibacter,1.0,0.8880157470703125,0.9440078735351562
Enterococcus phage Ec-ZZ2,Bacillus oryzisoli,0.9999998807907104,0.8878788948059082,0.9439393877983092
Bacillus phage vB_BtS_BMBtp3,Segetibacter,1.0,0.8876917362213135,0.9438458681106568
Enterococcus phage IME-EFm5,Segetibacter,1.0,0.8876819610595703,0.9438409805297852
Enterococcus phage EfaCPT1,Bacillus oryzisoli,1.0,0.887625515460968,0.943812757730484
Staphylococcus phage IME-SA4,Segetibacter,1.0,0.8876060843467712,0.9438030421733856
Lactococcus prophage bIL312,Bacillus oryzisoli,1.0,0.8875042796134949,0.9437521398067474
Streptococcus phage 5093,Bacillus oryzisoli,1.0,0.8874439001083374,0.9437219500541688
Enterococcus phage IME-EFm1,Segetibacter,1.0,0.8873400092124939,0.943670004606247
Salmonella phage FSL SP-058,Tumebacillus,0.9999473094940186,0.8872867822647095,0.943617045879364
Streptococcus prophage 315.5,Segetibacter,1.0,0.8870921730995178,0.9435460865497588
Flavobacterium phage 2A,Segetibacter,1.0,0.8869319558143616,0.9434659779071808
Streptococcus phage DT1,Segetibacter,1.0,0.8864451050758362,0.943222552537918
Streptococcus phage SpSL1,Bacillus oryzisoli,1.0,0.8857488036155701,0.942874401807785
Flavobacterium phage 6H,Segetibacter,1.0,0.8856213688850403,0.94281068444252
Staphylococcus phage 2638A,Segetibacter,0.999998927116394,0.8852804899215698,0.942639708518982
Enterococcus phage IME_EF3,Segetibacter,1.0,0.8852187395095825,0.9426093697547911
Lactobacillus johnsonii prophage Lj771,Bacillus oryzisoli,1.0,0.8851433396339417,0.9425716698169708
Streptococcus prophage 315.2,Segetibacter,1.0,0.884401261806488,0.942200630903244
Lactococcus phage TP901-1,Segetibacter,1.0,0.8843027949333191,0.9421513974666595
Flavobacterium phage 1H,Bacillus oryzisoli,0.9999972581863404,0.8841951489448547,0.9420962035655976
Lactococcus phage BK5-T,Bacillus oryzisoli,1.0,0.8841428756713867,0.9420714378356934
Enterococcus phage IME-EFm1,Bacillus oryzisoli,1.0,0.8840568661689758,0.942028433084488
Staphylococcus phage phiRS7,Segetibacter,0.9999969005584716,0.8838773965835571,0.9419371485710144
Enterococcus phage IME-EFm5,Bacillus oryzisoli,1.0,0.8836824297904968,0.9418412148952484
Staphylococcus phage StB20-like,Segetibacter,1.0,0.8836131691932678,0.941806584596634
Lactococcus phage 63301,Segetibacter,1.0,0.8834415674209595,0.9417207837104796
Streptococcus virus 9874,Segetibacter,1.0,0.8833035826683044,0.9416517913341522
Riemerella phage RAP44,Segetibacter,1.0,0.8832864761352539,0.941643238067627
Enterococcus phage SANTOR1,Bacillus oryzisoli,1.0,0.883222222328186,0.941611111164093
Streptococcus phage Abc2,Bacillus oryzisoli,0.9999988079071044,0.8831844925880432,0.941591650247574
Staphylococcus phage SPbeta-like,Segetibacter,1.0,0.8829284906387329,0.9414642453193665
Streptococcus phage 20617 complete prophage genome,Segetibacter,1.0,0.8827669024467468,0.9413834512233734
Streptococcus phage P9,Segetibacter,1.0,0.8825294375419617,0.9412647187709808
Streptococcus phage PH10,Segetibacter,1.0,0.882525622844696,0.941262811422348
Streptococcus phage SMP,Segetibacter,1.0,0.8824777007102966,0.9412388503551484
Streptococcus prophage 315.4,Segetibacter,1.0,0.882439374923706,0.941219687461853
Bacillus phage vB_BtS_BMBtp2,Segetibacter,1.0,0.8824335932731628,0.9412167966365814
Lactococcus phage 4268,Bacillus oryzisoli,1.0,0.8823886513710022,0.9411943256855012
Staphylococcus phage IME-SA4,Bacillus oryzisoli,1.0,0.8821322321891785,0.9410661160945892
"Streptococcus pyogenes strain NIH1 putative methionine sulfoxide reductase gene, complete cds; and integrated temperate phage PhiNIH1.1",Segetibacter,1.0,0.8820799589157104,0.9410399794578552
Streptococcus virus 9871,Segetibacter,1.0,0.8817256093025208,0.9408628046512604
Listeria phage LP-101,Segetibacter,1.0,0.8817180395126343,0.9408590197563172
Bacillus phage GA-1,Bacillus oryzisoli,0.9999998807907104,0.8816968202590942,0.9408483505249025
Staphylococcus phage SpaA1,Bacillus oryzisoli,0.9999990463256836,0.8815897107124329,0.9407943785190582
Rhodococcus phage Peregrin,Tumebacillus,0.9999845027923584,0.8815658092498779,0.9407751560211182
Staphylococcus phage vB_SepS_SEP9,Segetibacter,1.0,0.8814256191253662,0.9407128095626832
Campylobacter phage CP30A,Segetibacter,1.0,0.8812644481658936,0.9406322240829468
Thermoanaerobacterium phage THSA-485A,Segetibacter,1.0,0.8811772465705872,0.9405886232852936
Enterococcus phage IME_EF3,Bacillus oryzisoli,1.0,0.8810991048812866,0.9405495524406432
Uncultured crAssphage,Segetibacter,1.0,0.8810791373252869,0.9405395686626434
Staphylococcus phage SMSAP5,Segetibacter,1.0,0.8810049295425415,0.9405024647712708
Rhodococcus phage Grayson,Tumebacillus,0.9999982118606568,0.8809858560562134,0.9404920339584352
Streptococcus phage 7201,Bacillus oryzisoli,0.9997689127922058,0.8810386061668396,0.9404037594795228
Bacillus phage vB_BtS_BMBtp3,Bacillus oryzisoli,0.9999998807907104,0.8807186484336853,0.940359264612198
Lactococcus phage P087,Segetibacter,1.0,0.8806352019309998,0.9403176009655
Bacillus phage BtCS33,Segetibacter,1.0,0.8804268836975098,0.9402134418487548
Flavobacterium phage 2A,Bacillus oryzisoli,0.9999901056289672,0.8803655505180359,0.9401778280735016
Acidianus tailed spindle virus isolate 1,Segetibacter,1.0,0.8802503347396851,0.9401251673698424
Cellulophaga phage phi46:3,Segetibacter,0.9999990463256836,0.880145788192749,0.9400724172592164
Streptococcus prophage 315.5,Bacillus oryzisoli,1.0,0.8800142407417297,0.9400071203708648
Lactobacillus phage phi jlb1,Segetibacter,1.0,0.8799979090690613,0.9399989545345306
Salmonella phage FSL SP-076,Tumebacillus,0.9999908208847046,0.8798508644104004,0.9399208426475524
Lactobacillus prophage phiadh,Segetibacter,1.0,0.8796900510787964,0.9398450255393982
Flavobacterium phage 6H,Bacillus oryzisoli,0.9999991655349731,0.8794584274291992,0.9397287964820862
Staphylococcus phage SPbeta-like,Bacillus oryzisoli,0.9999896287918092,0.8794463872909546,0.9397180080413818
Clostridium phage phiCD111,Segetibacter,1.0,0.8794106245040894,0.9397053122520448
Flavobacterium phage Fpv2,Segetibacter,1.0,0.8793559074401855,0.9396779537200928
Streptococcus phage DT1,Bacillus oryzisoli,0.9999998807907104,0.8793467879295349,0.9396733343601228
Flavobacterium phage Fpv1,Segetibacter,1.0,0.8790450096130371,0.9395225048065186
Bacillus prophage phBC6A51,Segetibacter,1.0,0.8784539699554443,0.9392269849777222
Campylobacter phage CPX,Segetibacter,1.0,0.8782668113708496,0.9391334056854248
Lactococcus phage Tuc2009,Segetibacter,1.0,0.8782103061676025,0.9391051530838012
Lactococcus phage TP901-1,Bacillus oryzisoli,1.0,0.8781984448432922,0.939099222421646
Flavobacterium phage Fpv20,Segetibacter,1.0,0.878178060054779,0.9390890300273896
Streptococcus virus 9872,Segetibacter,1.0,0.8780542612075806,0.9390271306037904
Bacillus phage phiCM3,Segetibacter,1.0,0.8780027031898499,0.9390013515949248
Streptococcus prophage 315.2,Bacillus oryzisoli,1.0,0.8777883648872375,0.9388941824436188
Listeria phage B025,Segetibacter,1.0,0.8777563571929932,0.9388781785964966
Riemerella phage RAP44,Bacillus oryzisoli,1.0,0.8777329325675964,0.9388664662837982
Streptococcus virus 9874,Bacillus oryzisoli,1.0,0.8776936531066895,0.9388468265533448
Streptococcus phage T12,Segetibacter,1.0,0.8774319887161255,0.9387159943580629
Bacillus phage AP50,Segetibacter,0.999998927116394,0.877402663230896,0.938700795173645
Staphylococcus phage StB20-like,Bacillus oryzisoli,1.0,0.8773362040519714,0.9386681020259856
Proteus phage PM 85,Segetibacter,1.0,0.877281904220581,0.9386409521102904
Acidianus tailed spindle virus isolate 1,Bacillus oryzisoli,0.9999980926513672,0.8771543502807617,0.9385762214660645
Enterococcus phage vB_Efae230P-4,Segetibacter,1.0,0.8771466016769409,0.9385733008384703
Lactobacillus phage Lv-1,Segetibacter,1.0,0.8770250678062439,0.938512533903122
Lactococcus phage phiLC3,Segetibacter,1.0,0.8769999742507935,0.9384999871253968
Enterobacteria phage K1E,Tumebacillus,0.9999977350234984,0.8769763112068176,0.938487023115158
Flavobacterium phage Fpv3,Segetibacter,1.0,0.8769629001617432,0.9384814500808716
Staphylococcus phage 23MRA,Segetibacter,1.0,0.8769087195396423,0.9384543597698212
Lactococcus phage 63301,Bacillus oryzisoli,1.0,0.8768154978752136,0.9384077489376068
Staphylococcus phage vB_SepS_SEP9,Bacillus oryzisoli,0.9998956918716432,0.876909077167511,0.938402384519577
Cellulophaga phage phi18:1,Segetibacter,1.0,0.8765867948532104,0.9382933974266052
Cellulophaga phage phi18:3,Segetibacter,1.0,0.8764476180076599,0.93822380900383
Campylobacter phage CP30A,Bacillus oryzisoli,0.9999860525131226,0.8759962320327759,0.9379911422729492
Lactococcus phage phiL47,Segetibacter,1.0,0.875966489315033,0.9379832446575164
Streptococcus prophage EJ-1,Segetibacter,1.0,0.8759652972221375,0.9379826486110688
Lactococcus phage WRP3,Segetibacter,1.0,0.8759411573410034,0.9379705786705016
Streptococcus phage P9,Bacillus oryzisoli,0.9999998807907104,0.8759042620658875,0.937952071428299
Staphylococcus phage SA11,Segetibacter,1.0,0.8756568431854248,0.9378284215927124
Cellulophaga phage phiST genomic sequence,Segetibacter,1.0,0.8754362463951111,0.9377181231975557
Streptococcus prophage 315.4,Bacillus oryzisoli,1.0,0.8753271102905273,0.9376635551452636
Streptococcus virus 9871,Bacillus oryzisoli,0.999918818473816,0.8753281831741333,0.9376235008239746
Streptococcus phage SMP,Bacillus oryzisoli,1.0,0.8752102851867676,0.9376051425933838
Streptococcus phage SM1,Segetibacter,1.0,0.8751859068870544,0.9375929534435272
Bacillus phage vB_BtS_BMBtp2,Bacillus oryzisoli,0.9999184608459472,0.8752157092094421,0.9375670850276948
Streptococcus phage 20617 complete prophage genome,Bacillus oryzisoli,1.0,0.8750818371772766,0.9375409185886384
"Streptococcus pyogenes strain NIH1 putative methionine sulfoxide reductase gene, complete cds; and integrated temperate phage PhiNIH1.1",Bacillus oryzisoli,1.0,0.8747905492782593,0.9373952746391296
Streptococcus phage PH10,Bacillus oryzisoli,1.0,0.8745214343070984,0.9372607171535492
Lactococcus phage 949,Segetibacter,1.0,0.8743870854377747,0.9371935427188872
Clostridium phage phiCD111,Bacillus oryzisoli,0.9999725818634032,0.8743513226509094,0.9371619522571564
Lactococcus prophage bIL286,Segetibacter,1.0,0.8743042349815369,0.9371521174907684
Uncultured crAssphage,Bacillus oryzisoli,1.0,0.8743007779121399,0.93715038895607
Clostridium phage phiCD211,Segetibacter,1.0,0.8741930723190308,0.9370965361595154
Enterococcus phage phiFL3A,Segetibacter,1.0,0.8741496205329895,0.9370748102664948
Sulfolobus virus STSV1,Segetibacter,1.0,0.8741285800933838,0.937064290046692
Listeria phage LP-101,Bacillus oryzisoli,0.9999752044677734,0.874012291431427,0.9369937479496002
Lactococcus phage P087,Bacillus oryzisoli,1.0,0.8738933205604553,0.9369466602802276
Bacillus phage BtCS33,Bacillus oryzisoli,1.0,0.8738685250282288,0.9369342625141144
Campylobacter phage PC14,Segetibacter,1.0,0.8737702965736389,0.9368851482868196
Campylobacter phage NCTC12673,Segetibacter,1.0,0.8737305998802185,0.9368652999401093
Bacillus phage WBeta,Segetibacter,1.0,0.873515784740448,0.936757892370224
Bacillus phage phi4J1,Segetibacter,1.0,0.8734585046768188,0.9367292523384094
Campylobacter phage CPX,Bacillus oryzisoli,0.9992600083351136,0.8741937279701233,0.9367268681526184
Clostridium phage phiMMP04,Segetibacter,1.0,0.8734211325645447,0.9367105662822724
Acinetobacter phage phiAB1,Segetibacter,1.0,0.8733068108558655,0.9366534054279329
Clostridium phage phiSM101,Segetibacter,1.0,0.8732355237007141,0.9366177618503572
Staphylococcus phage 3A,Segetibacter,1.0,0.8731637597084045,0.9365818798542024
Thermoanaerobacterium phage THSA-485A,Bacillus oryzisoli,1.0,0.8730744123458862,0.9365372061729432
Bacteriophage PSA complete genome,Segetibacter,1.0,0.8730229735374451,0.9365114867687224
Enterococcus phage vB_EfaP_IME195,Segetibacter,1.0,0.8729621767997742,0.9364810883998872
Lactococcus phage 50101,Segetibacter,1.0,0.8729366660118103,0.9364683330059052
Lactococcus phage phiL47,Bacillus oryzisoli,1.0,0.8729283809661865,0.9364641904830932
Staphylococcus phage vB_SepiS-phiIPLA7,Segetibacter,1.0,0.8728742599487305,0.9364371299743652
Cellulophaga phage phiSM genomic sequence,Segetibacter,1.0,0.8728203177452087,0.9364101588726044
Bacillus phage Pascal,Segetibacter,1.0,0.8727455139160156,0.9363727569580078
"Bacteriophage r1t integrase, repressor protein (rro), dUTPase, holin and lysin genes, complete cds",Segetibacter,1.0,0.8726307153701782,0.9363153576850892
Lactobacillus phage phi jlb1,Bacillus oryzisoli,0.9999997615814208,0.8725903630256653,0.9362950623035432
Flavobacterium phage Fpv2,Bacillus oryzisoli,1.0,0.8725312352180481,0.936265617609024
Staphylococcus phage JD007,Segetibacter,1.0,0.8724596500396729,0.9362298250198364
Bacillus phage phiCM3,Bacillus oryzisoli,1.0,0.8724285364151001,0.93621426820755
Cellulophaga phage phi19:3,Segetibacter,1.0,0.8722396492958069,0.9361198246479034
Flavobacterium phage Fpv1,Bacillus oryzisoli,1.0,0.8721961379051208,0.9360980689525604
Lactococcus phage BM13,Segetibacter,1.0,0.8720983266830444,0.9360491633415222
Staphylococcus phage tp310-2,Segetibacter,1.0,0.8720840811729431,0.9360420405864716
Cellulophaga phage phiST genomic sequence,Bacillus oryzisoli,0.9999997615814208,0.8720635771751404,0.9360316693782806
Celeribacter phage P12053L,Tumebacillus,0.9999874830245972,0.872009813785553,0.9359986484050752
Bacillus phage Wip1,Segetibacter,1.0,0.8719872236251831,0.9359936118125916
Staphylococcus phage SA11,Bacillus oryzisoli,1.0,0.8719727396965027,0.9359863698482512
Streptococcus phage PH15,Segetibacter,1.0,0.8719679117202759,0.935983955860138
Thermus phage TMA,Segetibacter,1.0,0.8719648718833923,0.9359824359416962
Oenococcus phage phiS11,Segetibacter,1.0,0.8718804717063904,0.9359402358531952
Lactococcus phage WRP3,Bacillus oryzisoli,1.0,0.8718411326408386,0.9359205663204192
Staphylococcus phage StauST398-1,Segetibacter,1.0,0.8718262910842896,0.9359131455421448
Listeria phage WIL-1,Segetibacter,1.0,0.8717688322067261,0.935884416103363
Streptococcus virus 9872,Bacillus oryzisoli,0.999918818473816,0.8717926144599915,0.9358557164669036
Enterococcus phage vB_EfaS_IME197,Segetibacter,1.0,0.8716716766357422,0.9358358383178712
Enterobacteria phage N4,Tumebacillus,0.9999988079071044,0.8716699481010437,0.935834378004074
Lactococcus phage Tuc2009,Bacillus oryzisoli,1.0,0.8716062903404236,0.9358031451702118
Staphylococcus phage StB27,Segetibacter,1.0,0.8715154528617859,0.9357577264308928
Vibrio phage pVp-1,Tumebacillus,0.9999998807907104,0.8713511228561401,0.9356755018234252
Clostridium phage phiCD38-2,Segetibacter,1.0,0.8712339401245117,0.935616970062256
Listeria phage B025,Bacillus oryzisoli,0.9999897480010986,0.8712285757064819,0.9356091618537904
Flavobacterium phage Fpv20,Bacillus oryzisoli,1.0,0.8712165355682373,0.9356082677841188
Streptococcus phage SP-QS1 complete genome,Tumebacillus,0.9999722242355348,0.8711757659912109,0.9355739951133728
Cellulophaga phage phi18:1,Bacillus oryzisoli,0.9999988079071044,0.8711217641830444,0.9355602860450744
Sulfolobus islandicus rod-shaped virus 2,Segetibacter,1.0,0.8710164427757263,0.9355082213878632
Enterococcus phage vB_Efae230P-4,Bacillus oryzisoli,0.9999834299087524,0.8710110187530518,0.935497224330902
Staphylococcus phage 37,Segetibacter,1.0,0.8709636330604553,0.9354818165302276
Clostridium phage phiSM101,Bacillus oryzisoli,0.9998507499694824,0.8710716962814331,0.9354612231254578
Sulfolobus virus STSV1,Bacillus oryzisoli,0.9999997615814208,0.8708027005195618,0.9354012310504912
Clostridium phage phiCD211,Bacillus oryzisoli,0.9999657869338988,0.8707075119018555,0.9353366494178772
Staphylococcus prophage phi 12,Segetibacter,1.0,0.8705607056617737,0.9352803528308868
Streptococcus phage T12,Bacillus oryzisoli,1.0,0.870555579662323,0.9352777898311616
Lactobacillus prophage phiadh,Bacillus oryzisoli,1.0,0.8704718351364136,0.9352359175682068
Salmonella phage Stitch,Tumebacillus,0.999589741230011,0.8707587718963623,0.9351742565631866
Cellulophaga phage phi4:1,Segetibacter,1.0,0.8703462481498718,0.935173124074936
Lactococcus phage phiLC3,Bacillus oryzisoli,1.0,0.8702201247215271,0.9351100623607635
Flavobacterium phage Fpv3,Bacillus oryzisoli,1.0,0.8702086806297302,0.9351043403148652
Acidianus two-tailed virus,Segetibacter,1.0,0.8701657056808472,0.9350828528404236
Clostridium phage phiCD481-1,Segetibacter,1.0,0.8701560497283936,0.9350780248641968
Lactococcus prophage bIL309,Segetibacter,1.0,0.8701437711715698,0.9350718855857848
Bacillus phage Palmer,Segetibacter,1.0,0.8699747323989868,0.9349873661994934
Cellulophaga phage phi14:2,Segetibacter,1.0,0.8698487877845764,0.9349243938922882
Enterobacteria phage SP6,Tumebacillus,0.9999998807907104,0.869844377040863,0.9349221289157869
Proteus phage PM 85,Bacillus oryzisoli,0.9999996423721312,0.8696895837783813,0.9348446130752563
Acinetobacter phage IME200,Segetibacter,1.0,0.869525671005249,0.9347628355026244
Staphylococcus phage 23MRA,Bacillus oryzisoli,0.9994845390319824,0.8700403571128845,0.9347624480724336
Lactococcus phage 949,Bacillus oryzisoli,1.0,0.8695123195648193,0.9347561597824096
Proteus phage vB_PmiP_Pm5460,Segetibacter,1.0,0.8693528175354004,0.9346764087677002
Listeria phage A500,Segetibacter,1.0,0.869314968585968,0.934657484292984
Lactococcus prophage bIL311,Segetibacter,1.0,0.8692141175270081,0.934607058763504
Listeria phage A006,Segetibacter,1.0,0.8691588044166565,0.9345794022083282
Listeria phage LMSP-25,Segetibacter,1.0,0.8690400123596191,0.9345200061798096
Staphylococcus phage JD007,Bacillus oryzisoli,0.9987571239471436,0.8701382875442505,0.934447705745697
Clostridium phage phiMMP04,Bacillus oryzisoli,1.0,0.8688525557518005,0.9344262778759004
Campylobacter phage CP220,Segetibacter,1.0,0.868847131729126,0.934423565864563
Oenococcus phage phiS13,Segetibacter,1.0,0.86883544921875,0.934417724609375
Lactococcus phage 28201,Segetibacter,1.0,0.8686204552650452,0.9343102276325226
Staphylococcus phage 47,Segetibacter,1.0,0.86857670545578,0.93428835272789
Streptococcus prophage EJ-1,Bacillus oryzisoli,1.0,0.8685652017593384,0.9342826008796692
Bacillus phage Waukesha92,Segetibacter,1.0,0.868340253829956,0.934170126914978
Campylobacter phage PC14,Bacillus oryzisoli,0.999964714050293,0.8682738542556763,0.9341192841529846
Lactobacillus phage Lv-1,Bacillus oryzisoli,0.9999899864196776,0.8682467937469482,0.934118390083313
Enterococcus phage phiFL3A,Bacillus oryzisoli,1.0,0.868218719959259,0.9341093599796296
Campylobacter phage NCTC12673,Bacillus oryzisoli,0.9999738931655884,0.8682012557983398,0.934087574481964
Bacteroides phage B40-8,Segetibacter,1.0,0.8680670261383057,0.9340335130691528
Brochothrix phage NF5,Segetibacter,1.0,0.8680486083030701,0.934024304151535
Pseudoalteromonas phage pYD6-A genomic sequence,Tumebacillus,0.9999992847442628,0.8680351972579956,0.9340172410011292
Bacillus phage Fah,Segetibacter,1.0,0.8679526448249817,0.9339763224124908
Acinetobacter phage YMC/09/02/B1251_ABA_BP,Segetibacter,1.0,0.8678656220436096,0.9339328110218048
Enterobacteria phage vB_EcoP_ACG-C91,Tumebacillus,0.9999995231628418,0.8677589893341064,0.933879256248474
Cellulophaga phage phi17:2,Segetibacter,1.0,0.8677309155464172,0.9338654577732086
Staphylococcus phage 3A,Bacillus oryzisoli,0.999993085861206,0.867716908454895,0.9338549971580504
Lactococcus prophage bIL286,Bacillus oryzisoli,1.0,0.8676454424858093,0.9338227212429048
Staphylococcus phage vB_SauS_phi2,Segetibacter,1.0,0.8676214218139648,0.9338107109069824
Bacillus phage WBeta,Bacillus oryzisoli,1.0,0.8674950003623962,0.933747500181198
Staphylococcus phage 29,Segetibacter,1.0,0.8674408197402954,0.9337204098701476
Acinetobacter phage vB_AbaP_PD-6A3,Segetibacter,1.0,0.8674353361129761,0.933717668056488
Enterococcus phage vB_EfaP_IME195,Bacillus oryzisoli,1.0,0.8674288988113403,0.9337144494056702
Bacillus phage Pookie,Segetibacter,1.0,0.867261528968811,0.9336307644844056
Proteus phage PM 93,Segetibacter,1.0,0.8672192096710205,0.9336096048355104
Citrobacter phage Michonne,Tumebacillus,1.0,0.8671897053718567,0.9335948526859283
Bacillus phage phi4J1,Bacillus oryzisoli,1.0,0.8670980930328369,0.9335490465164183
Sulfolobus islandicus rod-shaped virus 1,Segetibacter,1.0,0.867080569267273,0.9335402846336364
Bacteriophage PSA complete genome,Bacillus oryzisoli,1.0,0.8670560717582703,0.9335280358791352
Listeria phage A118,Segetibacter,1.0,0.8669676184654236,0.9334838092327118
Bacillus prophage phBC6A51,Bacillus oryzisoli,0.9958003163337708,0.8710849285125732,0.933442622423172
Listeria phage WIL-1,Bacillus oryzisoli,1.0,0.8668511509895325,0.9334255754947662
Enterobacteria phage EPS7,Tumebacillus,0.9995579123497008,0.8672769665718079,0.9334174394607544
Staphylococcus phage phiBU01,Segetibacter,1.0,0.8666786551475525,0.9333393275737762
Acinetobacter phage phiAB1,Bacillus oryzisoli,0.9999986886978148,0.866644561290741,0.933321624994278
Acinetobacter phage phiAB6,Segetibacter,1.0,0.8666011095046997,0.93330055475235
Thermus phage TMA,Bacillus oryzisoli,1.0,0.8665684461593628,0.9332842230796814
Enterococcus phage phiFL4A,Segetibacter,1.0,0.8665301203727722,0.933265060186386
Brochothrix phage BL3,Segetibacter,1.0,0.8664944171905518,0.933247208595276
Streptococcus phage SM1,Bacillus oryzisoli,1.0,0.866434633731842,0.933217316865921
Clostridium phage phiMMP02,Segetibacter,1.0,0.8662740588188171,0.9331370294094086
Pseudomonas phage PA11,Tumebacillus,1.0,0.8661609888076782,0.9330804944038392
Staphylococcus phage vB_SepiS-phiIPLA7,Bacillus oryzisoli,1.0,0.8660671710968018,0.9330335855484008
Vibriophage VP4,Tumebacillus,1.0,0.8660439252853394,0.9330219626426696
Vibrio phage JA-1,Tumebacillus,0.9999998807907104,0.8660333752632141,0.9330166280269624
Staphylococcus phage StB27,Bacillus oryzisoli,0.9999997615814208,0.8660241961479187,0.9330119788646698
Staphylococcus phage phiSauS-IPLA35,Segetibacter,1.0,0.8659220933914185,0.9329610466957092
Enterobacteria phage DT57C,Tumebacillus,0.9999544620513916,0.865824818611145,0.9328896403312684
Enterococcus phage VD13,Tumebacillus,0.999997854232788,0.865729570388794,0.932863712310791
Staphylococcus phage StauST398-1,Bacillus oryzisoli,0.9994029998779296,0.8663101196289062,0.932856559753418
Salmonella phage 118970_sal2,Tumebacillus,0.9998385906219482,0.8658657670021057,0.932852178812027
"Bacteriophage r1t integrase, repressor protein (rro), dUTPase, holin and lysin genes, complete cds",Bacillus oryzisoli,0.9999998807907104,0.8657019138336182,0.9328508973121644
Enterobacter phage EcP1,Segetibacter,1.0,0.8656927943229675,0.9328463971614838
Staphylococcus phage tp310-2,Bacillus oryzisoli,0.9989315867424012,0.8667445182800293,0.9328380525112152
Listeria phage LP-048,Segetibacter,1.0,0.8655496835708618,0.9327748417854308
Lactococcus phage 50101,Bacillus oryzisoli,1.0,0.8655279874801636,0.9327639937400818
Bacillus phage Pascal,Bacillus oryzisoli,1.0,0.8654648661613464,0.9327324330806732
Bacillus phage Pavlov,Segetibacter,1.0,0.8654227256774902,0.9327113628387452
Staphylococcus phage phiETA2,Segetibacter,1.0,0.8653116226196289,0.9326558113098145
Salmonella phage 100268_sal2,Tumebacillus,0.9998385906219482,0.865466296672821,0.9326524436473846
Staphylococcus phage phi2958PVL,Segetibacter,1.0,0.865237832069397,0.9326189160346984
Cellulophaga phage phiSM genomic sequence,Bacillus oryzisoli,1.0,0.8651933670043945,0.9325966835021972
Listeria phage A511,Segetibacter,1.0,0.8651624321937561,0.932581216096878
Lactococcus phage BM13,Bacillus oryzisoli,1.0,0.8651590347290039,0.932579517364502
Shigella phage pSb-1,Tumebacillus,0.9999996423721312,0.865155816078186,0.9325777292251588
Bacillus phage Page,Segetibacter,1.0,0.8650264739990234,0.9325132369995116
Staphylococcus phage 3MRA,Segetibacter,1.0,0.8649977445602417,0.9324988722801208
Enterococcus phage vB_EfaS_IME197,Bacillus oryzisoli,0.999842882156372,0.8650728464126587,0.9324578642845154
Listeria phage List-36,Segetibacter,1.0,0.8649147152900696,0.9324573576450348
Staphylococcus prophage phi 12,Bacillus oryzisoli,0.9999885559082032,0.8649015426635742,0.9324450492858888
Vibrio phage phi 3,Tumebacillus,0.999996781349182,0.8648719787597656,0.932434380054474
Bacillus phage IEBH,Segetibacter,1.0,0.8648609519004822,0.9324304759502412
Pseudomonas phage O4,Tumebacillus,1.0,0.8646193742752075,0.9323096871376038
Enterococcus phage EFAP-1,Segetibacter,1.0,0.8645011186599731,0.9322505593299866
Escherichia phage ECBP1,Tumebacillus,0.9999470710754396,0.8645167350769043,0.932231903076172
Bacillus phage Palmer,Bacillus oryzisoli,1.0,0.8644322752952576,0.9322161376476288
Lactococcus prophage bIL309,Bacillus oryzisoli,1.0,0.8643298149108887,0.9321649074554444
Streptococcus phage PH15,Bacillus oryzisoli,1.0,0.8643079400062561,0.932153970003128
Lactococcus prophage bIL311,Bacillus oryzisoli,1.0,0.8641554713249207,0.9320777356624604
Listeria phage P40,Segetibacter,1.0,0.8640861511230469,0.9320430755615234
Bacillus phage phi4B1,Segetibacter,1.0,0.8640318512916565,0.9320159256458282
Sulfolobus monocaudavirus SMV1 complete genome,Segetibacter,1.0,0.8640170693397522,0.932008534669876
Acidianus two-tailed virus,Bacillus oryzisoli,1.0,0.863861083984375,0.9319305419921876
Oenococcus phage phiS11,Bacillus oryzisoli,0.9999994039535522,0.8637794256210327,0.9318894147872924
Listeria phage A500,Bacillus oryzisoli,1.0,0.8637506365776062,0.9318753182888032
Sulfolobus islandicus rod-shaped virus 2,Bacillus oryzisoli,0.9980800151824952,0.8656682968139648,0.93187415599823
Staphylococcus phage 37,Bacillus oryzisoli,0.9999769926071168,0.8634803295135498,0.9317286610603333
Listeria phage vB_LmoM_AG20,Segetibacter,1.0,0.8634330034255981,0.9317165017127992
Lactococcus phage 98201,Segetibacter,1.0,0.8633445501327515,0.9316722750663756
Listeria phage LP-083-2,Segetibacter,1.0,0.8631716966629028,0.9315858483314514
Staphylococcus phage SA97,Segetibacter,1.0,0.8630790710449219,0.9315395355224608
Bacillus phage Pony,Segetibacter,1.0,0.8630383610725403,0.93151918053627
Vibrio phage vpms1,Tumebacillus,1.0,0.8630054593086243,0.931502729654312
Acinetobacter phage Fri1,Segetibacter,1.0,0.8629997372627258,0.9314998686313628
Staphylococcus phage 47,Bacillus oryzisoli,0.9999916553497314,0.862978458404541,0.9314850568771362
Listeria phage LMSP-25,Bacillus oryzisoli,1.0,0.86282879114151,0.931414395570755
Staphylococcus phage SMSAP5,Bacillus oryzisoli,0.9874699711799622,0.8753376007080078,0.931403785943985
Staphylococcus prophage phiN315,Segetibacter,1.0,0.8628032207489014,0.9314016103744508
Bacillus phage Gamma,Segetibacter,1.0,0.8627259731292725,0.9313629865646362
Bacillus phage Mater,Tumebacillus,0.99994957447052,0.8625749945640564,0.9312622845172882
Acinetobacter phage IME200,Bacillus oryzisoli,0.9999828338623048,0.8622428178787231,0.931112825870514
Lactococcus phage ul36,Segetibacter,1.0,0.862206757068634,0.931103378534317
Lactococcus prophage bIL285,Segetibacter,1.0,0.8622041344642639,0.931102067232132
Sulfolobus monocaudavirus SMV4,Segetibacter,1.0,0.8621482849121094,0.9310741424560548
Clostridium phage phiCD146,Segetibacter,1.0,0.8621121644973755,0.9310560822486876
Bacillus phage Fah,Bacillus oryzisoli,1.0,0.8620888590812683,0.9310444295406342
Acinetobacter phage Abp1,Segetibacter,1.0,0.862082302570343,0.9310411512851716
Bacillus phage B4,Tumebacillus,0.9978799819946288,0.8641577363014221,0.9310188591480256
Acinetobacter phage Presley,Tumebacillus,0.9999998807907104,0.8619937896728516,0.930996835231781
Staphylococcus phage ROSA,Segetibacter,1.0,0.8619932532310486,0.9309966266155244
Streptococcus phage Dp-1,Segetibacter,1.0,0.861993134021759,0.9309965670108796
Staphylococcus phage phiETA,Segetibacter,1.0,0.8619853854179382,0.9309926927089692
Campylobacter phage CP21,Segetibacter,1.0,0.861971914768219,0.9309859573841096
Staphylococcus phage phiBU01,Bacillus oryzisoli,0.9999996423721312,0.8619616031646729,0.930980622768402
Campylobacter phage CP220,Bacillus oryzisoli,1.0,0.861882746219635,0.9309413731098176
Cellulophaga phage phi14:2,Bacillus oryzisoli,0.9999995231628418,0.8618709444999695,0.9309352338314056
Listeria phage A006,Bacillus oryzisoli,1.0,0.8618342876434326,0.9309171438217164
Clostridium phage phiCD506,Segetibacter,1.0,0.8618331551551819,0.9309165775775908
Enterobacter phage IME11,Tumebacillus,1.0,0.8617918491363525,0.9308959245681764
Bacillus phage Cherry,Segetibacter,1.0,0.8615269660949707,0.9307634830474854
Shigella phage SHSML-45,Tumebacillus,0.999997615814209,0.8614240884780884,0.9307108521461488
Listeria phage LMTA-148,Segetibacter,1.0,0.861391007900238,0.930695503950119
Bacillus phage Waukesha92,Bacillus oryzisoli,0.9999788999557496,0.8612184524536133,0.9305986762046814
Bacteroides phage B40-8,Bacillus oryzisoli,1.0,0.8611931800842285,0.9305965900421144
Proteus phage vB_PmiP_Pm5460,Bacillus oryzisoli,1.0,0.8611822724342346,0.9305911362171172
Enterococcus phage EF62phi,Segetibacter,1.0,0.8611821532249451,0.9305910766124724
Brochothrix phage NF5,Bacillus oryzisoli,1.0,0.8611697554588318,0.930584877729416
Clostridium phage phiCD27,Segetibacter,1.0,0.8611359596252441,0.930567979812622
Citrobacter phage Moogle,Tumebacillus,1.0,0.8610765933990479,0.930538296699524
Bacillus phage Pookie,Bacillus oryzisoli,1.0,0.8610539436340332,0.9305269718170166
Staphylococcus phage phiETA3,Segetibacter,1.0,0.8608016967773438,0.930400848388672
Staphylococcus phage 29,Bacillus oryzisoli,0.9999980926513672,0.860516369342804,0.9302572309970856
Staphylococcus phage vB_SauS_phi2,Bacillus oryzisoli,0.9986132383346558,0.8618552684783936,0.9302342534065248
Acinetobacter phage vB_AbaP_PD-6A3,Bacillus oryzisoli,0.9999991655349731,0.8604671359062195,0.9302331507205964
Clostridium phage phiMMP02,Bacillus oryzisoli,1.0,0.860413134098053,0.9302065670490264
Escherichia phage vB_EcoS_FFH1,Tumebacillus,0.9999994039535522,0.8603222370147705,0.9301608204841614
Staphylococcus phage vB_SauM_Remus,Segetibacter,1.0,0.8602365851402283,0.930118292570114
Oenococcus phage phiS13,Bacillus oryzisoli,0.9999994039535522,0.8601788878440857,0.930089145898819
Acinetobacter phage phiAC-1,Segetibacter,0.9964659214019777,0.8636401891708374,0.9300530552864076
Salmonella phage Shivani,Tumebacillus,0.9999953508377076,0.8600655198097229,0.9300304353237152
Escherichia phage vB_EcoS_AKFV33,Tumebacillus,0.9999988079071044,0.8600194454193115,0.930009126663208
Listeria phage List-36,Bacillus oryzisoli,1.0,0.8599883913993835,0.9299941956996918
Listeria phage LP-030-3,Segetibacter,1.0,0.859935998916626,0.929967999458313
Sulfolobus monocaudavirus SMV4,Bacillus oryzisoli,0.9999997615814208,0.8599162697792053,0.9299580156803132
Staphylococcus phage phi2958PVL,Bacillus oryzisoli,0.9999992847442628,0.8597234487533569,0.9298613667488098
Staphylococcus phage 69,Segetibacter,1.0,0.8597159385681152,0.9298579692840576
Acinetobacter phage phiAB6,Bacillus oryzisoli,0.9998575448989868,0.8597642779350281,0.9298109114170074
Enterococcus phage phiEf11,Segetibacter,1.0,0.859501302242279,0.9297506511211396
Sulfolobus monocaudavirus SMV1 complete genome,Bacillus oryzisoli,0.9999997615814208,0.8594708442687988,0.92973530292511
Enterococcus phage phiFL4A,Bacillus oryzisoli,1.0,0.8594363331794739,0.9297181665897368
Listeria phage A118,Bacillus oryzisoli,0.9999997615814208,0.8594298958778381,0.9297148287296296
Staphylococcus phage 92,Segetibacter,1.0,0.8594002723693848,0.9297001361846924
Acinetobacter phage vB_AbaM_phiAbaA1,Tumebacillus,0.9999996423721312,0.85936039686203,0.9296800196170808
Bacillus phage Pavlov,Bacillus oryzisoli,1.0,0.8593294024467468,0.9296647012233734
Staphylococcus phage 3MRA,Bacillus oryzisoli,0.9999998807907104,0.8593251705169678,0.9296625256538392
Pseudoalteromonas phage pYD6-A genomic sequence,Segetibacter,1.0,0.8593184947967529,0.9296592473983764
Vibrio phage ICP3,Tumebacillus,1.0,0.8592944145202637,0.9296472072601318
Acinetobacter phage YMC/09/02/B1251_ABA_BP,Bacillus oryzisoli,1.0,0.8592942953109741,0.9296471476554872
Clostridium phage phiC2,Segetibacter,1.0,0.8591551780700684,0.9295775890350342
Listeria phage LP-048,Bacillus oryzisoli,1.0,0.8591515421867371,0.9295757710933684
Campylobacter phage CP21,Bacillus oryzisoli,0.9999995231628418,0.8591387867927551,0.9295691549777984
Staphylococcus phage Sb-1,Segetibacter,1.0,0.8590393662452698,0.9295196831226348
Rhodococcus phage Weasels2,Tumebacillus,0.99997079372406,0.859002411365509,0.9294866025447844
Brochothrix phage BL3,Bacillus oryzisoli,1.0,0.8588173389434814,0.9294086694717408
Staphylococcus phage vB_SauM_Romulus,Segetibacter,1.0,0.8587508201599121,0.929375410079956
Enterococcus phage vB_EfaS_IME198,Tumebacillus,0.9969711303710938,0.8617724776268005,0.9293718039989473
Enterobacteria phage SPC35,Tumebacillus,0.999858260154724,0.8588704466819763,0.9293643534183502
Bacillus phage Page,Bacillus oryzisoli,1.0,0.858708381652832,0.929354190826416
Pseudoalteromonas Phage H103,Tumebacillus,0.9999271631240844,0.8587793111801147,0.9293532371520996
Clostridium phage phiCD6356,Segetibacter,1.0,0.8586944937705994,0.9293472468852996
Enterobacteria phage K1-5,Tumebacillus,0.9999998807907104,0.8586853742599487,0.9293426275253296
Staphylococcus phage vB_SepiS-phiIPLA5,Segetibacter,0.9999862909317015,0.858681321144104,0.9293338060379028
Listeria phage A511,Bacillus oryzisoli,1.0,0.8585973978042603,0.92929869890213
Streptococcus phage YMC-2011,Segetibacter,1.0,0.8585803508758545,0.9292901754379272
Staphylococcus phage phiETA2,Bacillus oryzisoli,0.9999996423721312,0.8585494160652161,0.9292745292186736
Streptococcus phage phiARI0468-1,Tumebacillus,1.0,0.8584846258163452,0.9292423129081726
Proteus phage PM 93,Bacillus oryzisoli,1.0,0.8584059476852417,0.9292029738426208
Staphylococcus phage TEM123,Segetibacter,1.0,0.8583928346633911,0.9291964173316956
Enterococcus phage EFAP-1,Bacillus oryzisoli,0.9999998807907104,0.8583501577377319,0.9291750192642212
Salmonella phage phSE-2,Tumebacillus,0.9999643564224244,0.8582015037536621,0.9290829300880432
Bacillus phage AR9,Segetibacter,1.0,0.8581237196922302,0.9290618598461152
Staphylococcus phage B166,Segetibacter,1.0,0.8580759763717651,0.9290379881858826
Staphylococcus phage phiSA012 DNA,Segetibacter,1.0,0.8579994440078735,0.9289997220039368
Listeria phage P40,Bacillus oryzisoli,1.0,0.8579584360122681,0.928979218006134
Yersinia phage phiR1-RT complete genome,Tumebacillus,0.9999918937683104,0.8578181266784668,0.9289050102233888
Vibrio phage phi 1,Tumebacillus,1.0,0.8577513098716736,0.9288756549358368
Enterobacteria phage T5,Tumebacillus,0.9995837807655334,0.8580535650253296,0.9288186728954316
Bacillus phage phIS3501,Segetibacter,1.0,0.857424795627594,0.928712397813797
Bacillus phage phi4B1,Bacillus oryzisoli,0.9999998807907104,0.8572374582290649,0.9286186695098876
Bacillus phage IEBH,Bacillus oryzisoli,1.0,0.8572207689285278,0.928610384464264
Helicobacter phage 1961P,Segetibacter,1.0,0.857125997543335,0.9285629987716676
Pelagibacter phage HTVC010P,Segetibacter,1.0,0.8570727109909058,0.9285363554954528
Lactococcus phage Q54,Segetibacter,1.0,0.8569275736808777,0.9284637868404388
Bacillus phage BPS13,Tumebacillus,0.9999994039535522,0.8569137454032898,0.928456574678421
Clostridium phage phiCD146,Bacillus oryzisoli,1.0,0.8568614721298218,0.9284307360649108
Listeria phage vB_LmoM_AG20,Bacillus oryzisoli,1.0,0.8568410873413086,0.9284205436706544
Bacillus phage Pony,Bacillus oryzisoli,1.0,0.8568243980407715,0.9284121990203856
Staphylococcus phage Twort,Segetibacter,1.0,0.8567752242088318,0.928387612104416
Clostridium phage phiCD505,Segetibacter,1.0,0.8566973209381104,0.9283486604690552
Erysipelothrix phage SE-1,Segetibacter,1.0,0.8565992712974548,0.9282996356487274
Listeria phage LP-083-2,Bacillus oryzisoli,1.0,0.8565585017204285,0.9282792508602142
Staphylococcus prophage phiN315,Bacillus oryzisoli,1.0,0.8564995527267456,0.9282497763633728
Streptococcus phage phiARI0031,Tumebacillus,1.0,0.8563984632492065,0.9281992316246032
Shigella phage Shfl2,Tumebacillus,0.9999972581863404,0.8563857078552246,0.9281914830207824
Staphylococcus phage tp310-3,Segetibacter,1.0,0.8562944531440735,0.9281472265720369
Lactococcus phage ul36,Bacillus oryzisoli,0.9999985694885254,0.8562746644020081,0.9281366169452668
Lactococcus phage 98201,Bacillus oryzisoli,1.0,0.8562723994255066,0.9281361997127532
Bacillus phage 250,Segetibacter,1.0,0.8562459945678711,0.9281229972839355
Acinetobacter phage Petty,Tumebacillus,0.9999971389770508,0.8562061786651611,0.928101658821106
Enterobacteria phage UAB_Phi78,Tumebacillus,1.0,0.8561986684799194,0.9280993342399596
Lactobacillus phage JCL1032,Tumebacillus,0.9999943971633912,0.8561898469924927,0.928092122077942
Bacillus phage Gamma,Bacillus oryzisoli,1.0,0.8560330867767334,0.9280165433883668
Staphylococcus phage 71,Segetibacter,1.0,0.8559236526489258,0.9279618263244628
Staphylococcus phage SA97,Bacillus oryzisoli,0.9999998807907104,0.8558791875839233,0.9279395341873168
Staphylococcus phage GH15,Segetibacter,1.0,0.8558186888694763,0.9279093444347382
Staphylococcus phage 42e,Segetibacter,1.0,0.8556448817253113,0.9278224408626556
Enterococcus phage VD13,Segetibacter,0.9999995231628418,0.8556362986564636,0.9278179109096528
Enterococcus phage EF62phi,Bacillus oryzisoli,1.0,0.855633556842804,0.927816778421402
Staphylococcus phage ROSA,Bacillus oryzisoli,0.9999988079071044,0.8556055426597595,0.927802175283432
Staphylococcus phage CNPH82,Segetibacter,1.0,0.8555520176887512,0.9277760088443756
Enterobacter phage EcP1,Bacillus oryzisoli,0.999975562095642,0.8552771806716919,0.927626371383667
Streptococcus phage phiARI0468-4,Segetibacter,1.0,0.8551422953605652,0.9275711476802826
Clostridium phage phiCD27,Bacillus oryzisoli,1.0,0.8551403880119324,0.9275701940059662
Cellulophaga phage phi13:2,Segetibacter,0.9942438006401062,0.8608682155609131,0.9275560081005096
Pseudomonas phage phi_Pto-bp6g,Tumebacillus,0.9999791383743286,0.8550525903701782,0.9275158643722534
Acinetobacter phage Fri1,Bacillus oryzisoli,0.9999710321426392,0.8549882769584656,0.9274796545505524
Staphylococcus phage phiETA3,Bacillus oryzisoli,0.9999998807907104,0.8549233675003052,0.9274616241455078
Staphylococcus phage 88,Segetibacter,1.0,0.854868471622467,0.9274342358112336
Bacillus phage Cherry,Bacillus oryzisoli,1.0,0.8548136949539185,0.9274068474769592
Shigella phage SHSML-52-1,Tumebacillus,0.9999990463256836,0.8547565937042236,0.9273778200149536
Lactococcus prophage bIL285,Bacillus oryzisoli,1.0,0.8547234535217285,0.9273617267608644
Staphylococcus phage phiJB,Segetibacter,1.0,0.8546541333198547,0.9273270666599274
Enterococcus phage phiEF24C,Segetibacter,1.0,0.8546323776245117,0.927316188812256
Listeria phage LMTA-148,Bacillus oryzisoli,0.9999997615814208,0.8545889258384705,0.9272943437099456
Escherichia phage vB_EcoM_JS09,Tumebacillus,0.9999994039535522,0.8545063138008118,0.927252858877182
Lactobacillus phage phiLdb,Segetibacter,1.0,0.8544746041297913,0.9272373020648956
Enterobacter phage EcP1,Tumebacillus,0.9998377561569214,0.8545772433280945,0.927207499742508
Streptococcus phage phiARI0468-2,Tumebacillus,0.9999929666519164,0.8543866872787476,0.927189826965332
Listeria phage LP-030-3,Bacillus oryzisoli,1.0,0.854345977306366,0.927172988653183
Acinetobacter phage Abp1,Bacillus oryzisoli,0.9999514818191528,0.8543269634246826,0.9271392226219176
Staphylococcus phage phiETA,Bacillus oryzisoli,0.9999984502792358,0.8541522026062012,0.9270753264427184
Helicobacter phage phiHP33,Segetibacter,1.0,0.854147732257843,0.9270738661289216
Staphylococcus phage 69,Bacillus oryzisoli,0.9999977350234984,0.8540067076683044,0.9270022213459016
Bacillus phage Bastille,Tumebacillus,0.9999030828475952,0.8539422750473022,0.9269226789474488
Bacillus phage Bam35c,Segetibacter,0.9999998807907104,0.8538303375244141,0.9269151091575624
Enterobacteria phage HX01,Tumebacillus,0.9999992847442628,0.8538166880607605,0.9269079864025116
Haemophilus phage HP1,Segetibacter,1.0,0.8537390232086182,0.9268695116043092
Streptococcus phage Dp-1,Bacillus oryzisoli,0.9999980926513672,0.853725790977478,0.9268619418144226
Staphylococcus phage SA12,Segetibacter,1.0,0.8535586595535278,0.926779329776764
Cyanophage MED4-184 genomic sequence,Segetibacter,1.0,0.8531885743141174,0.9265942871570588
Staphylococcus phage 92,Bacillus oryzisoli,0.9999996423721312,0.8531065583229065,0.9265531003475188
Staphylococcus phage Stau2,Segetibacter,1.0,0.8529268503189087,0.9264634251594543
Staphylococcus phage Sb-1,Bacillus oryzisoli,1.0,0.8528879880905151,0.9264439940452576
Helicobacter phage 1961P,Bacillus oryzisoli,1.0,0.852868378162384,0.926434189081192
Bacillus phage AR9,Bacillus oryzisoli,0.9999998807907104,0.8528674244880676,0.926433652639389
Lactococcus phage KSY1,Segetibacter,1.0,0.8528052568435669,0.9264026284217834
Clostridium phage phiCD6356,Bacillus oryzisoli,0.9996426105499268,0.8530839085578918,0.9263632595539092
Staphylococcus phage vB_SauM_Remus,Bacillus oryzisoli,1.0,0.852703332901001,0.9263516664505004
Lactobacillus phage phig1e,Tumebacillus,0.9987456798553468,0.8539494276046753,0.926347553730011
Enterococcus phage BC-611,Segetibacter,0.9999994039535522,0.85265052318573,0.9263249635696412
Enterococcus phage phiEf11,Bacillus oryzisoli,0.9999440908432008,0.8525364398956299,0.9262402653694152
Yersinia phage phiR201 complete genome,Tumebacillus,0.9998270869255066,0.8526425957679749,0.9262348413467408
Acinetobacter phage Presley,Segetibacter,1.0,0.8524476289749146,0.9262238144874572
Staphylococcus phage P108,Segetibacter,1.0,0.8524250388145447,0.9262125194072724
Yersinia phage vB_YenM_TG1,Tumebacillus,0.9999991655349731,0.8524061441421509,0.926202654838562
Vibrio phage ICP2_2013_A_Haiti,Tumebacillus,0.999997854232788,0.8523950576782227,0.9261964559555054
Staphylococcus phage StauST398-5,Segetibacter,1.0,0.8522396087646484,0.9261198043823242
Citrobacter virus Stevie,Tumebacillus,0.999932050704956,0.8522266149520874,0.9260793328285216
Staphylococcus phage P954,Segetibacter,1.0,0.8520325422286987,0.9260162711143494
Staphylococcus phage JS01,Segetibacter,1.0,0.8519973158836365,0.9259986579418182
Staphylococcus phage phiSA012 DNA,Bacillus oryzisoli,1.0,0.8519956469535828,0.9259978234767914
Vibrio phage ICP2,Tumebacillus,0.9999997615814208,0.8519689440727234,0.925984352827072
Staphylococcus phage phiSauS-IPLA35,Bacillus oryzisoli,0.9916201829910278,0.8601356744766235,0.9258779287338256
Vibrio phage nt-1,Tumebacillus,1.0,0.8517007231712341,0.9258503615856172
Acinetobacter phage vB_AbaM_Acibel004,Tumebacillus,1.0,0.8516737818717957,0.9258368909358978
Staphylococcus phage K,Segetibacter,1.0,0.8516309857368469,0.9258154928684236
Enterobacteria phage Bp4,Tumebacillus,1.0,0.8515598773956299,0.9257799386978148
Staphylococcus phage phiSa119,Segetibacter,1.0,0.8514577150344849,0.9257288575172424
Croceibacter phage P2559Y,Segetibacter,0.999996304512024,0.8514577150344849,0.9257270097732544
Cyanophage P-TIM40,Tumebacillus,0.9999980926513672,0.8514149188995361,0.9257065057754515
Pelagibacter phage HTVC010P,Bacillus oryzisoli,0.999990940093994,0.8512861728668213,0.9256385564804076
Pseudoalteromonas phage PH1,Tumebacillus,1.0,0.8512546420097351,0.9256273210048676
Staphylococcus phage vB_SauM_Romulus,Bacillus oryzisoli,1.0,0.8512452244758606,0.9256226122379304
Lactococcus phage Q54,Bacillus oryzisoli,1.0,0.851234495639801,0.9256172478199004
Pseudoalteromonas phage Pq0,Segetibacter,1.0,0.8510808944702148,0.9255404472351074
Clostridium phage phiCD505,Bacillus oryzisoli,0.9999998807907104,0.8507643342018127,0.9253821074962616
Alteromonas phage vB_AmaP_AD45-P1,Tumebacillus,0.9999945163726808,0.8506881594657898,0.9253413379192352
Lactobacillus phage phiLdb,Tumebacillus,1.0,0.8506154417991638,0.925307720899582
Clostridium phage phi CD119,Segetibacter,1.0,0.8505964875221252,0.9252982437610626
Staphylococcus phage TEM123,Bacillus oryzisoli,0.9993440508842468,0.8511061072349548,0.9252250790596008
Synechococcus phage S-CBP4,Tumebacillus,1.0,0.850439727306366,0.925219863653183
Enterobacteria phage Bp7,Tumebacillus,0.9999951124191284,0.8504367470741272,0.9252159297466278
Pseudoalteromonas phage pYD6-A genomic sequence,Bacillus oryzisoli,0.9999982118606568,0.8503211736679077,0.9251596927642822
Bacillus phage GIL16c,Segetibacter,0.9999996423721312,0.8503054976463318,0.9251525700092316
Enterobacteria phage AR1 DNA,Tumebacillus,0.9999840259552002,0.8502641916275024,0.9251241087913512
Enterococcus phage phiEF24C,Bacillus oryzisoli,1.0,0.8500849604606628,0.9250424802303314
Bacillus phage phIS3501,Bacillus oryzisoli,0.9999881982803344,0.8500821590423584,0.9250351786613464
Staphylococcus phage Twort,Bacillus oryzisoli,0.9999970197677612,0.8500224351882935,0.9250097274780272
Staphylococcus phage 85,Segetibacter,1.0,0.8499817252159119,0.924990862607956
Bacillus phage PfEFR-5,Segetibacter,1.0,0.8498569130897522,0.924928456544876
Clostridium phage phiMMP03,Segetibacter,1.0,0.8498079180717468,0.9249039590358734
Cellulophaga phage phi46:1,Segetibacter,1.0,0.8497868776321411,0.9248934388160706
Staphylococcus phage tp310-3,Bacillus oryzisoli,1.0,0.8497784733772278,0.924889236688614
Staphylococcus phage B166,Bacillus oryzisoli,1.0,0.8497663736343384,0.9248831868171692
Staphylococcus phage GH15,Bacillus oryzisoli,1.0,0.849740207195282,0.924870103597641
Enterococcus phage ECP3,Segetibacter,1.0,0.8497233390808105,0.9248616695404052
Streptococcus phage phiBHN167 complete genome,Segetibacter,1.0,0.8496943116188049,0.9248471558094024
Staphylococcus phage phiPVL108,Segetibacter,1.0,0.8496378660202026,0.9248189330101012
Bacillus phage Eyuki,Tumebacillus,0.998699188232422,0.8509165048599243,0.9248078465461732
Escherichia phage ECML-134,Tumebacillus,0.9999805688858032,0.8495961427688599,0.9247883558273317
Mannheimia phage phiMHaA1,Segetibacter,1.0,0.8495544791221619,0.9247772395610808
Helicobacter phage phiHP33,Bacillus oryzisoli,0.9999998807907104,0.8495403528213501,0.9247701168060304
Enterobacteria phage vB_EcoM_ACG-C40,Tumebacillus,0.999974250793457,0.8495218753814697,0.9247480630874634
Bacillus phage 250,Bacillus oryzisoli,1.0,0.8494400382041931,0.9247200191020966
Staphylococcus phage Team1,Segetibacter,1.0,0.8493925929069519,0.924696296453476
Bacillus phage G,Segetibacter,1.0,0.8492902517318726,0.9246451258659364
Lactobacillus phage Lc-Nu,Tumebacillus,0.9999990463256836,0.8492282032966614,0.9246136248111724
Staphylococcus phage 42e,Bacillus oryzisoli,1.0,0.8492032289505005,0.9246016144752502
Streptococcus phage YMC-2011,Bacillus oryzisoli,1.0,0.8491946458816528,0.9245973229408264
Enterococcus phage EFDG1,Segetibacter,1.0,0.8491895198822021,0.9245947599411012
Staphylococcus phage CNPH82,Bacillus oryzisoli,0.999173939228058,0.8499935269355774,0.9245837330818176
Staphylococcus phage StauST398-2,Segetibacter,1.0,0.849147379398346,0.924573689699173
Klebsiella phage PKO111,Tumebacillus,0.9999995231628418,0.8490318655967712,0.9245156943798064
Staphylococcus phage DW2,Segetibacter,1.0,0.8490074872970581,0.924503743648529
Lactobacillus phage Ld3,Tumebacillus,0.9999971389770508,0.8489457368850708,0.9244714379310608
Caulobacter phage Cr30,Tumebacillus,1.0,0.848924994468689,0.9244624972343444
Streptococcus phage phiARI0004,Tumebacillus,0.9998703002929688,0.8490245342254639,0.9244474172592164
Lactobacillus phage phiLdb,Bacillus oryzisoli,0.9999676942825316,0.8488754034042358,0.9244215488433838
Bacillus phage BCJA1c,Segetibacter,1.0,0.8487692475318909,0.9243846237659454
Streptococcus phage DCC1738,Tumebacillus,0.9992066025733948,0.849509596824646,0.9243580996990204
Escherichia phage wV7,Tumebacillus,0.9998723268508912,0.8487361073493958,0.9243042171001434
Prochlorococcus phage P-RSM4,Tumebacillus,0.9999792575836182,0.8485667109489441,0.9242729842662812
Bacteroides phage B124-14,Segetibacter,1.0,0.8484687805175781,0.9242343902587892
Staphylococcus phage 88,Bacillus oryzisoli,0.9999980926513672,0.8483912944793701,0.9241946935653688
Staphylococcus phage phiJB,Bacillus oryzisoli,0.9999958276748656,0.8483119010925293,0.9241538643836976
Bacillus phage CAM003,Tumebacillus,0.9996625185012816,0.8486288785934448,0.9241456985473632
Microcystis phage MaMV-DC,Tumebacillus,0.999990463256836,0.8482822179794312,0.9241363406181335
Bacillus phage Aurora,Segetibacter,1.0,0.8482534885406494,0.9241267442703248
Escherichia phage e11/2,Tumebacillus,0.999976634979248,0.8482354283332825,0.9241060316562651
Yersinia phage phiR1-37,Tumebacillus,0.999997854232788,0.8481964468955994,0.9240971505641936
Enterobacteria phage ime09,Tumebacillus,0.99999737739563,0.8481791615486145,0.9240882694721222
Bacillus phage Nemo,Tumebacillus,0.9993895292282104,0.8487623929977417,0.924075961112976
Streptococcus phage phi3396,Tumebacillus,0.9999997615814208,0.8481173515319824,0.9240585565567015
Bacillus phage AvesoBmore,Tumebacillus,0.9960122108459472,0.8521000742912292,0.9240561425685884
Shigella phage SHBML-50-1,Tumebacillus,0.999996781349182,0.8480764031410217,0.924036592245102
Erysipelothrix phage SE-1,Bacillus oryzisoli,1.0,0.848028838634491,0.9240144193172456
Listeria phage vB_LmoS_293,Segetibacter,1.0,0.8480055332183838,0.924002766609192
Lactobacillus phage LP65,Tumebacillus,0.9969666600227356,0.8509255647659302,0.9239461123943328
Salmonella phage FSL SP-058,Flavisolibacter,0.999964475631714,0.847920298576355,0.9239423871040344
Staphylococcus phage CNPx,Segetibacter,1.0,0.8478435277938843,0.923921763896942
Bacillus phage DirtyBetty,Tumebacillus,0.998363196849823,0.84945148229599,0.9239073395729064
Salmonella phage NR01,Tumebacillus,0.9999890327453612,0.8477374315261841,0.9238632321357728
Mannheimia phage vB_MhM_1152AP,Segetibacter,1.0,0.8476994037628174,0.9238497018814088
Staphylococcus phage 71,Bacillus oryzisoli,1.0,0.847683310508728,0.923841655254364
Staphylococcus prophage phi 13,Segetibacter,1.0,0.8475866913795471,0.9237933456897736
Enterococcus phage EFLK1,Segetibacter,1.0,0.8475631475448608,0.9237815737724304
Enterobacteria phage JK06,Tumebacillus,1.0,0.8474910259246826,0.9237455129623412
Staphylococcus phage EW,Segetibacter,1.0,0.8473402261734009,0.9236701130867004
Brevibacillus phage Jenst,Tumebacillus,0.9999992847442628,0.8471359014511108,0.9235675930976868
Clostridium phage phiCT19406B,Segetibacter,1.0,0.8470445871353149,0.9235222935676576
Clostridium phage phiCTC2B,Segetibacter,1.0,0.8469459414482117,0.9234729707241058
Shigella phage SHFML-11,Tumebacillus,0.999994158744812,0.8469424843788147,0.9234683215618134
Staphylococcus prophage phiPV83,Segetibacter,1.0,0.8468748331069946,0.9234374165534972
Enterobacteria phage T4,Tumebacillus,0.9999936819076538,0.8468573093414307,0.9234254956245422
Clostridium phage phiCP26F,Segetibacter,1.0,0.846778154373169,0.9233890771865844
Pelagibacter phage HTVC011P,Segetibacter,1.0,0.8465918898582458,0.9232959449291228
Enterobacteria phage RB51,Tumebacillus,0.9999599456787108,0.8465946912765503,0.9232773184776306
Acinetobacter phage LZ35,Segetibacter,0.9999991655349731,0.8464761972427368,0.923237681388855
Staphylococcus phage StauST398-3,Segetibacter,1.0,0.8464594483375549,0.9232297241687776
Cyanophage P-RSM6 genomic sequence,Tumebacillus,0.999977707862854,0.8464134335517883,0.9231955707073212
Vibrio phage eugene 12A10 genomic sequence,Tumebacillus,0.9999996423721312,0.8463358879089355,0.9231677651405334
Bacillus phage SalinJah,Tumebacillus,0.9999614953994752,0.8463660478591919,0.9231637716293336
Staphylococcus phage 80alpha,Segetibacter,1.0,0.8462914228439331,0.9231457114219666
Staphylococcus phage phiSLT,Segetibacter,1.0,0.8462082743644714,0.9231041371822356
Staphylococcus phage P108,Bacillus oryzisoli,1.0,0.8461783528327942,0.9230891764163972
Bacillus prophage phBC6A52,Segetibacter,1.0,0.8461042046546936,0.9230521023273468
Enterobacteria phage RB68,Tumebacillus,0.9999599456787108,0.846129834651947,0.923044890165329
Staphylococcus phage StauST398-4,Segetibacter,1.0,0.8460884094238281,0.923044204711914
Staphylococcus phage phiMR25,Segetibacter,1.0,0.8460618853569031,0.9230309426784516
Staphylococcus phage K,Bacillus oryzisoli,1.0,0.8460363745689392,0.9230181872844696
Staphylococcus phage MCE-2014,Segetibacter,1.0,0.8460266590118408,0.9230133295059204
Enterobacteria phage phiEcoM-GJ1,Tumebacillus,0.9992148876190186,0.8467996120452881,0.9230072498321532
Staphylococcus phage SA1,Tumebacillus,1.0,0.8459729552268982,0.9229864776134492
Staphylococcus phage PH15,Segetibacter,1.0,0.8458896279335022,0.9229448139667512
Salmonella phage BPS15Q2,Tumebacillus,1.0,0.8458291888237,0.92291459441185
Vibrio phage douglas 12A4 genomic sequence,Tumebacillus,0.999993085861206,0.8457968235015869,0.9228949546813964
Salmonella phage BP12B,Tumebacillus,0.9999998807907104,0.8457292914390564,0.9228645861148834
Streptococcus phage phiARI0468-4,Bacillus oryzisoli,1.0,0.8457059264183044,0.9228529632091522
Streptococcus phage SP-QS1 complete genome,Segetibacter,0.99999737739563,0.8456799983978271,0.9228386878967284
Enterobacteria phage RB3,Tumebacillus,0.9999994039535522,0.8456430435180664,0.9228212237358092
Staphylococcus phage StauST398-5,Bacillus oryzisoli,1.0,0.845633327960968,0.922816663980484
Streptococcus phage IC1,Tumebacillus,1.0,0.8456264734268188,0.9228132367134094
Staphylococcus phage 53,Segetibacter,1.0,0.8456010222434998,0.92280051112175
Prochlorococcus phage P-SSM7,Tumebacillus,0.9998143315315248,0.8457781076431274,0.922796219587326
Staphylococcus phage JS01,Bacillus oryzisoli,1.0,0.8455872535705566,0.9227936267852784
Staphylococcus phage P954,Bacillus oryzisoli,1.0,0.8455482125282288,0.9227741062641144
Staphylococcus phage 96,Segetibacter,1.0,0.8454701900482178,0.9227350950241088
Clostridium phage phi CD119,Bacillus oryzisoli,0.9999998807907104,0.8454654812812805,0.9227326810359956
Staphylococcus phage SA12,Bacillus oryzisoli,1.0,0.8453961610794067,0.9226980805397034
Enterobacteriaphage UAB_Phi87,Tumebacillus,1.0,0.8453797101974487,0.9226898550987244
Lactococcus phage KSY1,Bacillus oryzisoli,0.9999998807907104,0.8453676104545593,0.9226837456226348
Lactobacillus phage J-1,Tumebacillus,1.0,0.84531569480896,0.92265784740448
Enterococcus phage ECP3,Bacillus oryzisoli,1.0,0.8453063368797302,0.9226531684398652
Bacillus phage G,Bacillus oryzisoli,1.0,0.8452354073524475,0.9226177036762238
Pasteurella phage F108,Segetibacter,1.0,0.8452343940734863,0.9226171970367432
Staphylococcus phage Stau2,Bacillus oryzisoli,1.0,0.8452309966087341,0.9226154983043672
Enterobacteria phage RB27,Tumebacillus,0.9999982118606568,0.8452123403549194,0.922605276107788
Staphylococcus phage phiSa119,Bacillus oryzisoli,1.0,0.8449683785438538,0.9224841892719268
Cyanophage MED4-184 genomic sequence,Bacillus oryzisoli,0.9999855756759644,0.8449563384056091,0.9224709570407869
Shigella phage pSs-1,Tumebacillus,0.999931812286377,0.8449387550354004,0.9224352836608888
Staphylococcus phage 52A,Segetibacter,1.0,0.8448601365089417,0.9224300682544708
Bacillus phage phiAGATE,Tumebacillus,1.0,0.8447725176811218,0.9223862588405608
Mannheimia phage vB_MhM_587AP1,Segetibacter,1.0,0.8447645306587219,0.922382265329361
Bacillus phage Bp8p-C,Tumebacillus,0.9999969005584716,0.8447583317756653,0.9223776161670684
Vibrio phage VH7D,Tumebacillus,0.9999984502792358,0.8447265625,0.922362506389618
Helicobacter phage KHP40 DNA,Segetibacter,1.0,0.8446081876754761,0.922304093837738
Staphylococcus aureus phage phiNM1,Segetibacter,1.0,0.8445031046867371,0.9222515523433684
Pseudoalteromonas phage Pq0,Bacillus oryzisoli,1.0,0.8444504141807556,0.9222252070903778
Staphylococcus phage 11,Segetibacter,1.0,0.8443717360496521,0.922185868024826
Bacillus phage vB_BanS-Tsamsa,Tumebacillus,0.9998328685760498,0.8444811701774597,0.9221570193767548
Staphylococcus phage phiPVL108,Bacillus oryzisoli,1.0,0.8441938161849976,0.9220969080924988
Enterobacteria phage phiEco32,Tumebacillus,0.9999887943267822,0.8441368341445923,0.9220628142356871
Enterobacteria phage Felix 01,Tumebacillus,1.0,0.8441067337989807,0.9220533668994904
Streptococcus prophage 315.1,Tumebacillus,0.9999954700469972,0.8440514802932739,0.9220234751701356
Vibrio phage KVP40,Tumebacillus,1.0,0.8439359664916992,0.9219679832458496
Enterobacteria phage RTP,Tumebacillus,1.0,0.843864381313324,0.921932190656662
Citrobacter phage Merlin,Tumebacillus,0.9999998807907104,0.8437818288803101,0.9218908548355104
Staphylococcus phage SAP-26,Segetibacter,1.0,0.8437758088111877,0.921887904405594
Enterococcus phage BC-611,Tumebacillus,0.9801718592643738,0.8635499477386475,0.9218609035015106
Staphylococcus phage 55,Segetibacter,1.0,0.8436281681060791,0.9218140840530396
Synechococcus phage S-CBP1,Tumebacillus,0.9999996423721312,0.8434653878211975,0.9217325150966644
Pectobacterium phage PM1,Tumebacillus,0.9999979734420776,0.8434345126152039,0.9217162430286407
Staphylococcus phage Team1,Bacillus oryzisoli,1.0,0.8434297442436218,0.9217148721218108
Pseudoalteromonas phage Pq0,Tumebacillus,1.0,0.8432303071022034,0.9216151535511016
Clostridium phage 39-O,Segetibacter,1.0,0.8429337739944458,0.9214668869972228
Enterobacteria phage RB69,Tumebacillus,0.9999998807907104,0.8428817391395569,0.9214408099651336
Staphylococcus phage G1,Segetibacter,1.0,0.8428419828414917,0.9214209914207458
Staphylococcus phage phiPVL-CN125,Segetibacter,1.0,0.8427953720092773,0.9213976860046388
Bacillus phage JBP901,Tumebacillus,0.9999488592147828,0.8428243398666382,0.9213865995407104
Staphylococcus phage StauST398-2,Bacillus oryzisoli,0.9993701577186584,0.8433687686920166,0.9213694632053376
Staphylococcus phage PT1028,Segetibacter,1.0,0.8427072763442993,0.9213536381721495
Shigella phage SHFML-26,Tumebacillus,0.9999922513961792,0.8427051305770874,0.9213486909866332
Acinetobacter phage ZZ1,Tumebacillus,0.9998773336410522,0.8428001999855042,0.9213387668132782
Haemophilus phage HP1,Bacillus oryzisoli,0.99767404794693,0.8448081016540527,0.9212410748004912
Bacillus phage Aurora,Bacillus oryzisoli,0.99994957447052,0.8424878716468811,0.9212187230587006
Bacillus phage PfEFR-5,Bacillus oryzisoli,1.0,0.8424325585365295,0.9212162792682648
Enterococcus phage EFLK1,Bacillus oryzisoli,1.0,0.842428982257843,0.9212144911289216
Vibrio phage ICP1,Tumebacillus,0.9999997615814208,0.8423089385032654,0.9211543500423433
Clostridium phage phiCP34O,Segetibacter,1.0,0.8422806859016418,0.9211403429508208
Enterobacteria phage TLS,Tumebacillus,0.999914050102234,0.8422965407371521,0.921105295419693
Cellulophaga phage phi46:1,Bacillus oryzisoli,0.9999997615814208,0.8421834111213684,0.9210915863513948
Acinetobacter phage Presley,Bacillus oryzisoli,1.0,0.8421812653541565,0.9210906326770782
Bacillus phage Spock,Segetibacter,1.0,0.8420684337615967,0.9210342168807985
Salmonella phage STP4-a,Tumebacillus,0.9999995231628418,0.8420652747154236,0.9210323989391328
Listeria phage P70,Segetibacter,0.9999943971633912,0.8419924974441528,0.920993447303772
Bacillus phage Nigalana,Tumebacillus,0.9986162185668944,0.8433623313903809,0.9209892749786376
Cafeteria roenbergensis virus BV-PW1,Segetibacter,1.0,0.8419155478477478,0.920957773923874
Salmonella phage S16,Tumebacillus,0.9999997615814208,0.841870129108429,0.9209349453449248
Enterobacteria phage NJ01,Tumebacillus,0.99990713596344,0.8419283628463745,0.9209177494049072
Clostridium phage c-st,Segetibacter,1.0,0.8417180180549622,0.9208590090274812
Lactococcus phage 949,Tumebacillus,0.999906063079834,0.8415710926055908,0.9207385778427124
Staphylococcus phage 85,Bacillus oryzisoli,1.0,0.8414716124534607,0.9207358062267303
Bacillus phage vB_BhaS-171,Segetibacter,1.0,0.8414694666862488,0.9207347333431244
Lactobacillus phage Ld3,Segetibacter,1.0,0.8414528369903564,0.9207264184951782
Cellulophaga phage phi17:2,Bacillus oryzisoli,0.9808257222175598,0.8605777621269226,0.9207017421722412
Clostridium phage phiCP13O,Segetibacter,1.0,0.8413753509521484,0.9206876754760742
Staphylococcus prophage phi 13,Bacillus oryzisoli,0.9999936819076538,0.8413390517234802,0.920666366815567
Citrobacter phage Moon,Tumebacillus,0.9999988079071044,0.8412667512893677,0.920632779598236
Pseudomonas phage PaP2,Tumebacillus,0.9999997615814208,0.8412255644798279,0.9206126630306244
Prochlorococcus phage P-HM1,Tumebacillus,0.9987788796424866,0.8424373865127563,0.9206081330776216
Bacillus prophage phBC6A52,Bacillus oryzisoli,1.0,0.8410900831222534,0.9205450415611268
Listeria phage vB_LmoS_188,Segetibacter,1.0,0.8410643339157104,0.9205321669578552
Rhodococcus phage Trina,Tumebacillus,0.999261438846588,0.8417622447013855,0.9205118417739868
Pelagibacter phage HTVC011P,Bacillus oryzisoli,1.0,0.8409627079963684,0.9204813539981842
Clostridium phage phiCT19406B,Bacillus oryzisoli,1.0,0.8407991528511047,0.9203995764255524
Bacillus phage BCP8-2,Tumebacillus,0.9990181922912598,0.8417693376541138,0.9203937649726868
Prochlorococcus phage P-SSM3 genomic sequence,Tumebacillus,0.98175311088562,0.8590160608291626,0.9203845858573914
Streptococcus phage DCC1738,Segetibacter,1.0,0.8407585024833679,0.920379251241684
Clostridium phage phiCTC2B,Bacillus oryzisoli,1.0,0.8407376408576965,0.9203688204288484
Lactobacillus phage Ld25A,Tumebacillus,1.0,0.8406795859336853,0.9203397929668428
Staphylococcus phage 77,Segetibacter,1.0,0.8405526876449585,0.9202763438224792
Helicobacter phage KHP40 DNA,Bacillus oryzisoli,1.0,0.8405386209487915,0.9202693104743958
Mannheimia phage phiMHaA1,Bacillus oryzisoli,1.0,0.8405221104621887,0.9202610552310944
Streptococcus phage phiBHN167 complete genome,Bacillus oryzisoli,1.0,0.8404430150985718,0.920221507549286
Bacillus phage Deep Blue,Tumebacillus,0.9999995231628418,0.8403682708740234,0.9201838970184326
Listeria phage vB_LmoS_293,Bacillus oryzisoli,0.9999998807907104,0.8403627872467041,0.9201813340187072
Staphylococcus phage PVL proviral DNA,Segetibacter,1.0,0.8403216004371643,0.9201608002185822
Staphylococcus phage EW,Bacillus oryzisoli,1.0,0.840208888053894,0.920104444026947
Acinetobacter bacteriophage AP22,Tumebacillus,0.9999983310699464,0.840194046497345,0.9200961887836456
Acinetobacter phage vB_AbaP_Acibel007,Tumebacillus,1.0,0.840181827545166,0.920090913772583
Staphylococcus phage phiMR11,Segetibacter,1.0,0.8401416540145874,0.9200708270072936
Staphylococcus phage 80alpha,Bacillus oryzisoli,1.0,0.8401236534118652,0.9200618267059326
Microcystis phage Ma-LMM01 DNA,Tumebacillus,0.9999996423721312,0.8401197791099548,0.9200597107410432
Streptococcus phage SP-QS1 complete genome,Flavisolibacter,0.9999300241470336,0.8401087522506714,0.9200193881988524
Sphingomonas phage PAU,Segetibacter,1.0,0.8400314450263977,0.9200157225131989
Staphylococcus phage DW2,Bacillus oryzisoli,0.9999617338180542,0.8400295376777649,0.9199956357479095
Enterococcus phage vB_EfaS_IME198,Segetibacter,0.9999998807907104,0.8399871587753296,0.91999351978302
Staphylococcus prophage phiPV83,Bacillus oryzisoli,1.0,0.839983344078064,0.919991672039032
Salmonella phage FSL SP-076,Flavisolibacter,0.9999960660934448,0.839876115322113,0.9199360907077788
Staphylococcus phage tp310-1,Segetibacter,1.0,0.8398457765579224,0.9199228882789612
Haemophilus phage SuMu,Tumebacillus,0.99995219707489,0.8398772478103638,0.919914722442627
Yersinia phage phiR1-37,Segetibacter,0.9999998807907104,0.8397743105888367,0.9198870956897736
Bacillus phage BCJA1c,Bacillus oryzisoli,0.9998912811279296,0.8398720622062683,0.919881671667099
Staphylococcus phage StauST398-4,Bacillus oryzisoli,1.0,0.8397575616836548,0.9198787808418274
Staphylococcus phage 53,Bacillus oryzisoli,1.0,0.8396665453910828,0.9198332726955414
Salmonella phage vB_SPuM_SP116,Tumebacillus,0.9999991655349731,0.8396300673484802,0.9198146164417268
Streptococcus phage phiARI0131-1,Tumebacillus,0.9999836683273317,0.8396435976028442,0.919813632965088
Bacteroides phage B124-14,Bacillus oryzisoli,0.9999957084655762,0.8395537734031677,0.919774740934372
Pseudomonas phage 119X,Tumebacillus,0.9999996423721312,0.839500904083252,0.9197502732276917
Clostridium phage phiCD506,Bacillus oryzisoli,0.9825763702392578,0.8568354845046997,0.9197059273719788
Staphylococcus phage phiSLT,Bacillus oryzisoli,1.0,0.8393949866294861,0.919697493314743
Acinetobacter phage YMC/09/02/B1251_ABA_BP,Tumebacillus,0.999998927116394,0.8393813967704773,0.9196901619434356
Staphylococcus phage MCE-2014,Bacillus oryzisoli,1.0,0.8393609523773193,0.9196804761886596
Streptococcus prophage 315.6,Flavisolibacter,0.9999847412109376,0.8393093943595886,0.9196470677852632
Streptococcus phage phiARI0131-1,Segetibacter,1.0,0.8391996026039124,0.9195998013019562
Klebsiella phage vB_KpnM_KpV477,Tumebacillus,0.9999994039535522,0.8391883969306946,0.9195939004421234
Vibrio phage pVp-1,Flavisolibacter,0.9999743700027466,0.8391091823577881,0.9195417761802672
Staphylococcus phage StauST398-3,Bacillus oryzisoli,1.0,0.8390530943870544,0.9195265471935272
Acinetobacter phage vB_AbaS_TRS1,Segetibacter,1.0,0.8389721512794495,0.9194860756397248
Acinetobacter phage Presley,Flavisolibacter,1.0,0.8389570116996765,0.9194785058498384
Lactobacillus phage Sha1,Tumebacillus,0.9981314539909364,0.8407271504402161,0.9194293022155762
Streptococcus phage Sfi21,Tumebacillus,0.999992847442627,0.8387220501899719,0.9193574488162994
Staphylococcus phage 96,Bacillus oryzisoli,1.0,0.8385282158851624,0.9192641079425812
Mannheimia phage vB_MhM_1152AP,Bacillus oryzisoli,1.0,0.8385090231895447,0.9192545115947724
Streptococcus phage O1205,Tumebacillus,0.9999955892562866,0.838485836982727,0.9192407131195068
Pseudoalteromonas phage pYD6-A genomic sequence,Flavisolibacter,0.9999992847442628,0.838455319404602,0.9192273020744324
Bacillus phage Spock,Bacillus oryzisoli,0.9999991655349731,0.8383969068527222,0.9191980361938475
Streptococcus phage DT1,Tumebacillus,0.9999943971633912,0.8383957147598267,0.9191950559616088
Acinetobacter phage Fri1,Tumebacillus,0.9999996423721312,0.8383049964904785,0.9191523194313048
Pseudomonas phage vB_PsyM_KIL1,Tumebacillus,1.0,0.8382940292358398,0.91914701461792
Pseudoalteromonas phage PH1,Flavisolibacter,0.9999998807907104,0.8382852077484131,0.9191425442695618
Proteus phage vB_PmiP_Pm5460,Tumebacillus,1.0,0.8381837010383606,0.9190918505191804
Streptococcus phage phiARI0468-2,Segetibacter,1.0,0.8381344079971313,0.9190672039985656
Lactococcus phage 28201,Bacillus oryzisoli,0.9762164950370787,0.8619158267974854,0.919066160917282
Staphylococcus phage 52A,Bacillus oryzisoli,1.0,0.8381297588348389,0.9190648794174194
Lactobacillus phage Lrm1,Tumebacillus,0.99998676776886,0.838141918182373,0.9190643429756165
Staphylococcus phage phiMR25,Bacillus oryzisoli,1.0,0.8380963802337646,0.9190481901168824
Streptococcus phage SMP,Tumebacillus,1.0,0.838083803653717,0.9190419018268584
Vibrio phage CHOED,Tumebacillus,1.0,0.8378969430923462,0.9189484715461732
Brevibacillus phage Sundance,Tumebacillus,0.9999990463256836,0.8378973007202148,0.9189481735229492
Enterobacteria phage vB_EcoM_VR20,Tumebacillus,0.999972939491272,0.8379040956497192,0.9189385175704956
Cronobacter phage vB_CsaM_GAP32,Tumebacillus,0.999998927116394,0.8378300070762634,0.9189144670963288
Vibrio phage PVA1,Tumebacillus,0.9999902248382568,0.8378115296363831,0.91890087723732
Staphylococcus phage SAP-26,Bacillus oryzisoli,0.9999992847442628,0.837790846824646,0.9188950657844543
Clostridium phage phiCT9441A,Segetibacter,1.0,0.8377894163131714,0.9188947081565856
Acinetobacter phage Acj61,Tumebacillus,0.9999958276748656,0.8377128839492798,0.9188543558120728
Enterococcus phage EFDG1,Bacillus oryzisoli,0.9991602897644044,0.8384825587272644,0.9188214242458344
Bacillus phage Staley,Segetibacter,0.9999998807907104,0.8375434875488281,0.9187716841697692
Lactobacillus phage Ld25A,Segetibacter,1.0,0.8375272750854492,0.9187636375427246
Staphylococcus aureus phage phiNM1,Bacillus oryzisoli,0.999997615814209,0.8375250101089478,0.9187613129615784
Enterobacteria phage WV8,Tumebacillus,0.9999997615814208,0.8374389410018921,0.9187193512916564
Lactobacillus phage PLE3,Tumebacillus,0.9996750354766846,0.8377153873443604,0.9186952114105223
Pseudomonas phage phiKZ,Tumebacillus,1.0,0.8373474478721619,0.9186737239360808
Bacillus phage Kida,Tumebacillus,0.9982914328575134,0.8390427827835083,0.9186671078205108
Lactobacillus phage Sha1,Segetibacter,1.0,0.837266206741333,0.9186331033706664
Staphylococcus phage 11,Bacillus oryzisoli,1.0,0.8372594714164734,0.9186297357082368
Streptococcus phage phiARI0462,Tumebacillus,0.993995487689972,0.8431848287582397,0.9185901582241058
Bacillus cereus bacteriophage vB_BceM_Bc431v3,Tumebacillus,0.9999996423721312,0.8371165990829468,0.9185581207275392
Erwinia phage phiEa21-4,Tumebacillus,0.9999929666519164,0.8370556235313416,0.918524295091629
Streptococcus prophage EJ-1,Tumebacillus,1.0,0.836990475654602,0.918495237827301
Staphylococcus phage PT1028,Bacillus oryzisoli,0.9999997615814208,0.8368986248970032,0.918449193239212
Enterococcus phage ECP3,Tumebacillus,0.9964802861213684,0.8403127193450928,0.9183965027332306
Clostridium phage phiCP34O,Bacillus oryzisoli,0.9999935626983644,0.8367530107498169,0.9183732867240906
Erwinia phage vB_EamM-Y2,Tumebacillus,0.9999510049819946,0.8367475867271423,0.9183492958545684
Bacillus phage Shbh1,Segetibacter,1.0,0.8365871906280518,0.918293595314026
Bacillus phage BCP78,Tumebacillus,0.9960697889328004,0.840505063533783,0.9182874262332916
Staphylococcus phage G1,Bacillus oryzisoli,1.0,0.8365168571472168,0.9182584285736084
Vibrio phage JA-1,Flavisolibacter,0.9999980926513672,0.8364798426628113,0.9182389676570892
Streptococcus phage DCC1738,Bacillus oryzisoli,1.0,0.8364762663841248,0.9182381331920624
Staphylococcus phage 55,Bacillus oryzisoli,0.9999997615814208,0.836438000202179,0.9182188808918
Haemophilus phage HP2,Segetibacter,1.0,0.8363723158836365,0.9181861579418182
Morganella phage vB_MmoM_MP1,Tumebacillus,0.9999960660934448,0.8363484144210815,0.9181722402572632
Acinetobacter bacteriophage AP22,Segetibacter,1.0,0.8362835645675659,0.918141782283783
Bacillus phage Stills,Segetibacter,0.9999996423721312,0.8361805081367493,0.9180900752544404
Bacillus phage Waukesha92,Flavisolibacter,0.9999985694885254,0.8361700177192688,0.9180842936038972
Enterobacteria phage JS98,Tumebacillus,0.9999456405639648,0.836219072341919,0.918082356452942
Cellulophaga phage phi4:1,Bacillus oryzisoli,0.9726420640945436,0.8635146617889404,0.918078362941742
Mannheimia phage vB_MhM_587AP1,Bacillus oryzisoli,1.0,0.836142361164093,0.9180711805820464
Bacillus phage Bobb,Tumebacillus,0.999998927116394,0.8361397385597229,0.9180693328380584
Lactobacillus phage Ld3,Bacillus oryzisoli,0.9999997615814208,0.836051344871521,0.918025553226471
Enterobacteria phage vB_EcoM-FV3,Tumebacillus,0.9999970197677612,0.8360421657562256,0.9180195927619934
Enterococcus phage BC-611,Flavisolibacter,0.9997766613960266,0.8361365795135498,0.9179566204547882
Salmonella phage vB_SnwM_CGG4-1,Tumebacillus,0.9999852180480956,0.8358922004699707,0.9179387092590332
Bacillus phage SageFayge,Tumebacillus,0.9914880990982056,0.8443509340286255,0.9179195165634156
Bacillus phage NotTheCreek,Tumebacillus,0.9983415603637696,0.8374752998352051,0.9179084300994872
Streptococcus pyogenes phage 315.3,Tumebacillus,0.996074080467224,0.8397257328033447,0.9178999066352844
Streptococcus phage O1205,Flavisolibacter,1.0,0.8357399106025696,0.9178699553012848
Streptococcus phage SpSL1,Tumebacillus,1.0,0.8357342481613159,0.917867124080658
Clostridium phage phiCP13O,Bacillus oryzisoli,0.9999935626983644,0.8357171416282654,0.9178553521633148
Staphylococcus phage phiPVL-CN125,Bacillus oryzisoli,1.0,0.8355682492256165,0.9177841246128082
Bacillus phage BalMu-1 copy 1,Segetibacter,1.0,0.8354679942131042,0.917733997106552
Acinetobacter phage Acj9,Tumebacillus,1.0,0.835439920425415,0.9177199602127076
Proteus phage PM 85,Tumebacillus,0.9999997615814208,0.8353187441825867,0.9176592528820038
Lactobacillus phage phiJL-1,Segetibacter,1.0,0.835293173789978,0.917646586894989
Lactococcus prophage bIL310,Flavisolibacter,1.0,0.8350384831428528,0.9175192415714264
Enterococcus phage BC-611,Bacillus oryzisoli,0.9889022707939148,0.8460724949836731,0.917487382888794
Acinetobacter phage IME200,Tumebacillus,0.9999998807907104,0.8348394632339478,0.9174196720123292
Proteus phage vB_PmiM_Pm5461,Tumebacillus,0.9999841451644896,0.8348133563995361,0.9173987507820128
Paenibacillus phage Harrison,Segetibacter,0.9999991655349731,0.8347756862640381,0.9173874258995056
Lactococcus phage WRP3,Tumebacillus,0.9999862909317015,0.8346818685531616,0.9173340797424316
Streptococcus phage phiARI0004,Segetibacter,1.0,0.8346337080001831,0.9173168540000916
Streptococcus phage phiARI0746,Segetibacter,1.0,0.8346288800239563,0.917314440011978
Lactobacillus phage phiLdb,Flavisolibacter,1.0,0.8345922827720642,0.917296141386032
Acinetobacter phage 133,Tumebacillus,0.9999998807907104,0.8345845341682434,0.9172922074794768
Geobacillus phage GBK2,Segetibacter,1.0,0.8344980478286743,0.9172490239143372
Enterococcus phage VD13,Flavisolibacter,0.9999439716339112,0.8345186114311218,0.9172312915325164
Pelagibacter phage HTVC019P,Segetibacter,1.0,0.8344162702560425,0.9172081351280212
Lactobacillus phage Ld3,Flavisolibacter,0.9999998807907104,0.8343984484672546,0.9171991646289824
Staphylococcus phage 77,Bacillus oryzisoli,0.9999998807907104,0.8343891501426697,0.91719451546669
Vibrio phage pYD38-B genomic sequence,Tumebacillus,0.9999997615814208,0.8343161344528198,0.9171579480171204
Pseudomonas phage 119X,Flavisolibacter,0.9999998807907104,0.8342859745025635,0.917142927646637
Lactococcus phage phiL47,Tumebacillus,0.9999994039535522,0.8342854976654053,0.9171424508094788
Haemophilus phage SuMu,Segetibacter,1.0,0.8341673016548157,0.9170836508274078
Listeria phage vB_LmoS_188,Bacillus oryzisoli,0.99978905916214,0.8343678712844849,0.9170784652233124
Puniceispirillum phage HMO-2011,Tumebacillus,0.9999992847442628,0.8341490030288696,0.9170741438865662
Enterobacteria phage JS10,Tumebacillus,0.9999240636825562,0.8341256380081177,0.9170248508453368
Listeria phage LP-026,Segetibacter,1.0,0.8338264226913452,0.9169132113456726
Staphylococcus phage PVL proviral DNA,Bacillus oryzisoli,1.0,0.8338174819946289,0.9169087409973145
Enterococcus phage vB_EfaS_IME198,Bacillus oryzisoli,0.9998279809951782,0.833892285823822,0.9168601334095
Streptococcus phage Dp-1,Tumebacillus,1.0,0.8337122201919556,0.9168561100959778
Lactobacillus phage A2,Tumebacillus,0.9999992847442628,0.8337114453315735,0.916855365037918
Uncultured crAssphage,Tumebacillus,0.9880728125572203,0.845547616481781,0.9168102145195008
Sulfitobacter phage phiCB2047-B genomic sequence,Tumebacillus,0.9999992847442628,0.8336111903190613,0.916805237531662
Vibrio phage SHOU24,Tumebacillus,0.9999998807907104,0.8335190415382385,0.9167594611644744
Listeria phage LP-114,Segetibacter,0.9999991655349731,0.8334712982177734,0.9167352318763732
Staphylococcus phage tp310-1,Bacillus oryzisoli,1.0,0.833460807800293,0.9167304039001464
Cellulophaga phage phi10:1,Segetibacter,1.0,0.8334603309631348,0.9167301654815674
Prochlorococcus phage P-SSM2,Tumebacillus,0.999988317489624,0.8333461880683899,0.916667252779007
Lactobacillus phage phiAT3,Tumebacillus,1.0,0.8333344459533691,0.9166672229766846
Sphingomonas phage PAU,Bacillus oryzisoli,1.0,0.8333086371421814,0.9166543185710908
Streptococcus phage PH10,Tumebacillus,0.9999983310699464,0.8332794904708862,0.9166389107704164
Streptococcus phage phiARI0468-4,Flavisolibacter,1.0,0.8332394361495972,0.9166197180747986
Streptococcus phage phiARI0460-1,Segetibacter,1.0,0.8331686854362488,0.9165843427181244
Enterobacteria phage vB_EcoM_VR26,Tumebacillus,0.9999052286148072,0.8330973386764526,0.91650128364563
Streptococcus phage phiARI0468-1,Flavisolibacter,1.0,0.8329501152038574,0.9164750576019288
Vibrio phage pYD21-A genomic sequence,Tumebacillus,1.0,0.8329101800918579,0.916455090045929
Staphylococcus phage phiMR11,Bacillus oryzisoli,0.999936580657959,0.832790732383728,0.9163636565208436
Escherichia phage vB_EcoM_FFH2,Tumebacillus,0.9999995231628418,0.8325745463371277,0.9162870347499849
Flavobacterium phage Fpv7,Segetibacter,1.0,0.8323682546615601,0.91618412733078
Yersinia phage phiR1-37,Bacillus oryzisoli,0.999853253364563,0.8325105905532837,0.9161819219589232
Enterobacteria phage Felix 01,Segetibacter,1.0,0.8323440551757812,0.9161720275878906
Streptococcus phage phiARI0468-2,Bacillus oryzisoli,1.0,0.8322622179985046,0.9161311089992524
Bacillus phage SP-15,Tumebacillus,0.9999994039535522,0.8321228623390198,0.916061133146286
Lactococcus phage 1706,Tumebacillus,0.999998927116394,0.8320869207382202,0.9160429239273072
Enterobacter phage PG7,Tumebacillus,0.9999996423721312,0.8319318890571594,0.9159657657146454
Bacillus phage Shbh1,Bacillus oryzisoli,0.9999849796295166,0.8318513631820679,0.9159181714057922
Flavobacterium phage Fpv10,Segetibacter,1.0,0.831778883934021,0.9158894419670104
Flavobacterium phage Fpv11,Segetibacter,1.0,0.831778883934021,0.9158894419670104
Cyanophage MED4-213,Tumebacillus,0.9940921664237976,0.8376652002334595,0.9158786833286284
Prochlorococcus phage P-TIM68,Segetibacter,1.0,0.8317412734031677,0.915870636701584
Flavobacterium phage Fpv8,Segetibacter,1.0,0.8317402005195618,0.9158701002597808
Flavobacterium phage Fpv5,Segetibacter,1.0,0.8317402005195618,0.9158701002597808
Flavobacterium phage Fpv6,Segetibacter,1.0,0.8317402005195618,0.9158701002597808
Pasteurella phage F108,Bacillus oryzisoli,0.995210587978363,0.8364951014518738,0.9158528447151184
Streptococcus phage phiARI0131-1,Bacillus oryzisoli,1.0,0.8316184282302856,0.9158092141151428
Streptococcus pyogenes phage 315.3,Flavisolibacter,1.0,0.8315131068229675,0.9157565534114838
Lactobacillus phage Ld25A,Bacillus oryzisoli,0.9999818801879884,0.8314568996429443,0.9157193899154664
Vibrio phage phi 3,Flavisolibacter,0.9999998807907104,0.831390917301178,0.9156953990459442
Vibrio phage vpms1,Flavisolibacter,0.9999997615814208,0.8313461542129517,0.9156729578971864
Bacillus phage vB_BhaS-171,Bacillus oryzisoli,0.9975318908691406,0.8337595462799072,0.915645718574524
Bacillus phage Stahl,Segetibacter,0.9999998807907104,0.8312638998031616,0.915631890296936
Vibrio phage phi 1,Flavisolibacter,0.9999998807907104,0.83118736743927,0.9155936241149902
Streptococcus phage TP-J34 complete genome,Tumebacillus,0.9999997615814208,0.8311769962310791,0.91558837890625
Enterobacteria phage IME08,Tumebacillus,0.9999935626983644,0.8311678171157837,0.915580689907074
Bacillus phage W.Ph.,Segetibacter,1.0,0.831159770488739,0.9155798852443696
Vibrio phage pVp-1,Segetibacter,0.9893362522125244,0.8417131304740906,0.9155246913433076
Lactobacillus phage iLp84,Tumebacillus,0.997137188911438,0.8338625431060791,0.9154998660087584
Bacillus phage 0305phi8-36,Tumebacillus,0.9999123811721802,0.8310416340827942,0.9154770076274872
Pelagibacter phage HTVC008M,Segetibacter,1.0,0.8309345245361328,0.9154672622680664
Vibrio phage ValKK3,Tumebacillus,0.9999727010726928,0.8309400081634521,0.9154563546180724
Streptococcus phage PH15,Tumebacillus,0.999323844909668,0.8315792679786682,0.915451556444168
Bacillus phage vB_BanS-Tsamsa,Segetibacter,0.9999997615814208,0.8308150768280029,0.915407419204712
Streptococcus phage Sfi19,Flavisolibacter,0.9999994039535522,0.830725908279419,0.9153626561164856
Cronobacter phage S13,Tumebacillus,0.9997091889381408,0.8308519124984741,0.9152805507183076
Enterobacteria phage vB_EcoM_VR25,Tumebacillus,0.9999953508377076,0.8305564522743225,0.915275901556015
Acholeplasma phage L2,Flavisolibacter,0.9999990463256836,0.8305424451828003,0.915270745754242
Bacillus phage Bastille,Segetibacter,1.0,0.8304475545883179,0.9152237772941588
Prochlorococcus phage P-TIM68,Bacillus oryzisoli,1.0,0.830348551273346,0.915174275636673
Acinetobacter phage YMC13/03/R2096,Tumebacillus,0.9999992847442628,0.8302884101867676,0.9151438474655152
Streptococcus phage TP-J34 complete genome,Flavisolibacter,1.0,0.830217719078064,0.915108859539032
Lactobacillus phage c5,Tumebacillus,0.9999960660934448,0.8302137851715088,0.9151049256324768
Bacillus phage TsarBomba,Tumebacillus,0.9999568462371826,0.8302240371704102,0.9150904417037964
Bacillus phage Glittering,Tumebacillus,0.9999983310699464,0.8301656246185303,0.9150819778442384
Enterobacteria phage vB_EcoM-VR7,Tumebacillus,0.9999819993972778,0.830149233341217,0.9150656163692474
Streptococcus phage phiARI0004,Bacillus oryzisoli,1.0,0.830093264579773,0.9150466322898864
Streptococcus phage phi3396,Flavisolibacter,1.0,0.830036461353302,0.915018230676651
Enterobacteria phage CC31,Tumebacillus,0.9999896287918092,0.8300286531448364,0.9150091409683228
Pseudomonas phage PaP2,Flavisolibacter,0.9999998807907104,0.8299835324287415,0.914991706609726
Streptococcus phage phiARI0468-2,Flavisolibacter,1.0,0.8298547863960266,0.9149273931980132
Bacillus phage Spock,Tumebacillus,0.9729571342468262,0.8568324446678162,0.9148947894573212
Enterobacteria phage RB49,Tumebacillus,0.999994158744812,0.8296834826469421,0.9148388206958772
Bacillus phage Zuko,Tumebacillus,0.984630048274994,0.8450140357017517,0.9148220419883728
Lactobacillus phage Sha1,Bacillus oryzisoli,0.9999979734420776,0.8296348452568054,0.9148164093494416
Streptococcus phage P9,Tumebacillus,0.9936593174934388,0.8359575271606445,0.9148084223270416
Escherichia phage 2 JES-2013,Tumebacillus,1.0,0.8295692205429077,0.914784610271454
Streptococcus phage Sfi19,Tumebacillus,0.9999986886978148,0.8294903635978699,0.9147445261478424
Streptococcus phage SMP,Flavisolibacter,1.0,0.8294128179550171,0.9147064089775084
Prochlorococcus phage P-SSP10 genomic sequence,Tumebacillus,1.0,0.8293765187263489,0.9146882593631744
Streptococcus phage DT1,Flavisolibacter,0.999998927116394,0.8293139934539795,0.9146564602851868
Acinetobacter phage vB_AbaS_TRS1,Bacillus oryzisoli,1.0,0.8290150761604309,0.9145075380802156
Lactobacillus phage Sha1,Flavisolibacter,0.999997615814209,0.8289883136749268,0.914492964744568
Helicobacter phage KHP30 DNA,Segetibacter,1.0,0.8289490342140198,0.91447451710701
Streptococcus phage SpSL1,Flavisolibacter,1.0,0.8289297819137573,0.9144648909568788
Edwardsiella phage PEi20 DNA,Tumebacillus,1.0,0.8288645148277283,0.914432257413864
Streptococcus phage phiARI0031,Flavisolibacter,1.0,0.8287867307662964,0.9143933653831482
Acinetobacter phage Abp1,Tumebacillus,0.9999998807907104,0.8287731409072876,0.914386510848999
Salmonella phage FSL SP-058,Segetibacter,0.9999645948410034,0.8287373781204224,0.9143509864807128
Acinetobacter phage vB_AbaP_PD-6A3,Tumebacillus,1.0,0.8286221027374268,0.9143110513687134
Escherichia phage KBNP1711,Tumebacillus,0.9999951124191284,0.8285622596740723,0.9142786860466005
Streptococcus phage Sfi21,Flavisolibacter,1.0,0.8284061551094055,0.9142030775547028
MAG: Phormidium phage MIS-PhV1A,Tumebacillus,0.9997594952583312,0.8285573720932007,0.914158433675766
Enterococcus phage EFDG1,Tumebacillus,0.9967543482780457,0.8314186930656433,0.9140865206718444
Streptococcus phage YMC-2011,Tumebacillus,0.99505215883255,0.8329706192016602,0.9140113890171052
Bacillus phage vB_BanS-Tsamsa,Bacillus oryzisoli,0.9994896650314332,0.8284799456596375,0.9139848053455352
Enterobacter phage EcP1,Flavisolibacter,0.9999899864196776,0.8279429078102112,0.9139664471149443
Pelagibacter phage HTVC019P,Bacillus oryzisoli,1.0,0.8279310464859009,0.9139655232429504
Cyanophage MED4-117 genomic sequence,Tumebacillus,0.9999997615814208,0.8278812766075134,0.9139405190944672
Bacillus phage Phrodo,Segetibacter,1.0,0.8277633190155029,0.9138816595077516
Lactobacillus phage Ldl1,Segetibacter,1.0,0.8277613520622253,0.9138806760311128
Acinetobacter phage Petty,Flavisolibacter,0.9998594522476196,0.8278391361236572,0.9138492941856384
Bdellovibrio phage phi1422,Segetibacter,0.9886913299560548,0.8389853239059448,0.9138383269309998
Enterococcus phage vB_EfaS_IME198,Flavisolibacter,0.9999958276748656,0.8276100158691406,0.9138029217720032
Arthrobacter phage Correa,Tumebacillus,0.9999841451644896,0.8275823593139648,0.9137832522392272
Pseudomonas phage 119X,Segetibacter,1.0,0.8275359869003296,0.9137679934501648
Bacillus phage Slash,Segetibacter,0.9999992847442628,0.8275191783905029,0.9137592315673828
Enterobacteria phage N4,Flavisolibacter,0.9985156655311584,0.8289999961853027,0.9137578308582306
Haemophilus phage SuMu,Bacillus oryzisoli,0.9990583062171936,0.8282570242881775,0.9136576652526855
Prochlorococcus phage P-HM2,Tumebacillus,0.9993189573287964,0.8279200792312622,0.9136195182800292
Escherichia coli bacteriophage rv5,Tumebacillus,0.9999994039535522,0.8272382020950317,0.913618803024292
Streptococcus phage phiARI0746,Bacillus oryzisoli,1.0,0.8271768689155579,0.9135884344577788
Vibrio phage X29,Tumebacillus,0.9999949932098388,0.8271558284759521,0.9135754108428956
Bacillus phage BalMu-1 copy 1,Bacillus oryzisoli,0.9997901320457458,0.8273415565490723,0.9135658442974092
Proteus phage PM 85,Flavisolibacter,1.0,0.8270353674888611,0.9135176837444304
Staphylococcus phage phiSauS-IPLA88,Segetibacter,1.0,0.826907217502594,0.913453608751297
Mannheimia phage vB_MhS_1152AP2,Segetibacter,0.9999998807907104,0.8269004225730896,0.9134501516819
Bacillus phage CP-51,Tumebacillus,1.0,0.8268464207649231,0.9134232103824615
Shigella phage SP18,Tumebacillus,0.9999816417694092,0.8268285393714905,0.9134050905704498
Pseudoalteromonas Phage H103,Flavisolibacter,0.9999998807907104,0.8266127705574036,0.913306325674057
Streptococcus phage 20617 complete prophage genome,Tumebacillus,0.9999988079071044,0.8265865445137024,0.9132926762104034
Bacillus phage JL,Tumebacillus,1.0,0.8265358209609985,0.9132679104804992
Bacillus phage Shanette,Tumebacillus,1.0,0.826479971408844,0.913239985704422
Streptococcus prophage 315.1,Flavisolibacter,1.0,0.8264782428741455,0.9132391214370728
Mannheimia phage vB_MhS_535AP2,Tumebacillus,0.9999901056289672,0.8263910412788391,0.9131905734539032
Acinetobacter phage YMC/09/02/B1251_ABA_BP,Flavisolibacter,1.0,0.826357364654541,0.9131786823272704
Bacillus phage AvesoBmore,Segetibacter,1.0,0.8263101577758789,0.9131550788879396
Proteus phage PM 93,Tumebacillus,0.9999998807907104,0.8262952566146851,0.9131475687026978
Streptococcus phage phiARI0468-1,Segetibacter,1.0,0.8262948393821716,0.9131474196910858
Geobacillus phage GBK2,Bacillus oryzisoli,1.0,0.8262043595314026,0.9131021797657012
Cellulophaga phage phi10:1,Bacillus oryzisoli,0.9999964237213136,0.826206624507904,0.9131015241146088
Streptococcus phage phiARI0031,Segetibacter,1.0,0.8260998725891113,0.9130499362945556
Streptococcus phage phiBHN167 complete genome,Flavisolibacter,1.0,0.8260191082954407,0.9130095541477204
Streptococcus phage phiARI0460-1,Bacillus oryzisoli,1.0,0.8260011076927185,0.9130005538463593
Lactococcus phage P087,Tumebacillus,1.0,0.8258126974105835,0.9129063487052916
Acinetobacter phage Fri1,Flavisolibacter,1.0,0.8257849216461182,0.9128924608230592
Enterobacteria phage JSE,Tumebacillus,0.9999960660934448,0.8257612586021423,0.9128786623477936
Salmonella phage 9NA,Tumebacillus,1.0,0.8257085680961609,0.9128542840480804
Lactobacillus phage Lc-Nu,Flavisolibacter,0.999841332435608,0.8258137702941895,0.9128275513648988
Clostridium phage vB_CpeS-CP51,Segetibacter,1.0,0.8256452083587646,0.9128226041793824
Flavobacterium phage Fpv7,Bacillus oryzisoli,0.9999994039535522,0.825558066368103,0.9127787351608276
Escherichia phage ECBP2,Tumebacillus,0.9998857975006104,0.8256685733795166,0.9127771854400636
Vibrio phage VpV262,Tumebacillus,0.9999997615814208,0.8255068063735962,0.9127532839775084
Lactococcus prophage bIL310,Tumebacillus,0.9994574189186096,0.8259859085083008,0.9127216637134552
Acinetobacter phage vB_AbaS_TRS1,Tumebacillus,0.9999902248382568,0.8252843022346497,0.9126372635364532
Bacillus phage AvesoBmore,Bacillus oryzisoli,1.0,0.8251809477806091,0.9125904738903046
Acinetobacter bacteriophage AP22,Bacillus oryzisoli,0.9999966621398926,0.8251681327819824,0.9125823974609376
Bacillus phage Bastille,Bacillus oryzisoli,1.0,0.825153112411499,0.9125765562057496
Lactobacillus phage Ld25A,Flavisolibacter,1.0,0.8250445127487183,0.9125222563743592
Bacillus phage W.Ph.,Bacillus oryzisoli,1.0,0.8249557018280029,0.9124778509140016
Bacillus phage Phrodo,Bacillus oryzisoli,1.0,0.8249526619911194,0.9124763309955596
Acinetobacter phage phiAC-1,Tumebacillus,0.9984752535820008,0.8264602422714233,0.912467747926712
Flavobacterium phage Fpv11,Bacillus oryzisoli,0.9999994039535522,0.8249339461326599,0.912466675043106
Flavobacterium phage Fpv10,Bacillus oryzisoli,0.9999994039535522,0.8249339461326599,0.912466675043106
Streptococcus phage DCC1738,Flavisolibacter,1.0,0.8249210119247437,0.9124605059623718
Flavobacterium phage Fpv5,Bacillus oryzisoli,0.9999994039535522,0.824893057346344,0.912446230649948
Flavobacterium phage Fpv6,Bacillus oryzisoli,0.9999994039535522,0.824893057346344,0.912446230649948
Flavobacterium phage Fpv8,Bacillus oryzisoli,0.9999994039535522,0.824893057346344,0.912446230649948
Enterobacteria phage vB_KleM-RaK2,Segetibacter,1.0,0.8247642517089844,0.9123821258544922
Streptococcus phage phiARI0131-2,Segetibacter,1.0,0.8246363401412964,0.9123181700706482
Cyanophage 9515-10a,Tumebacillus,1.0,0.8245611786842346,0.9122805893421172
Acinetobacter phage phiAB6,Tumebacillus,0.9999998807907104,0.8244864344596863,0.9122431576251984
Lactobacillus prophage phiadh,Tumebacillus,0.9999854564666748,0.8243643641471863,0.9121749103069304
Bacillus phage BigBertha,Segetibacter,1.0,0.8243463635444641,0.912173181772232
Klebsiella phage K64-1 DNA,Segetibacter,1.0,0.8243170976638794,0.9121585488319396
Clostridium phage phiCD481-1,Bacillus oryzisoli,0.9587976336479188,0.8653853535652161,0.9120914936065674
Bacillus phage Staley,Bacillus oryzisoli,0.9978320002555848,0.8262045979499817,0.9120182991027832
Acinetobacter phage IME200,Flavisolibacter,1.0,0.8240281939506531,0.9120140969753264
Lactococcus phage 1706,Flavisolibacter,1.0,0.8238424062728882,0.911921203136444
Pseudoalteromonas phage PH1,Segetibacter,0.9999998807907104,0.8238412737846375,0.911920577287674
Pseudoalteromonas phage Pq0,Flavisolibacter,1.0,0.82380211353302,0.91190105676651
Streptococcus phage A25,Flavisolibacter,1.0,0.8237628936767578,0.9118814468383788
Acinetobacter phage vB_AbaM_Acibel004,Segetibacter,0.9999734163284302,0.823607325553894,0.911790370941162
Salmonella phage BPS15Q2,Segetibacter,0.9999232292175292,0.8234826922416687,0.911702960729599
Streptococcus phage phiARI0468-1,Bacillus oryzisoli,1.0,0.8233847618103027,0.9116923809051514
Streptococcus phage phiARI0004,Flavisolibacter,1.0,0.8231513500213623,0.9115756750106812
Streptococcus phage phiARI0031,Bacillus oryzisoli,1.0,0.8230708241462708,0.9115354120731354
Helicobacter phage KHP30 DNA,Bacillus oryzisoli,0.9999998807907104,0.8230466246604919,0.9115232527256012
Streptococcus phage A25,Tumebacillus,0.9999971389770508,0.8229882121086121,0.9114926755428314
Bacillus phage PBC1,Segetibacter,1.0,0.8228909373283386,0.9114454686641692
Aeromonas phage 65,Tumebacillus,0.999953269958496,0.8228457570075989,0.9113995134830476
Streptococcus phage Dp-1,Flavisolibacter,0.9999996423721312,0.8226915597915649,0.911345601081848
Lactobacillus phage PLE2,Tumebacillus,0.9999995231628418,0.8226813673973083,0.9113404452800752
Acinetobacter phage vB_AbaP_PD-6A3,Flavisolibacter,1.0,0.8226715326309204,0.9113357663154602
Acinetobacter phage vB_AbaP_Acibel007,Segetibacter,1.0,0.8225818872451782,0.9112909436225892
Proteus phage vB_PmiP_Pm5460,Flavisolibacter,1.0,0.8225669264793396,0.9112834632396698
Streptococcus phage PH10,Flavisolibacter,1.0,0.8224942088127136,0.9112471044063568
Bacillus phage BigBertha,Bacillus oryzisoli,0.9999997615814208,0.8224822282791138,0.9112409949302672
Enterococcus phage vB_EfaS_IME196,Tumebacillus,1.0,0.8224413394927979,0.9112206697463988
Bacillus phage Eoghan,Tumebacillus,0.999992609024048,0.8223585486412048,0.9111755788326265
Bacillus phage SalinJah,Segetibacter,1.0,0.8223128914833069,0.9111564457416534
Enterobacteria phage Felix 01,Bacillus oryzisoli,0.999996304512024,0.8222312331199646,0.9111137688159944
Lactobacillus phage CL2,Tumebacillus,0.999925971031189,0.8222969174385071,0.911111444234848
Psychrobacter phage pOW20-A genomic sequence,Tumebacillus,0.999996781349182,0.8220250606536865,0.9110109210014344
Vibriophage VP4,Flavisolibacter,1.0,0.8220043778419495,0.9110021889209748
Enterobacteria phage T1,Tumebacillus,0.999991536140442,0.8219849467277527,0.9109882414340972
Bacillus prophage phBC6A51,Tumebacillus,0.999771535396576,0.8221693634986877,0.9109704494476318
Bacillus phage Blastoid,Segetibacter,0.9999996423721312,0.8218784928321838,0.9109390676021576
Streptomyces phage Wofford,Tumebacillus,0.999996542930603,0.8218609094619751,0.9109287261962892
Pelagibacter phage HTVC008M,Bacillus oryzisoli,1.0,0.8218318819999695,0.9109159409999849
Vibrio phage douglas 12A4 genomic sequence,Flavisolibacter,0.9999994039535522,0.8216849565505981,0.9108421802520752
Streptococcus phage P9,Flavisolibacter,1.0,0.8216380476951599,0.91081902384758
Enterobacteria phage GEC-3S complete genome,Tumebacillus,0.9999986886978148,0.8215896487236023,0.9107941687107086
Bacillus phage Riggi,Tumebacillus,0.999994158744812,0.8214396238327026,0.9107168912887572
Nitrincola phage 1M3-16,Tumebacillus,0.9979706406593324,0.8233978748321533,0.9106842577457428
Enterobacteria phage K1E,Flavisolibacter,0.9999668598175048,0.821379542350769,0.910673201084137
Salmonella phage vB_SemP_Emek,Tumebacillus,0.99999737739563,0.8213178515434265,0.9106576144695282
Mycoplasma phage MAV1,Segetibacter,1.0,0.8212798237800598,0.91063991189003
Streptococcus phage SM1,Flavisolibacter,1.0,0.8212659955024719,0.910632997751236
Synechococcus phage S-CBP3,Tumebacillus,1.0,0.8212037682533264,0.9106018841266632
Salmonella phage BP63,Tumebacillus,1.0,0.8211691975593567,0.9105845987796783
Bdellovibrio phage phi1422,Tumebacillus,0.9999997615814208,0.8211528658866882,0.9105763137340546
Bacillus phage PBC1,Tumebacillus,0.9995336532592772,0.821599543094635,0.9105665981769562
Bacillus phage Blastoid,Tumebacillus,0.9999985694885254,0.8209084868431091,0.9104535281658171
Enterobacteria phage vB_KleM-RaK2,Bacillus oryzisoli,0.9999961853027344,0.8208540678024292,0.9104251265525818
Lactobacillus prophage Lj965,Flavisolibacter,1.0,0.8207674026489258,0.9103837013244628
Klebsiella phage K64-1 DNA,Bacillus oryzisoli,0.9999934434890748,0.8207059502601624,0.9103496968746184
Cyanophage P-RSM1 genomic sequence,Tumebacillus,0.9999998807907104,0.8206688761711121,0.9103343784809113
Lactobacillus phage LP65,Flavisolibacter,1.0,0.8205413222312927,0.9102706611156464
Acinetobacter phage phiAB6,Flavisolibacter,0.9999998807907104,0.820408821105957,0.9102043509483336
Acinetobacter phage YMC13/03/R2096,Segetibacter,1.0,0.8203712701797485,0.9101856350898744
Riemerella phage RAP44,Tumebacillus,0.9999064207077026,0.8204008936882019,0.9101536571979524
Arthrobacter phage Elsa,Tumebacillus,0.9996138215065002,0.8205927014350891,0.9101032614707948
Arthrobacter phage Nason,Tumebacillus,0.9996138215065002,0.820586085319519,0.9100999534130096
Haemophilus phage HP2,Bacillus oryzisoli,0.9935345649719238,0.8266083002090454,0.9100714325904846
Arthrobacter phage Arcadia,Tumebacillus,0.9996138215065002,0.820504367351532,0.910059094429016
Prochlorococcus phage P-SSM3 genomic sequence,Segetibacter,1.0,0.8199995160102844,0.9099997580051422
Shigella phage pSf-1,Tumebacillus,0.9999840259552002,0.8199148774147034,0.9099494516849518
Haemophilus phage SuMu,Flavisolibacter,0.9999998807907104,0.8198345899581909,0.9099172353744508
Paenibacillus phage Tripp,Tumebacillus,0.9999961853027344,0.8198041319847107,0.9099001586437224
Proteus phage vB_PmiM_Pm5461,Segetibacter,0.9999997615814208,0.8197351694107056,0.9098674654960632
Bacillus phage Grass,Tumebacillus,0.9999996423721312,0.8197349309921265,0.9098672866821288
Escherichia phage ECBP1,Flavisolibacter,0.9999289512634276,0.8197273015975952,0.9098281264305116
Enterobacteria phage P22 virus,Tumebacillus,0.9999281167984008,0.8195798397064209,0.9097539782524108
Acinetobacter phage phiAB1,Tumebacillus,1.0,0.8193866014480591,0.9096933007240297
Pseudoalteromonas phage BS5,Tumebacillus,1.0,0.8193698525428772,0.9096849262714386
Streptococcus phage IC1,Flavisolibacter,1.0,0.8193321824073792,0.9096660912036896
Citrobacter phage Michonne,Flavisolibacter,1.0,0.819259762763977,0.9096298813819884
Bacillus virus 1,Tumebacillus,0.9999933242797852,0.8192358613014221,0.9096145927906036
Bacillus phage Finn,Segetibacter,0.999991536140442,0.8191250562667847,0.9095582962036132
Streptococcus phage PH15,Flavisolibacter,1.0,0.8191151022911072,0.9095575511455536
Listeria phage B054,Segetibacter,1.0,0.8190871477127075,0.9095435738563538
Bacillus phage Stahl,Bacillus oryzisoli,0.9987030029296876,0.8202993869781494,0.9095011949539183
Enterobacteria phage Phi1,Tumebacillus,0.9999945163726808,0.8189888000488281,0.9094916582107544
Croceibacter phage P2559S,Segetibacter,1.0,0.8188607692718506,0.9094303846359252
Brevibacillus phage Jimmer1,Segetibacter,1.0,0.818848729133606,0.909424364566803
Arthrobacter phage Jasmine,Tumebacillus,0.9999998807907104,0.8188328146934509,0.9094163477420808
Enterococcus phage EfaCPT1,Tumebacillus,0.999970555305481,0.8188525438308716,0.9094115495681764
Streptococcus phage 5093,Tumebacillus,0.999996542930603,0.8188245892524719,0.9094105660915376
Streptococcus phage 20617 complete prophage genome,Flavisolibacter,1.0,0.8188098073005676,0.9094049036502838
Rhodococcus phage Peregrin,Flavisolibacter,0.9992107152938844,0.8194032311439514,0.9093069732189178
Bacillus phage Claudi,Segetibacter,0.9999992847442628,0.8186096549034119,0.9093044698238372
Uncultured crAssphage,Flavisolibacter,1.0,0.8185416460037231,0.9092708230018616
Prochlorococcus phage P-SSM3 genomic sequence,Bacillus oryzisoli,0.999630093574524,0.8188185691833496,0.9092243313789368
Lactobacillus phage Ld17,Segetibacter,1.0,0.8184046745300293,0.9092023372650146
Lactobacillus phage iA2,Tumebacillus,0.9999905824661256,0.8182461261749268,0.909118354320526
Pseudomonas phage 119X,Bacillus oryzisoli,0.996501922607422,0.821570098400116,0.9090360105037688
Bacillus phage Eoghan,Segetibacter,0.9999632835388184,0.8181048035621643,0.9090340435504912
Lactobacillus phage Lv-1,Tumebacillus,0.9990963935852052,0.8189584612846375,0.9090274274349212
Bacillus phage MG-B1,Segetibacter,0.9999990463256836,0.8180443644523621,0.9090217053890228
Prochlorococcus phage P-SSM3 genomic sequence,Flavisolibacter,0.999984622001648,0.8180220723152161,0.909003347158432
Aeromonas phage phiAS4,Tumebacillus,0.9998939037322998,0.8181102275848389,0.9090020656585692
Lactobacillus phage Ld17,Tumebacillus,0.9999996423721312,0.8179347515106201,0.9089671969413756
Streptococcus phage phiNJ2,Flavisolibacter,0.9985654950141908,0.8192780613899231,0.9089217782020568
Serratia phage PS2,Tumebacillus,0.9998393058776855,0.8179642558097839,0.9089017808437349
Cyanophage MED4-117 genomic sequence,Segetibacter,1.0,0.8176570534706116,0.9088285267353058
Streptococcus phage phiARI0131-1,Flavisolibacter,1.0,0.817518413066864,0.908759206533432
Salmonella phage FSL SP-076,Segetibacter,0.9999997615814208,0.8175055384635925,0.9087526500225068
Streptococcus prophage 315.5,Tumebacillus,0.9999971389770508,0.8174880743026733,0.908742606639862
Bacillus phage BPS13,Flavisolibacter,1.0,0.8174790740013123,0.908739537000656
Acinetobacter phage Abp1,Flavisolibacter,1.0,0.8174667358398438,0.908733367919922
Acinetobacter phage vB_AbaM_phiAbaA1,Flavisolibacter,0.9999997615814208,0.8173938393592834,0.9086968004703522
Streptococcus phage YMC-2011,Flavisolibacter,0.9999997615814208,0.8173788785934448,0.9086893200874328
Proteus phage vB_PmiM_Pm5461,Bacillus oryzisoli,0.9988182187080384,0.8185474872589111,0.9086828529834748
Iodobacteriophage phiPLPE,Tumebacillus,0.9999799728393556,0.8173745274543762,0.9086772501468658
Vibrio phage 11895-B1 genomic sequence,Segetibacter,0.9999997615814208,0.8172699809074402,0.9086348712444304
Streptococcus phage phiARI0746,Flavisolibacter,1.0,0.8171601891517639,0.908580094575882
Lactobacillus phage Ldl1,Bacillus oryzisoli,1.0,0.8170785307884216,0.9085392653942108
Geobacillus phage GBSV1,Tumebacillus,0.9999996423721312,0.817070484161377,0.9085350632667542
Streptococcus phage phiARI0131-2,Bacillus oryzisoli,1.0,0.8170347809791565,0.9085173904895782
Staphylococcus phage phiSauS-IPLA88,Bacillus oryzisoli,1.0,0.8170295357704163,0.908514767885208
Cafeteria roenbergensis virus BV-PW1,Bacillus oryzisoli,0.9754366874694824,0.8414117097854614,0.908424198627472
Lactobacillus johnsonii prophage Lj771,Flavisolibacter,1.0,0.8167725801467896,0.9083862900733948
Bacillus phage B4,Flavisolibacter,0.9999998807907104,0.816691517829895,0.9083456993103028
Bacillus phage SalinJah,Bacillus oryzisoli,1.0,0.8165314197540283,0.9082657098770142
Klebsiella phage K64-1 DNA,Tumebacillus,0.9999358654022216,0.8163865804672241,0.9081612229347228
Streptococcus prophage EJ-1,Flavisolibacter,1.0,0.8160625696182251,0.9080312848091124
Acinetobacter phage vB_AbaP_Acibel007,Flavisolibacter,1.0,0.815947949886322,0.907973974943161
Bacillus phage CAM003,Segetibacter,1.0,0.8159436583518982,0.9079718291759492
Lactobacillus phage phiJL-1,Bacillus oryzisoli,0.9882276654243468,0.8276020884513855,0.9079148769378662
Acinetobacter phage phiAB1,Flavisolibacter,1.0,0.8157969117164612,0.9078984558582306
Paenibacillus phage Vegas,Tumebacillus,0.9999605417251588,0.8158129453659058,0.9078867435455322
Cyanophage SS120-1 genomic sequence,Tumebacillus,1.0,0.8154064416885376,0.9077032208442688
Clostridium phage phiCT19406C,Segetibacter,1.0,0.8153612613677979,0.9076806306838988
Acinetobacter phage vB_AbaP_Acibel007,Bacillus oryzisoli,0.9983381032943726,0.8169847130775452,0.9076614081859588
Bacillus phage PBC1,Bacillus oryzisoli,0.9995744824409484,0.8156737089157104,0.9076240956783296
Bacteriophage Aaphi23,Segetibacter,1.0,0.8151867985725403,0.90759339928627
Mannheimia phage vB_MhS_1152AP2,Flavisolibacter,0.9999920129776,0.8151891827583313,0.9075905978679656
Verrucomicrobia phage P8625,Tumebacillus,0.9975506663322448,0.8175889253616333,0.9075697958469392
Citrobacter phage Moogle,Flavisolibacter,1.0,0.8151280283927917,0.907564014196396
Lactobacillus phage c5,Segetibacter,1.0,0.8150677680969238,0.907533884048462
Lactobacillus phage c5,Flavisolibacter,1.0,0.8149335384368896,0.9074667692184448
Bacteriophage APSE-2,Segetibacter,1.0,0.8147052526473999,0.9073526263237
Enterobacteria phage vB_KleM-RaK2,Tumebacillus,0.9999641180038452,0.8145797848701477,0.9072719514369963
Listeria phage LP-026,Bacillus oryzisoli,0.9913513660430908,0.8231854438781738,0.9072684049606324
Salmonella phage FSL SP-076,Bacillus oryzisoli,0.9932977557182312,0.8212099671363831,0.9072538614273072
Vibrio phage 11895-B1 genomic sequence,Tumebacillus,0.9845427870750428,0.8298643231391907,0.9072035551071168
Streptococcus pneumoniae bacteriophage MM1 complete genome,Tumebacillus,0.9999905824661256,0.8143406510353088,0.9071656167507172
Bacillus phage Bcp1,Tumebacillus,0.9998290538787842,0.8144539594650269,0.9071415066719056
Streptomyces phage Gilson,Tumebacillus,1.0,0.8141618371009827,0.9070809185504912
Mannheimia phage vB_MhS_535AP2,Segetibacter,0.9999998807907104,0.8140984773635864,0.9070491790771484
Bacillus phage Finn,Tumebacillus,0.9999847412109376,0.8140527009963989,0.9070187211036682
Streptococcus pneumoniae bacteriophage MM1 complete genome,Flavisolibacter,1.0,0.8140373826026917,0.9070186913013458
Bacillus phage BalMu-1 copy 1,Tumebacillus,0.9999815225601196,0.8139752745628357,0.9069783985614776
Thermoanaerobacterium phage THSA-485A,Tumebacillus,0.9944775700569152,0.8192892074584961,0.9068833887577056
Aeromonas phage CC2,Tumebacillus,0.9999995231628418,0.8136973977088928,0.9068484604358672
Lactobacillus phage J-1,Flavisolibacter,1.0,0.8135170340538025,0.9067585170269012
Salmonella phage 7-11,Tumebacillus,1.0,0.8135149478912354,0.9067574739456176
Salmonella enterica bacteriophage SE1,Tumebacillus,0.9999951124191284,0.8133518695831299,0.9066734910011292
Salmonella phage BPS15Q2,Flavisolibacter,0.9999984502792358,0.8132516741752625,0.9066250622272491
Psychrobacter phage Psymv2,Tumebacillus,0.9998749494552612,0.8133431077003479,0.9066090285778046
Enterobacteria phage Felix 01,Flavisolibacter,1.0,0.8130351305007935,0.9065175652503968
Bacillus phage Riggi,Segetibacter,0.9999990463256836,0.8129860758781433,0.9064925611019136
Klebsiella phage vB_KpnM_KB57,Tumebacillus,0.99994695186615,0.8130252361297607,0.9064860939979552
Rhodococcus phage Grayson,Flavisolibacter,0.9999701976776124,0.8127734661102295,0.9063718318939208
Bacillus phage Stills,Bacillus oryzisoli,0.98771870136261,0.8249865770339966,0.9063526391983032
Mannheimia phage vB_MhM_587AP1,Tumebacillus,0.9999467134475708,0.8127506971359253,0.906348705291748
Arthrobacter phage Tribby,Tumebacillus,0.9938477873802184,0.8188230395317078,0.9063354134559632
Lactobacillus phage LL-H,Tumebacillus,1.0,0.8124983310699463,0.9062491655349731
Pseudoalteromonas phage PH1,Bacillus oryzisoli,0.993825912475586,0.8185746669769287,0.9062002897262572
Lactobacillus phage Ld17,Bacillus oryzisoli,0.9999990463256836,0.812394380569458,0.9061967134475708
Lactococcus phage 4268,Tumebacillus,0.9999983310699464,0.8123732209205627,0.9061857759952544
Listeria phage B054,Bacillus oryzisoli,1.0,0.8123511672019958,0.906175583600998
Streptococcus phage 5093,Flavisolibacter,1.0,0.8123452663421631,0.9061726331710817
Brevibacillus phage Jimmer1,Bacillus oryzisoli,0.9999598264694214,0.8121007084846497,0.9060302674770356
Clostridium phage phiCT19406C,Bacillus oryzisoli,1.0,0.8119396567344666,0.9059698283672332
Streptococcus phage 7201,Flavisolibacter,0.9999980926513672,0.8119343519210815,0.9059662222862244
Clostridium phage phiCT9441A,Bacillus oryzisoli,0.9802234172821044,0.8316878080368042,0.9059556126594543
Bacillus phage phiNIT1 DNA,Tumebacillus,0.9999997615814208,0.8119098544120789,0.90595480799675
Proteus phage PM 93,Flavisolibacter,1.0,0.8118767142295837,0.905938357114792
Acinetobacter phage vB_AbaM_Acibel004,Flavisolibacter,0.9999991655349731,0.8117510676383972,0.9058751165866852
Bacillus phage Spock,Flavisolibacter,0.9999992847442628,0.8116200566291809,0.9058096706867218
Lactococcus phage PLgT-1,Segetibacter,1.0,0.8115926384925842,0.905796319246292
Erwinia phage Ea9-2,Tumebacillus,0.9999423027038574,0.8115535378456116,0.9057479202747344
Paenibacillus phage Fern,Segetibacter,1.0,0.8114516139030457,0.9057258069515228
Pseudomonas phage PaP2,Segetibacter,1.0,0.8114296197891235,0.9057148098945618
Bacillus phage CAM003,Bacillus oryzisoli,1.0,0.8113285899162292,0.9056642949581146
Acinetobacter phage Petty,Segetibacter,0.9788175225257874,0.8324477672576904,0.9056326448917388
Bacillus phage SPBc2,Segetibacter,0.9999995231628418,0.811230480670929,0.9056150019168854
Thermoanaerobacterium phage THSA-485A,Flavisolibacter,1.0,0.8111643195152283,0.905582159757614
Bacillus phage Bastille,Flavisolibacter,1.0,0.8110629320144653,0.9055314660072328
Methanobacterium phage psiM2,Segetibacter,1.0,0.8108446002006531,0.9054223001003264
Vibrio phage pYD38-B genomic sequence,Flavisolibacter,1.0,0.8108357191085815,0.9054178595542908
Cyanophage MED4-117 genomic sequence,Bacillus oryzisoli,1.0,0.810819685459137,0.9054098427295684
Bacteriophage Rani,Segetibacter,1.0,0.8107770085334778,0.9053885042667388
Staphylococcus phage SPbeta-like,Flavisolibacter,0.9999774694442748,0.810764729976654,0.9053710997104644
Enterobacteria phage DT57C,Flavisolibacter,0.9935490489006042,0.8171800374984741,0.9053645431995392
Bacillus phage Glittering,Segetibacter,0.9998613595962524,0.8108349442481995,0.905348151922226
Enterococcus phage IME-EFm5,Tumebacillus,0.9961856007575988,0.8144969344139099,0.9053412675857544
Lactococcus phage PLgT-1,Tumebacillus,0.9999147653579712,0.8107483386993408,0.905331552028656
"Streptococcus pyogenes strain NIH1 putative methionine sulfoxide reductase gene, complete cds; and integrated temperate phage PhiNIH1.1",Tumebacillus,0.9999979734420776,0.8106405138969421,0.90531924366951
Enterobacteria phage ST104 DNA,Tumebacillus,0.9999899864196776,0.8106392621994019,0.9053146243095398
Streptococcus phage phiARI0462,Flavisolibacter,1.0,0.8105347752571106,0.9052673876285552
Acinetobacter phage vB_AbaS_TRS1,Flavisolibacter,1.0,0.8103674054145813,0.9051837027072906
Enterococcus phage ECP3,Flavisolibacter,1.0,0.8101915121078491,0.9050957560539246
Acinetobacter phage YMC13/03/R2096,Bacillus oryzisoli,1.0,0.8101234436035156,0.9050617218017578
Acinetobacter phage AB3,Segetibacter,1.0,0.8101047277450562,0.905052363872528
Vibrio phage ICP3,Flavisolibacter,1.0,0.8099599480628967,0.9049799740314484
Enterobacteria phage vB_EcoP_ACG-C91,Flavisolibacter,0.9999995231628418,0.8099050521850586,0.9049522876739502
Lactobacillus phage Ld17,Flavisolibacter,0.9999998807907104,0.809849739074707,0.9049248099327089
Mannheimia phage vB_MhM_587AP1,Flavisolibacter,1.0,0.8098344206809998,0.9049172103405
Streptococcus prophage 315.4,Tumebacillus,0.9999979734420776,0.8097740411758423,0.90488600730896
Shigella phage SHSML-52-1,Flavisolibacter,0.9999988079071044,0.8097453713417053,0.9048720896244048
Croceibacter phage P2559S,Bacillus oryzisoli,1.0,0.8097321391105652,0.9048660695552826
Listeria phage LP-026,Tumebacillus,0.9993220567703248,0.8103472590446472,0.904834657907486
Yersinia phage phiR1-RT complete genome,Flavisolibacter,0.9999988079071044,0.8096182942390442,0.9048085510730745
Lactobacillus phage Ldl1,Tumebacillus,0.9999567270278932,0.8095873594284058,0.9047720432281494
Lactobacillus phage c5,Bacillus oryzisoli,1.0,0.8094369769096375,0.9047184884548188
Streptomyces phage Comrade,Tumebacillus,1.0,0.8093832731246948,0.9046916365623474
Bacteriophage Lily,Tumebacillus,0.9999423027038574,0.809370756149292,0.9046565294265748
Enterococcus phage VD13,Bacillus oryzisoli,0.9596827626228333,0.8496255278587341,0.9046541452407836
Acinetobacter phage YMC11/12/R2315,Tumebacillus,0.9679916501045228,0.841315746307373,0.904653698205948
Lactococcus phage PLgT-1,Bacillus oryzisoli,1.0,0.8091664910316467,0.9045832455158234
Methanobacterium phage psiM2,Bacillus oryzisoli,1.0,0.8091548085212708,0.9045774042606354
Liberibacter phage SC1,Segetibacter,1.0,0.8090531826019287,0.9045265913009644
Acinetobacter phage YMC-13-01-C62,Tumebacillus,0.9679916501045228,0.8409487009048462,0.9044701755046844
Salmonella phage 64795_sal3,Tumebacillus,0.9999823570251464,0.8088091611862183,0.9043957591056824
Gordonia phage RobinSparkles,Tumebacillus,0.9999998807907104,0.8087643980979919,0.9043821394443512
Enterococcus phage vB_EfaS_IME196,Flavisolibacter,1.0,0.8087482452392578,0.9043741226196288
Enterobacteria phage HX01,Flavisolibacter,0.9999990463256836,0.8087347745895386,0.9043669104576112
Streptococcus phage phiNJ2,Segetibacter,1.0,0.8086203932762146,0.9043101966381072
Lactococcus phage 949,Flavisolibacter,1.0,0.8085237741470337,0.9042618870735168
Acinetobacter phage LZ35,Tumebacillus,0.9793477654457092,0.829129159450531,0.90423846244812
Aggregatibacter phage S1249,Tumebacillus,0.9939331412315368,0.8145184516906738,0.9042257964611052
Streptococcus prophage 315.5,Flavisolibacter,1.0,0.8083117604255676,0.9041558802127838
Enterobacteria phage SP6,Flavisolibacter,0.9999997615814208,0.8082756996154785,0.9041377305984496
Bacillus phage BalMu-1 copy 1,Flavisolibacter,0.9999995231628418,0.8082029223442078,0.9041012227535248
Streptococcus phage SM1,Tumebacillus,0.9735124707221984,0.834520697593689,0.9040165841579436
Bacillus phage Blastoid,Flavisolibacter,0.9999791383743286,0.8079552054405212,0.9039671719074248
Salmonella phage Shivani,Flavisolibacter,0.998953938484192,0.8089240789413452,0.9039390087127686
Acinetobacter phage YMC11/12/R2315,Flavisolibacter,0.9999994039535522,0.8078634738922119,0.903931438922882
Escherichia phage vB_EcoM_JS09,Flavisolibacter,0.9999992847442628,0.8077910542488098,0.9038951694965364
Bacillus phage Curly,Segetibacter,0.9999727010726928,0.8077574372291565,0.9038650691509248
Bacillus phage Andromeda,Segetibacter,0.99995756149292,0.8077349066734314,0.9038462340831755
Bacteriophage Aaphi23,Bacillus oryzisoli,1.0,0.8076613545417786,0.9038306772708892
Streptococcus phage phiARI0460-1,Flavisolibacter,0.9999997615814208,0.807605504989624,0.9038026332855223
Shigella phage Shfl1,Tumebacillus,0.9999959468841552,0.8075538873672485,0.903774917125702
Bacteriophage APSE-2,Bacillus oryzisoli,1.0,0.8073824048042297,0.9036912024021148
Lactobacillus prophage phiadh,Flavisolibacter,1.0,0.8073478937149048,0.9036739468574524
Lactococcus phage P087,Flavisolibacter,1.0,0.8073379397392273,0.9036689698696136
Streptococcus phage phiARI0131-2,Flavisolibacter,0.9999998807907104,0.8072121739387512,0.9036060273647308
Yersinia phage phi80-18 complete genome,Tumebacillus,0.999992847442627,0.8070223331451416,0.9035075902938844
Mycoplasma phage MAV1,Bacillus oryzisoli,0.99094957113266,0.8160132169723511,0.9034813940525056
Listeria phage WIL-1,Flavisolibacter,1.0,0.8069438934326172,0.9034719467163086
Acinetobacter phage YMC-13-01-C62,Flavisolibacter,0.9999994039535522,0.8069344162940979,0.9034669101238252
Salmonella phage NR01,Flavisolibacter,0.9999387264251708,0.806678056716919,0.9033083915710448
Vibrio phage pYD38-B genomic sequence,Segetibacter,1.0,0.806519091129303,0.9032595455646516
Arthrobacter phage Nellie,Tumebacillus,1.0,0.8064295053482056,0.9032147526741028
Lactobacillus phage phi jlb1,Flavisolibacter,0.9999998807907104,0.8064286708831787,0.9032142758369446
Bacillus phage CampHawk,Tumebacillus,0.9967246651649476,0.8097007870674133,0.9032127261161804
Salmonella phage vB_SPuM_SP116,Flavisolibacter,0.999926209449768,0.806357741355896,0.903141975402832
Enterobacteria phage UAB_Phi20,Tumebacillus,0.9999366998672484,0.806334376335144,0.9031355381011964
Arthrobacter phage Adat,Tumebacillus,1.0,0.8061596751213074,0.9030798375606536
Acinetobacter phage phiAC-1,Flavisolibacter,0.9991568326950072,0.8069480061531067,0.903052419424057
Aggregatibacter phage S1249,Flavisolibacter,0.9999959468841552,0.8060656785964966,0.903030812740326
Citrobacter virus Stevie,Flavisolibacter,0.9999940395355223,0.8059906959533691,0.9029923677444458
Enterococcus phage EfaCPT1,Flavisolibacter,1.0,0.8059611320495605,0.9029805660247804
Vibrio phage PWH3a-P1 genomic sequence,Tumebacillus,0.997884213924408,0.8080675005912781,0.902975857257843
Bacillus phage Mater,Flavisolibacter,0.9999979734420776,0.8059309720993042,0.9029644727706908
Bacillus phage JBP901,Flavisolibacter,1.0,0.8059266209602356,0.9029633104801178
Mannheimia phage vB_MhM_1152AP,Tumebacillus,0.9996436834335328,0.8062813878059387,0.9029625356197356
Vibrio phage SIO-2,Tumebacillus,0.9999970197677612,0.8059137463569641,0.9029553830623628
Bacillus phage Eoghan,Flavisolibacter,0.9999024868011476,0.8060063123703003,0.902954399585724
Pseudomonas phage OBP,Tumebacillus,0.9970515966415404,0.8086458444595337,0.9028487205505372
Bacillus phage Bcp1,Segetibacter,0.999954104423523,0.8057133555412292,0.902833729982376
Tanay virus isolate 11-2,Bacillus oryzisoli,0.9999998807907104,0.8056293725967407,0.9028146266937256
Bacillus phage Eyuki,Flavisolibacter,0.9999998807907104,0.8056100010871887,0.9028049409389496
Salinivibrio phage CW02,Tumebacillus,0.9999945163726808,0.8055179119110107,0.9027562141418456
Lactobacillus phage JCL1032,Flavisolibacter,1.0,0.8054803013801575,0.9027401506900788
Bacillus phage Stills,Tumebacillus,0.9747750759124756,0.8306962847709656,0.9027356803417206
Yersinia phage vB_YenM_TG1,Flavisolibacter,0.9999998807907104,0.8053569793701172,0.9026784300804138
Paenibacillus phage Xenia,Segetibacter,1.0,0.8053194284439087,0.9026597142219543
Enterococcus phage EFLK1,Flavisolibacter,1.0,0.8053025603294373,0.9026512801647186
Bacillus phage Stahl,Tumebacillus,0.9816482067108154,0.8236541748046875,0.9026511907577516
Bacteriophage Sitara,Segetibacter,1.0,0.8051984906196594,0.9025992453098296
Bacillus phage G,Tumebacillus,0.9999995231628418,0.8051952719688416,0.9025973975658416
Paenibacillus phage HB10c2,Segetibacter,1.0,0.8051040768623352,0.9025520384311676
Bacillus phage BCP8-2,Flavisolibacter,1.0,0.8050050139427185,0.9025025069713593
Vibrio phage PVA1,Flavisolibacter,0.9999957084655762,0.8049454689025879,0.902470588684082
Salmonella phage vB_SPuM_SP116,Segetibacter,0.993458330631256,0.8114607930183411,0.9024595618247986
"Streptococcus pyogenes strain NIH1 putative methionine sulfoxide reductase gene, complete cds; and integrated temperate phage PhiNIH1.1",Flavisolibacter,1.0,0.8048925399780273,0.9024462699890136
Lactobacillus phage Lv-1,Flavisolibacter,1.0,0.8047628402709961,0.902381420135498
Bacteriophage Aaphi23,Tumebacillus,0.9999518394470216,0.8047795295715332,0.9023656845092772
Bacillus virus 1,Segetibacter,1.0,0.8046243786811829,0.9023121893405914
Methanobacterium phage psiM2,Flavisolibacter,0.9999998807907104,0.804574191570282,0.9022870361804962
Mannheimia phage phiMHaA1,Flavisolibacter,1.0,0.8044788241386414,0.9022394120693208
Vibrio phage PWH3a-P1 genomic sequence,Segetibacter,1.0,0.8044481873512268,0.9022240936756134
Oenococcus phage phiS11,Flavisolibacter,0.9999997615814208,0.8043673038482666,0.9021835327148438
Acinetobacter bacteriophage AP22,Flavisolibacter,0.9999997615814208,0.8042951822280884,0.9021474719047546
Enterococcus phage IME-EFm1,Flavisolibacter,0.9999998807907104,0.8042624592781067,0.9021311700344086
Listeria phage WIL-1,Tumebacillus,0.9827837944030762,0.8214749693870544,0.9021293818950652
Shigella phage SHSML-45,Flavisolibacter,0.9997926354408264,0.8044505715370178,0.902121603488922
Bacillus phage PBC1,Flavisolibacter,0.9999953508377076,0.8041940331459045,0.902094691991806
Yersinia phage phiR1-37,Flavisolibacter,1.0,0.8041396737098694,0.9020698368549348
Bdellovibrio phage phi1422,Flavisolibacter,0.9997383952140808,0.8043888807296753,0.902063637971878
Enterobacteria phage 13a,Tumebacillus,0.999998927116394,0.8040831089019775,0.9020410180091858
Brevibacillus phage Osiris,Segetibacter,0.999998927116394,0.804082453250885,0.9020406901836396
Pseudomonas phage PA11,Flavisolibacter,0.9999982118606568,0.8040438294410706,0.9020210206508636
Mannheimia phage vB_MhS_535AP2,Flavisolibacter,0.9999985694885254,0.8040064573287964,0.9020025134086608
Bacillus phage SalinJah,Flavisolibacter,1.0,0.8039827346801758,0.901991367340088
Lactobacillus phage phiJL-1,Flavisolibacter,0.999990463256836,0.8039298057556152,0.9019601345062256
Acinetobacter phage vB_AbaP_PD-AB9,Flavisolibacter,1.0,0.8039106130599976,0.9019553065299988
Bacillus virus 1,Flavisolibacter,0.99999737739563,0.8039049506187439,0.9019511640071868
Bacillus phage BPS13,Bacillus oryzisoli,1.0,0.8038484454154968,0.9019242227077484
Streptococcus prophage 315.4,Flavisolibacter,1.0,0.8037622570991516,0.9018811285495758
Salmonella phage epsilon34,Tumebacillus,0.9999610185623168,0.8037422299385071,0.901851624250412
Lactobacillus prophage Lj928,Flavisolibacter,1.0,0.8036388158798218,0.9018194079399108
Prochlorococcus phage P-RSM4,Flavisolibacter,0.999998927116394,0.803436815738678,0.901717871427536
Streptococcus phage phiARI0462,Segetibacter,1.0,0.8034059405326843,0.9017029702663422
Yersinia phage PY54,Tumebacillus,0.9996875524520874,0.8036952614784241,0.9016914069652556
Mannheimia phage vB_MhM_1152AP,Flavisolibacter,1.0,0.8032881617546082,0.901644080877304
Bacillus phage Deep Blue,Flavisolibacter,1.0,0.8032702803611755,0.9016351401805878
Bacillus phage Nemo,Segetibacter,1.0,0.803210437297821,0.9016052186489104
Brevibacillus phage Sundance,Segetibacter,1.0,0.8032001852989197,0.9016000926494598
Bacillus phage Nemo,Flavisolibacter,0.9999998807907104,0.8031514286994934,0.901575654745102
Acinetobacter phage YMC11/12/R2315,Segetibacter,1.0,0.8031255602836609,0.9015627801418304
Salmonella phage phSE-2,Flavisolibacter,0.9999252557754515,0.803118884563446,0.9015220701694489
Bacillus phage DIGNKC,Flavisolibacter,0.9999997615814208,0.8030281662940979,0.9015139639377594
Bacillus prophage phBC6A51,Flavisolibacter,0.9999897480010986,0.8029650449752808,0.9014773964881896
Corynebacterium phage P1201,Tumebacillus,0.9998341798782348,0.8031057119369507,0.9014699459075928
Bacillus phage B4,Bacillus oryzisoli,0.999998927116394,0.8028852939605713,0.9014421105384828
Vibrio phage pYD38-A genomic sequence,Tumebacillus,1.0,0.8027973175048828,0.9013986587524414
Prochlorococcus phage P-HM1,Segetibacter,1.0,0.8027477264404297,0.9013738632202148
Bacillus phage Palmer,Flavisolibacter,1.0,0.8027388453483582,0.9013694226741792
Geobacillus phage GBSV1,Segetibacter,1.0,0.8027258515357971,0.9013629257678986
Pseudoalteromonas phage H101,Flavisolibacter,0.9999960660934448,0.8026798367500305,0.9013379514217376
Enterobacteria phage K1-5,Flavisolibacter,0.9999923706054688,0.802666962146759,0.901329666376114
Bacillus phage Curly,Tumebacillus,0.9999724626541138,0.8026720285415649,0.9013222455978394
Enterococcus phage EFLK1,Tumebacillus,0.9725410342216492,0.8300493955612183,0.9012952148914336
Enterococcus phage IME_EF3,Tumebacillus,1.0,0.8025861382484436,0.9012930691242218
Bacillus phage BPS13,Segetibacter,1.0,0.8025402426719666,0.9012701213359832
Pseudomonas phage phiPsa374,Tumebacillus,1.0,0.8024746775627136,0.9012373387813568
Salmonella Phage 103203_sal5,Tumebacillus,0.999688982963562,0.8027474284172058,0.901218205690384
Bacillus phage Phrodo,Flavisolibacter,0.9999997615814208,0.8023804426193237,0.9011901021003724
Prochlorococcus phage P-HM1,Flavisolibacter,0.9999966621398926,0.8023771047592163,0.9011868834495544
Oenococcus phage phiS13,Flavisolibacter,0.9999997615814208,0.8023585677146912,0.901179164648056
Proteus phage vB_PmiM_Pm5461,Flavisolibacter,1.0,0.802274763584137,0.9011373817920684
Bacillus phage CAM003,Flavisolibacter,0.9999998807907104,0.8022194504737854,0.901109665632248
Staphylococcus phage StB20-like,Flavisolibacter,0.9999998807907104,0.8021596074104309,0.9010797441005708
Acinetobacter phage vB_AbaP_PD-AB9,Segetibacter,1.0,0.8020668625831604,0.9010334312915802
Bacillus phage DirtyBetty,Flavisolibacter,0.9999998807907104,0.8019732236862183,0.9009865522384644
Streptococcus phage 7201,Tumebacillus,0.9957774877548218,0.8061444163322449,0.9009609520435332
Lactococcus phage 4268,Flavisolibacter,1.0,0.8018806576728821,0.900940328836441
Acinetobacter phage AB3,Bacillus oryzisoli,0.9999901056289672,0.801802396774292,0.9008962512016296
Bacteriophage Aaphi23,Flavisolibacter,1.0,0.8017777800559998,0.900888890028
Enterobacteria phage TLS,Flavisolibacter,0.9999377727508544,0.8018072247505188,0.9008724987506866
Vibrio phage 11895-B1 genomic sequence,Bacillus oryzisoli,0.9923306703567504,0.8093502521514893,0.90084046125412
Paenibacillus phage Fern,Bacillus oryzisoli,1.0,0.8015954494476318,0.900797724723816
Bacillus phage DIGNKC,Segetibacter,1.0,0.8015136122703552,0.9007568061351776
Prochlorococcus phage P-SSM7,Flavisolibacter,0.9999994039535522,0.8014014363288879,0.9007004201412201
Listeria phage P40,Tumebacillus,0.9999980926513672,0.8013899922370911,0.9006940424442291
Geobacillus phage GBSV1,Flavisolibacter,1.0,0.801238477230072,0.900619238615036
Mannheimia phage vB_MhS_535AP2,Bacillus oryzisoli,0.9978212118148804,0.803399384021759,0.9006102979183197
Salmonella phage 118970_sal4,Tumebacillus,0.9999979734420776,0.8011840581893921,0.9005910158157349
Bacillus phage phiAGATE,Flavisolibacter,1.0,0.8011617064476013,0.9005808532238007
Cyanophage P-TIM40,Flavisolibacter,0.9999998807907104,0.8011078834533691,0.9005538821220398
Riemerella phage RAP44,Flavisolibacter,1.0,0.8011046051979065,0.9005523025989532
Enterobacteriaphage UAB_Phi87,Flavisolibacter,0.9999427795410156,0.8011495471000671,0.9005461633205414
Lactobacillus phage CL2,Flavisolibacter,0.99997079372406,0.8011082410812378,0.9005395174026489
Pseudoalteromonas phage H101,Segetibacter,0.9999998807907104,0.8010669350624084,0.9005334079265594
Enterobacteria phage WV8,Flavisolibacter,0.9991142153739928,0.8019424676895142,0.9005283415317535
Bacillus phage SageFayge,Segetibacter,1.0,0.8010262250900269,0.9005131125450134
Gordonia phage Kampe,Tumebacillus,0.9999998807907104,0.8009623885154724,0.9004811346530914
Gordonia phage PatrickStar,Tumebacillus,0.9999998807907104,0.8009580373764038,0.9004789590835571
Bacillus phage Andromeda,Tumebacillus,0.9999986886978148,0.8008790612220764,0.9004388749599457
Psychrobacter phage pOW20-A genomic sequence,Flavisolibacter,1.0,0.8008688688278198,0.9004344344139099
Streptococcus phage phiNJ2,Bacillus oryzisoli,0.9999548196792604,0.800837516784668,0.9003961682319641
Enterococcus phage EFDG1,Flavisolibacter,0.9999996423721312,0.800784170627594,0.9003919064998627
Bacteriophage Rani,Bacillus oryzisoli,1.0,0.8007559180259705,0.9003779590129852
Aureococcus anophagefferens virus isolate BtV-01,Bacillus oryzisoli,1.0,0.8007463216781616,0.9003731608390808
Lactobacillus phage Lc-Nu,Segetibacter,0.999963879585266,0.8007282018661499,0.900346040725708
Enterococcus phage phiFL3A,Tumebacillus,0.999257266521454,0.8014331459999084,0.9003452062606812
Pseudomonas phage PaP2,Bacillus oryzisoli,0.9936913251876832,0.8068122863769531,0.9002518057823181
Bacillus cereus bacteriophage vB_BceM_Bc431v3,Flavisolibacter,1.0,0.8003700375556946,0.9001850187778473
Salmonella phage SPN9CC,Tumebacillus,0.9999922513961792,0.8003479838371277,0.9001701176166534
Acinetobacter phage YMC-13-01-C62,Segetibacter,1.0,0.8001039028167725,0.9000519514083862
Enterobacteria phage IME10,Tumebacillus,1.0,0.8000558018684387,0.9000279009342194
Bacillus phage BigBertha,Flavisolibacter,0.9999995231628418,0.8000531196594238,0.9000263214111328
Gordonia phage Orchid,Tumebacillus,0.9999998807907104,0.8000524640083313,0.9000261723995209
Bacillus virus 1,Bacillus oryzisoli,0.9999972581863404,0.7999048233032227,0.8999510407447815
Enterobacteria phage 9g,Tumebacillus,1.0,0.7998675107955933,0.8999337553977966
Cellulophaga phage phiST genomic sequence,Flavisolibacter,0.9999991655349731,0.7998142838478088,0.899906724691391
Bacillus phage Glittering,Flavisolibacter,0.9999786615371704,0.7997155785560608,0.8998471200466156
Cyanophage MED4-117 genomic sequence,Flavisolibacter,1.0,0.799590528011322,0.899795264005661
Paenibacillus phage PG1 genomic sequence,Tumebacillus,0.9999911785125732,0.7995175123214722,0.8997543454170227
Vibrio phage pYD38-B genomic sequence,Bacillus oryzisoli,0.9999923706054688,0.7994780540466309,0.8997352123260498
Acinetobacter phage YMC11/12/R2315,Bacillus oryzisoli,0.9999959468841552,0.7993468642234802,0.8996714055538177
Bacillus phage Riggi,Flavisolibacter,0.9999747276306152,0.7993499040603638,0.8996623158454895
Escherichia phage vB_EcoS_FFH1,Flavisolibacter,0.999461591243744,0.7997989654541016,0.8996302783489227
Cronobacter phage vB_CsaP_GAP52,Tumebacillus,0.9999998807907104,0.7991818189620972,0.8995908498764038
Streptococcus phage phiARI0462,Bacillus oryzisoli,1.0,0.7991543412208557,0.8995771706104279
Bacillus phage vB_BtS_BMBtp3,Flavisolibacter,0.9999986886978148,0.7991375923156738,0.8995681405067444
Bacillus phage BCP78,Flavisolibacter,0.9999998807907104,0.7990639209747314,0.899531900882721
Bacillus phage AvesoBmore,Flavisolibacter,1.0,0.7989561557769775,0.8994780778884888
Vibrio phage phi 3,Segetibacter,0.9999996423721312,0.7988555431365967,0.899427592754364
Pseudomonas phage phiKZ,Flavisolibacter,0.999998927116394,0.7988326549530029,0.8994157910346985
Bacillus phage Zuko,Flavisolibacter,0.9999992847442628,0.7987962961196899,0.8993977904319763
Bacillus phage Nemo,Bacillus oryzisoli,0.9999998807907104,0.7987813353538513,0.8993906080722809
Mannheimia phage phiMHaA1,Tumebacillus,0.9996436834335328,0.7990955114364624,0.8993695974349976
Bacillus phage Eldridge,Tumebacillus,0.9874353408813475,0.8112330436706543,0.899334192276001
Lactobacillus phage iA2,Flavisolibacter,0.9999988079071044,0.7986695170402527,0.8993341624736786
Lactococcus phage phiL47,Flavisolibacter,1.0,0.7986369729042053,0.8993184864521027
Bacillus phage B4,Segetibacter,1.0,0.7985605597496033,0.8992802798748016
Acanthamoeba polyphaga mimivirus,Segetibacter,1.0,0.7985467910766602,0.8992733955383301
Bacillus phage SP-15,Segetibacter,0.9986795783042908,0.7997443675994873,0.899211972951889
Bacillus phage DirtyBetty,Segetibacter,1.0,0.7982363104820251,0.8991181552410126
Aeromonas phage Aeh1,Tumebacillus,0.9999793767929076,0.7982022166252136,0.8990907967090607
Bacteriophage Lily,Segetibacter,1.0,0.7980841398239136,0.8990420699119568
Enterococcus phage EFAP-1,Flavisolibacter,0.9999995231628418,0.7980107665061951,0.8990051448345184
Geobacillus phage GBSV1,Bacillus oryzisoli,0.9999921321868896,0.7979981899261475,0.8989951610565186
Streptococcus virus 9874,Tumebacillus,0.9999866485595704,0.7978843450546265,0.8989354968070984
Streptomyces phage Genie2,Tumebacillus,0.9998841285705566,0.7979284524917603,0.8989062905311584
Enterococcus phage SANTOR1,Tumebacillus,0.9998804330825806,0.7978994846343994,0.89888995885849
Bacillus phage Bp8p-C,Flavisolibacter,0.9999983310699464,0.7977412939071655,0.8988698124885559
Streptomyces phage SparkleGoddess,Tumebacillus,0.9999997615814208,0.797685444355011,0.8988426029682159
Vibriophage VP4,Bacillus oryzisoli,0.9999984502792358,0.7976546883583069,0.8988265693187714
Lactobacillus phage Ldl1,Flavisolibacter,1.0,0.7974692583084106,0.8987346291542053
Streptococcus phage T12,Tumebacillus,0.9999985694885254,0.7973847985267639,0.8986916840076447
Lactobacillus phage PLE2,Flavisolibacter,0.9999903440475464,0.7973629832267761,0.8986766636371613
Bacillus phage GA-1,Flavisolibacter,0.9999998807907104,0.797300398349762,0.8986501395702362
Bacillus phage SageFayge,Flavisolibacter,0.9999996423721312,0.7972722053527832,0.8986359238624573
Bacillus phage Staley,Tumebacillus,0.969452440738678,0.8277760744094849,0.8986142575740814
Vibrio phage PWH3a-P1 genomic sequence,Bacillus oryzisoli,0.9999817609786988,0.7971691489219666,0.8985754549503326
Geobacillus virus E2,Tumebacillus,0.9999680519104004,0.7971715927124023,0.8985698223114014
Aeromonas phage Aes012,Tumebacillus,0.9999849796295166,0.7970669865608215,0.8985259830951691
Pseudomonas phage PAK_P2,Tumebacillus,0.9940217137336732,0.8030263185501099,0.8985240161418915
Bacillus phage Eyuki,Segetibacter,1.0,0.7970046401023865,0.8985023200511932
Liberibacter phage SC1,Bacillus oryzisoli,0.9999998807907104,0.7969673871994019,0.8984836339950562
Brevibacillus phage Sundance,Bacillus oryzisoli,1.0,0.7969164848327637,0.8984582424163818
Bacillus phage DIGNKC,Bacillus oryzisoli,1.0,0.7968417406082153,0.8984208703041077
Streptococcus prophage 315.2,Flavisolibacter,0.9999997615814208,0.7967674732208252,0.898383617401123
Lactococcus prophage bIL312,Flavisolibacter,1.0,0.7967627048492432,0.8983813524246216
Geobacillus virus E2,Segetibacter,1.0,0.7967475056648254,0.8983737528324127
Weissella phage phiYS61,Tumebacillus,0.999806582927704,0.7969093322753906,0.8983579576015472
Streptomyces phage Yaboi,Tumebacillus,0.9999179840087892,0.7967886924743652,0.8983533382415771
Enterococcus phage IME-EF4,Tumebacillus,0.9999997615814208,0.7966853380203247,0.8983425498008728
Streptococcus phage IC1,Segetibacter,1.0,0.7966204285621643,0.8983102142810822
Aureococcus anophagefferens virus isolate BtV-01,Segetibacter,1.0,0.7966189384460449,0.8983094692230225
Acinetobacter phage LZ35,Flavisolibacter,0.9999903440475464,0.7966213226318359,0.8983058333396912
Lactobacillus phage LP65,Segetibacter,1.0,0.7964485883712769,0.8982242941856384
Brevibacillus phage Sundance,Flavisolibacter,1.0,0.7963517308235168,0.8981758654117584
Vibrio phage X29,Flavisolibacter,0.9999971389770508,0.7962864637374878,0.8981418013572693
Prochlorococcus phage P-HM1,Bacillus oryzisoli,0.9999991655349731,0.7962740063667297,0.8981365859508514
Yersinia pestis phage phiA1122,Tumebacillus,1.0,0.7962180972099304,0.8981090486049652
Acinetobacter phage YMC-13-01-C62,Bacillus oryzisoli,0.9999959468841552,0.7962106466293335,0.8981032967567444
Escherichia phage vB_EcoS_AKFV33,Flavisolibacter,0.9998155236244202,0.7963887453079224,0.8981021344661713
Bacillus phage SageFayge,Bacillus oryzisoli,0.9999991655349731,0.7961851358413696,0.8980921506881714
Staphylococcus phage SpaA1,Flavisolibacter,0.9999767541885376,0.7961710691452026,0.8980739116668701
Cyanophage MED4-184 genomic sequence,Tumebacillus,0.9999996423721312,0.7960959672927856,0.8980478048324585
Vibrio phage douglas 12A4 genomic sequence,Segetibacter,0.9999998807907104,0.7960349917411804,0.8980174362659454
Bacillus phage BCJA1c,Tumebacillus,0.999278724193573,0.7965746521949768,0.8979266881942749
Vibrio phage CP-T1,Tumebacillus,0.9997096657752992,0.7960731983184814,0.8978914320468903
Lactococcus phage KSY1,Tumebacillus,1.0,0.7957533597946167,0.8978766798973083
Bacillus phage Zuko,Segetibacter,1.0,0.7955138683319092,0.8977569341659546
Streptococcus phage Abc2,Flavisolibacter,0.9999998807907104,0.7954931855201721,0.8977465331554413
Bacillus phage Nigalana,Flavisolibacter,0.9999998807907104,0.7953743934631348,0.8976871371269226
Bacillus phage SPO1,Tumebacillus,0.9986929297447203,0.7966480851173401,0.8976705074310303
Bacillus phage Nigalana,Segetibacter,1.0,0.7953315377235413,0.8976657688617706
Acinetobacter phage ZZ1,Flavisolibacter,0.9999997615814208,0.7953171730041504,0.8976584672927856
Streptococcus virus 9874,Flavisolibacter,1.0,0.7952859401702881,0.897642970085144
Acinetobacter phage vB_AbaP_PD-AB9,Bacillus oryzisoli,0.9999996423721312,0.7952856421470642,0.8976426422595978
Brevibacillus phage Abouo,Segetibacter,1.0,0.795275092124939,0.8976375460624695
Vibrio phage eugene 12A10 genomic sequence,Flavisolibacter,0.9999997615814208,0.7952659130096436,0.8976328372955322
Acanthamoeba polyphaga mimivirus,Bacillus oryzisoli,1.0,0.7951660752296448,0.8975830376148224
Geobacillus phage GBK2,Tumebacillus,0.9956604838371276,0.7994595766067505,0.8975600302219391
Bacillus phage DirtyBetty,Bacillus oryzisoli,0.9999995231628418,0.7950818538665771,0.8975406885147095
Vibriophage VP4,Segetibacter,1.0,0.7950773239135742,0.8975386619567871
Lactobacillus phage Lrm1,Flavisolibacter,1.0,0.7949461340904236,0.8974730670452118
Shigella phage Shfl2,Flavisolibacter,0.999840259552002,0.7951012253761292,0.8974707424640656
Paenibacillus phage HB10c2,Bacillus oryzisoli,1.0,0.794929563999176,0.897464781999588
Shigella phage pSb-1,Flavisolibacter,0.9999933242797852,0.7948967814445496,0.8974450528621674
Pseudomonas phage JG004,Tumebacillus,0.9999902248382568,0.794867753982544,0.8974289894104004
Bacillus phage CP-51,Segetibacter,1.0,0.7948557734489441,0.897427886724472
Bacillus phage Pavlov,Flavisolibacter,1.0,0.794836163520813,0.8974180817604065
Bacillus phage Kida,Segetibacter,1.0,0.7945477366447449,0.8972738683223724
Planktothrix phage PaV-LD,Tumebacillus,0.9999462366104126,0.7945764064788818,0.8972613215446472
Bacillus phage SP-15,Flavisolibacter,0.999996781349182,0.7944799065589905,0.8972383439540863
Bacillus phage Pascal,Flavisolibacter,1.0,0.7944724559783936,0.8972362279891968
Vibrio phage ICP1,Flavisolibacter,1.0,0.7943876385688782,0.8971938192844391
Staphylococcus phage StauST398-1,Flavisolibacter,0.9997169375419616,0.7946524024009705,0.8971846699714661
Aeromonas phage PX29,Tumebacillus,0.9999555349349976,0.7943863868713379,0.8971709609031677
Acinetobacter phage vB_AbaM_phiAbaA1,Segetibacter,1.0,0.7942103147506714,0.8971051573753357
Ostreococcus tauri virus 2,Tumebacillus,0.9983465671539308,0.7958359718322754,0.897091269493103
Bacteriophage Sitara,Bacillus oryzisoli,1.0,0.7940689325332642,0.8970344662666321
Microcystis phage MaMV-DC,Flavisolibacter,0.9999879598617554,0.7940179109573364,0.8970029354095459
Streptococcus virus 9872,Flavisolibacter,1.0,0.793989896774292,0.896994948387146
Bacillus phage Belinda,Flavisolibacter,0.9999891519546508,0.793825626373291,0.896907389163971
Pseudoalteromonas Phage H103,Segetibacter,1.0,0.7937588095664978,0.8968794047832489
Lactococcus phage WRP3,Flavisolibacter,1.0,0.7937499284744263,0.8968749642372131
Paenibacillus phage Xenia,Bacillus oryzisoli,0.9999990463256836,0.7936913967132568,0.8968452215194702
Listeria phage P40,Flavisolibacter,0.9999998807907104,0.7936285138130188,0.8968141973018646
Prochlorococcus phage P-RSM4,Segetibacter,1.0,0.7932697534561157,0.8966348767280579
Clostridium phage phi3626,Segetibacter,1.0,0.7932670712471008,0.8966335356235504
Streptococcus phage T12,Flavisolibacter,1.0,0.7931787967681885,0.8965893983840942
Bacteriophage Lily,Flavisolibacter,0.999998927116394,0.793124258518219,0.8965615928173065
Bacillus phage Eyuki,Bacillus oryzisoli,0.9999995231628418,0.7927904725074768,0.8963949978351593
Streptococcus phage Abc2,Tumebacillus,0.9998403787612916,0.7928473949432373,0.8963438868522644
Bacillus phage NotTheCreek,Segetibacter,1.0,0.7926244139671326,0.8963122069835663
Streptomyces phage Mildred21,Tumebacillus,0.9996416568756104,0.7929445505142212,0.8962931036949158
Enterobacteria phage ST64T,Tumebacillus,0.9999996423721312,0.7923113107681274,0.8961554765701294
Stenotrophomonas phage IME13,Tumebacillus,0.9998831748962402,0.7923276424407959,0.8961054086685181
Bacillus phage vB_BanS-Tsamsa,Flavisolibacter,0.9999946355819702,0.7920882105827332,0.8960414230823517
Vibrio phage PVA1,Segetibacter,0.9999748468399048,0.7920975089073181,0.8960361778736115
Enterobacteria phage RTP,Flavisolibacter,1.0,0.7919796705245972,0.8959898352622986
Methanobacterium phage psiM2,Tumebacillus,0.9999948740005492,0.7919734120368958,0.8959841430187225
Bacillus phage Stills,Flavisolibacter,0.999996304512024,0.7919331192970276,0.8959647119045258
Enterobacteria phage HK620,Tumebacillus,1.0,0.7918387055397034,0.8959193527698517
Lactobacillus phage phiAT3,Flavisolibacter,1.0,0.7917644381523132,0.8958822190761566
Lactobacillus phage LP65,Bacillus oryzisoli,0.9999995231628418,0.7917044758796692,0.8958519995212555
Geobacillus virus E2,Bacillus oryzisoli,0.9999908208847046,0.791679859161377,0.8958353400230408
Streptococcus phage IC1,Bacillus oryzisoli,1.0,0.7916646599769592,0.8958323299884796
Bacillus phage Finn,Flavisolibacter,0.9999412298202516,0.7916530966758728,0.8957971632480621
Vibrio phage vpms1,Segetibacter,0.9999994039535522,0.7915467023849487,0.8957730531692505
Clostera anastomosis granulovirus B,Segetibacter,1.0,0.7915365695953369,0.8957682847976685
Enterococcus phage SANTOR1,Flavisolibacter,1.0,0.7915211915969849,0.8957605957984924
Streptococcus virus 9871,Flavisolibacter,1.0,0.7914169430732727,0.8957084715366364
Microcystis phage Ma-LMM01 DNA,Flavisolibacter,0.9999992847442628,0.7912824749946594,0.8956408798694611
Weissella phage WCP30,Tumebacillus,1.0,0.791244626045227,0.8956223130226135
Bacteriophage Lily,Bacillus oryzisoli,1.0,0.7912410497665405,0.8956205248832703
Vibrio phage phi 3,Bacillus oryzisoli,0.9937719702720642,0.7974551916122437,0.8956135809421539
Aggregatibacter phage S1249,Segetibacter,1.0,0.791022777557373,0.8955113887786865
Listeria phage List-36,Tumebacillus,0.9904935956001282,0.800422191619873,0.8954578936100006
Bacteriophage Diva,Segetibacter,1.0,0.790729284286499,0.8953646421432495
Bacillus phage Nigalana,Bacillus oryzisoli,1.0,0.7903376817703247,0.8951688408851624
Staphylococcus phage 3MRA,Flavisolibacter,0.9999994039535522,0.7903339862823486,0.8951666951179504
Salmonella phage PVP-SE1,Tumebacillus,0.9999995231628418,0.790268063545227,0.8951337933540344
Streptococcus virus 9872,Tumebacillus,0.9999991655349731,0.7902404069900513,0.8951197862625122
Geobacillus virus E2,Flavisolibacter,0.9999938011169434,0.7902373671531677,0.8951155841350555
Bacillus phage Zuko,Bacillus oryzisoli,0.9999994039535522,0.7901358008384705,0.8950676023960114
Pseudomonas phage PAK_P4,Tumebacillus,0.9888564944267272,0.8012233972549438,0.8950399458408356
Staphylococcus phage SA11,Tumebacillus,0.9968982934951782,0.7931718230247498,0.895035058259964
Pseudoalteromonas Phage H103,Bacillus oryzisoli,0.9999998807907104,0.7898639440536499,0.8949319124221802
Morganella phage vB_MmoM_MP1,Flavisolibacter,0.999563992023468,0.7902506589889526,0.8949073255062103
Bacillus phage Pony,Flavisolibacter,1.0,0.7897957563400269,0.8948978781700134
Bacillus phage CP-51,Flavisolibacter,1.0,0.789757490158081,0.8948787450790405
Streptococcus virus 9871,Tumebacillus,0.9999991655349731,0.7896328568458557,0.8948160111904144
Salmonella phage SEN22,Tumebacillus,0.9999996423721312,0.789625346660614,0.8948124945163727
Synechococcus phage S-CBP4,Flavisolibacter,1.0,0.789605975151062,0.894802987575531
Brevibacillus phage Jenst,Flavisolibacter,0.9999998807907104,0.7894585132598877,0.8947291970252991
Bacillus phage Kida,Flavisolibacter,0.9999996423721312,0.7893978357315063,0.8946987390518188
Enterobacteria phage Bp7,Flavisolibacter,0.99995219707489,0.7893918752670288,0.8946720361709595
Paenibacillus phage Harrison,Bacillus oryzisoli,0.9644212126731871,0.8248584270477295,0.8946398198604584
Vibrio phage nt-1,Flavisolibacter,0.9999760389328004,0.7892859578132629,0.8946309983730316
Pseudomonas phage vB_PaeM_C2-10_Ab1 complete genome,Tumebacillus,0.9999513626098632,0.7892934679985046,0.894622415304184
Enterococcus phage phiEF24C,Flavisolibacter,1.0,0.7892443537712097,0.8946221768856049
Prochlorococcus phage P-RSM4,Bacillus oryzisoli,0.9999984502792358,0.7892245054244995,0.8946114778518677
Geobacillus phage GBK2,Flavisolibacter,0.9999998807907104,0.78905189037323,0.8945258855819702
Bacillus phage Kida,Bacillus oryzisoli,0.999998927116394,0.7889213562011719,0.894460141658783
Bacillus phage NotTheCreek,Flavisolibacter,0.9999997615814208,0.7888278365135193,0.8944137990474701
Vibrio phage douglas 12A4 genomic sequence,Bacillus oryzisoli,0.9972631931304932,0.7914822697639465,0.8943727314472198
Bacillus phage BCD7,Tumebacillus,1.0,0.788628101348877,0.8943140506744385
Salmonella phage Vi06 complete sequence,Tumebacillus,1.0,0.7885385751724243,0.8942692875862122
Bacillus phage JL,Flavisolibacter,1.0,0.7884941697120667,0.8942470848560333
Acinetobacter phage vB_AbaM_phiAbaA1,Bacillus oryzisoli,0.99999737739563,0.7884734272956848,0.8942354023456573
Acinetobacter phage YMC13/03/R2096,Flavisolibacter,1.0,0.7884477376937866,0.8942238688468933
Pseudomonas phage phiKZ,Segetibacter,0.9999912977218628,0.7884117364883423,0.8942015171051025
Enterobacteria phage SPC35,Flavisolibacter,0.9754678606987,0.8129261136054993,0.8941969871520996
Enterobacteria phage AR1 DNA,Flavisolibacter,0.9990217685699464,0.7892971038818359,0.8941594362258911
Bacillus phage JBP901,Bacillus oryzisoli,1.0,0.7882531881332397,0.8941265940666199
Enterobacteria phage T7,Tumebacillus,0.9999985694885254,0.7882391214370728,0.8941188454627991
Listeria phage LP-114,Flavisolibacter,0.999635934829712,0.7885995507240295,0.8941177427768707
Enterobacteria phage T4,Flavisolibacter,0.9999862909317015,0.788079559803009,0.8940329253673553
Bacillus phage Pookie,Flavisolibacter,0.9999998807907104,0.788046658039093,0.8940232694149017
Pseudomonas phage PAK_P1,Tumebacillus,0.9998825788497924,0.7881166934967041,0.8939996361732483
Listeria phage LP-030-3,Flavisolibacter,0.9999943971633912,0.7878606915473938,0.8939275443553925
Enterococcus phage IME_EF3,Flavisolibacter,1.0,0.7878269553184509,0.8939134776592255
Cronobacter phage vB_CsaM_GAP32,Flavisolibacter,0.9999979734420776,0.787775456905365,0.8938867151737213
Enterococcus phage IME-EF4,Flavisolibacter,0.9999998807907104,0.787742555141449,0.8938712179660797
Vibrio phage SHOU24,Flavisolibacter,0.9999991655349731,0.7876527905464172,0.8938259780406952
Vibrio phage ICP2,Flavisolibacter,0.9999836683273317,0.7875490188598633,0.8937663435935974
Enterobacteria phage RB68,Flavisolibacter,0.9996954202651978,0.787761390209198,0.8937284052371979
Vibrio phage VH7D,Flavisolibacter,0.993589162826538,0.7938539385795593,0.8937215507030487
Acinetobacter phage vB_AbaP_PD-AB9,Tumebacillus,1.0,0.787308931350708,0.893654465675354
Enterobacteria phage RB3,Flavisolibacter,0.9999055862426758,0.7873897552490234,0.8936476707458496
Pseudomonas phage O4,Flavisolibacter,1.0,0.7870082855224609,0.8935041427612305
Bacillus phage NotTheCreek,Bacillus oryzisoli,0.9999994039535522,0.7869306206703186,0.8934650123119354
Enterococcus phage IME-EFm5,Flavisolibacter,1.0,0.7869102358818054,0.8934551179409027
Bacillus phage Bobb,Flavisolibacter,0.9999992847442628,0.78681880235672,0.8934090435504913
Bacillus phage Staley,Flavisolibacter,0.999996304512024,0.7867000699043274,0.8933481872081757
Croceibacter phage P2559S,Tumebacillus,0.9999961853027344,0.7866509556770325,0.8933235704898834
Bacillus phage JBP901,Segetibacter,1.0,0.7864696979522705,0.8932348489761353
Bacteriophage SPP1 complete nucleotide sequence,Tumebacillus,0.9997765421867372,0.7866408228874207,0.8932086825370789
Bacillus phage Belinda,Segetibacter,1.0,0.7863784432411194,0.8931892216205597
Aeromonas phage 25,Tumebacillus,0.9907440543174744,0.795595645904541,0.8931698501110077
Staphylococcus phage IME-SA4,Flavisolibacter,1.0,0.7863290905952454,0.8931645452976227
Vibrio phage 11895-B1 genomic sequence,Flavisolibacter,0.9999995231628418,0.7861645221710205,0.8930820226669312
Paenibacillus phage Fern,Tumebacillus,0.999980092048645,0.7861610651016235,0.8930705785751343
Lactococcus phage 98201,Tumebacillus,0.9975308775901794,0.7885878682136536,0.8930593729019165
Bacteriophage APSE-2,Flavisolibacter,1.0,0.7860855460166931,0.8930427730083466
Lactococcus prophage bIL285,Tumebacillus,0.9999988079071044,0.7860777974128723,0.8930383026599884
Brochothrix phage BL3,Flavisolibacter,0.9999892711639404,0.7860786318778992,0.8930339515209198
Lactococcus prophage bIL309,Flavisolibacter,0.9999998807907104,0.7860572934150696,0.89302858710289
Streptomyces phage StarPlatinum,Tumebacillus,0.9999992847442628,0.7860139608383179,0.8930066227912903
Listeria phage List-36,Flavisolibacter,1.0,0.7859720587730408,0.8929860293865204
Citrobacter phage CR8 complete genome,Tumebacillus,0.9999914169311525,0.7858359217643738,0.8929136693477631
Bacillus phage Shanette,Flavisolibacter,1.0,0.7858114838600159,0.8929057419300079
Psychrobacter phage Psymv2,Flavisolibacter,0.9999997615814208,0.7858100533485413,0.8929049074649811
Enterobacteria phage ime09,Flavisolibacter,0.9995088577270508,0.7859728932380676,0.8927408754825592
Paenibacillus phage Vegas,Segetibacter,0.9999998807907104,0.7854639887809753,0.8927319347858429
Prochlorococcus phage P-SSP10 genomic sequence,Flavisolibacter,1.0,0.7853357791900635,0.8926678895950317
Lactococcus phage PLgT-1,Flavisolibacter,1.0,0.7852818369865417,0.8926409184932709
Bacillus phage CP-51,Bacillus oryzisoli,0.9999997615814208,0.7852150797843933,0.8926074206829071
Staphylococcus phage IME-SA4,Tumebacillus,0.984261155128479,0.800947904586792,0.8926045298576355
Streptomyces phage Karimac,Tumebacillus,0.9999300241470336,0.7851824760437012,0.8925562500953674
Lactococcus phage 63301,Flavisolibacter,0.9999998807907104,0.7851013541221619,0.8925506174564362
Bacillus phage BCJA1c,Flavisolibacter,0.9999997615814208,0.7851009368896484,0.8925503492355347
Bacillus phage PM1 DNA,Tumebacillus,0.9999997615814208,0.7850689888000488,0.8925343751907349
Brevibacillus phage Abouo,Bacillus oryzisoli,0.999846577644348,0.7852135896682739,0.892530083656311
Cellulophaga phage phiSM genomic sequence,Tumebacillus,0.9999889135360718,0.7850692868232727,0.8925291001796722
Aeromonas phage phiAS5,Tumebacillus,0.9999896287918092,0.7849969863891602,0.8924933075904846
Cyanophage P-RSM6 genomic sequence,Flavisolibacter,1.0,0.7849623560905457,0.8924811780452728
Bacillus phage vB_BtS_BMBtp2,Flavisolibacter,0.9999996423721312,0.7849571704864502,0.8924784064292908
Escherichia phage wV7,Flavisolibacter,0.9995357990264891,0.7853924036026001,0.8924641013145447
Bacillus phage Palmer,Tumebacillus,0.9999997615814208,0.7848824858665466,0.8924411237239838
Aureococcus anophagefferens virus isolate BtV-01,Tumebacillus,0.9999972581863404,0.7848772406578064,0.8924372494220734
Listeria phage LMSP-25,Tumebacillus,0.9999982118606568,0.7848545908927917,0.8924264013767242
Escherichia phage ECML-134,Flavisolibacter,0.999854564666748,0.7849878668785095,0.8924212157726288
Lactococcus phage BK5-T,Flavisolibacter,1.0,0.7848302125930786,0.8924151062965393
Lactococcus phage TP901-1,Tumebacillus,0.9999985694885254,0.7845181226730347,0.89225834608078
Bacillus phage vB_BtS_BMBtp2,Tumebacillus,0.996063768863678,0.7883099317550659,0.892186850309372
Salmonella phage ST160,Tumebacillus,0.999995231628418,0.7843610644340515,0.8921781480312347
Bacillus phage CampHawk,Segetibacter,1.0,0.7843507528305054,0.8921753764152527
Shigella phage SHFML-11,Flavisolibacter,0.9999040365219116,0.7844375967979431,0.8921708166599274
Escherichia phage ECBP1,Segetibacter,0.9972620010375975,0.7870590090751648,0.8921605050563812
Yersinia phage Yep-phi,Tumebacillus,0.9998255372047424,0.7844839692115784,0.8921547532081604
Brochothrix phage NF5,Flavisolibacter,0.9999974966049194,0.7843057513237,0.8921516239643097
Enterobacter phage IME11,Flavisolibacter,0.9999954700469972,0.784058690071106,0.8920270800590515
Bacillus phage TsarBomba,Flavisolibacter,0.9999998807907104,0.7840292453765869,0.8920145630836487
Paenibacillus phage Vegas,Flavisolibacter,0.9999896287918092,0.7839255928993225,0.8919576108455658
Aggregatibacter phage S1249,Bacillus oryzisoli,0.9999998807907104,0.7838909029960632,0.8919453918933868
Lactococcus phage phiLC3,Tumebacillus,0.9996668100357056,0.7841500043869019,0.8919084072113037
Alteromonas phage vB_AmaP_AD45-P1,Flavisolibacter,0.9698689579963684,0.8138949275016785,0.8918819427490234
Shigella phage SHBML-50-1,Flavisolibacter,0.999739944934845,0.7839722633361816,0.8918561041355133
Lactococcus phage 28201,Tumebacillus,0.9992246627807616,0.7842267155647278,0.8917256891727448
Enterobacteria phage vB_EcoM_ACG-C40,Flavisolibacter,0.9994307160377502,0.7837731242179871,0.8916019201278687
Yersinia phage Berlin,Tumebacillus,0.9980348944664,0.7850914597511292,0.8915631771087646
Bacillus phage Moonbeam,Segetibacter,0.9997816681861876,0.7833428382873535,0.8915622532367706
Croceibacter phage P2559S,Flavisolibacter,1.0,0.7830988168716431,0.8915494084358215
Bacillus phage Page,Flavisolibacter,1.0,0.7830471396446228,0.8915235698223114
Sphingomonas phage PAU,Tumebacillus,0.999992609024048,0.7829141616821289,0.8914533853530884
Bacillus phage IEBH,Tumebacillus,0.9999741315841676,0.7828748226165771,0.8914244771003723
Vibrio phage ICP2_2013_A_Haiti,Flavisolibacter,0.9998558759689332,0.7829610705375671,0.8914084732532501
Lactococcus phage TP901-1,Flavisolibacter,1.0,0.7827866077423096,0.8913933038711548
Bacillus phage BCP8-2,Bacillus oryzisoli,0.9999756813049316,0.7826400399208069,0.8913078606128693
Enterobacteria phage Sf6,Tumebacillus,1.0,0.782550036907196,0.891275018453598
Listeria phage LP-101,Flavisolibacter,0.993793487548828,0.7887447476387024,0.8912691175937653
Streptomyces phage Jay2Jay,Tumebacillus,0.9916519522666932,0.790835440158844,0.8912436962127686
Streptomyces phage LukeCage,Tumebacillus,0.9999984502792358,0.7821879982948303,0.8910932242870331
Acidianus two-tailed virus,Flavisolibacter,1.0,0.7821856141090393,0.8910928070545197
Celeribacter phage P12053L,Flavisolibacter,0.984372854232788,0.7977679967880249,0.8910704255104065
Acinetobacter phage IME_AB3,Tumebacillus,0.9999995231628418,0.7821366786956787,0.8910681009292603
Escherichia phage e11/2,Flavisolibacter,0.9999353885650636,0.7821923494338989,0.8910638689994812
Listeria phage P70,Flavisolibacter,0.9983550906181335,0.7835928201675415,0.8909739553928375
Bacillus phage BCP8-2,Segetibacter,1.0,0.7818811535835266,0.8909405767917633
Paenibacillus phage Harrison,Tumebacillus,0.9999977350234984,0.781836748123169,0.8909172415733337
MAG: Phormidium phage MIS-PhV1A,Flavisolibacter,0.9999997615814208,0.7817849516868591,0.89089235663414
Enterobacteria phage RB51,Flavisolibacter,0.9996954202651978,0.7820781469345093,0.8908867835998535
Enterococcus phage Ec-ZZ2,Tumebacillus,1.0,0.7816450595855713,0.8908225297927856
Paenibacillus phage PG1 genomic sequence,Segetibacter,1.0,0.7814675569534302,0.8907337784767151
Pseudoalteromonas phage BS5,Flavisolibacter,1.0,0.7814083695411682,0.8907041847705841
Acidianus tailed spindle virus isolate 1,Flavisolibacter,0.9999929666519164,0.7812747359275818,0.8906338512897491
Clostridium phage PhiS63,Segetibacter,1.0,0.7810835242271423,0.8905417621135712
Bacillus phage Belinda,Bacillus oryzisoli,0.9998934268951416,0.7811516523361206,0.8905225396156311
Prochlorococcus phage P-HM2,Flavisolibacter,0.9999974966049194,0.7810196280479431,0.8905085623264313
Thermus phage TMA,Tumebacillus,0.9997606873512268,0.7812126278877258,0.8904866576194763
Flavobacterium phage 6H,Flavisolibacter,0.9999806880950928,0.7809083461761475,0.8904445171356201
Bacillus phage WBeta,Tumebacillus,0.9998076558113098,0.7810514569282532,0.8904295563697815
Streptomyces phage Paradiddles,Tumebacillus,0.9999847412109376,0.7807462811470032,0.8903655111789703
Lactobacillus phage phiJL-1,Tumebacillus,0.975050687789917,0.8055838942527771,0.890317291021347
Lactobacillus phage A2,Flavisolibacter,1.0,0.7806175351142883,0.8903087675571442
Bacillus phage 250,Tumebacillus,0.99998140335083,0.7805092930793762,0.8902453482151031
Salmonella phage E1,Tumebacillus,0.9999768733978271,0.7804859280586243,0.8902314007282257
Lactococcus phage ul36,Flavisolibacter,0.9999665021896362,0.7803621888160706,0.8901643455028534
Enterobacteria phage RB27,Flavisolibacter,0.999953031539917,0.7803536057472229,0.89015331864357
Bacillus phage 0305phi8-36,Flavisolibacter,0.9999825954437256,0.7802987098693848,0.8901406526565552
Prochlorococcus phage P-SSM2,Flavisolibacter,0.9999988079071044,0.7801439762115479,0.8900713920593262
Bacillus phage Andromeda,Flavisolibacter,0.9999788999557496,0.7800877690315247,0.8900333344936371
Lactococcus phage 98201,Flavisolibacter,1.0,0.7799896597862244,0.8899948298931122
Lactobacillus phage CL1,Flavisolibacter,0.9790422320365906,0.8007661700248718,0.8899042010307312
Bacillus phage JL,Segetibacter,1.0,0.7797176837921143,0.8898588418960571
Salmonella phage 38,Tumebacillus,0.999916672706604,0.779578685760498,0.889747679233551
Bacillus phage Blastoid,Bacillus oryzisoli,0.963780403137207,0.8157020211219788,0.8897412121295929
Listeria phage LP-048,Tumebacillus,0.9999643564224244,0.7794292569160461,0.8896968066692352
Cyanophage MED4-213,Flavisolibacter,1.0,0.779334306716919,0.8896671533584595
Bacteriophage Diva,Bacillus oryzisoli,0.9999995231628418,0.7792954444885254,0.8896474838256836
Bacillus cereus bacteriophage vB_BceM_Bc431v3,Bacillus oryzisoli,0.9999994039535522,0.7792790532112122,0.8896392285823822
Bacillus phage Curly,Flavisolibacter,0.9998650550842284,0.7793606519699097,0.8896128535270691
Streptomyces phage Annadreamy,Tumebacillus,0.999262511730194,0.7799049615859985,0.8895837366580963
Bacillus phage SPO1,Segetibacter,1.0,0.7789906859397888,0.8894953429698944
Cyanophage 9515-10a,Flavisolibacter,1.0,0.7789721488952637,0.8894860744476318
Vibrio phage CHOED,Flavisolibacter,1.0,0.7787879705429077,0.8893939852714539
Haemophilus phage HP1,Flavisolibacter,1.0,0.7784921526908875,0.8892460763454437
Lactococcus phage phiLC3,Flavisolibacter,1.0,0.7784335017204285,0.8892167508602142
Bacillus phage Stahl,Flavisolibacter,0.9999985694885254,0.7784023880958557,0.8892004787921906
Bacillus cereus bacteriophage vB_BceM_Bc431v3,Segetibacter,1.0,0.7782313823699951,0.8891156911849976
Shigella phage SHFML-26,Flavisolibacter,0.9980230331420898,0.7801917791366577,0.8891074061393738
Enterococcus phage Ec-ZZ2,Flavisolibacter,1.0,0.778090238571167,0.8890451192855835
Lactococcus phage BM13,Tumebacillus,0.9987372756004332,0.778892993927002,0.8888151347637177
Bacillus phage BtCS33,Flavisolibacter,0.9999985694885254,0.7776260375976562,0.8888123035430908
Bacillus phage Slash,Flavisolibacter,0.9999722242355348,0.7775430083274841,0.8887576162815094
Lactococcus phage 50101,Tumebacillus,0.997230350971222,0.7802358269691467,0.8887330889701843
Streptomyces phage NootNoot,Tumebacillus,0.9999862909317015,0.7774744629859924,0.888730376958847
Lactococcus prophage bIL286,Tumebacillus,0.999415159225464,0.7780299782752991,0.8887225687503815
Yersinia phage Yepe2,Tumebacillus,0.999794900417328,0.7775915861129761,0.888693243265152
Bacillus phage Slash,Bacillus oryzisoli,0.9608295559883118,0.8164693713188171,0.8886494636535645
Clostera anastomosis granulovirus B,Bacillus oryzisoli,0.9999996423721312,0.7772501707077026,0.888624906539917
Staphylococcus phage phiBU01,Flavisolibacter,0.9998942613601683,0.7771056294441223,0.8884999454021454
Lactococcus phage BK5-T,Tumebacillus,0.9990917444229126,0.7778862714767456,0.8884890079498291
Bacteroides phage B124-14,Flavisolibacter,0.9999994039535522,0.7769548296928406,0.8884771168231964
Listeria phage LP-114,Tumebacillus,0.9523217678070068,0.824624240398407,0.8884730041027069
Listeria phage B025,Flavisolibacter,0.9995481371879578,0.777383029460907,0.8884655833244324
Prochlorococcus phage P-SSM7,Segetibacter,1.0,0.7767212986946106,0.8883606493473053
Vibrio phage ICP3,Bacillus oryzisoli,0.999998927116394,0.7765634655952454,0.8882811963558197
Clostridium phage PhiS63,Bacillus oryzisoli,0.9999994039535522,0.776475191116333,0.8882372975349426
Staphylococcus phage SA11,Flavisolibacter,1.0,0.7763574123382568,0.8881787061691284
Listeria phage A500,Flavisolibacter,0.9999983310699464,0.7761322259902954,0.8880652785301208
Listeria phage LP-026,Flavisolibacter,0.9999769926071168,0.7761251926422119,0.8880510926246643
Prochlorococcus phage P-SSP3 genomic sequence,Tumebacillus,0.9999998807907104,0.7760018110275269,0.8880008459091187
Klebsiella phage PKO111,Flavisolibacter,0.9999016523361206,0.7760857343673706,0.8879936933517456
Staphylococcus phage SA1,Flavisolibacter,1.0,0.775979220867157,0.8879896104335785
Phaeocystis globosa virus strain 16T,Segetibacter,1.0,0.7758837342262268,0.8879418671131134
Bacillus phage CampHawk,Flavisolibacter,0.9999892711639404,0.775589108467102,0.8877891898155212
Paenibacillus phage Vegas,Bacillus oryzisoli,0.9995680451393129,0.7760054469108582,0.8877867460250854
Lactococcus phage Tuc2009,Flavisolibacter,1.0,0.775549054145813,0.8877745270729065
Aeromonas phage 31,Tumebacillus,0.9999758005142212,0.7754553556442261,0.8877155780792236
Paenibacillus phage Xenia,Tumebacillus,0.9996309280395508,0.7754808068275452,0.887555867433548
Vibrio phage ICP3,Segetibacter,1.0,0.7750959992408752,0.8875479996204376
Bacillus phage Pavlov,Tumebacillus,1.0,0.7750118970870972,0.8875059485435486
Lactococcus phage 28201,Flavisolibacter,0.999997854232788,0.7748962044715881,0.8874470293521881
Streptomyces phage Samisti12,Tumebacillus,0.9986270666122437,0.7762504816055298,0.8874387741088867
Vibrio phage vB_VchM-138,Tumebacillus,0.9930588006973268,0.7818157076835632,0.887437254190445
Paenibacillus phage PG1 genomic sequence,Flavisolibacter,0.9999992847442628,0.774873673915863,0.8874364793300629
Shigella phage pSs-1,Flavisolibacter,0.9977127313613892,0.7771095633506775,0.8874111473560333
Vibrio phage pYD21-A genomic sequence,Flavisolibacter,1.0,0.7748076319694519,0.887403815984726
Citrobacter phage Michonne,Bacillus oryzisoli,0.9999878406524658,0.7747660875320435,0.8873769640922546
Lactococcus prophage bIL286,Flavisolibacter,1.0,0.7746340036392212,0.8873170018196106
Bacillus phage Moonbeam,Flavisolibacter,0.9990206956863404,0.7754632830619812,0.8872419893741608
Cronobacter phage vB_CsaM_GAP31,Tumebacillus,0.999997854232788,0.774484395980835,0.8872411251068115
Psychrobacter phage pOW20-A genomic sequence,Segetibacter,1.0,0.7743668556213379,0.887183427810669
Salmonella phage STP4-a,Flavisolibacter,0.9999568462371826,0.774380087852478,0.8871684670448303
Listeria phage LMTA-148,Tumebacillus,0.9999934434890748,0.7742500901222229,0.8871217668056488
Listeria phage LP-083-2,Tumebacillus,0.999996542930603,0.7742416858673096,0.8871191143989563
Erysipelothrix phage SE-1,Tumebacillus,0.999621033668518,0.7745475172996521,0.8870842754840851
Bacillus phage CampHawk,Bacillus oryzisoli,0.9990767240524292,0.7750832438468933,0.8870799839496613
Micromonas pusilla virus 12T genomic sequence,Tumebacillus,0.9999998807907104,0.7739000916481018,0.8869499862194061
Bacillus phage TsarBomba,Segetibacter,1.0,0.7737061381340027,0.8868530690670013
Haemophilus phage HP2,Flavisolibacter,0.9999998807907104,0.7735713124275208,0.8867855966091156
Bacillus phage AP50,Flavisolibacter,0.9986007809638976,0.7749017477035522,0.886751264333725
Aeromonas phage 44RR2.8t,Tumebacillus,0.998291313648224,0.7750581502914429,0.8866747319698334
Bacillus phage Gamma,Tumebacillus,0.9998076558113098,0.7733765244483948,0.8865920901298523
Bacillus phage Bcp1,Flavisolibacter,0.9999735355377196,0.7731247544288635,0.8865491449832916
Listeria phage vB_LmoM_AG20,Tumebacillus,0.999995231628418,0.7729102373123169,0.8864527344703674
Salmonella phage S16,Flavisolibacter,0.999963641166687,0.7729102373123169,0.886436939239502
Stx2 converting phage I,Tumebacillus,0.9999996423721312,0.7727745175361633,0.8863870799541473
Lactobacillus phage phi jlb1,Tumebacillus,0.9540402889251708,0.8185494542121887,0.8862948715686798
Kluyvera phage Kvp1,Tumebacillus,0.9999111890792848,0.7725849151611328,0.8862480521202087
Prochlorococcus phage P-SSM7,Bacillus oryzisoli,0.9996073842048644,0.77286297082901,0.8862351775169373
Weissella phage WCP30,Flavisolibacter,0.9999817609786988,0.7724310159683228,0.8862063884735107
Lactococcus phage 50101,Flavisolibacter,1.0,0.7722600102424622,0.8861300051212311
Paenibacillus phage PG1 genomic sequence,Bacillus oryzisoli,0.9999996423721312,0.7722196578979492,0.8861096501350403
Brevibacillus phage Davies,Segetibacter,1.0,0.7722131013870239,0.886106550693512
Citrobacter phage Moogle,Bacillus oryzisoli,0.9999881982803344,0.772173285484314,0.8860807418823242
Paenibacillus phage Tripp,Flavisolibacter,0.9999955892562866,0.771980345249176,0.8859879672527313
Citrobacter phage Michonne,Segetibacter,1.0,0.7718849778175354,0.8859424889087677
Bacteriophage Diva,Tumebacillus,0.9998273849487304,0.7719830870628357,0.8859052360057831
Bacillus phage Eldridge,Flavisolibacter,0.9999114274978638,0.7718214392662048,0.8858664333820343
Bacillus phage Deep Blue,Bacillus oryzisoli,1.0,0.7717169523239136,0.8858584761619568
Enterococcus phage phiFL3A,Flavisolibacter,1.0,0.7716053128242493,0.8858026564121246
Enterobacteria phage 933W,Tumebacillus,0.9999998807907104,0.7715644240379333,0.8857821524143219
Streptomyces phage Peebs,Tumebacillus,0.9936732053756714,0.7778344750404358,0.8857538402080536
Enterobacteria phage Bp4,Flavisolibacter,1.0,0.7714272737503052,0.8857136368751526
Bacillus phage Cherry,Tumebacillus,0.9995792508125304,0.7716843485832214,0.885631799697876
Listeria phage vB_LmoS_293,Flavisolibacter,0.9999933242797852,0.7712516188621521,0.8856224715709686
Paenibacillus phage HB10c2,Flavisolibacter,0.9999998807907104,0.7711908221244812,0.8855953514575958
Citrobacter phage Moogle,Segetibacter,1.0,0.7711525559425354,0.8855762779712677
Phaeocystis globosa virus strain 16T,Bacillus oryzisoli,0.9999396800994872,0.7710278630256653,0.8854837715625763
Tanay virus isolate 11-2,Segetibacter,1.0,0.7709178328514099,0.885458916425705
Erwinia phage vB_EamM-Y2,Flavisolibacter,0.992383062839508,0.7783445715904236,0.8853638172149658
Prochlorococcus phage P-TIM68,Flavisolibacter,0.9999983310699464,0.7705788016319275,0.8852885663509369
Bacteriophage Rani,Flavisolibacter,1.0,0.7702725529670715,0.8851362764835358
Salmonella phage SPN3UB,Tumebacillus,1.0,0.7701184153556824,0.8850592076778412
Bacteroides phage B40-8,Flavisolibacter,1.0,0.770095705986023,0.8850478529930115
Cronobacter phage vB_CsaM_GAP32,Segetibacter,0.9999889135360718,0.7698619961738586,0.8849254548549652
Bacillus phage JL,Bacillus oryzisoli,0.9999998807907104,0.7697739005088806,0.8848868906497955
Bacillus phage Pascal,Tumebacillus,0.9918335676193236,0.7777693271636963,0.88480144739151
Vibrio phage KVP40,Flavisolibacter,0.9997790455818176,0.769763171672821,0.8847711086273193
Prochlorococcus phage P-SSP3 genomic sequence,Segetibacter,1.0,0.7695299386978149,0.8847649693489075
Bacillus phage Deep Blue,Segetibacter,1.0,0.7694993019104004,0.8847496509552002
Lactobacillus phage CL2,Segetibacter,0.9999977350234984,0.7693973183631897,0.8846975266933441
Bacillus phage W.Ph.,Flavisolibacter,0.9999996423721312,0.7692413926124573,0.8846205174922943
Cellulophaga phage phiSM genomic sequence,Flavisolibacter,1.0,0.769217312335968,0.884608656167984
Citrobacter phage IME-CF2,Tumebacillus,0.982660472393036,0.7865221500396729,0.8845913112163544
Campylobacter phage CP30A,Flavisolibacter,0.9992471933364868,0.7698555588722229,0.8845513761043549
Bacillus phage Pony,Tumebacillus,0.9999816417694092,0.7690628170967102,0.8845222294330597
Bacillus phage Grass,Flavisolibacter,0.9999992847442628,0.7689698934555054,0.884484589099884
Providencia phage Redjac,Tumebacillus,0.9999957084655762,0.7684746384620667,0.8842351734638214
Salmonella phage vB_SosS_Oslo,Tumebacillus,0.9999992847442628,0.7684378027915955,0.8842185437679291
Emiliania huxleyi virus 86,Tumebacillus,0.9999998807907104,0.7682199478149414,0.8841099143028259
Flavobacterium phage 1H,Flavisolibacter,0.9998819828033448,0.7682770490646362,0.8840795159339905
Enterobacteria phage 285P,Tumebacillus,0.9999947547912598,0.7681145071983337,0.8840546309947968
Lactobacillus phage J-1,Segetibacter,1.0,0.7679534554481506,0.8839767277240753
Cellulophaga phage phi18:3,Bacillus oryzisoli,0.8978780508041382,0.8699330687522888,0.8839055597782135
Bacillus phage SPO1,Bacillus oryzisoli,0.9997598528862,0.7679062485694885,0.8838330507278442
Salmonella phage PhiSH19,Tumebacillus,0.9999600648880004,0.7676670551300049,0.8838135600090027
Psychrobacter phage pOW20-A genomic sequence,Bacillus oryzisoli,1.0,0.7675911784172058,0.8837955892086029
Lactobacillus phage iLp1308,Segetibacter,0.986837923526764,0.7806761264801025,0.8837570250034332
Stx2-converting phage 86,Tumebacillus,1.0,0.7673592567443848,0.8836796283721924
Paenibacillus phage HB10c2,Tumebacillus,0.9998658895492554,0.7674851417541504,0.8836755156517029
"Bacteriophage r1t integrase, repressor protein (rro), dUTPase, holin and lysin genes, complete cds",Flavisolibacter,0.9999995231628418,0.7673435211181641,0.8836715221405029
Bacteriophage Rani,Tumebacillus,0.999990940093994,0.7673102617263794,0.8836506009101868
Bacillus phage Pookie,Tumebacillus,0.9999583959579468,0.7671682834625244,0.8835633397102356
Vibrio phage SIO-2,Flavisolibacter,0.9999997615814208,0.7669963240623474,0.8834980428218842
Bacillus phage phi4J1,Flavisolibacter,0.9999971389770508,0.7669140696525574,0.8834556043148041
Clostridium phage phiCD38-2,Bacillus oryzisoli,0.9010494351387024,0.8658441305160522,0.8834467828273773
Listeria phage LMSP-25,Flavisolibacter,1.0,0.7668145298957825,0.8834072649478912
Enterobacteria phage HX01,Segetibacter,0.9999998807907104,0.7667660713195801,0.8833829760551453
Erwinia phage FE44,Tumebacillus,0.9999797344207764,0.7666747570037842,0.8833272457122803
Flavobacterium phage 2A,Flavisolibacter,0.9996275901794434,0.7669685482978821,0.8832980692386627
Bacillus phage phiCM3,Tumebacillus,0.9999983310699464,0.7665700316429138,0.88328418135643
Streptomyces phage Sushi23,Tumebacillus,0.9944313168525696,0.7719850540161133,0.8832081854343414
Bacillus phage TsarBomba,Bacillus oryzisoli,0.9999998807907104,0.7662546634674072,0.8831272721290588
Acidianus two-tailed virus,Tumebacillus,1.0,0.7661808133125305,0.8830904066562653
Bacteroides phage B40-8,Tumebacillus,0.9941421151161194,0.7719715237617493,0.8830568194389343
Enterobacteria phage HX01,Bacillus oryzisoli,0.9995076656341552,0.7665536403656006,0.8830306529998779
Nitrincola phage 1M3-16,Flavisolibacter,0.9999998807907104,0.7660056948661804,0.8830027878284454
Listeria phage A511,Tumebacillus,0.9999990463256836,0.7659985423088074,0.8829987943172455
Listeria phage A118,Flavisolibacter,0.9999964237213136,0.7659978866577148,0.8829971551895142
Idiomarinaceae phage Phi1M2-2,Tumebacillus,1.0,0.7659835815429688,0.8829917907714844
Paenibacillus phage Fern,Flavisolibacter,0.9999996423721312,0.7657721638679504,0.8828859031200409
Bacillus phage Eldridge,Segetibacter,0.998847723007202,0.7669179439544678,0.882882833480835
Lactobacillus phage phig1e,Flavisolibacter,0.9999983310699464,0.7657184600830078,0.882858395576477
Thermus phage TMA,Flavisolibacter,1.0,0.7657104134559631,0.8828552067279816
Pseudoalteromonas phage BS5,Segetibacter,1.0,0.7653552889823914,0.8826776444911957
Bacillus phage Shanette,Segetibacter,1.0,0.7653312087059021,0.882665604352951
Liberibacter phage SC1,Flavisolibacter,1.0,0.76523756980896,0.88261878490448
Prochlorococcus phage P-SSP3 genomic sequence,Flavisolibacter,1.0,0.7652283906936646,0.8826141953468323
Enterobacteria phage T5,Flavisolibacter,0.961241900920868,0.8038306832313538,0.8825362920761108
Acinetobacter phage IME_AB3,Flavisolibacter,0.9999994039535522,0.7650110125541687,0.8825052082538605
Enterobacteria phage K1E,Segetibacter,0.9997714161872864,0.7652254700660706,0.8824984431266785
Mycobacterium phage Patience,Tumebacillus,0.9999996423721312,0.7649549245834351,0.8824772834777832
Brevibacillus phage Osiris,Bacillus oryzisoli,0.9666937589645386,0.7982134819030762,0.8824536204338074
Listeria phage LP-048,Flavisolibacter,0.9999998807907104,0.7647610902786255,0.882380485534668
Escherichia phage vB_EcoM_CBA120,Tumebacillus,0.9949236512184144,0.7698338031768799,0.8823787271976471
Xanthomonas oryzae phage OP1 DNA,Tumebacillus,1.0,0.7646437287330627,0.8823218643665314
Bacillus phage DIGNKC,Tumebacillus,0.9162781238555908,0.848243236541748,0.8822606801986694
Lactococcus prophage bIL285,Flavisolibacter,1.0,0.7643806338310242,0.8821903169155121
Yersinia phage phi80-18 complete genome,Flavisolibacter,0.9985741376876832,0.7658054232597351,0.8821897804737091
Lactococcus phage Tuc2009,Tumebacillus,0.9932669401168824,0.7709758877754211,0.8821214139461517
Shigella phage SHSML-52-1,Segetibacter,0.9999997615814208,0.7642014622688293,0.8821006119251251
Erysipelothrix phage SE-1,Flavisolibacter,1.0,0.7641885876655579,0.8820942938327789
Enterobacteria phage UAB_Phi78,Flavisolibacter,0.9999998807907104,0.7641796469688416,0.882089763879776
Bacillus phage phiNIT1 DNA,Flavisolibacter,1.0,0.764117419719696,0.882058709859848
Prochlorococcus phage P-SSM2,Segetibacter,1.0,0.7640329599380493,0.8820164799690247
Lactobacillus phage J-1,Bacillus oryzisoli,1.0,0.7639232277870178,0.8819616138935089
Escherichia phage PhaxI,Tumebacillus,0.9997135996818542,0.7641178369522095,0.8819157183170319
Vibrio phage X29,Segetibacter,1.0,0.7637534141540527,0.8818767070770264
Bacillus phage BCP78,Bacillus oryzisoli,0.999990463256836,0.7637507915496826,0.8818706274032593
Bacillus phage vB_BhaS-171,Flavisolibacter,0.9999790191650392,0.7636786699295044,0.8818288445472717
Sulfitobacter phage phiCB2047-B genomic sequence,Flavisolibacter,0.9999868869781494,0.7635617256164551,0.8817743062973022
Cyanophage MED4-184 genomic sequence,Flavisolibacter,1.0,0.7634720802307129,0.8817360401153564
Haemophilus phage HP1,Tumebacillus,0.9999960660934448,0.7634434700012207,0.8817197680473328
Prochlorococcus phage P-SSM2,Bacillus oryzisoli,0.9999992847442628,0.7634181380271912,0.8817087113857269
Brevibacillus phage Davies,Bacillus oryzisoli,0.9997676014900208,0.7635577321052551,0.8816626667976379
Bacteriophage Sitara,Tumebacillus,0.9945078492164612,0.768724799156189,0.8816163241863251
Enterobacteria phage TLS,Segetibacter,0.99998676776886,0.7631737589836121,0.881580263376236
Enterobacter phage phiEap-1,Tumebacillus,0.9994008541107178,0.7637300491333008,0.8815654516220093
Enterococcus phage phiEF24C,Tumebacillus,0.9392699599266052,0.8237714767456055,0.8815207183361053
Shigella phage SHSML-52-1,Bacillus oryzisoli,0.999334156513214,0.7637029886245728,0.8815185725688934
Mycobacterium phage Fowlmouth,Tumebacillus,0.9999918937683104,0.7629481554031372,0.8814700245857239
MAG: Phormidium phage MIS-PhV1A,Segetibacter,1.0,0.7629021406173706,0.8814510703086853
Staphylococcus phage 23MRA,Flavisolibacter,0.9935413599014282,0.7692277431488037,0.881384551525116
Phormidium phage Pf-WMP3,Flavisolibacter,0.999997854232788,0.7627454400062561,0.8813716471195221
Bacillus phage WBeta,Flavisolibacter,1.0,0.7627034187316895,0.8813517093658447
Mycobacterium phage Madruga,Tumebacillus,0.9999998807907104,0.7626617550849915,0.881330817937851
Bacillus phage SPO1,Flavisolibacter,0.9999947547912598,0.7625935673713684,0.8812941610813141
Felis catus gammaherpesvirus 1 isolate 31286,Segetibacter,1.0,0.7625144124031067,0.8812572062015533
Salmonella phage Vi01,Tumebacillus,0.9998043179512024,0.7625391483306885,0.8811717331409454
Salmonella phage 9NA,Flavisolibacter,0.999980092048645,0.7622972130775452,0.8811386525630951
Paenibacillus phage Harrison,Flavisolibacter,0.9998955726623536,0.7623563408851624,0.8811259567737579
Lactococcus phage BM13,Flavisolibacter,1.0,0.7622173428535461,0.8811086714267731
Bacillus phage phiCM3,Flavisolibacter,1.0,0.7621091604232788,0.8810545802116394
Acinetobacter phage 133,Flavisolibacter,0.9999899864196776,0.7620825171470642,0.881036251783371
Felis catus gammaherpesvirus 1 isolate 31286,Bacillus oryzisoli,1.0,0.7620054483413696,0.8810027241706848
Pasteurella phage F108,Flavisolibacter,1.0,0.7615184783935547,0.8807592391967773
Staphylococcus phage 37,Flavisolibacter,0.9998366832733154,0.7615466117858887,0.880691647529602
Listeria phage A006,Flavisolibacter,0.9999998807907104,0.7613227367401123,0.8806613087654114
Phormidium phage Pf-WMP3,Tumebacillus,0.9999969005584716,0.7611151933670044,0.880556046962738
Enterobacteria phage P1,Tumebacillus,0.9999936819076538,0.7611123323440552,0.8805530071258545
Prochlorococcus phage P-SSP3 genomic sequence,Bacillus oryzisoli,0.9999982118606568,0.7610335350036621,0.8805158734321594
Bacteriophage phi-105 DNA,Segetibacter,1.0,0.7609933614730835,0.8804966807365417
Vibrio phage ICP1,Segetibacter,1.0,0.7608610391616821,0.8804305195808411
Pseudomonas phage phi_Pto-bp6g,Flavisolibacter,1.0,0.7607488036155701,0.880374401807785
Salmonella phage vB_SnwM_CGG4-1,Flavisolibacter,0.9988873600959778,0.7616661190986633,0.8802767395973206
Yersinia phage phiR1-RT complete genome,Segetibacter,0.9999817609786988,0.7605480551719666,0.8802649080753326
Caulobacter phage Cr30,Flavisolibacter,1.0,0.7604468464851379,0.880223423242569
Vibrio phage PWH3a-P1 genomic sequence,Flavisolibacter,1.0,0.7603685855865479,0.8801842927932739
Bacillus phage phiAGATE,Bacillus oryzisoli,0.9999997615814208,0.7602663040161133,0.8801330327987671
Enterobacteria phage RB69,Flavisolibacter,0.9999942779541016,0.7601502537727356,0.8800722658634186
Vibrio phage X29,Bacillus oryzisoli,0.999996542930603,0.7599993348121643,0.8799979388713837
Cronobacter phage vB_CsaM_GAP32,Bacillus oryzisoli,0.9930880665779114,0.766856849193573,0.8799724578857422
Prochlorococcus phage P-HM2,Segetibacter,1.0,0.7598748207092285,0.8799374103546143
Sulfolobus virus STSV1,Tumebacillus,0.9991355538368224,0.7606480717658997,0.8798918128013611
Yersinia phage vB_YenM_TG1,Bacillus oryzisoli,0.998925507068634,0.760856032371521,0.8798907697200775
Listeria phage LMTA-148,Flavisolibacter,0.9999998807907104,0.7595794200897217,0.8797896504402161
Bacteriophage Sitara,Flavisolibacter,0.9999998807907104,0.7594552636146545,0.8797275722026825
Lactococcus phage KSY1,Flavisolibacter,0.9999998807907104,0.7594322562217712,0.8797160685062408
Salmonella phage GG32,Tumebacillus,0.9998948574066162,0.7594816088676453,0.8796882331371307
Klebsiella phage K64-1 DNA,Flavisolibacter,0.9999996423721312,0.7591950297355652,0.8795973360538483
Escherichia phage vB_EcoM_JS09,Bacillus oryzisoli,0.9996095299720764,0.7595593333244324,0.8795844316482544
Bacillus phage BCP78,Segetibacter,1.0,0.7591522336006165,0.8795761168003082
Bacillus phage Shbh1,Tumebacillus,0.9732145071029664,0.7858262062072754,0.8795203566551208
Cellulophaga phage phi18:1,Flavisolibacter,0.9999843835830688,0.7590073347091675,0.8794958591461182
Bacillus phage phiAGATE,Segetibacter,1.0,0.7589727640151978,0.8794863820075989
Listeria phage vB_LmoM_AG20,Flavisolibacter,1.0,0.7589011788368225,0.8794505894184113
Brucella phage Tb,Tumebacillus,1.0,0.7588560581207275,0.8794280290603638
Escherichia phage vB_EcoM_JS09,Segetibacter,0.9999998807907104,0.7588489651679993,0.8794244229793549
Enterobacteria phage Min27,Tumebacillus,0.9999998807907104,0.7587260603904724,0.8793629705905914
Bacteriophage Diva,Flavisolibacter,0.999990463256836,0.7583692073822021,0.879179835319519
Salmonella phage SFP10,Tumebacillus,0.9893401265144348,0.7688900232315063,0.8791150748729706
Brucella phage Pr,Tumebacillus,1.0,0.7581729888916016,0.8790864944458008
Salmonella phage vB_SalM_PM10,Tumebacillus,0.9981191754341124,0.7598703503608704,0.8789947628974915
Lactobacillus phage iA2,Segetibacter,1.0,0.7577619552612305,0.8788809776306152
Yersinia phage vB_YenM_TG1,Segetibacter,0.9999998807907104,0.7577293515205383,0.8788646161556244
Campylobacter phage CP21,Flavisolibacter,0.9999971389770508,0.7576291561126709,0.8788131475448608
Bacillus phage Page,Tumebacillus,0.9999998807907104,0.7576242089271545,0.8788120448589325
Enterobacteria phage vB_KleM-RaK2,Flavisolibacter,0.9999998807907104,0.7575860023498535,0.878792941570282
Pseudoalteromonas phage BS5,Bacillus oryzisoli,1.0,0.7572132349014282,0.8786066174507141
Streptomyces phage Warpy,Tumebacillus,0.9745692610740662,0.7824904322624207,0.8785298466682434
Listeria phage LP-083-2,Flavisolibacter,1.0,0.756784975528717,0.8783924877643585
Bacillus phage IEBH,Flavisolibacter,1.0,0.7566942572593689,0.8783471286296844
Bacteriophage PSA complete genome,Flavisolibacter,0.999997615814209,0.7565333843231201,0.8782655000686646
Cyanophage P-TIM40,Bacillus oryzisoli,0.999996781349182,0.7563285827636719,0.878162682056427
Cyanophage SS120-1 genomic sequence,Flavisolibacter,1.0,0.7562007904052734,0.8781003952026367
Cyanophage P-TIM40,Segetibacter,1.0,0.7561693787574768,0.8780846893787384
Enterobacteria phage EcoDS1,Tumebacillus,0.9999971389770508,0.7558697462081909,0.8779334425926208
Bacillus phage Shanette,Bacillus oryzisoli,0.9999998807907104,0.7557769417762756,0.877888411283493
Lactobacillus phage CL1,Segetibacter,0.989453911781311,0.76622074842453,0.8778373301029205
Citrobacter virus Stevie,Segetibacter,0.9999996423721312,0.7554978132247925,0.8777487277984619
Vibrio phage ICP1,Bacillus oryzisoli,1.0,0.755311906337738,0.877655953168869
Enterobacteria phage K1-5,Segetibacter,0.9999356269836426,0.7548291683197021,0.8773823976516724
Paenibacillus phage Xenia,Flavisolibacter,0.9999672174453736,0.7546005845069885,0.877283900976181
Prochlorococcus phage P-HM2,Bacillus oryzisoli,0.9999974966049194,0.7544994354248047,0.8772484660148621
Marseillevirus marseillevirus strain T19,Tumebacillus,1.0,0.7543584704399109,0.8771792352199554
Haemophilus phage HP2,Tumebacillus,0.9998600482940674,0.7542902231216431,0.8770751357078552
Listeria phage A511,Flavisolibacter,1.0,0.7541369199752808,0.8770684599876404
Lactobacillus phage iA2,Bacillus oryzisoli,0.9998785257339478,0.753773033618927,0.8768257796764374
Rhodothermus phage RM378,Tumebacillus,0.99999737739563,0.7535906434059143,0.8767940104007721
Salmonella phage SJ46,Tumebacillus,0.9999988079071044,0.7534946203231812,0.8767467141151428
Salmonella phage IME207,Tumebacillus,0.9347191452980042,0.8186779618263245,0.8766985535621643
Brazilian marseillevirus strain BH2014,Tumebacillus,1.0,0.7532338500022888,0.8766169250011444
Lactobacillus phage JCL1032,Bacillus oryzisoli,1.0,0.7532102465629578,0.8766051232814789
Idiomarinaceae phage 1N2-2,Tumebacillus,0.9999958276748656,0.7529771327972412,0.8764864802360535
Bacteriophage HK022,Tumebacillus,0.9999651908874512,0.7529529333114624,0.8764590620994568
Lactobacillus phage JCL1032,Segetibacter,1.0,0.7528437972068787,0.8764218986034393
MAG: Phormidium phage MIS-PhV1A,Bacillus oryzisoli,0.9999980926513672,0.7528154253959656,0.8764067590236664
Enterobacteria phage T3,Tumebacillus,0.9999927282333374,0.7526755332946777,0.8763341307640076
Salmonella phage BP12B,Flavisolibacter,0.9999998807907104,0.7523618936538696,0.87618088722229
Liberibacter phage SC1,Tumebacillus,0.9999996423721312,0.7523100972175598,0.8761548697948456
Vibrio phage kappa proviral DNA,Flavisolibacter,0.9999998807907104,0.7519293427467346,0.8759646117687225
Vibrio phage K139,Flavisolibacter,0.9999998807907104,0.7518704533576965,0.8759351670742035
Mycobacterium phage Cuke,Tumebacillus,0.9999440908432008,0.7519071698188782,0.8759256303310394
Enterobacteria phage SP6,Segetibacter,0.9999998807907104,0.7518190741539001,0.8759094774723053
Enterobacteria phage VT2-Sakai,Tumebacillus,1.0,0.7516093254089355,0.8758046627044678
Vibrio phage eugene 12A10 genomic sequence,Segetibacter,0.99996018409729,0.7515035271644592,0.8757318556308746
Bacillus phage Fah,Tumebacillus,0.9998076558113098,0.7516300678253174,0.8757188618183136
Puniceispirillum phage HMO-2011,Flavisolibacter,0.9999970197677612,0.7514194846153259,0.8757082521915436
Enterobacteria phage phiEco32,Flavisolibacter,0.9998942613601683,0.7514751553535461,0.8756847083568573
Enterobacteria phage 9g,Flavisolibacter,0.999980330467224,0.751221776008606,0.875601053237915
Campylobacter phage CP220,Flavisolibacter,0.9999997615814208,0.7511546611785889,0.8755772113800049
Enterococcus phage phiFL4A,Flavisolibacter,1.0,0.7509929537773132,0.8754964768886566
Enterobacteria phage vB_EcoP_ACG-C91,Segetibacter,0.9999998807907104,0.7509554624557495,0.87547767162323
Bacillus phage phiNIT1 DNA,Segetibacter,1.0,0.750922441482544,0.875461220741272
Staphylococcus phage TEM123,Flavisolibacter,0.9999239444732666,0.7508578300476074,0.875390887260437
Staphylococcus phage JD007,Flavisolibacter,0.999122440814972,0.7515619993209839,0.8753422200679779
Lactobacillus phage PLE3,Flavisolibacter,0.9999938011169434,0.7506006956100464,0.8752972483634949
Campylobacter phage NCTC12673,Flavisolibacter,0.999135196208954,0.7512972354888916,0.8752162158489227
Stx2 converting phage II DNA,Tumebacillus,0.9999997615814208,0.7502925395965576,0.8751461505889893
Campylobacter phage PC14,Flavisolibacter,0.9990649819374084,0.7512156963348389,0.8751403391361237
Salmonella phage Det7,Tumebacillus,0.9858598113059998,0.763652503490448,0.8747561573982239
Microcystis phage Ma-LMM01 DNA,Bacillus oryzisoli,0.9954928159713744,0.7539951801300049,0.8747439980506897
Bacteriophage APSE-2,Tumebacillus,0.9999018907546996,0.7495236396789551,0.8747127652168274
Lactobacillus phage iLp84,Flavisolibacter,0.9999998807907104,0.7492678761482239,0.8746338784694672
Acinetobacter phage Acj61,Flavisolibacter,0.9994578957557678,0.7496080994606018,0.8745329976081848
Campylobacter phage CPX,Flavisolibacter,0.9803324937820436,0.7686196565628052,0.8744760751724243
Bacillus phage BCD7,Flavisolibacter,1.0,0.748894989490509,0.8744474947452545
Lactobacillus phage PLE2,Segetibacter,0.9999825954437256,0.7488657236099243,0.874424159526825
Enterobacteria phage P22 virus,Flavisolibacter,0.9998749494552612,0.7487922310829163,0.8743335902690887
Salmonella phage BP12A,Tumebacillus,0.9999991655349731,0.7485354542732239,0.8742673099040985
Enterobacteria phage JK06,Flavisolibacter,0.9999730587005616,0.7485508322715759,0.8742619454860687
Sulfolobus virus STSV1,Flavisolibacter,0.9999997615814208,0.7484187483787537,0.8742092549800873
Pseudomonas phage PA11,Segetibacter,0.998655080795288,0.7497583627700806,0.8742067217826843
Staphylococcus phage vB_SepiS-phiIPLA7,Flavisolibacter,1.0,0.7483646273612976,0.8741823136806488
Salmonella phage BP63,Flavisolibacter,0.9944724440574646,0.7537453174591064,0.8741088807582855
Rhodococcus phage Weasels2,Flavisolibacter,0.9638503193855286,0.783385157585144,0.8736177384853363
Aeromonas phage 65,Flavisolibacter,0.998671531677246,0.7484914660453796,0.8735814988613129
Vibrio phage K139,Tumebacillus,0.9999996423721312,0.746633768081665,0.8733167052268982
Staphylococcus phage B166,Flavisolibacter,0.9999985694885254,0.7462978363037109,0.8731482028961182
Staphylococcus phage EW,Flavisolibacter,0.9999997615814208,0.746265172958374,0.8731324672698975
Acinetobacter phage LZ35,Bacillus oryzisoli,0.909960150718689,0.8362778425216675,0.8731189966201782
Vibrio phage VPUSM 8,Tumebacillus,0.9999996423721312,0.746175229549408,0.8730874359607697
Vibrio phage kappa proviral DNA,Tumebacillus,0.9999996423721312,0.7461575269699097,0.8730785846710205
Planktothrix phage PaV-LD,Flavisolibacter,0.9999996423721312,0.7450612783432007,0.872530460357666
Microcystis phage Ma-LMM01 DNA,Segetibacter,1.0,0.744584858417511,0.8722924292087555
Enterobacteria phage P4,Segetibacter,1.0,0.7442408204078674,0.8721204102039337
Acinetobacter phage ZZ1,Segetibacter,0.999996304512024,0.7442207336425781,0.872108519077301
Bacteriophage phi-105 DNA,Flavisolibacter,0.9999823570251464,0.7440903186798096,0.872036337852478
Bacillus phage Shbh1,Flavisolibacter,0.9999994039535522,0.7438575625419617,0.871928483247757
Salmonella phage SEN34,Tumebacillus,1.0,0.7438147664070129,0.8719073832035065
Bacillus phage 250,Flavisolibacter,1.0,0.7438099980354309,0.8719049990177155
Bacteriophage SPP1 complete nucleotide sequence,Flavisolibacter,0.999937891960144,0.7437919974327087,0.8718649446964264
Vibrio phage VPUSM 8,Flavisolibacter,0.9999998807907104,0.7436812520027161,0.8718405663967133
Vibrio phage VvAW1,Flavisolibacter,1.0,0.7436208128929138,0.8718104064464569
Cellulophaga phage phi14:2,Flavisolibacter,0.9999946355819702,0.7436232566833496,0.8718089461326599
Acanthamoeba polyphaga mimivirus,Flavisolibacter,0.9999995231628418,0.743607759475708,0.8718036413192749
Croceibacter phage P2559Y,Flavisolibacter,0.9995229244232178,0.7440531253814697,0.8717880249023438
Citrobacter phage SH3,Tumebacillus,0.9999265670776368,0.7435208559036255,0.8717237114906311
Sinorhizobium phage phiM9,Tumebacillus,0.9999898672103882,0.7430027723312378,0.871496319770813
Enterococcus phage vB_EfaS_IME197,Flavisolibacter,0.9988003969192504,0.7441657185554504,0.8714830577373505
Citrobacter phage Merlin,Flavisolibacter,0.999903440475464,0.7430546283721924,0.8714790344238281
Salmonella phage phSE-2,Segetibacter,0.999893307685852,0.7429564595222473,0.8714248836040497
Vibrio phage VHML,Tumebacillus,1.0,0.7427628636360168,0.8713814318180084
Bacillus phage G,Flavisolibacter,1.0,0.7427377104759216,0.8713688552379608
Enterobacteria phage HK97,Tumebacillus,0.9999961853027344,0.7427061200141907,0.8713511526584625
Bacillus phage Gamma,Flavisolibacter,1.0,0.742522120475769,0.8712610602378845
Enterobacteria phage P4,Bacillus oryzisoli,0.99989914894104,0.7425441145896912,0.8712216317653656
Bacillus phage phiNIT1 DNA,Bacillus oryzisoli,1.0,0.7422049641609192,0.8711024820804596
Bacillus phage Cherry,Flavisolibacter,1.0,0.7421813607215881,0.8710906803607941
Salmonella phage Maynard,Tumebacillus,0.9917566776275636,0.7503839135169983,0.8710702955722809
Shigella phage pSf-1,Flavisolibacter,0.9999802112579346,0.7420486211776733,0.871014416217804
Psychrobacter phage Psymv2,Segetibacter,1.0,0.7412278056144714,0.8706139028072357
Microcystis phage MaMV-DC,Segetibacter,0.9999992847442628,0.7409963607788086,0.8704978227615356
Staphylococcus phage 29,Flavisolibacter,0.99999737739563,0.7409026622772217,0.8704500198364258
Salmonella phage Marshall,Tumebacillus,0.9912089109420776,0.7491922378540039,0.8702005743980408
Staphylococcus phage DW2,Tumebacillus,0.9997872710227966,0.7404855489730835,0.8701364099979401
Flavobacterium phage Fpv2,Flavisolibacter,0.999996781349182,0.7397083640098572,0.8698525726795197
Staphylococcus phage vB_SepS_SEP9,Flavisolibacter,0.9739696979522704,0.7656022906303406,0.8697859942913055
Bacillus phage Grass,Segetibacter,0.9999998807907104,0.7393627762794495,0.86968132853508
Lactobacillus phage iLp1308,Flavisolibacter,0.9309739470481871,0.8083093166351318,0.8696416318416595
Acinetobacter phage Acj9,Flavisolibacter,0.9999998807907104,0.7391884922981262,0.8695941865444183
Flavobacterium phage Fpv1,Flavisolibacter,0.999996781349182,0.7390663027763367,0.8695315420627594
Shigella phage 75/02 Stx,Tumebacillus,1.0,0.7390215992927551,0.8695107996463776
Proteus phage pPM_01,Tumebacillus,0.999994158744812,0.7388524413108826,0.8694233000278473
Cellulophaga phage phi46:1,Flavisolibacter,0.9999991655349731,0.7387545108795166,0.8693768382072449
Bacillus phage Fah,Flavisolibacter,1.0,0.7385011315345764,0.8692505657672882
Yersinia phage vB_YenP_AP10,Tumebacillus,0.9999805688858032,0.7383603453636169,0.8691704571247101
Citrobacter phage Moon,Flavisolibacter,0.9996808767318726,0.7385296821594238,0.8691052794456482
Aureococcus anophagefferens virus isolate BtV-01,Flavisolibacter,1.0,0.7381715178489685,0.8690857589244843
Escherichia phage phiV10,Tumebacillus,0.9999911785125732,0.7380692362785339,0.8690302073955536
Streptomyces phage Teutsch,Tumebacillus,0.96890789270401,0.7690019011497498,0.8689548969268799
Pasteurella phage F108,Tumebacillus,0.9999998807907104,0.737849771976471,0.8689248263835907
Bacteriophage SPP1 complete nucleotide sequence,Segetibacter,0.9999964237213136,0.7378427386283875,0.8689195811748505
Shewanella phage Spp001,Tumebacillus,1.0,0.7378280758857727,0.8689140379428864
Bacillus phage Bp8p-C,Segetibacter,0.9999997615814208,0.7377950549125671,0.868897408246994
Enterobacteria phage vB_EcoP_ACG-C91,Bacillus oryzisoli,0.972375750541687,0.7651100158691406,0.8687428832054138
Staphylococcus phage StB27,Flavisolibacter,0.999994158744812,0.7373285889625549,0.8686613738536835
Mannheimia phage vB_MhS_1152AP2,Bacillus oryzisoli,0.920435905456543,0.8168820738792419,0.8686589896678925
Staphylococcus phage 3A,Flavisolibacter,0.9995359182357788,0.7373102307319641,0.8684230744838715
Listeria phage vB_LmoS_188,Flavisolibacter,0.9967305660247804,0.740104079246521,0.8684173226356506
Cyanophage 9515-10a,Bacillus oryzisoli,1.0,0.7366384863853455,0.8683192431926727
Klebsiella phage vB_KpnP_KpV289,Tumebacillus,0.9997007846832277,0.7367638349533081,0.8682323098182678
Bacillus phage Mater,Segetibacter,0.9999723434448242,0.7364344000816345,0.8682033717632294
Pseudomonas phage vB_PsyM_KIL1,Flavisolibacter,0.9999986886978148,0.7359927892684937,0.8679957389831543
Paramecium bursaria Chlorella virus 1,Tumebacillus,0.999980926513672,0.7360101342201233,0.8679955303668976
Pseudomonas phage PhiPA3,Tumebacillus,0.9998034834861756,0.7361640334129333,0.8679837584495544
Staphylococcus phage vB_SauM_Remus,Tumebacillus,0.9999774694442748,0.7359035015106201,0.8679404854774475
Cyanophage P-RSM6 genomic sequence,Bacillus oryzisoli,0.999984622001648,0.7353871464729309,0.8676858842372894
Weissella phage WCP30,Segetibacter,0.9995587468147278,0.7358102798461914,0.8676845133304596
Bacillus phage PfEFR-5,Tumebacillus,0.9999935626983644,0.7351962327957153,0.8675948977470398
Enterobacteria phage vB_EcoM-FV3,Flavisolibacter,0.9969310760498048,0.7382532954216003,0.8675921857357025
Enterobacteria phage IME10,Flavisolibacter,0.999998927116394,0.7349978089332581,0.867498368024826
Vibrio phage VvAW1,Tumebacillus,1.0,0.7347568273544312,0.8673784136772156
Vibrio phage phiVC8,Tumebacillus,1.0,0.7347434759140015,0.8673717379570007
Vibrio phage J2,Tumebacillus,1.0,0.7347285747528076,0.8673642873764038
Salmonella phage Fels-1,Tumebacillus,1.0,0.7347051501274109,0.8673525750637054
Bacillus phage PM1 DNA,Segetibacter,1.0,0.7345885038375854,0.8672942519187927
Staphylococcus phage SA97,Flavisolibacter,0.9999947547912598,0.734581708908081,0.8672882318496704
Vibrio phage SHOU24,Segetibacter,1.0,0.7345355153083801,0.8672677576541901
Staphylococcus phage vB_SepiS-phiIPLA7,Tumebacillus,0.9872606992721558,0.7472628355026245,0.8672617673873901
Psychrobacter phage Psymv2,Bacillus oryzisoli,0.9999996423721312,0.7345181107521057,0.8672588765621185
Lactobacillus phage phiAT3,Segetibacter,1.0,0.7344648838043213,0.8672324419021606
Salinivibrio phage CW02,Flavisolibacter,0.9945008754730223,0.7396252751350403,0.8670630753040314
Flavobacterium phage Fpv20,Flavisolibacter,0.999996781349182,0.7339286804199219,0.866962730884552
Escherichia phage TL-2011c,Tumebacillus,1.0,0.733734130859375,0.8668670654296875
Lactobacillus phage LL-H,Flavisolibacter,1.0,0.7331543564796448,0.8665771782398224
Prochlorococcus phage P-SSP10 genomic sequence,Segetibacter,1.0,0.7330970168113708,0.8665485084056854
Prochlorococcus phage P-SSP10 genomic sequence,Bacillus oryzisoli,1.0,0.7328051328659058,0.8664025664329529
Flavobacterium phage Fpv3,Flavisolibacter,0.9999898672103882,0.7328104972839355,0.8664001822471619
Cellulophaga phage phi46:1,Tumebacillus,0.9976856708526612,0.7349025011062622,0.8662940859794617
Vibrio phage QH,Tumebacillus,1.0,0.7325600385665894,0.8662800192832947
Vibrio phage VP5,Tumebacillus,1.0,0.7325235605239868,0.8662617802619934
Bacteriophage N15,Tumebacillus,1.0,0.7324618101119995,0.8662309050559998
Lactobacillus phage Lrm1,Segetibacter,1.0,0.7323995232582092,0.8661997616291046
Phaeocystis globosa virus strain 16T,Flavisolibacter,0.9999773502349854,0.7323706746101379,0.8661740124225616
Salmonella phage vB_SemP_Emek,Flavisolibacter,0.9981166124343872,0.734110951423645,0.8661137819290161
Bacillus phage PM1 DNA,Flavisolibacter,1.0,0.7321476340293884,0.8660738170146942
Staphylococcus phage vB_SauM_Romulus,Tumebacillus,0.9999785423278807,0.7321274280548096,0.8660529851913452
Sodalis phage phiSG1,Tumebacillus,0.9999997615814208,0.7319103479385376,0.8659550547599792
Weissella phage phiYS61,Flavisolibacter,0.9630632996559144,0.7687792181968689,0.8659212589263916
Thermus phage P23-45,Tumebacillus,0.9998879432678224,0.7317633032798767,0.8658256232738495
Synechococcus phage S-CBP4,Bacillus oryzisoli,1.0,0.731650173664093,0.8658250868320465
Clostridium phage phiCD111,Flavisolibacter,0.9993304014205932,0.7323103547096252,0.8658203780651093
Enterobacteria phage PRD1,Tumebacillus,1.0,0.7314169406890869,0.8657084703445435
Staphylococcus phage phiETA2,Flavisolibacter,0.9999834299087524,0.7313640713691711,0.8656737506389618
Bacillus phage Grass,Bacillus oryzisoli,0.9991657733917236,0.7318488359451294,0.8655073046684265
Vibrio phage VP2,Tumebacillus,1.0,0.7308433055877686,0.8654216527938843
Cyanophage 9515-10a,Segetibacter,1.0,0.7308183312416077,0.8654091656208038
Aeromonas phage phiAS4,Flavisolibacter,0.997617781162262,0.7329622507095337,0.8652900159358978
Enterobacteria phage BA14,Tumebacillus,1.0,0.7305634021759033,0.8652817010879517
Sulfolobus monocaudavirus SMV4,Flavisolibacter,0.9999998807907104,0.7304056286811829,0.8652027547359467
Phage Gifsy-2,Tumebacillus,1.0,0.7303960919380188,0.8651980459690094
Bacillus phage phi4B1,Flavisolibacter,0.999998927116394,0.730394721031189,0.8651968240737915
Staphylococcus prophage phi 12,Flavisolibacter,0.9954907298088074,0.7348071336746216,0.8651489317417145
Vibrio phage SHOU24,Bacillus oryzisoli,0.9999998807907104,0.730146586894989,0.8650732338428497
Lactobacillus phage Lrm1,Bacillus oryzisoli,0.99999737739563,0.730137050151825,0.8650672137737274
Enterobacteria phage RTP,Segetibacter,1.0,0.729849636554718,0.864924818277359
Proteus phage pPM_01,Flavisolibacter,0.9999990463256836,0.729845404624939,0.8649222254753113
Lactobacillus phage phiAT3,Bacillus oryzisoli,0.999994158744812,0.7297263741493225,0.8648602664470673
Cronobacter phage ENT47670,Tumebacillus,0.9999479055404664,0.7297329306602478,0.8648404181003571
Staphylococcus phage phiETA,Flavisolibacter,0.9999971389770508,0.7296531796455383,0.8648251593112946
Synechococcus phage S-CBP4,Segetibacter,1.0,0.7293950915336609,0.8646975457668304
Salmonella phage 118970_sal3,Tumebacillus,0.999992609024048,0.7286163568496704,0.8643044829368591
Arthrobacter phage Anansi,Tumebacillus,0.9999995231628418,0.7281169891357422,0.864058256149292
Klebsiella phage vB_KpnM_KpV477,Flavisolibacter,0.9955419898033142,0.7325365543365479,0.864039272069931
Escherichia phage vB_EcoM_FFH2,Flavisolibacter,0.9996452331542968,0.7281937003135681,0.8639194667339325
Sphingomonas phage PAU,Flavisolibacter,1.0,0.7277388572692871,0.8638694286346436
Enterobacteria phage RTP,Bacillus oryzisoli,0.9990630745887756,0.7284982800483704,0.863780677318573
Cyanophage MED4-213,Bacillus oryzisoli,0.9999997615814208,0.7274414300918579,0.8637205958366394
Staphylococcus phage phiETA3,Flavisolibacter,0.9999922513961792,0.7273887395858765,0.8636904954910278
Klebsiella phage KLPN1,Tumebacillus,0.9999146461486816,0.7271981835365295,0.8635564148426056
Arthrobacter phage SorJuana,Tumebacillus,0.9999995231628418,0.7270165681838989,0.8635080456733704
Escherichia phage HK75,Tumebacillus,0.9999473094940186,0.7268645167350769,0.8634059131145477
Arthrobacter phage Gorgeous,Tumebacillus,0.9999995231628418,0.7268078327178955,0.8634036779403687
Enterococcus phage phiFL4A,Tumebacillus,0.9883368611335754,0.7384613752365112,0.8633991181850433
Staphylococcus phage ROSA,Flavisolibacter,0.9996709823608398,0.7271195650100708,0.8633952736854553
Staphylococcus phage 85,Tumebacillus,0.9908517003059388,0.735659658908844,0.8632556796073914
Enterobacter phage Tyrion,Tumebacillus,0.999962329864502,0.7265033721923828,0.8632328510284424
Cyanophage P-RSM1 genomic sequence,Flavisolibacter,0.9999986886978148,0.7261296510696411,0.863064169883728
Salmonella phage IME207,Flavisolibacter,0.999979853630066,0.7260482907295227,0.8630140721797943
Enterobacteria phage ES18,Tumebacillus,0.9421347975730896,0.7838847041130066,0.8630097508430481
Lactococcus prophage bIL311,Flavisolibacter,1.0,0.7259417772293091,0.8629708886146545
Lactococcus phage Q54,Tumebacillus,0.9973725080490112,0.7279601693153381,0.8626663386821747
Staphylococcus phage 47,Flavisolibacter,0.9962289929389954,0.7288164496421814,0.8625227212905884
Enterobacteria phage IME08,Flavisolibacter,0.9984270334243774,0.7264417409896851,0.8624343872070312
Bacillus phage PM1 DNA,Bacillus oryzisoli,1.0,0.724658191204071,0.8623290956020355
Salmonella phage NR01,Segetibacter,0.9531278610229492,0.771393358707428,0.8622606098651886
Brevibacillus phage Jimmer1,Flavisolibacter,0.9999959468841552,0.7242253422737122,0.8621106445789337
Brevibacillus phage Abouo,Flavisolibacter,0.9999908208847046,0.7237786054611206,0.8618847131729126
Enterobacteria phage BP-4795,Tumebacillus,1.0,0.723696768283844,0.861848384141922
Bacillus phage Bobb,Segetibacter,0.9999948740005492,0.7235412001609802,0.8617680370807648
Bacillus phage BigBertha,Tumebacillus,0.8710050582885742,0.8522562384605408,0.8616306483745575
Thermus phage P74-26,Tumebacillus,0.9998193383216858,0.7232131958007812,0.8615162670612335
Escherichia phage 2 JES-2013,Flavisolibacter,0.9999562501907348,0.7230505347251892,0.861503392457962
Escherichia coli bacteriophage rv5,Flavisolibacter,0.9994328618049622,0.7235047817230225,0.8614688217639923
Yersinia phage PY54,Flavisolibacter,0.940301239490509,0.7821272015571594,0.8612142205238342
Phormidium phage Pf-WMP3,Segetibacter,0.9999991655349731,0.7220786213874817,0.8610388934612274
Bacillus phage 0305phi8-36,Segetibacter,0.9995717406272888,0.7224323153495789,0.8610020279884338
Salmonella phage 118970_sal4,Flavisolibacter,0.9805576801300048,0.740868866443634,0.8607132732868195
Clostridium phage phiMMP02,Tumebacillus,0.9997450709342957,0.7215918898582458,0.8606684803962708
Enterobacteria phage UAB_Phi20,Flavisolibacter,0.9999502897262572,0.7213324904441833,0.8606413900852203
Enterobacteria phage Sf6,Flavisolibacter,0.9999982118606568,0.7212182879447937,0.8606082499027252
Brevibacillus phage Jenst,Segetibacter,0.9999998807907104,0.7208316922187805,0.8604157865047455
Bacillus phage SPBc2,Flavisolibacter,0.9992535710334778,0.7213551998138428,0.8603043854236603
Xanthomonas phage CP1 DNA,Tumebacillus,0.9999997615814208,0.7205814719200134,0.8602906167507172
Providencia phage Redjac,Flavisolibacter,0.99817955493927,0.7223932147026062,0.8602863848209381
Citrobacter phage SH2,Tumebacillus,0.9999945163726808,0.7205410003662109,0.8602677583694458
Bacillus phage Bp8p-C,Bacillus oryzisoli,0.9795373678207396,0.7408539652824402,0.86019566655159
Enterococcus phage vB_EfaP_IME195,Flavisolibacter,1.0,0.7203356623649597,0.8601678311824799
Enterobacteria phage vB_EcoM_VR25,Flavisolibacter,0.9899333119392396,0.7303152680397034,0.8601242899894714
Citrobacter phage SH1,Tumebacillus,0.9999903440475464,0.7201371788978577,0.860063761472702
Xanthomonas phage Xp10,Tumebacillus,0.999954342842102,0.7197701334953308,0.8598622381687164
Rhodococcus phage Grayson,Segetibacter,0.9983556866645812,0.7211101055145264,0.8597328960895538
Arthrobacter phage Rings,Tumebacillus,0.9999995231628418,0.7193531394004822,0.859676331281662
Staphylococcus phage 92,Flavisolibacter,0.9999370574951172,0.7194114923477173,0.8596742749214172
Enterococcus phage vB_Efae230P-4,Flavisolibacter,0.9999946355819702,0.7191579341888428,0.8595762848854065
Staphylococcus phage 71,Flavisolibacter,0.999998927116394,0.7190679311752319,0.859533429145813
Pelagibacter phage HTVC008M,Flavisolibacter,0.999997615814209,0.7190088033676147,0.8595032095909119
Staphylococcus prophage phiN315,Flavisolibacter,0.9999997615814208,0.7187705039978027,0.8593851327896118
Citrobacter phage phiCFP-1,Tumebacillus,0.9999938011169434,0.718737006187439,0.8593654036521912
Cyanophage P-RSM6 genomic sequence,Segetibacter,1.0,0.7186689972877502,0.8593344986438751
Escherichia phage KBNP1711,Flavisolibacter,0.9856727123260498,0.7323005199432373,0.8589866161346436
Brevibacillus phage Jenst,Bacillus oryzisoli,0.9987792372703552,0.7191230654716492,0.8589511513710022
Lactococcus prophage bIL311,Tumebacillus,0.9999271631240844,0.7178898453712463,0.8589085042476654
Phage Gifsy-1,Tumebacillus,1.0,0.7175779938697815,0.8587889969348907
Klebsiella phage KP36,Tumebacillus,0.99996817111969,0.717404305934906,0.858686238527298
Bacillus phage AR9,Flavisolibacter,0.9999990463256836,0.7171804904937744,0.858589768409729
Enterobacteria phage HK620,Flavisolibacter,0.9999983310699464,0.7169474959373474,0.8584729135036469
Bacillus phage Bam35c,Flavisolibacter,0.9987961053848268,0.7180639505386353,0.858430027961731
Enterobacteria phage lambda,Tumebacillus,1.0,0.7163748145103455,0.8581874072551727
Sulfolobus monocaudavirus SMV4,Tumebacillus,0.9984439015388488,0.7174837589263916,0.8579638302326202
"Stx2-converting phage 1717, complete prophage genome",Tumebacillus,1.0,0.7158559560775757,0.8579279780387878
Staphylococcus phage SA12,Flavisolibacter,0.9999995231628418,0.7153385877609253,0.8576690554618835
Enterobacteria phage T4,Segetibacter,0.998230278491974,0.7170813083648682,0.857655793428421
Vibrio phage VpV262,Flavisolibacter,0.9999995231628418,0.7152180671691895,0.8576087951660156
Enterococcus phage phiEf11,Flavisolibacter,0.9995125532150269,0.7151305079460144,0.8573215305805206
Pectobacterium phage phiTE,Tumebacillus,0.9996129870414734,0.7145305275917053,0.8570717573165894
Synechococcus phage S-CBP1,Flavisolibacter,0.9999980926513672,0.7139146327972412,0.8569563627243042
Bacillus phage phIS3501,Flavisolibacter,0.9978356957435608,0.7158619165420532,0.856848806142807
Staphylococcus phage phi2958PVL,Flavisolibacter,0.9994470477104188,0.7139499187469482,0.8566984832286835
Enterobacteria phage ES18,Flavisolibacter,0.9999974966049194,0.7132810354232788,0.8566392660140991
Salmonella phage RE-2010,Flavisolibacter,0.9999374151229858,0.7133398652076721,0.856638640165329
Shigella phage pSb-1,Segetibacter,0.999935746192932,0.7131810188293457,0.8565583825111389
Staphylococcus phage SA1,Bacillus oryzisoli,1.0,0.712945282459259,0.8564726412296295
Staphylococcus phage DW2,Flavisolibacter,0.9999997615814208,0.7128601670265198,0.8564299643039703
Staphylococcus phage PH15,Bacillus oryzisoli,0.8742110729217529,0.8383479714393616,0.8562795221805573
Sulfolobus monocaudavirus SMV1 complete genome,Flavisolibacter,0.9999998807907104,0.7122880816459656,0.856143981218338
Yersinia pestis phage phiA1122,Flavisolibacter,0.9988839030265808,0.7131613492965698,0.8560226261615753
Arthrobacter phage Nellie,Flavisolibacter,0.9999997615814208,0.7117084264755249,0.8558540940284729
Arthrobacter phage Adat,Flavisolibacter,0.9999997615814208,0.7116783261299133,0.8558390438556671
Salmonella phage SEN22,Flavisolibacter,0.9996707439422609,0.7118770480155945,0.8557738959789276
Klebsiella phage phiKO2,Tumebacillus,0.9999960660934448,0.7114344835281372,0.855715274810791
Staphylococcus phage P108,Tumebacillus,0.9894447922706604,0.7217216491699219,0.8555832207202911
Staphylococcus phage 69,Flavisolibacter,0.9999921321868896,0.7111154794692993,0.8555538058280945
Dinoroseobacter phage DFL12phi1,Tumebacillus,0.9998785257339478,0.711152195930481,0.8555153608322144
Clostridium phage vB_CpeS-CP51,Bacillus oryzisoli,0.8906777501106262,0.8202713131904602,0.8554745316505432
Vibrio phage ICP2,Segetibacter,0.9983596205711364,0.7124527096748352,0.8554061651229858
Bacillus phage BCD7,Segetibacter,1.0,0.710458517074585,0.8552292585372925
Staphylococcus phage phiJB,Flavisolibacter,0.999953269958496,0.710396409034729,0.8551748394966125
Enterobacteriaphage UAB_Phi87,Segetibacter,0.9523560404777528,0.7579669952392578,0.8551615178585052
Corynebacterium phage C3PO,Tumebacillus,0.9999979734420776,0.7103152275085449,0.8551566004753113
Lactococcus phage Q54,Flavisolibacter,1.0,0.7102721929550171,0.8551360964775085
Salmonella phage vB_SenS-Ent2 complete genome,Tumebacillus,0.9999985694885254,0.7098174095153809,0.8549079895019531
Xanthomonas phage Xop411,Tumebacillus,0.9803884029388428,0.7293655872344971,0.8548769950866699
Aeromonas phage CC2,Flavisolibacter,0.9999009370803832,0.7097124457359314,0.8548066914081573
Enterobacteria phage Bp7,Segetibacter,0.9988583326339722,0.7105603218078613,0.8547093272209167
Staphylococcus phage Stau2,Tumebacillus,0.9999889135360718,0.7093634009361267,0.8546761572360992
Vibrio phage ICP2_2013_A_Haiti,Segetibacter,0.9996705055236816,0.7095401287078857,0.8546053171157837
Clostridium phage phiCD211,Flavisolibacter,0.997965693473816,0.7110300064086914,0.8544978499412537
Enterobacteria phage phiP27,Tumebacillus,0.9999998807907104,0.7089900970458984,0.8544949889183044
Salmonella phage Vi06 complete sequence,Flavisolibacter,0.9978927969932556,0.7110950350761414,0.8544939160346985
Edwardsiella phage PEi20 DNA,Flavisolibacter,0.9989798665046692,0.7098103165626526,0.8543950915336609
Arthrobacter phage Jasmine,Flavisolibacter,0.9999997615814208,0.7087050080299377,0.8543523848056793
Salmonella phage RE-2010,Tumebacillus,0.9999996423721312,0.7086687684059143,0.8543342053890228
Phage cdtI DNA,Flavisolibacter,0.999894380569458,0.7086808085441589,0.8542875945568085
Lactobacillus phage A2,Segetibacter,1.0,0.7085238695144653,0.8542619347572327
Staphylococcus phage 88,Flavisolibacter,0.999175488948822,0.7091240882873535,0.8541497886180878
Pseudomonas phage phiKZ,Bacillus oryzisoli,0.9297282695770264,0.7784891724586487,0.8541087210178375
Enterobacter phage E-2,Tumebacillus,1.0,0.7080405354499817,0.8540202677249908
Corynebacterium phage Cruella,Tumebacillus,0.999997854232788,0.7079104781150818,0.8539541661739349
Enterobacter phage Enc34,Tumebacillus,0.999968409538269,0.7079256176948547,0.8539470136165619
Lelliottia phage phD2B,Tumebacillus,0.9999994039535522,0.7078885436058044,0.8539439737796783
Escherichia phage phiV10,Flavisolibacter,0.9999985694885254,0.7077694535255432,0.8538840115070343
Salmonella phage SEN34,Flavisolibacter,0.9999922513961792,0.7077152729034424,0.8538537621498108
Stx2-converting phage 86,Flavisolibacter,0.9999949932098388,0.7076146602630615,0.8538048267364502
Pseudomonas phage O4,Bacillus oryzisoli,0.9997504353523254,0.707836925983429,0.8537936806678772
Vibrio phage pYD21-A genomic sequence,Segetibacter,1.0,0.707263708114624,0.853631854057312
Staphylococcus phage 85,Flavisolibacter,1.0,0.7069810628890991,0.8534905314445496
Shigella phage 75/02 Stx,Flavisolibacter,0.9999990463256836,0.7068543434143066,0.8534266948699951
Bacillus phage BCD7,Bacillus oryzisoli,0.9999067783355712,0.7068954110145569,0.8534010946750641
Clostridium phage phiMMP04,Flavisolibacter,1.0,0.7065907120704651,0.8532953560352325
Salmonella phage phiSG-JL2,Tumebacillus,0.9999712705612184,0.7065356969833374,0.8532534837722778
Cronobacter phage Dev2 complete genome,Tumebacillus,0.977477490901947,0.7287977337837219,0.8531376123428345
Shigella phage Shfl1,Flavisolibacter,0.9652018547058104,0.7407344579696655,0.852968156337738
Pectobacterium phage ZF40,Tumebacillus,0.9999995231628418,0.7057585716247559,0.8528790473937988
Salmonella phage SPN1S,Tumebacillus,0.9998594522476196,0.7056153416633606,0.8527373969554901
Salmonella phage E1,Flavisolibacter,0.9999997615814208,0.7054722309112549,0.8527359962463379
Vibrio phage pYD38-A genomic sequence,Flavisolibacter,0.9999997615814208,0.7054582238197327,0.8527289927005768
Salmonella phage SSU5,Tumebacillus,0.9924690127372742,0.7129534482955933,0.8527112305164337
Cyanophage MED4-213,Segetibacter,1.0,0.7052589654922485,0.8526294827461243
Sinorhizobium phage phiM12,Tumebacillus,0.9999822378158568,0.7051597237586975,0.8525709807872772
Clostridium phage phiSM101,Flavisolibacter,0.9994016885757446,0.7054979205131531,0.8524498045444489
Yersinia phage phiYeO3-12,Tumebacillus,0.997170388698578,0.7077187299728394,0.8524445593357086
Staphylococcus phage 42e,Flavisolibacter,0.999990940093994,0.7048718333244324,0.8524313867092133
Bacillus prophage phBC6A52,Flavisolibacter,0.9999998807907104,0.7046576738357544,0.8523287773132324
Salmonella enterica bacteriophage SE1,Flavisolibacter,0.98128741979599,0.7230862975120544,0.8521868586540222
Staphylococcus phage StauST398-5,Flavisolibacter,1.0,0.7038320899009705,0.8519160449504852
Enterobacteria phage P88,Tumebacillus,0.998630166053772,0.7051101922988892,0.8518701791763306
Enterobacteria phage P4,Flavisolibacter,0.9999997615814208,0.7036148309707642,0.8518072962760925
Klebsiella phage Sushi,Tumebacillus,0.9999163150787354,0.7034292817115784,0.8516727983951569
Brevibacillus phage Osiris,Flavisolibacter,0.9999709129333496,0.7032568454742432,0.8516138792037964
Escherichia phage D108,Tumebacillus,0.9992327690124512,0.7036837339401245,0.8514582514762878
Staphylococcus phage GH15,Tumebacillus,0.9826556444168092,0.7202593684196472,0.8514575064182281
Ostreococcus tauri virus 2,Flavisolibacter,0.9918615818023682,0.7108161449432373,0.8513388633728027
Lactobacillus phage A2,Bacillus oryzisoli,0.9999997615814208,0.7025127410888672,0.851256251335144
Iodobacteriophage phiPLPE,Flavisolibacter,0.9995600581169128,0.7025628089904785,0.8510614335536957
Vibrio phage pYD21-A genomic sequence,Bacillus oryzisoli,1.0,0.7019433975219727,0.8509716987609863
Cronobacter phage PBES 02,Tumebacillus,0.999945878982544,0.7018834948539734,0.8509146869182587
Staphylococcus phage SA1,Segetibacter,1.0,0.7013066411018372,0.8506533205509186
Bacillus phage GIL16c,Flavisolibacter,0.975410223007202,0.7258375287055969,0.8506238758563995
Staphylococcus phage phiSA012 DNA,Tumebacillus,0.9785231351852416,0.7226875424385071,0.8506053388118744
Staphylococcus phage CNPH82,Flavisolibacter,0.9999797344207764,0.7011280655860901,0.8505539000034332
Bacillus phage PfEFR-5,Flavisolibacter,1.0,0.7010891437530518,0.8505445718765259
Erwinia phage vB_EamM_Phobos,Tumebacillus,0.9999998807907104,0.7006959915161133,0.8503479361534119
Acinetobacter phage IME_AB3,Segetibacter,1.0,0.7004218101501465,0.8502109050750732
Sulfolobus monocaudavirus SMV1 complete genome,Tumebacillus,0.9928284287452698,0.7073335647583008,0.8500809967517853
