Source,Target,key_gene_output,wgs_output,Weight
NC_011142,taxid_2479367_Buttiauxella_sp_3AFRM03,0.9971157312393188,0.7449613809585571,0.871038556098938
NC_021532,taxid_2479367_Buttiauxella_sp_3AFRM03,0.9991858601570128,0.7909663915634155,0.8950761258602142
NC_021532,taxid_1590_Lactiplantibacillus_plantarum,0.9999878406524658,0.7365003824234009,0.8682441115379333
NC_021532,taxid_33968_Leuconostoc_pseudomesenteroides,0.999955415725708,0.7656466960906982,0.8828010559082031
NC_021532,taxid_1610_Lactobacillus_coryniformis,0.9922593235969543,0.7097889184951782,0.8510241210460663
NC_019549,taxid_1245_Leuconostoc_mesenteroides,1.0,0.7473981976509094,0.8736990988254547
NC_019549,taxid_1737571_Bacillus_oryzisoli,0.9999998807907104,0.7969673871994019,0.8984836339950562
NC_019549,taxid_33968_Leuconostoc_pseudomesenteroides,1.0,0.7773170471191406,0.8886585235595703
NC_019549,taxid_185300_Paludibacter_propionicigenes,1.0,0.7932817935943604,0.8966408967971802
NC_019549,taxid_165096_Weissella_koreensis,0.9999972581863404,0.7513088583946228,0.8756530582904816
NC_019549,GENERO_Lacrimispora_94868,1.0,0.8107160329818726,0.9053580164909363
NC_019549,GENERO_Lactococcus_1358,1.0,0.7254388928413391,0.8627194464206696
NC_019549,taxid_293371_Lactobacillus_oligofermentans,1.0,0.719476580619812,0.859738290309906
NC_019549,taxid_1397_Bacillus_circulans,1.0,0.7074536681175232,0.8537268340587616
NC_019549,taxid_1129792_Weissella_oryzae,1.0,0.7565390467643738,0.8782695233821869
NC_019549,taxid_1297750_Bacteroides_luti,1.0,0.7434099316596985,0.8717049658298492
NC_027335,taxid_33964_Leuconostoc_citreum,0.9999871253967284,0.7090854644775391,0.8545362949371338
NC_027335,taxid_1590_Lactiplantibacillus_plantarum,0.9999964237213136,0.7317761182785034,0.8658862709999084
NC_027335,taxid_1245_Leuconostoc_mesenteroides,1.0,0.8022623062133789,0.9011311531066895
NC_027335,taxid_1737571_Bacillus_oryzisoli,1.0,0.8453063368797302,0.9226531684398651
NC_027335,taxid_33968_Leuconostoc_pseudomesenteroides,1.0,0.8209855556488037,0.9104927778244019
NC_027335,taxid_28038_Lactobacillus_curvatus,1.0,0.7214059829711914,0.8607029914855957
NC_027335,taxid_1358_Lactococcus_lactis,0.999997854232788,0.727975070476532,0.86398646235466
NC_027335,taxid_185300_Paludibacter_propionicigenes,1.0,0.837053120136261,0.9185265600681305
NC_027335,taxid_147709_Carnobacterium_inhibens,0.9999998807907104,0.7366160154342651,0.8683079481124878
NC_027335,taxid_165096_Weissella_koreensis,0.9988590478897096,0.8052937388420105,0.90207639336586
NC_027335,GENERO_Lacrimispora_94868,1.0,0.8562151789665222,0.9281075894832611
NC_027335,GENERO_Lactococcus_1358,1.0,0.7858099937438965,0.8929049968719482
NC_027335,taxid_293371_Lactobacillus_oligofermentans,1.0,0.7805384993553162,0.8902692496776581
NC_027335,taxid_879969_Macellibacteroides_fermentans,0.9999998807907104,0.7352606654167175,0.867630273103714
NC_027335,taxid_1397_Bacillus_circulans,1.0,0.7727891802787781,0.886394590139389
NC_027335,taxid_1129792_Weissella_oryzae,0.9999982118606568,0.8112367987632751,0.9056175053119659
NC_027335,taxid_1610_Lactobacillus_coryniformis,0.99999737739563,0.7393254041671753,0.8696613907814026
NC_027335,taxid_642589_Caproiciproducens_galactitolivorans,0.9999735355377196,0.7031599879264832,0.8515667617321014
NC_027335,taxid_1297750_Bacteroides_luti,1.0,0.7968922853469849,0.8984461426734924
NC_003216,taxid_1245_Leuconostoc_mesenteroides,0.999964952468872,0.8002293109893799,0.900097131729126
NC_003216,taxid_2751_Carnobacterium_maltaromaticum,0.9999338388442992,0.7428878545761108,0.8714108467102051
NC_003216,taxid_1737571_Bacillus_oryzisoli,0.9999998807907104,0.8594298958778381,0.9297148883342743
NC_003216,taxid_33968_Leuconostoc_pseudomesenteroides,0.996250569820404,0.8085998892784119,0.902425229549408
NC_003216,taxid_1358_Lactococcus_lactis,0.999991774559021,0.7781652808189392,0.8890785276889801
NC_003216,taxid_185300_Paludibacter_propionicigenes,1.0,0.8397940397262573,0.9198970198631287
NC_003216,taxid_147709_Carnobacterium_inhibens,1.0,0.7904841303825378,0.8952420651912689
NC_003216,GENERO_Lacrimispora_94868,0.9999997615814208,0.8350808024406433,0.9175402820110321
NC_003216,GENERO_Lactococcus_1358,1.0,0.7971011996269226,0.8985505998134613
NC_003216,taxid_293371_Lactobacillus_oligofermentans,0.9999988079071044,0.8098741173744202,0.9049364626407623
NC_003216,taxid_1397_Bacillus_circulans,1.0,0.8170182108879089,0.9085091054439545
NC_003216,taxid_1129792_Weissella_oryzae,0.9281465411186218,0.8036311864852905,0.8658888638019562
NC_003216,taxid_1297750_Bacteroides_luti,1.0,0.8237587213516235,0.9118793606758118
NC_001902,taxid_1590_Lactiplantibacillus_plantarum,0.9999994039535522,0.7155420184135437,0.857770711183548
NC_001902,taxid_1245_Leuconostoc_mesenteroides,1.0,0.7669649720191956,0.8834824860095978
NC_001902,taxid_1737571_Bacillus_oryzisoli,1.0,0.8091548085212708,0.9045774042606354
NC_001902,taxid_33968_Leuconostoc_pseudomesenteroides,1.0,0.7997545599937439,0.899877279996872
NC_001902,taxid_185300_Paludibacter_propionicigenes,1.0,0.8011014461517334,0.9005507230758667
NC_001902,taxid_165096_Weissella_koreensis,0.9999998807907104,0.7652326226234436,0.882616251707077
NC_001902,GENERO_Lacrimispora_94868,1.0,0.8284364342689514,0.9142182171344757
NC_001902,GENERO_Lactococcus_1358,1.0,0.7363668084144592,0.8681834042072296
NC_001902,taxid_293371_Lactobacillus_oligofermentans,1.0,0.7310879826545715,0.8655439913272858
NC_001902,taxid_879969_Macellibacteroides_fermentans,1.0,0.7048805356025696,0.8524402678012848
NC_001902,taxid_1129792_Weissella_oryzae,1.0,0.7784618139266968,0.8892309069633484
NC_001902,taxid_1610_Lactobacillus_coryniformis,0.9999994039535522,0.7217684388160706,0.8608839213848114
NC_001902,taxid_1297750_Bacteroides_luti,1.0,0.7298893928527832,0.8649446964263916
NC_031280,taxid_2479367_Buttiauxella_sp_3AFRM03,0.9989930987358092,0.7989890575408936,0.8989910781383514
NC_031280,taxid_1590_Lactiplantibacillus_plantarum,0.9999998807907104,0.7342249155044556,0.867112398147583
NC_031280,taxid_1245_Leuconostoc_mesenteroides,1.0,0.734977662563324,0.867488831281662
NC_031280,taxid_1737571_Bacillus_oryzisoli,0.9999974966049194,0.7884734272956848,0.8942354619503021
NC_031280,taxid_33968_Leuconostoc_pseudomesenteroides,1.0,0.7734985947608948,0.8867492973804474
NC_031280,taxid_185300_Paludibacter_propionicigenes,0.9999998807907104,0.7837435007095337,0.8918716907501221
NC_031280,taxid_165096_Weissella_koreensis,0.9789902567863464,0.7294545769691467,0.8542224168777466
NC_031280,GENERO_Lacrimispora_94868,0.9999988079071044,0.8325996398925781,0.9162992238998413
NC_031280,GENERO_Lactococcus_1358,1.0,0.7011083960533142,0.8505541980266571
NC_031280,taxid_879969_Macellibacteroides_fermentans,0.9999966621398926,0.7016241550445557,0.8508104085922241
NC_031280,taxid_1129792_Weissella_oryzae,0.9999995231628418,0.7512073516845703,0.875603437423706
NC_031280,taxid_1610_Lactobacillus_coryniformis,0.9999990463256836,0.7242753505706787,0.8621371984481812
NC_031280,taxid_642589_Caproiciproducens_galactitolivorans,0.9997650980949402,0.7050715088844299,0.8524183034896851
NC_031280,taxid_1297750_Bacteroides_luti,0.9999986886978148,0.7099205851554871,0.854959636926651
NC_021558,taxid_1245_Leuconostoc_mesenteroides,1.0,0.7179850339889526,0.8589925169944763
NC_021558,taxid_1737571_Bacillus_oryzisoli,0.9999996423721312,0.7722196578979492,0.8861096501350403
NC_021558,taxid_33968_Leuconostoc_pseudomesenteroides,1.0,0.7585594058036804,0.8792797029018402
NC_021558,taxid_185300_Paludibacter_propionicigenes,1.0,0.7706187963485718,0.8853093981742859
NC_021558,taxid_165096_Weissella_koreensis,0.9999551773071288,0.717071533203125,0.858513355255127
NC_021558,GENERO_Lacrimispora_94868,0.9999995231628418,0.8040950298309326,0.9020472764968872
NC_021558,taxid_1129792_Weissella_oryzae,0.9999998807907104,0.7299351692199707,0.8649675250053406
KX774321,taxid_2479367_Buttiauxella_sp_3AFRM03,0.9837380647659302,0.7961089015007019,0.889923483133316
KX774321,taxid_1590_Lactiplantibacillus_plantarum,0.9999957084655762,0.7103471755981445,0.8551714420318604
NC_019931,taxid_1245_Leuconostoc_mesenteroides,0.9999997615814208,0.7595068216323853,0.8797532916069031
NC_019931,taxid_2751_Carnobacterium_maltaromaticum,1.0,0.7497720122337341,0.8748860061168671
NC_019931,taxid_1737571_Bacillus_oryzisoli,1.0,0.8405386209487915,0.9202693104743958
NC_019931,taxid_33968_Leuconostoc_pseudomesenteroides,0.9998352527618408,0.7639569640159607,0.8818961083889008
NC_019931,taxid_1358_Lactococcus_lactis,0.9999998807907104,0.7722787261009216,0.886139303445816
NC_019931,taxid_185300_Paludibacter_propionicigenes,1.0,0.8044732809066772,0.9022366404533386
NC_019931,taxid_147709_Carnobacterium_inhibens,1.0,0.7890945076942444,0.8945472538471222
NC_019931,taxid_165096_Weissella_koreensis,0.999543070793152,0.8068483471870422,0.903195708990097
NC_019931,GENERO_Lacrimispora_94868,1.0,0.7901511192321777,0.8950755596160889
NC_019931,GENERO_Lactococcus_1358,1.0,0.7623828053474426,0.8811914026737213
NC_019931,taxid_293371_Lactobacillus_oligofermentans,1.0,0.7893998622894287,0.8946999311447144
NC_019931,taxid_1397_Bacillus_circulans,1.0,0.8226134181022644,0.9113067090511322
NC_019931,taxid_1129792_Weissella_oryzae,0.9984233379364014,0.7636289000511169,0.8810261189937592
NC_019931,taxid_1297750_Bacteroides_luti,1.0,0.8111933469772339,0.9055966734886169
NC_029024,taxid_1245_Leuconostoc_mesenteroides,1.0,0.7833961248397827,0.8916980624198914
NC_029024,taxid_2751_Carnobacterium_maltaromaticum,0.9999969005584716,0.7313029766082764,0.865649938583374
NC_029024,taxid_1737571_Bacillus_oryzisoli,1.0,0.8494400382041931,0.9247200191020966
NC_029024,taxid_33968_Leuconostoc_pseudomesenteroides,1.0,0.7913410663604736,0.8956705331802368
NC_029024,taxid_1358_Lactococcus_lactis,0.9999998807907104,0.7687274813652039,0.8843636810779572
NC_029024,taxid_185300_Paludibacter_propionicigenes,1.0,0.826562762260437,0.9132813811302185
NC_029024,taxid_147709_Carnobacterium_inhibens,1.0,0.7825154066085815,0.8912577033042908
NC_029024,taxid_165096_Weissella_koreensis,0.9999945163726808,0.816206157207489,0.9081003367900848
NC_029024,GENERO_Lacrimispora_94868,1.0,0.8268028497695923,0.9134014248847961
NC_029024,GENERO_Lactococcus_1358,1.0,0.7797486782073975,0.8898743391036987
NC_029024,taxid_293371_Lactobacillus_oligofermentans,1.0,0.7965477108955383,0.8982738554477692
NC_029024,taxid_1397_Bacillus_circulans,1.0,0.8135821223258972,0.9067910611629486
NC_029024,taxid_1129792_Weissella_oryzae,0.9999998807907104,0.7857773900032043,0.8928886353969574
NC_029024,taxid_1297750_Bacteroides_luti,1.0,0.813983678817749,0.9069918394088745
NC_031054,taxid_1590_Lactiplantibacillus_plantarum,0.9999970197677612,0.7138658761978149,0.8569314479827881
NC_031054,taxid_1245_Leuconostoc_mesenteroides,1.0,0.7443518042564392,0.8721759021282196
NC_031054,taxid_1737571_Bacillus_oryzisoli,0.9999996423721312,0.7950818538665771,0.8975407481193542
NC_031054,taxid_33968_Leuconostoc_pseudomesenteroides,0.9999998807907104,0.7791956067085266,0.8895977437496185
NC_031054,taxid_185300_Paludibacter_propionicigenes,1.0,0.7882923483848572,0.8941461741924286
NC_031054,taxid_165096_Weissella_koreensis,0.9741775989532472,0.7387238144874573,0.8564507067203522
NC_031054,GENERO_Lacrimispora_94868,0.9999992847442628,0.8326115608215332,0.916305422782898
NC_031054,GENERO_Lactococcus_1358,1.0,0.7122688293457031,0.8561344146728516
NC_031054,taxid_1129792_Weissella_oryzae,0.999997615814209,0.7590765953063965,0.8795371055603027
NC_031054,taxid_1610_Lactobacillus_coryniformis,0.9999924898147584,0.7103144526481628,0.8551534712314606
NC_031054,taxid_1297750_Bacteroides_luti,0.9999985694885254,0.7162243127822876,0.8581114411354065
NC_019501,taxid_2479367_Buttiauxella_sp_3AFRM03,0.9999996423721312,0.7461453676223755,0.8730725049972534
NC_019501,GENERO_Lacrimispora_94868,0.9865583777427672,0.7310575842857361,0.8588079810142517
NC_006936,taxid_1245_Leuconostoc_mesenteroides,0.9991025924682616,0.7847327589988708,0.8919176757335663
NC_006936,taxid_1737571_Bacillus_oryzisoli,0.990006387233734,0.8276020884513855,0.9088042378425598
NC_006936,taxid_33968_Leuconostoc_pseudomesenteroides,0.9604792594909668,0.8129987120628357,0.8867389857769012
NC_006936,taxid_185300_Paludibacter_propionicigenes,0.9999939203262328,0.8238753080368042,0.9119346141815186
NC_006936,GENERO_Lacrimispora_94868,0.9999616146087646,0.8421297669410706,0.9210456907749176
NC_006936,GENERO_Lactococcus_1358,0.9999539852142334,0.7615863084793091,0.8807701468467712
NC_006936,taxid_293371_Lactobacillus_oligofermentans,0.9967417120933532,0.7573556900024414,0.8770487010478973
NC_006936,taxid_879969_Macellibacteroides_fermentans,0.9999723434448242,0.7267242074012756,0.8633482754230499
NC_006936,taxid_1397_Bacillus_circulans,0.9999377727508544,0.7355879545211792,0.8677628636360168
NC_006936,taxid_1297750_Bacteroides_luti,0.9999958276748656,0.7709416151046753,0.8854687213897705
NC_028956,taxid_1590_Lactiplantibacillus_plantarum,0.972648859024048,0.7314112186431885,0.8520300388336182
NC_028956,taxid_1245_Leuconostoc_mesenteroides,0.9999715089797974,0.7704409956932068,0.8852062523365021
NC_028956,taxid_33968_Leuconostoc_pseudomesenteroides,0.9999347925186156,0.8018344640731812,0.9008846282958984
NC_028956,taxid_28038_Lactobacillus_curvatus,0.9982448816299438,0.7103265523910522,0.854285717010498
NC_028956,taxid_185300_Paludibacter_propionicigenes,0.99995756149292,0.8138923048973083,0.9069249331951141
NC_028956,GENERO_Lacrimispora_94868,0.9986187219619752,0.8383581042289734,0.9184884130954742
NC_028956,GENERO_Lactococcus_1358,0.9999732971191406,0.7459600567817688,0.8729666769504547
NC_028956,taxid_293371_Lactobacillus_oligofermentans,0.997905135154724,0.7402610182762146,0.8690830767154694
NC_028956,taxid_879969_Macellibacteroides_fermentans,0.9991729855537416,0.7332441210746765,0.866208553314209
NC_028956,taxid_1397_Bacillus_circulans,0.9852654337882996,0.7196412682533264,0.852453351020813
NC_028956,taxid_1129792_Weissella_oryzae,0.9750866293907166,0.7798710465431213,0.877478837966919
NC_028956,taxid_1610_Lactobacillus_coryniformis,0.978232204914093,0.7319818139076233,0.8551070094108582
NC_028956,taxid_1297750_Bacteroides_luti,0.9953691363334656,0.7609573602676392,0.8781632483005524
NC_020835,taxid_1590_Lactiplantibacillus_plantarum,0.9999998807907104,0.7222542762756348,0.8611270785331726
NC_020835,taxid_1737571_Bacillus_oryzisoli,1.0,0.7328051328659058,0.8664025664329529
NC_020835,taxid_33968_Leuconostoc_pseudomesenteroides,1.0,0.7306336164474487,0.8653168082237244
NC_020835,taxid_185300_Paludibacter_propionicigenes,1.0,0.7281301021575928,0.8640650510787964
NC_020835,GENERO_Lacrimispora_94868,1.0,0.7904590368270874,0.8952295184135437
NC_020835,taxid_1129792_Weissella_oryzae,1.0,0.7067024111747742,0.8533512055873871
NC_009552,taxid_2479367_Buttiauxella_sp_3AFRM03,0.9748077988624572,0.7260231375694275,0.8504154682159424
NC_009552,taxid_1590_Lactiplantibacillus_plantarum,0.9999996423721312,0.7013725638389587,0.850686103105545
NC_009552,taxid_1245_Leuconostoc_mesenteroides,0.9999998807907104,0.7405582070350647,0.8702790439128876
NC_009552,taxid_1737571_Bacillus_oryzisoli,0.9999920129776,0.791679859161377,0.8958359360694885
NC_009552,taxid_33968_Leuconostoc_pseudomesenteroides,0.9999998807907104,0.7776306867599487,0.8888152837753296
NC_009552,taxid_185300_Paludibacter_propionicigenes,0.9999986886978148,0.7852123975753784,0.8926055431365967
NC_009552,taxid_165096_Weissella_koreensis,0.9926854372024536,0.7404235601425171,0.8665544986724854
NC_009552,GENERO_Lacrimispora_94868,0.99996018409729,0.8131651282310486,0.9065626561641693
NC_009552,GENERO_Lactococcus_1358,1.0,0.7093685269355774,0.8546842634677887
NC_009552,taxid_293371_Lactobacillus_oligofermentans,0.9999994039535522,0.70027756690979,0.8501384854316711
NC_009552,taxid_1129792_Weissella_oryzae,0.9999991655349731,0.7531196475028992,0.8765594065189362
NC_009552,taxid_1610_Lactobacillus_coryniformis,0.9999983310699464,0.7053167223930359,0.8526575267314911
NC_009552,taxid_1297750_Bacteroides_luti,0.9999561309814452,0.7140030264854431,0.8569795787334442
NC_023585,taxid_1245_Leuconostoc_mesenteroides,0.9999997615814208,0.8097106218338013,0.9048551917076111
NC_023585,taxid_2751_Carnobacterium_maltaromaticum,0.9997238516807556,0.7538340091705322,0.8767789304256439
NC_023585,taxid_1737571_Bacillus_oryzisoli,0.9999997615814208,0.8594708442687988,0.9297353029251099
NC_023585,taxid_33968_Leuconostoc_pseudomesenteroides,0.999981164932251,0.813266396522522,0.9066237807273865
NC_023585,taxid_1358_Lactococcus_lactis,0.9999403953552246,0.7852665185928345,0.8926034569740295
NC_023585,taxid_185300_Paludibacter_propionicigenes,1.0,0.8396260142326355,0.9198130071163177
NC_023585,taxid_147709_Carnobacterium_inhibens,0.9999998807907104,0.7940170764923096,0.89700847864151
NC_023585,taxid_165096_Weissella_koreensis,0.979172706604004,0.830271303653717,0.9047220051288605
NC_023585,GENERO_Lacrimispora_94868,1.0,0.8292292952537537,0.9146146476268768
NC_023585,GENERO_Lactococcus_1358,1.0,0.8048710823059082,0.9024355411529541
NC_023585,taxid_293371_Lactobacillus_oligofermentans,0.9999997615814208,0.8131882548332214,0.9065940082073212
NC_023585,taxid_1397_Bacillus_circulans,1.0,0.8253726363182068,0.9126863181591034
NC_023585,taxid_1129792_Weissella_oryzae,0.9994644522666932,0.8128246665000916,0.9061445593833923
NC_023585,taxid_1297750_Bacteroides_luti,1.0,0.8301275372505188,0.9150637686252594
NC_018087,taxid_1590_Lactiplantibacillus_plantarum,0.9999940395355223,0.7240382432937622,0.8620161414146423
NC_018087,taxid_33968_Leuconostoc_pseudomesenteroides,0.999996304512024,0.7337355613708496,0.8668659329414368
NC_018087,taxid_185300_Paludibacter_propionicigenes,0.9995330572128296,0.7377158999443054,0.8686244785785675
NC_018087,GENERO_Lacrimispora_94868,0.98190039396286,0.7956730127334595,0.8887867033481598
NC_018087,taxid_1129792_Weissella_oryzae,0.9959702491760254,0.7102537155151367,0.853111982345581
NC_021773,taxid_1245_Leuconostoc_mesenteroides,1.0,0.7686256766319275,0.8843128383159637
NC_021773,taxid_2751_Carnobacterium_maltaromaticum,1.0,0.7498615980148315,0.8749307990074158
NC_021773,taxid_1737571_Bacillus_oryzisoli,1.0,0.8455872535705566,0.9227936267852783
NC_021773,taxid_33968_Leuconostoc_pseudomesenteroides,0.9999998807907104,0.7703730463981628,0.8851864635944366
NC_021773,taxid_1358_Lactococcus_lactis,1.0,0.7745760679244995,0.8872880339622498
NC_021773,taxid_185300_Paludibacter_propionicigenes,1.0,0.8143364787101746,0.9071682393550873
NC_021773,taxid_147709_Carnobacterium_inhibens,1.0,0.7950822710990906,0.8975411355495453
NC_021773,taxid_165096_Weissella_koreensis,0.9999998807907104,0.8139094114303589,0.9069546461105347
NC_021773,GENERO_Lacrimispora_94868,1.0,0.8023586869239807,0.9011793434619904
NC_021773,GENERO_Lactococcus_1358,1.0,0.7708273530006409,0.8854136765003204
NC_021773,taxid_293371_Lactobacillus_oligofermentans,1.0,0.7966902256011963,0.8983451128005981
NC_021773,taxid_1397_Bacillus_circulans,1.0,0.8280773162841797,0.9140386581420898
NC_021773,taxid_1129792_Weissella_oryzae,0.9999990463256836,0.7705888748168945,0.8852939605712891
NC_021773,taxid_1297750_Bacteroides_luti,1.0,0.8194882869720459,0.909744143486023
NC_031086,taxid_2479367_Buttiauxella_sp_3AFRM03,0.997856080532074,0.7556021809577942,0.8767291307449341
NC_031086,taxid_33964_Leuconostoc_citreum,1.0,0.7422387599945068,0.8711193799972534
NC_031086,taxid_1590_Lactiplantibacillus_plantarum,1.0,0.7397581934928894,0.8698790967464447
NC_031086,taxid_1245_Leuconostoc_mesenteroides,1.0,0.8144721388816833,0.9072360694408417
NC_031086,taxid_1737571_Bacillus_oryzisoli,0.999801218509674,0.8597642779350281,0.9297827482223511
NC_031086,taxid_33968_Leuconostoc_pseudomesenteroides,1.0,0.836289644241333,0.9181448221206665
NC_031086,taxid_28038_Lactobacillus_curvatus,0.9999998807907104,0.7478054761886597,0.8739026784896851
NC_031086,taxid_185300_Paludibacter_propionicigenes,0.9999997615814208,0.8509663343429565,0.9254830479621887
NC_031086,taxid_147709_Carnobacterium_inhibens,0.9735605120658876,0.754487156867981,0.8640238344669342
NC_031086,taxid_165096_Weissella_koreensis,0.9914416670799256,0.8233274817466736,0.9073845744132996
NC_031086,GENERO_Lacrimispora_94868,0.9999949932098388,0.8570942878723145,0.9285446405410767
NC_031086,GENERO_Lactococcus_1358,1.0,0.8012338876724243,0.9006169438362122
NC_031086,taxid_293371_Lactobacillus_oligofermentans,0.9999996423721312,0.7975644469261169,0.8987820446491241
NC_031086,taxid_879969_Macellibacteroides_fermentans,0.9999970197677612,0.7580433487892151,0.8790201842784882
NC_031086,taxid_1397_Bacillus_circulans,0.9997962117195128,0.7964956760406494,0.8981459438800812
NC_031086,taxid_1129792_Weissella_oryzae,0.9999998807907104,0.8240483403205872,0.9120241105556488
NC_031086,taxid_1610_Lactobacillus_coryniformis,0.9999997615814208,0.7483360767364502,0.8741679191589355
NC_031086,taxid_642589_Caproiciproducens_galactitolivorans,0.999666690826416,0.7069517374038696,0.8533092141151428
NC_031086,taxid_1297750_Bacteroides_luti,0.9999853372573853,0.8241056799888611,0.9120455086231232
NC_026609,taxid_1590_Lactiplantibacillus_plantarum,0.9999995231628418,0.7108086943626404,0.8554041087627411
NC_026609,taxid_1245_Leuconostoc_mesenteroides,1.0,0.7787907719612122,0.8893953859806061
NC_026609,taxid_1737571_Bacillus_oryzisoli,1.0,0.8170785307884216,0.9085392653942108
NC_026609,taxid_33968_Leuconostoc_pseudomesenteroides,1.0,0.8052806854248047,0.9026403427124023
NC_026609,taxid_28038_Lactobacillus_curvatus,1.0,0.7030834555625916,0.8515417277812958
NC_026609,taxid_185300_Paludibacter_propionicigenes,1.0,0.8169243931770325,0.9084621965885162
NC_026609,taxid_165096_Weissella_koreensis,1.0,0.7802525162696838,0.8901262581348419
NC_026609,GENERO_Lacrimispora_94868,1.0,0.8351691961288452,0.9175845980644226
NC_026609,GENERO_Lactococcus_1358,1.0,0.7574061751365662,0.8787030875682831
NC_026609,taxid_293371_Lactobacillus_oligofermentans,1.0,0.7515791654586792,0.8757895827293396
NC_026609,taxid_879969_Macellibacteroides_fermentans,1.0,0.7190504670143127,0.8595252335071564
NC_026609,taxid_1397_Bacillus_circulans,1.0,0.7330164313316345,0.8665082156658173
NC_026609,taxid_1129792_Weissella_oryzae,1.0,0.7868934869766235,0.8934467434883118
NC_026609,taxid_1610_Lactobacillus_coryniformis,0.9999997615814208,0.7175653576850891,0.858782559633255
NC_026609,taxid_1297750_Bacteroides_luti,1.0,0.766248881816864,0.883124440908432
NC_022774,taxid_1245_Leuconostoc_mesenteroides,0.9789958000183104,0.7639074921607971,0.8714516460895538
NC_022774,taxid_1737571_Bacillus_oryzisoli,0.9715355634689332,0.8164693713188171,0.8940024673938751
NC_022774,taxid_33968_Leuconostoc_pseudomesenteroides,0.9854143857955932,0.7856993079185486,0.8855568468570709
NC_022774,taxid_185300_Paludibacter_propionicigenes,0.9975124597549438,0.8114064335823059,0.9044594466686249
NC_022774,GENERO_Lacrimispora_94868,0.996995210647583,0.8305710554122925,0.9137831330299377
NC_022774,GENERO_Lactococcus_1358,0.9999854564666748,0.7454227209091187,0.8727040886878967
NC_022774,taxid_1397_Bacillus_circulans,0.9756513237953186,0.7330561280250549,0.8543537259101868
NC_011318,taxid_185300_Paludibacter_propionicigenes,0.9928669929504396,0.7998678684234619,0.8963674306869507
NC_011318,taxid_147709_Carnobacterium_inhibens,0.9998760223388672,0.7883896231651306,0.8941328227519989
NC_011318,GENERO_Lacrimispora_94868,0.9704369306564332,0.7818922996520996,0.8761646151542664
NC_011318,taxid_1397_Bacillus_circulans,0.9999970197677612,0.8257341980934143,0.9128656089305878
NC_011318,taxid_1297750_Bacteroides_luti,0.9999949932098388,0.8102591633796692,0.905127078294754
NC_023574,taxid_2479367_Buttiauxella_sp_3AFRM03,0.990132212638855,0.741360604763031,0.865746408700943
NC_023574,taxid_33964_Leuconostoc_citreum,0.9999998807907104,0.7126505970954895,0.8563252389431
NC_023574,taxid_1245_Leuconostoc_mesenteroides,1.0,0.8218667507171631,0.9109333753585815
NC_023574,taxid_2751_Carnobacterium_maltaromaticum,0.9999719858169556,0.7619786858558655,0.8809753358364105
NC_023574,taxid_1737571_Bacillus_oryzisoli,1.0,0.8729283809661865,0.9364641904830933
NC_023574,taxid_33968_Leuconostoc_pseudomesenteroides,1.0,0.8302483558654785,0.9151241779327393
NC_023574,taxid_28038_Lactobacillus_curvatus,1.0,0.7154459357261658,0.8577229678630829
NC_023574,taxid_1358_Lactococcus_lactis,0.9999998807907104,0.7957640290260315,0.897881954908371
NC_023574,taxid_185300_Paludibacter_propionicigenes,1.0,0.8564954996109009,0.9282477498054504
NC_023574,taxid_147709_Carnobacterium_inhibens,0.9999998807907104,0.8058017492294312,0.9029008150100708
NC_023574,taxid_165096_Weissella_koreensis,0.999980926513672,0.8447022438049316,0.9223415851593018
NC_023574,GENERO_Lacrimispora_94868,1.0,0.8586469292640686,0.9293234646320343
NC_023574,GENERO_Lactococcus_1358,1.0,0.8169789910316467,0.9084894955158234
NC_023574,taxid_293371_Lactobacillus_oligofermentans,1.0,0.8265002965927124,0.9132501482963562
NC_023574,taxid_879969_Macellibacteroides_fermentans,1.0,0.7297487258911133,0.8648743629455566
NC_023574,taxid_1397_Bacillus_circulans,1.0,0.8351498246192932,0.9175749123096466
NC_023574,taxid_1129792_Weissella_oryzae,1.0,0.8258053660392761,0.9129026830196381
NC_023574,taxid_1610_Lactobacillus_coryniformis,1.0,0.7203084230422974,0.8601542115211487
NC_023574,taxid_1297750_Bacteroides_luti,1.0,0.8388694524765015,0.9194347262382507
NC_023570,taxid_2479367_Buttiauxella_sp_3AFRM03,0.8992645144462585,0.8029723763465881,0.8511184453964233
NC_023570,taxid_33964_Leuconostoc_citreum,0.9977351427078248,0.710961103439331,0.8543481230735779
NC_023570,taxid_1590_Lactiplantibacillus_plantarum,0.9999879598617554,0.7583252787590027,0.879156619310379
NC_023570,taxid_1245_Leuconostoc_mesenteroides,0.9911654591560364,0.7776959538459778,0.8844307065010071
NC_023570,taxid_33968_Leuconostoc_pseudomesenteroides,0.9999932050704956,0.8082220554351807,0.9041076302528381
NC_023570,taxid_1129792_Weissella_oryzae,0.9579100608825684,0.7915636897087097,0.874736875295639
NC_023570,taxid_1610_Lactobacillus_coryniformis,0.9961522221565248,0.7485224604606628,0.8723373413085938
NC_024383,taxid_1245_Leuconostoc_mesenteroides,1.0,0.8018249273300171,0.9009124636650085
NC_024383,taxid_2751_Carnobacterium_maltaromaticum,0.999998927116394,0.7445709705352783,0.8722849488258362
NC_024383,taxid_1737571_Bacillus_oryzisoli,1.0,0.8565585017204285,0.9282792508602142
NC_024383,taxid_33968_Leuconostoc_pseudomesenteroides,1.0,0.8089904189109802,0.9044952094554901
NC_024383,taxid_1358_Lactococcus_lactis,1.0,0.7817831039428711,0.8908915519714355
NC_024383,taxid_185300_Paludibacter_propionicigenes,1.0,0.8388611078262329,0.9194305539131165
NC_024383,taxid_147709_Carnobacterium_inhibens,1.0,0.793584942817688,0.896792471408844
NC_024383,taxid_165096_Weissella_koreensis,0.9999995231628418,0.8298623561859131,0.9149309396743774
NC_024383,GENERO_Lacrimispora_94868,1.0,0.833735466003418,0.916867733001709
NC_024383,GENERO_Lactococcus_1358,1.0,0.7961180806159973,0.8980590403079987
NC_024383,taxid_293371_Lactobacillus_oligofermentans,1.0,0.8108460903167725,0.9054230451583862
NC_024383,taxid_1397_Bacillus_circulans,1.0,0.8229652047157288,0.9114826023578644
NC_024383,taxid_1129792_Weissella_oryzae,1.0,0.8033714890480042,0.9016857445240021
NC_024383,taxid_1297750_Bacteroides_luti,1.0,0.823424220085144,0.911712110042572
NC_024711,taxid_33964_Leuconostoc_citreum,0.9995593428611756,0.7369675040245056,0.8682634234428406
NC_024711,taxid_1590_Lactiplantibacillus_plantarum,0.9963614344596864,0.7324778437614441,0.8644196391105652
NC_024711,taxid_1245_Leuconostoc_mesenteroides,1.0,0.8272650241851807,0.9136325120925903
NC_024711,taxid_2751_Carnobacterium_maltaromaticum,1.0,0.756939709186554,0.878469854593277
NC_024711,taxid_1737571_Bacillus_oryzisoli,1.0,0.8743007779121399,0.93715038895607
NC_024711,taxid_33968_Leuconostoc_pseudomesenteroides,0.9999929666519164,0.8434032797813416,0.921698123216629
NC_024711,taxid_28038_Lactobacillus_curvatus,0.9999979734420776,0.7414993047714233,0.8707486391067505
NC_024711,taxid_1358_Lactococcus_lactis,1.0,0.7878442406654358,0.8939221203327179
NC_024711,taxid_185300_Paludibacter_propionicigenes,1.0,0.86246657371521,0.931233286857605
NC_024711,taxid_147709_Carnobacterium_inhibens,1.0,0.7990484237670898,0.8995242118835449
NC_024711,taxid_165096_Weissella_koreensis,0.999842405319214,0.8392397165298462,0.91954106092453
NC_024711,GENERO_Lacrimispora_94868,1.0,0.8700680732727051,0.9350340366363525
NC_024711,GENERO_Lactococcus_1358,1.0,0.8202450275421143,0.9101225137710571
NC_024711,taxid_293371_Lactobacillus_oligofermentans,1.0,0.8212686777114868,0.9106343388557434
NC_024711,taxid_879969_Macellibacteroides_fermentans,1.0,0.7546188235282898,0.8773094117641449
NC_024711,taxid_1397_Bacillus_circulans,1.0,0.8306626677513123,0.9153313338756561
NC_024711,taxid_1129792_Weissella_oryzae,0.9999159574508668,0.8367219567298889,0.9183189570903778
NC_024711,taxid_1610_Lactobacillus_coryniformis,0.9987659454345704,0.747549295425415,0.8731576204299927
NC_024711,taxid_1297750_Bacteroides_luti,1.0,0.8450116515159607,0.9225058257579803
NC_020416,taxid_2479367_Buttiauxella_sp_3AFRM03,0.999996781349182,0.7728418707847595,0.8864193260669708
NC_031923,taxid_33964_Leuconostoc_citreum,1.0,0.7239428162574768,0.8619714081287384
NC_031923,taxid_1590_Lactiplantibacillus_plantarum,1.0,0.754285454750061,0.8771427273750305
NC_031923,taxid_1245_Leuconostoc_mesenteroides,1.0,0.7928860187530518,0.8964430093765259
NC_031923,taxid_1737571_Bacillus_oryzisoli,1.0,0.8322622179985046,0.9161311089992523
NC_031923,taxid_33968_Leuconostoc_pseudomesenteroides,1.0,0.8188614249229431,0.9094307124614716
NC_031923,taxid_28038_Lactobacillus_curvatus,1.0,0.7361049652099609,0.8680524826049805
NC_031923,taxid_1358_Lactococcus_lactis,1.0,0.7046785950660706,0.8523392975330353
NC_031923,taxid_185300_Paludibacter_propionicigenes,1.0,0.8281655311584473,0.9140827655792236
NC_031923,taxid_147709_Carnobacterium_inhibens,1.0,0.7139899730682373,0.8569949865341187
NC_031923,taxid_165096_Weissella_koreensis,1.0,0.7936951518058777,0.8968475759029388
NC_031923,GENERO_Lacrimispora_94868,1.0,0.8550063371658325,0.9275031685829163
NC_031923,GENERO_Lactococcus_1358,1.0,0.7713142037391663,0.8856571018695831
NC_031923,taxid_293371_Lactobacillus_oligofermentans,1.0,0.7664093375205994,0.8832046687602997
NC_031923,taxid_879969_Macellibacteroides_fermentans,1.0,0.7503933310508728,0.8751966655254364
NC_031923,taxid_1397_Bacillus_circulans,1.0,0.7492904663085938,0.8746452331542969
NC_031923,taxid_1129792_Weissella_oryzae,1.0,0.8026514053344727,0.9013257026672363
NC_031923,taxid_1610_Lactobacillus_coryniformis,1.0,0.7550325393676758,0.8775162696838379
NC_031923,taxid_642589_Caproiciproducens_galactitolivorans,1.0,0.7266513109207153,0.8633256554603577
NC_031923,taxid_1297750_Bacteroides_luti,1.0,0.778465986251831,0.8892329931259155
NC_021529,taxid_2479367_Buttiauxella_sp_3AFRM03,0.9999998807907104,0.7893398404121399,0.8946698606014252
NC_021529,taxid_1590_Lactiplantibacillus_plantarum,1.0,0.7119554877281189,0.8559777438640594
NC_021529,taxid_82977_Buttiauxella_agrestis,0.9999994039535522,0.7037631869316101,0.8518812954425812
NC_021529,taxid_33968_Leuconostoc_pseudomesenteroides,0.9999998807907104,0.7022700905799866,0.8511349856853485
NC_023561,taxid_2479367_Buttiauxella_sp_3AFRM03,0.9999997615814208,0.7538050413131714,0.8769024014472961
NC_007045,taxid_1245_Leuconostoc_mesenteroides,0.999980926513672,0.7485281229019165,0.8742545247077942
NC_007045,taxid_2751_Carnobacterium_maltaromaticum,0.9999812841415404,0.7432073950767517,0.8715943396091461
NC_007045,taxid_1737571_Bacillus_oryzisoli,0.9999998807907104,0.8368986248970032,0.9184492528438568
NC_007045,taxid_33968_Leuconostoc_pseudomesenteroides,0.989890456199646,0.747646689414978,0.868768572807312
NC_007045,taxid_1358_Lactococcus_lactis,0.9999645948410034,0.764511227607727,0.8822379112243652
NC_007045,taxid_185300_Paludibacter_propionicigenes,1.0,0.8006989359855652,0.9003494679927826
NC_007045,taxid_147709_Carnobacterium_inhibens,1.0,0.7874934077262878,0.8937467038631439
NC_007045,GENERO_Lacrimispora_94868,1.0,0.7807692289352417,0.8903846144676208
NC_007045,GENERO_Lactococcus_1358,1.0,0.7522580027580261,0.8761290013790131
NC_007045,taxid_293371_Lactobacillus_oligofermentans,0.9999972581863404,0.7848345637321472,0.8924159109592438
NC_007045,taxid_1397_Bacillus_circulans,1.0,0.8257361650466919,0.912868082523346
NC_007045,taxid_1297750_Bacteroides_luti,1.0,0.8104897737503052,0.9052448868751526
NC_023568,taxid_2479367_Buttiauxella_sp_3AFRM03,0.999993085861206,0.7808500528335571,0.8904215693473816
NC_023568,taxid_1590_Lactiplantibacillus_plantarum,0.9999986886978148,0.7103687524795532,0.8551837205886841
NC_023568,taxid_33968_Leuconostoc_pseudomesenteroides,0.9999895095825196,0.7157588005065918,0.8578741550445557
NC_031941,taxid_33964_Leuconostoc_citreum,0.9979681372642516,0.7053642272949219,0.8516661822795868
NC_031941,taxid_1590_Lactiplantibacillus_plantarum,0.9989011287689208,0.7262781858444214,0.8625896573066711
NC_031941,taxid_1245_Leuconostoc_mesenteroides,0.9999998807907104,0.7777836918830872,0.8888917863368988
NC_031941,taxid_1737571_Bacillus_oryzisoli,1.0,0.8170347809791565,0.9085173904895782
NC_031941,taxid_33968_Leuconostoc_pseudomesenteroides,0.9999910593032836,0.8043051362037659,0.9021480977535248
NC_031941,taxid_28038_Lactobacillus_curvatus,0.9999998807907104,0.7153316140174866,0.8576657474040985
NC_031941,taxid_185300_Paludibacter_propionicigenes,1.0,0.8142545223236084,0.9071272611618042
NC_031941,taxid_165096_Weissella_koreensis,0.9993778467178344,0.7785664796829224,0.8889721632003784
NC_031941,GENERO_Lacrimispora_94868,1.0,0.8405348658561707,0.9202674329280853
NC_031941,GENERO_Lactococcus_1358,1.0,0.7553764581680298,0.8776882290840149
NC_031941,taxid_293371_Lactobacillus_oligofermentans,1.0,0.7503613829612732,0.8751806914806366
NC_031941,taxid_879969_Macellibacteroides_fermentans,1.0,0.7302848100662231,0.8651424050331116
NC_031941,taxid_1397_Bacillus_circulans,1.0,0.732563853263855,0.8662819266319275
NC_031941,taxid_1129792_Weissella_oryzae,0.9998151659965516,0.7863438129425049,0.8930794894695282
NC_031941,taxid_1610_Lactobacillus_coryniformis,0.999413251876831,0.731570303440094,0.8654917776584625
NC_031941,taxid_1297750_Bacteroides_luti,1.0,0.7624159455299377,0.8812079727649689
NC_023582,taxid_2751_Carnobacterium_maltaromaticum,0.9445369243621826,0.7904568314552307,0.8674968779087067
NC_023582,taxid_1737571_Bacillus_oryzisoli,0.9999568462371826,0.876909077167511,0.9384329617023468
NC_023582,taxid_1358_Lactococcus_lactis,0.928041934967041,0.813873827457428,0.8709578812122345
NC_023582,taxid_185300_Paludibacter_propionicigenes,0.9999383687973022,0.8567389845848083,0.9283386766910553
NC_023582,taxid_147709_Carnobacterium_inhibens,0.999984860420227,0.82988440990448,0.9149346351623535
NC_023582,GENERO_Lacrimispora_94868,0.9999810457229614,0.8514130115509033,0.9256970286369324
NC_023582,GENERO_Lactococcus_1358,0.9999730587005616,0.8210224509239197,0.9104977548122406
NC_023582,taxid_293371_Lactobacillus_oligofermentans,0.9718849062919616,0.8357579112052917,0.9038214087486267
NC_023582,taxid_1397_Bacillus_circulans,1.0,0.857363224029541,0.9286816120147705
NC_023582,taxid_1297750_Bacteroides_luti,0.9999995231628418,0.8539348244667053,0.9269671738147736
NC_019500,taxid_2479367_Buttiauxella_sp_3AFRM03,0.9999629259109496,0.7867764830589294,0.8933697044849396
NC_019500,taxid_1590_Lactiplantibacillus_plantarum,0.9999985694885254,0.7097541093826294,0.8548763394355774
NC_019500,taxid_82977_Buttiauxella_agrestis,0.9999047517776488,0.7043113112449646,0.8521080315113068
NC_019500,taxid_33968_Leuconostoc_pseudomesenteroides,0.9999982118606568,0.7035889029502869,0.8517935574054718
NC_020843,taxid_1245_Leuconostoc_mesenteroides,0.9999737739562988,0.7603758573532104,0.8801748156547546
NC_020843,taxid_1737571_Bacillus_oryzisoli,0.9936971068382264,0.8093502521514893,0.9015236794948578
NC_020843,taxid_33968_Leuconostoc_pseudomesenteroides,0.9999954700469972,0.7867887616157532,0.8933921158313751
NC_020843,taxid_185300_Paludibacter_propionicigenes,0.9999274015426636,0.8039164543151855,0.9019219279289246
NC_020843,GENERO_Lacrimispora_94868,0.9991006851196288,0.8307873606681824,0.9149440228939056
NC_020843,GENERO_Lactococcus_1358,0.9999997615814208,0.741371214389801,0.870685487985611
NC_020843,taxid_293371_Lactobacillus_oligofermentans,0.9982060194015504,0.7327980995178223,0.8655020594596863
NC_020843,taxid_1129792_Weissella_oryzae,0.9991205334663392,0.7701412439346313,0.8846308887004852
NC_028955,taxid_1245_Leuconostoc_mesenteroides,0.9999994039535522,0.7793824672698975,0.8896909356117249
NC_028955,taxid_1737571_Bacillus_oryzisoli,1.0,0.830348551273346,0.915174275636673
NC_028955,taxid_33968_Leuconostoc_pseudomesenteroides,0.9999617338180542,0.7952266335487366,0.8975941836833954
NC_028955,taxid_1358_Lactococcus_lactis,0.9999992847442628,0.7159936428070068,0.8579964637756348
NC_028955,taxid_185300_Paludibacter_propionicigenes,1.0,0.8167945742607117,0.9083972871303558
NC_028955,taxid_147709_Carnobacterium_inhibens,1.0,0.725517749786377,0.8627588748931885
NC_028955,taxid_165096_Weissella_koreensis,0.993118405342102,0.7927525639533997,0.8929354846477509
NC_028955,GENERO_Lacrimispora_94868,1.0,0.8394017815589905,0.9197008907794952
NC_028955,GENERO_Lactococcus_1358,1.0,0.7661780714988708,0.8830890357494354
NC_028955,taxid_293371_Lactobacillus_oligofermentans,0.9999998807907104,0.7654823064804077,0.8827410936355591
NC_028955,taxid_1397_Bacillus_circulans,1.0,0.7608212828636169,0.8804106414318085
NC_028955,taxid_1129792_Weissella_oryzae,0.9993060827255248,0.7899553179740906,0.8946307003498077
NC_028955,taxid_1297750_Bacteroides_luti,1.0,0.7798827290534973,0.8899413645267487
NC_023589,taxid_2479367_Buttiauxella_sp_3AFRM03,0.9858576059341432,0.8090163469314575,0.8974369764328003
NC_023589,taxid_1590_Lactiplantibacillus_plantarum,0.9999996423721312,0.7271157503128052,0.8635576963424683
NC_023589,taxid_33968_Leuconostoc_pseudomesenteroides,0.9999998807907104,0.7150835394859314,0.8575417101383209
NC_022766,taxid_2479367_Buttiauxella_sp_3AFRM03,0.9923974871635436,0.7555243968963623,0.873960942029953
NC_022766,taxid_1590_Lactiplantibacillus_plantarum,0.9999997615814208,0.7031318545341492,0.851565808057785
NC_022766,taxid_1245_Leuconostoc_mesenteroides,0.9999529123306274,0.7639901041984558,0.8819715082645416
NC_022766,taxid_33968_Leuconostoc_pseudomesenteroides,0.9999997615814208,0.7929373383522034,0.8964685499668121
NC_022766,taxid_185300_Paludibacter_propionicigenes,0.9015947580337524,0.8009997606277466,0.8512972593307495
NC_022766,GENERO_Lactococcus_1358,0.9994490742683412,0.736201286315918,0.8678251802921295
NC_022766,taxid_1129792_Weissella_oryzae,0.999837040901184,0.7714160680770874,0.8856265544891357
NC_022766,taxid_1610_Lactobacillus_coryniformis,0.9999676942825316,0.708802342414856,0.8543850183486938
NC_025417,taxid_1245_Leuconostoc_mesenteroides,1.0,0.773352861404419,0.8866764307022095
NC_025417,taxid_2751_Carnobacterium_maltaromaticum,1.0,0.7388187646865845,0.8694093823432922
NC_025417,taxid_1737571_Bacillus_oryzisoli,1.0,0.8434297442436218,0.9217148721218109
NC_025417,taxid_33968_Leuconostoc_pseudomesenteroides,0.9999970197677612,0.7696608304977417,0.8848289251327515
NC_025417,taxid_1358_Lactococcus_lactis,1.0,0.7693772912025452,0.8846886456012726
NC_025417,taxid_185300_Paludibacter_propionicigenes,1.0,0.815759539604187,0.9078797698020935
NC_025417,taxid_147709_Carnobacterium_inhibens,1.0,0.7899380326271057,0.8949690163135529
NC_025417,taxid_165096_Weissella_koreensis,0.9999316930770874,0.8153391480445862,0.9076354205608368
NC_025417,GENERO_Lacrimispora_94868,1.0,0.8003344535827637,0.9001672267913818
NC_025417,GENERO_Lactococcus_1358,1.0,0.7725775837898254,0.8862887918949127
NC_025417,taxid_293371_Lactobacillus_oligofermentans,1.0,0.7951766848564148,0.8975883424282074
NC_025417,taxid_1397_Bacillus_circulans,1.0,0.8239554166793823,0.9119777083396912
NC_025417,taxid_1129792_Weissella_oryzae,0.999964714050293,0.7719513177871704,0.8859580159187317
NC_025417,taxid_1297750_Bacteroides_luti,1.0,0.817923903465271,0.9089619517326355
NC_007064,taxid_1245_Leuconostoc_mesenteroides,0.9999639987945556,0.772232711315155,0.8860983550548553
NC_007064,taxid_2751_Carnobacterium_maltaromaticum,0.9999934434890748,0.7532620429992676,0.8766277432441711
NC_007064,taxid_1737571_Bacillus_oryzisoli,0.9999997615814208,0.8531065583229065,0.9265531599521637
NC_007064,taxid_33968_Leuconostoc_pseudomesenteroides,0.9784961938858032,0.7810565233230591,0.8797763586044312
NC_007064,taxid_1358_Lactococcus_lactis,0.9999972581863404,0.7796375155448914,0.8898173868656158
NC_007064,taxid_185300_Paludibacter_propionicigenes,1.0,0.8225266337394714,0.9112633168697357
NC_007064,taxid_147709_Carnobacterium_inhibens,1.0,0.7971155643463135,0.8985577821731567
NC_007064,taxid_165096_Weissella_koreensis,0.9529697895050048,0.815949559211731,0.8844596743583679
NC_007064,GENERO_Lacrimispora_94868,0.9999994039535522,0.8153592348098755,0.9076793193817139
NC_007064,GENERO_Lactococcus_1358,1.0,0.774182915687561,0.8870914578437805
NC_007064,taxid_293371_Lactobacillus_oligofermentans,0.9999994039535522,0.7985420823097229,0.8992707431316376
NC_007064,taxid_1397_Bacillus_circulans,1.0,0.8283419609069824,0.9141709804534912
NC_007064,taxid_1297750_Bacteroides_luti,1.0,0.8244106769561768,0.9122053384780884
NC_028693,taxid_1245_Leuconostoc_mesenteroides,1.0,0.8015457391738892,0.9007728695869446
NC_028693,taxid_2751_Carnobacterium_maltaromaticum,1.0,0.7785905003547668,0.8892952501773834
NC_028693,taxid_1737571_Bacillus_oryzisoli,1.0,0.8674288988113403,0.9337144494056702
NC_028693,taxid_33968_Leuconostoc_pseudomesenteroides,0.9999839067459106,0.8052491545677185,0.9026165306568146
NC_028693,taxid_1358_Lactococcus_lactis,1.0,0.8005964756011963,0.9002982378005981
NC_028693,taxid_185300_Paludibacter_propionicigenes,1.0,0.8410428762435913,0.9205214381217957
NC_028693,taxid_147709_Carnobacterium_inhibens,1.0,0.8192481398582458,0.9096240699291229
NC_028693,taxid_165096_Weissella_koreensis,0.9999208450317384,0.8394865393638611,0.9197036921977997
NC_028693,GENERO_Lacrimispora_94868,1.0,0.8269824385643005,0.9134912192821503
NC_028693,GENERO_Lactococcus_1358,1.0,0.8017189502716064,0.9008594751358032
NC_028693,taxid_293371_Lactobacillus_oligofermentans,1.0,0.8231451511383057,0.9115725755691528
NC_028693,taxid_1397_Bacillus_circulans,1.0,0.851041316986084,0.925520658493042
NC_028693,taxid_1129792_Weissella_oryzae,0.9996873140335084,0.8040705323219299,0.9018789231777191
NC_028693,taxid_1297750_Bacteroides_luti,1.0,0.8454305529594421,0.9227152764797211
NC_031116,taxid_1590_Lactiplantibacillus_plantarum,0.9999212026596068,0.7046256065368652,0.8522734045982361
NC_031116,taxid_1245_Leuconostoc_mesenteroides,0.9999995231628418,0.7402704954147339,0.8701350092887878
NC_031116,taxid_1737571_Bacillus_oryzisoli,0.9999996423721312,0.7901358008384705,0.8950677216053009
NC_031116,taxid_33968_Leuconostoc_pseudomesenteroides,0.9999959468841552,0.7750207781791687,0.887508362531662
NC_031116,taxid_185300_Paludibacter_propionicigenes,0.9999998807907104,0.7855033874511719,0.8927516341209412
NC_031116,GENERO_Lacrimispora_94868,0.9999988079071044,0.8280143737792969,0.9140065908432007
NC_031116,GENERO_Lactococcus_1358,1.0,0.707635760307312,0.853817880153656
NC_031116,taxid_1129792_Weissella_oryzae,0.9999499320983888,0.7533838152885437,0.8766668736934662
NC_031116,taxid_1610_Lactobacillus_coryniformis,0.9998446702957152,0.7025396227836609,0.8511921465396881
NC_031116,taxid_1297750_Bacteroides_luti,0.9999990463256836,0.7123101949691772,0.8561546206474304
NC_023571,taxid_1245_Leuconostoc_mesenteroides,0.9999945163726808,0.8188874125480652,0.9094409644603729
NC_023571,taxid_2751_Carnobacterium_maltaromaticum,0.999308466911316,0.7289717197418213,0.8641400933265686
NC_023571,taxid_1737571_Bacillus_oryzisoli,0.9999996423721312,0.8637794256210327,0.931889533996582
NC_023571,taxid_33968_Leuconostoc_pseudomesenteroides,0.998406708240509,0.8365103602409363,0.9174585342407227
NC_023571,taxid_28038_Lactobacillus_curvatus,0.9995850920677184,0.7332785129547119,0.8664318025112152
NC_023571,taxid_1358_Lactococcus_lactis,0.9996623992919922,0.7646750807762146,0.8821687400341034
NC_023571,taxid_185300_Paludibacter_propionicigenes,1.0,0.8556563258171082,0.9278281629085541
NC_023571,taxid_147709_Carnobacterium_inhibens,1.0,0.7752200365066528,0.8876100182533264
NC_023571,GENERO_Lacrimispora_94868,1.0,0.8555083870887756,0.9277541935443878
NC_023571,GENERO_Lactococcus_1358,1.0,0.8086274862289429,0.9043137431144714
NC_023571,taxid_293371_Lactobacillus_oligofermentans,0.9999961853027344,0.8077964782714844,0.9038963317871094
NC_023571,taxid_879969_Macellibacteroides_fermentans,1.0,0.7428916692733765,0.8714458346366882
NC_023571,taxid_1397_Bacillus_circulans,1.0,0.8063662052154541,0.903183102607727
NC_023571,taxid_1129792_Weissella_oryzae,0.9490535855293274,0.8258619904518127,0.8874577879905701
NC_023571,taxid_1297750_Bacteroides_luti,1.0,0.830389142036438,0.915194571018219
NC_015250,taxid_2479367_Buttiauxella_sp_3AFRM03,0.9995136260986328,0.7661745548248291,0.882844090461731
NC_027331,taxid_2479367_Buttiauxella_sp_3AFRM03,0.9999980926513672,0.7668628096580505,0.8834304511547089
NC_027331,taxid_82977_Buttiauxella_agrestis,0.9999897480010986,0.7007737755775452,0.8503817617893219
NC_018854,taxid_1590_Lactiplantibacillus_plantarum,0.9999923706054688,0.7490507960319519,0.8745215833187103
NC_018854,taxid_1245_Leuconostoc_mesenteroides,0.9996733665466307,0.7278164029121399,0.8637448847293854
NC_018854,taxid_33968_Leuconostoc_pseudomesenteroides,0.9999980926513672,0.769905149936676,0.8849516212940216
NC_018854,taxid_1129792_Weissella_oryzae,0.998013973236084,0.7458330392837524,0.8719235062599182
NC_018854,taxid_1610_Lactobacillus_coryniformis,0.9997496008872986,0.7174574136734009,0.8586035072803497
NC_024384,taxid_1245_Leuconostoc_mesenteroides,0.9999334812164308,0.8066626787185669,0.9032980799674988
NC_024384,taxid_2751_Carnobacterium_maltaromaticum,0.9999961853027344,0.7065463662147522,0.8532712757587433
NC_024384,taxid_1737571_Bacillus_oryzisoli,1.0,0.854345977306366,0.927172988653183
NC_024384,taxid_33968_Leuconostoc_pseudomesenteroides,0.9908762574195862,0.8178526759147644,0.9043644666671753
NC_024384,taxid_1358_Lactococcus_lactis,0.999997615814209,0.7512004971504211,0.8755990564823151
NC_024384,taxid_185300_Paludibacter_propionicigenes,1.0,0.8417168855667114,0.9208584427833557
NC_024384,taxid_147709_Carnobacterium_inhibens,1.0,0.7623419761657715,0.8811709880828857
NC_024384,taxid_165096_Weissella_koreensis,0.9005833864212036,0.8198658227920532,0.8602246046066284
NC_024384,GENERO_Lacrimispora_94868,0.9999998807907104,0.8474187850952148,0.9237093329429626
NC_024384,GENERO_Lactococcus_1358,1.0,0.7946058511734009,0.8973029255867004
NC_024384,taxid_293371_Lactobacillus_oligofermentans,0.9999986886978148,0.7953138947486877,0.8976562917232513
NC_024384,taxid_879969_Macellibacteroides_fermentans,0.9999955892562866,0.7117714881896973,0.8558835387229919
NC_024384,taxid_1397_Bacillus_circulans,1.0,0.7929545044898987,0.8964772522449493
NC_024384,taxid_1297750_Bacteroides_luti,1.0,0.8114021420478821,0.905701071023941
NC_027390,taxid_33964_Leuconostoc_citreum,1.0,0.7220488786697388,0.8610244393348694
NC_027390,taxid_1590_Lactiplantibacillus_plantarum,1.0,0.7196906208992004,0.8598453104496002
NC_027390,taxid_1245_Leuconostoc_mesenteroides,1.0,0.8100795745849609,0.9050397872924805
NC_027390,taxid_1737571_Bacillus_oryzisoli,1.0,0.8584059476852417,0.9292029738426208
NC_027390,taxid_33968_Leuconostoc_pseudomesenteroides,1.0,0.8331620693206787,0.9165810346603394
NC_027390,taxid_28038_Lactobacillus_curvatus,1.0,0.7281104922294617,0.8640552461147308
NC_027390,taxid_1358_Lactococcus_lactis,0.9999921321868896,0.7358177900314331,0.8679049611091614
NC_027390,taxid_185300_Paludibacter_propionicigenes,1.0,0.8515059947967529,0.9257529973983765
NC_027390,taxid_147709_Carnobacterium_inhibens,0.9999991655349731,0.7499521970748901,0.8749756813049316
NC_027390,taxid_165096_Weissella_koreensis,0.9999445676803588,0.8194241523742676,0.9096843600273132
NC_027390,GENERO_Lacrimispora_94868,1.0,0.8562948107719421,0.9281474053859711
NC_027390,GENERO_Lactococcus_1358,1.0,0.7963223457336426,0.8981611728668213
NC_027390,taxid_293371_Lactobacillus_oligofermentans,1.0,0.7923411726951599,0.89617058634758
NC_027390,taxid_879969_Macellibacteroides_fermentans,1.0,0.7436699867248535,0.8718349933624268
NC_027390,taxid_1397_Bacillus_circulans,1.0,0.7914786338806152,0.8957393169403076
NC_027390,taxid_1129792_Weissella_oryzae,1.0,0.818901002407074,0.909450501203537
NC_027390,taxid_1610_Lactobacillus_coryniformis,0.9999998807907104,0.7295347452163696,0.86476731300354
NC_027390,taxid_1297750_Bacteroides_luti,1.0,0.8237038850784302,0.9118519425392151
NC_013696,taxid_1245_Leuconostoc_mesenteroides,0.992090344429016,0.7910511493682861,0.8915707468986511
NC_013696,taxid_2751_Carnobacterium_maltaromaticum,0.9986091256141664,0.7609436511993408,0.8797763884067535
NC_013696,taxid_1737571_Bacillus_oryzisoli,0.999966025352478,0.8525364398956299,0.926251232624054
NC_013696,taxid_1358_Lactococcus_lactis,0.996150016784668,0.7892842888832092,0.8927171528339386
NC_013696,taxid_185300_Paludibacter_propionicigenes,0.9999998807907104,0.8274106979370117,0.9137052893638611
NC_013696,taxid_147709_Carnobacterium_inhibens,0.9999998807907104,0.8060423135757446,0.9030210971832275
NC_013696,GENERO_Lacrimispora_94868,0.9999990463256836,0.8133662939071655,0.9066826701164246
NC_013696,GENERO_Lactococcus_1358,0.999984622001648,0.7911068201065063,0.8955457210540771
NC_013696,taxid_293371_Lactobacillus_oligofermentans,0.9992120265960692,0.8110923767089844,0.9051522016525269
NC_013696,taxid_1397_Bacillus_circulans,1.0,0.8334893584251404,0.9167446792125702
NC_013696,taxid_1297750_Bacteroides_luti,1.0,0.829416811466217,0.9147084057331085
NC_029009,taxid_1245_Leuconostoc_mesenteroides,0.9999986886978148,0.796075165271759,0.898036926984787
NC_029009,taxid_1737571_Bacillus_oryzisoli,0.9992765784263612,0.8384825587272644,0.9188795685768127
NC_029009,taxid_33968_Leuconostoc_pseudomesenteroides,0.9999994039535522,0.8162112832069397,0.908105343580246
NC_029009,taxid_28038_Lactobacillus_curvatus,0.999997615814209,0.7033398151397705,0.8516687154769897
NC_029009,taxid_185300_Paludibacter_propionicigenes,0.999997615814209,0.8355447053909302,0.9177711606025696
NC_029009,GENERO_Lacrimispora_94868,0.9998879432678224,0.8485845327377319,0.9242362380027771
NC_029009,GENERO_Lactococcus_1358,1.0,0.7789238691329956,0.8894619345664978
NC_029009,taxid_293371_Lactobacillus_oligofermentans,0.9999581575393676,0.7756688594818115,0.8878135085105896
NC_029009,taxid_879969_Macellibacteroides_fermentans,0.9995716214179992,0.7227436900138855,0.8611576557159424
NC_029009,taxid_1397_Bacillus_circulans,0.9991853833198548,0.7701261043548584,0.8846557438373566
NC_029009,taxid_1129792_Weissella_oryzae,0.9999462366104126,0.8012969493865967,0.9006215929985046
NC_029009,taxid_1610_Lactobacillus_coryniformis,0.9999384880065918,0.712517499923706,0.8562279939651489
NC_029009,taxid_1297750_Bacteroides_luti,0.9995811581611632,0.7979262471199036,0.8987537026405334
NC_001884,taxid_185300_Paludibacter_propionicigenes,0.987953007221222,0.7892021536827087,0.8885775804519653
NC_001884,GENERO_Lacrimispora_94868,0.948058009147644,0.7975953221321106,0.8728266656398773
NC_001884,GENERO_Lactococcus_1358,0.9999498128890992,0.737093448638916,0.8685216307640076
NC_001884,taxid_1397_Bacillus_circulans,0.9703102707862854,0.7374089360237122,0.8538596034049988
NC_001609,taxid_1737571_Bacillus_oryzisoli,0.9998703002929688,0.7425441145896912,0.87120720744133
NC_001609,taxid_33968_Leuconostoc_pseudomesenteroides,0.9999998807907104,0.7200221419334412,0.8600110113620758
NC_001609,taxid_185300_Paludibacter_propionicigenes,0.9999996423721312,0.725506067276001,0.8627528548240662
NC_001609,GENERO_Lacrimispora_94868,0.9999953508377076,0.7543812394142151,0.8771882951259613
NC_004827,taxid_1590_Lactiplantibacillus_plantarum,0.9999997615814208,0.7186872959136963,0.8593435287475586
NC_004827,taxid_1245_Leuconostoc_mesenteroides,1.0,0.7561224699020386,0.8780612349510193
NC_004827,taxid_1737571_Bacillus_oryzisoli,1.0,0.8076613545417786,0.9038306772708893
NC_004827,taxid_33968_Leuconostoc_pseudomesenteroides,1.0,0.7901039719581604,0.8950519859790802
NC_004827,taxid_185300_Paludibacter_propionicigenes,1.0,0.80064857006073,0.900324285030365
NC_004827,taxid_165096_Weissella_koreensis,0.99999737739563,0.7597951292991638,0.8798962533473969
NC_004827,GENERO_Lacrimispora_94868,1.0,0.8234513998031616,0.9117256999015808
NC_004827,GENERO_Lactococcus_1358,1.0,0.7311992049217224,0.8655996024608612
NC_004827,taxid_293371_Lactobacillus_oligofermentans,1.0,0.7246143221855164,0.8623071610927582
NC_004827,taxid_879969_Macellibacteroides_fermentans,1.0,0.7176088690757751,0.8588044345378876
NC_004827,taxid_1397_Bacillus_circulans,1.0,0.7046976089477539,0.852348804473877
NC_004827,taxid_1129792_Weissella_oryzae,1.0,0.7672325968742371,0.8836162984371185
NC_004827,taxid_1610_Lactobacillus_coryniformis,0.9999998807907104,0.7200825810432434,0.8600412309169769
NC_004827,taxid_1297750_Bacteroides_luti,1.0,0.7470011711120605,0.8735005855560303
MH153812,taxid_1805933_Rahnella_sp_ERMR1:05,0.9994657635688782,0.7170394062995911,0.8582525849342346
MH153812,taxid_2479367_Buttiauxella_sp_3AFRM03,0.9998204112052916,0.8244124054908752,0.9121164083480835
MH153812,taxid_82992_Buttiauxella_noackiae,0.9997240900993348,0.7330970764160156,0.8664105832576752
MH153812,taxid_1590_Lactiplantibacillus_plantarum,0.9999998807907104,0.750495433807373,0.8752476572990417
MH153812,GENERO_Buttiauxella_82991,0.999256432056427,0.7198213338851929,0.8595388829708099
MH153812,taxid_82977_Buttiauxella_agrestis,0.997988224029541,0.7506490349769592,0.8743186295032501
MH153812,taxid_61648_Kluyvera_intermedia,0.9985091090202332,0.7057065963745117,0.8521078526973724
MH153812,taxid_33968_Leuconostoc_pseudomesenteroides,1.0,0.7289939522743225,0.8644969761371613
MH153812,taxid_1129792_Weissella_oryzae,0.99998140335083,0.7042431831359863,0.8521122932434082
MH153812,taxid_1134687_Klebsiella_michiganensis,0.9999303817749025,0.7176596522331238,0.8587950170040131
NC_016071,taxid_2479367_Buttiauxella_sp_3AFRM03,0.9999996423721312,0.7005030512809753,0.8502513468265533
NC_025425,taxid_2479367_Buttiauxella_sp_3AFRM03,0.9999985694885254,0.7425462603569031,0.8712724149227142
NC_023009,taxid_1245_Leuconostoc_mesenteroides,0.9999997615814208,0.7879945039749146,0.8939971327781677
NC_023009,taxid_2751_Carnobacterium_maltaromaticum,0.9999998807907104,0.7542772889137268,0.8771385848522186
NC_023009,taxid_1737571_Bacillus_oryzisoli,1.0,0.8528879880905151,0.9264439940452576
NC_023009,taxid_33968_Leuconostoc_pseudomesenteroides,0.9999849796295166,0.7869768142700195,0.8934808969497681
NC_023009,taxid_1358_Lactococcus_lactis,0.9999998807907104,0.7814105749130249,0.8907052278518677
NC_023009,taxid_185300_Paludibacter_propionicigenes,1.0,0.8277879953384399,0.91389399766922
NC_023009,taxid_147709_Carnobacterium_inhibens,1.0,0.8013007044792175,0.9006503522396088
NC_023009,taxid_165096_Weissella_koreensis,0.9990777969360352,0.8266444802284241,0.9128611385822296
NC_023009,GENERO_Lacrimispora_94868,1.0,0.8155316114425659,0.907765805721283
NC_023009,GENERO_Lactococcus_1358,1.0,0.7864035964012146,0.8932017982006073
NC_023009,taxid_293371_Lactobacillus_oligofermentans,1.0,0.8069895505905151,0.9034947752952576
NC_023009,taxid_1397_Bacillus_circulans,1.0,0.8338120579719543,0.9169060289859772
NC_023009,taxid_1129792_Weissella_oryzae,0.9997887015342712,0.78798508644104,0.8938868939876556
NC_023009,taxid_1297750_Bacteroides_luti,1.0,0.8284751772880554,0.9142375886440277
NC_027293,taxid_2479367_Buttiauxella_sp_3AFRM03,1.0,0.8027706146240234,0.9013853073120117
NC_027293,taxid_82992_Buttiauxella_noackiae,1.0,0.7092204689979553,0.8546102344989777
NC_027293,taxid_1590_Lactiplantibacillus_plantarum,1.0,0.7413576245307922,0.8706788122653961
NC_027293,taxid_82977_Buttiauxella_agrestis,1.0,0.7169525027275085,0.8584762513637543
NC_027293,taxid_1245_Leuconostoc_mesenteroides,1.0,0.7093407511711121,0.854670375585556
NC_027293,taxid_1737571_Bacillus_oryzisoli,0.999985933303833,0.772173285484314,0.8860796093940735
NC_027293,taxid_33968_Leuconostoc_pseudomesenteroides,1.0,0.7570280432701111,0.8785140216350555
NC_027293,taxid_185300_Paludibacter_propionicigenes,0.9999997615814208,0.7615060806274414,0.8807529211044312
NC_027293,GENERO_Lacrimispora_94868,0.9999977350234984,0.8170098662376404,0.9085038006305695
NC_027293,taxid_1129792_Weissella_oryzae,1.0,0.7344880700111389,0.8672440350055695
NC_027293,taxid_1610_Lactobacillus_coryniformis,1.0,0.7193288207054138,0.8596644103527069
NC_027293,taxid_642589_Caproiciproducens_galactitolivorans,0.999450385570526,0.714602530002594,0.8570264577865601
NC_009231,taxid_1737571_Bacillus_oryzisoli,0.8571792244911194,0.8534461259841919,0.8553126752376556
NC_009231,taxid_185300_Paludibacter_propionicigenes,0.9909837245941162,0.819744348526001,0.9053640365600586
NC_009231,taxid_147709_Carnobacterium_inhibens,0.9999244213104248,0.8106752634048462,0.9052998423576355
NC_009231,GENERO_Lacrimispora_94868,0.911247193813324,0.800684928894043,0.8559660613536835
NC_009231,taxid_1397_Bacillus_circulans,0.999997854232788,0.8465946316719055,0.9232962429523468
NC_009231,taxid_1297750_Bacteroides_luti,0.9999922513961792,0.8301664590835571,0.9150793552398682
NC_019517,taxid_2479367_Buttiauxella_sp_3AFRM03,0.999903678894043,0.7648778557777405,0.8823907673358917
NC_021534,taxid_2479367_Buttiauxella_sp_3AFRM03,0.999996304512024,0.7326313257217407,0.8663138151168823
NC_030933,taxid_1245_Leuconostoc_mesenteroides,1.0,0.777248203754425,0.8886241018772125
NC_030933,taxid_2751_Carnobacterium_maltaromaticum,1.0,0.7531353235244751,0.8765676617622375
NC_030933,taxid_1737571_Bacillus_oryzisoli,1.0,0.8452309966087341,0.9226154983043671
NC_030933,taxid_33968_Leuconostoc_pseudomesenteroides,1.0,0.7748767733573914,0.8874383866786957
NC_030933,taxid_1358_Lactococcus_lactis,1.0,0.7789971828460693,0.8894985914230347
NC_030933,taxid_185300_Paludibacter_propionicigenes,1.0,0.8184337019920349,0.9092168509960175
NC_030933,taxid_147709_Carnobacterium_inhibens,1.0,0.7987781167030334,0.8993890583515167
NC_030933,taxid_165096_Weissella_koreensis,0.9999996423721312,0.8188422322273254,0.9094209372997284
NC_030933,GENERO_Lacrimispora_94868,1.0,0.7995074987411499,0.899753749370575
NC_030933,GENERO_Lactococcus_1358,1.0,0.7775492668151855,0.8887746334075928
NC_030933,taxid_293371_Lactobacillus_oligofermentans,1.0,0.8009101748466492,0.9004550874233246
NC_030933,taxid_1397_Bacillus_circulans,1.0,0.8315237760543823,0.9157618880271912
NC_030933,taxid_1129792_Weissella_oryzae,1.0,0.7763752937316895,0.8881876468658447
NC_030933,taxid_1297750_Bacteroides_luti,1.0,0.8234473466873169,0.9117236733436584
NC_021798,taxid_1737571_Bacillus_oryzisoli,0.99301940202713,0.8605777621269226,0.9267985820770264
NC_021798,taxid_185300_Paludibacter_propionicigenes,0.999189555644989,0.839464545249939,0.919327050447464
NC_021798,taxid_147709_Carnobacterium_inhibens,0.999894380569458,0.8114628195762634,0.9056786000728607
NC_021798,GENERO_Lacrimispora_94868,0.9972787499427797,0.831782341003418,0.9145305454730988
NC_021798,GENERO_Lactococcus_1358,0.998975157737732,0.8013594746589661,0.900167316198349
NC_021798,taxid_1397_Bacillus_circulans,0.9999986886978148,0.8395481109619141,0.9197733998298645
NC_021798,taxid_1297750_Bacteroides_luti,0.9999970197677612,0.8360816836357117,0.9180393517017365
NC_025464,taxid_2479367_Buttiauxella_sp_3AFRM03,0.9999951124191284,0.7901228666305542,0.8950589895248413
NC_025464,taxid_1590_Lactiplantibacillus_plantarum,1.0,0.7177955508232117,0.8588977754116058
NC_025464,taxid_1737571_Bacillus_oryzisoli,1.0,0.731650173664093,0.8658250868320465
NC_025464,taxid_33968_Leuconostoc_pseudomesenteroides,1.0,0.7231902480125427,0.8615951240062714
NC_025464,taxid_185300_Paludibacter_propionicigenes,1.0,0.7220020294189453,0.8610010147094727
NC_025464,GENERO_Lacrimispora_94868,1.0,0.7845430970191956,0.8922715485095978
NC_011308,taxid_33964_Leuconostoc_citreum,1.0,0.7018913626670837,0.8509456813335419
NC_011308,taxid_1245_Leuconostoc_mesenteroides,1.0,0.8088993430137634,0.9044496715068817
NC_011308,taxid_2751_Carnobacterium_maltaromaticum,0.999964714050293,0.71300208568573,0.8564833998680115
NC_011308,taxid_1737571_Bacillus_oryzisoli,1.0,0.8579584360122681,0.928979218006134
NC_011308,taxid_33968_Leuconostoc_pseudomesenteroides,1.0,0.8231425881385803,0.9115712940692902
NC_011308,taxid_28038_Lactobacillus_curvatus,1.0,0.7032502293586731,0.8516251146793365
NC_011308,taxid_1358_Lactococcus_lactis,0.9999991655349731,0.7535063028335571,0.8767527341842651
NC_011308,taxid_185300_Paludibacter_propionicigenes,1.0,0.8468374013900757,0.9234187006950378
NC_011308,taxid_147709_Carnobacterium_inhibens,0.9999998807907104,0.7649505138397217,0.8824751973152161
NC_011308,taxid_165096_Weissella_koreensis,0.9999992847442628,0.8230128884315491,0.9115060865879059
NC_011308,GENERO_Lacrimispora_94868,1.0,0.8483778834342957,0.9241889417171478
NC_011308,GENERO_Lactococcus_1358,1.0,0.7967435717582703,0.8983717858791351
NC_011308,taxid_293371_Lactobacillus_oligofermentans,1.0,0.7980875968933105,0.8990437984466553
NC_011308,taxid_879969_Macellibacteroides_fermentans,1.0,0.7174984216690063,0.8587492108345032
NC_011308,taxid_1397_Bacillus_circulans,1.0,0.7959415912628174,0.8979707956314087
NC_011308,taxid_1129792_Weissella_oryzae,1.0,0.8123331665992737,0.9061665832996368
NC_011308,taxid_1297750_Bacteroides_luti,1.0,0.8176385760307312,0.9088192880153656
NC_015280,taxid_1590_Lactiplantibacillus_plantarum,0.9999727010726928,0.7221440076828003,0.8610583543777466
NC_015280,taxid_1245_Leuconostoc_mesenteroides,0.9999998807907104,0.7483502626419067,0.8741750717163086
NC_015280,taxid_1737571_Bacillus_oryzisoli,0.9999992847442628,0.7962740063667297,0.8981366455554962
NC_015280,taxid_33968_Leuconostoc_pseudomesenteroides,0.9999990463256836,0.7813618183135986,0.8906804323196411
NC_015280,taxid_185300_Paludibacter_propionicigenes,1.0,0.7919465899467468,0.8959732949733734
NC_015280,taxid_165096_Weissella_koreensis,0.9989417195320128,0.7496716976165771,0.874306708574295
NC_015280,GENERO_Lacrimispora_94868,0.9999990463256836,0.8325104713439941,0.9162547588348389
NC_015280,GENERO_Lactococcus_1358,1.0,0.7200645208358765,0.8600322604179382
NC_015280,taxid_293371_Lactobacillus_oligofermentans,0.9999998807907104,0.7100828886032104,0.8550413846969604
NC_015280,taxid_879969_Macellibacteroides_fermentans,0.9999986886978148,0.7030423283576965,0.8515205085277557
NC_015280,taxid_1129792_Weissella_oryzae,0.9999921321868896,0.7633928656578064,0.881692498922348
NC_015280,taxid_1610_Lactobacillus_coryniformis,0.99996018409729,0.7198134660720825,0.8598868250846863
NC_015280,taxid_1297750_Bacteroides_luti,0.9999998807907104,0.7241727113723755,0.862086296081543
NC_021794,taxid_1737571_Bacillus_oryzisoli,0.9591582417488098,0.8699330687522888,0.9145456552505493
NC_021794,taxid_185300_Paludibacter_propionicigenes,0.9748305678367616,0.8495751023292542,0.9122028350830078
NC_021794,taxid_147709_Carnobacterium_inhibens,0.9936215281486512,0.8211196660995483,0.9073705971240997
NC_021794,GENERO_Lacrimispora_94868,0.9651880860328674,0.8425939679145813,0.9038910269737244
NC_021794,GENERO_Lactococcus_1358,0.9860278367996216,0.8119017481803894,0.8989647924900055
NC_021794,taxid_1397_Bacillus_circulans,0.9999788999557496,0.8495012521743774,0.9247400760650635
NC_021794,taxid_1297750_Bacteroides_luti,0.9997394680976868,0.846919596195221,0.9233295321464539
NC_016571,taxid_2479367_Buttiauxella_sp_3AFRM03,0.9987622499465942,0.734050452709198,0.8664063513278961
NC_028887,taxid_1590_Lactiplantibacillus_plantarum,0.9999808073043824,0.7031638026237488,0.8515723049640656
NC_028887,taxid_1245_Leuconostoc_mesenteroides,1.0,0.7730953097343445,0.8865476548671722
NC_028887,taxid_1737571_Bacillus_oryzisoli,1.0,0.8251809477806091,0.9125904738903046
NC_028887,taxid_33968_Leuconostoc_pseudomesenteroides,0.9999995231628418,0.7978832125663757,0.8989413678646088
NC_028887,taxid_185300_Paludibacter_propionicigenes,1.0,0.8135232925415039,0.906761646270752
NC_028887,taxid_165096_Weissella_koreensis,0.99937504529953,0.7750211954116821,0.8871981203556061
NC_028887,GENERO_Lacrimispora_94868,1.0,0.8466482758522034,0.9233241379261017
NC_028887,GENERO_Lactococcus_1358,1.0,0.7525229454040527,0.8762614727020264
NC_028887,taxid_293371_Lactobacillus_oligofermentans,1.0,0.7432323694229126,0.8716161847114563
NC_028887,taxid_879969_Macellibacteroides_fermentans,0.9999990463256836,0.7032284736633301,0.8516137599945068
NC_028887,taxid_1397_Bacillus_circulans,1.0,0.7295111417770386,0.8647555708885193
NC_028887,taxid_1129792_Weissella_oryzae,0.9999918937683104,0.7855911254882812,0.8927915096282959
NC_028887,taxid_1610_Lactobacillus_coryniformis,0.9999749660491944,0.7117347121238708,0.8558548390865326
NC_028887,taxid_1297750_Bacteroides_luti,1.0,0.762661874294281,0.8813309371471405
NC_031260,taxid_33964_Leuconostoc_citreum,0.9999983310699464,0.7238965630531311,0.8619474470615387
NC_031260,taxid_1245_Leuconostoc_mesenteroides,1.0,0.8388656377792358,0.9194328188896179
NC_031260,taxid_1737571_Bacillus_oryzisoli,0.9999998807907104,0.8878788948059082,0.9439393877983093
NC_031260,taxid_33968_Leuconostoc_pseudomesenteroides,1.0,0.8443066477775574,0.9221533238887787
NC_031260,taxid_28038_Lactobacillus_curvatus,1.0,0.7198300957679749,0.8599150478839874
NC_031260,taxid_1358_Lactococcus_lactis,0.9990503191947936,0.8246111869812012,0.9118307530879974
NC_031260,taxid_185300_Paludibacter_propionicigenes,1.0,0.8696779012680054,0.9348389506340027
NC_031260,taxid_147709_Carnobacterium_inhibens,0.999874234199524,0.8390290141105652,0.9194516241550446
NC_031260,taxid_165096_Weissella_koreensis,0.8950610756874084,0.864692211151123,0.8798766434192657
NC_031260,GENERO_Lacrimispora_94868,1.0,0.8641022443771362,0.9320511221885681
NC_031260,GENERO_Lactococcus_1358,1.0,0.8357455730438232,0.9178727865219116
NC_031260,taxid_293371_Lactobacillus_oligofermentans,0.9999998807907104,0.8487046957015991,0.9243522882461548
NC_031260,taxid_879969_Macellibacteroides_fermentans,0.9999998807907104,0.7272937893867493,0.8636468350887299
NC_031260,taxid_1397_Bacillus_circulans,0.9999998807907104,0.8641171455383301,0.9320585131645203
NC_031260,taxid_1129792_Weissella_oryzae,0.999998927116394,0.8423402309417725,0.9211695790290833
NC_031260,taxid_1610_Lactobacillus_coryniformis,0.9999998807907104,0.7067432403564453,0.8533715605735779
NC_031260,taxid_1297750_Bacteroides_luti,1.0,0.8645045757293701,0.9322522878646851
NC_028799,taxid_2479367_Buttiauxella_sp_3AFRM03,0.9999847412109376,0.7852797508239746,0.892632246017456
NC_028799,taxid_33964_Leuconostoc_citreum,0.9999992847442628,0.7451590895652771,0.8725791871547699
NC_028799,taxid_1590_Lactiplantibacillus_plantarum,1.0,0.7363715767860413,0.8681857883930206
NC_028799,taxid_1245_Leuconostoc_mesenteroides,0.9999991655349731,0.8431819677352905,0.9215905666351318
NC_028799,taxid_33968_Leuconostoc_pseudomesenteroides,1.0,0.8531063199043274,0.9265531599521637
NC_028799,taxid_28038_Lactobacillus_curvatus,0.99999737739563,0.7478001713752747,0.8738987743854523
NC_028799,taxid_185300_Paludibacter_propionicigenes,0.999541163444519,0.8770166635513306,0.9382789134979248
NC_028799,GENERO_Lacrimispora_94868,0.9948832988739014,0.879448652267456,0.9371659755706787
NC_028799,GENERO_Lactococcus_1358,0.999995231628418,0.8378820419311523,0.9189386367797852
NC_028799,taxid_293371_Lactobacillus_oligofermentans,0.9976027607917786,0.8428276777267456,0.9202152192592621
NC_028799,taxid_879969_Macellibacteroides_fermentans,0.9849796891212464,0.7599026560783386,0.8724411725997925
NC_028799,taxid_1129792_Weissella_oryzae,0.9999934434890748,0.8474537134170532,0.923723578453064
NC_028799,taxid_1610_Lactobacillus_coryniformis,0.9999997615814208,0.7501384615898132,0.8750691115856171
NC_004746,taxid_33964_Leuconostoc_citreum,1.0,0.7189717888832092,0.8594858944416046
NC_004746,taxid_1245_Leuconostoc_mesenteroides,1.0,0.8270421028137207,0.9135210514068604
NC_004746,taxid_2751_Carnobacterium_maltaromaticum,1.0,0.7753980159759521,0.8876990079879761
NC_004746,taxid_1737571_Bacillus_oryzisoli,1.0,0.8823886513710022,0.9411943256855011
NC_004746,taxid_33968_Leuconostoc_pseudomesenteroides,1.0,0.8367415070533752,0.9183707535266876
NC_004746,taxid_28038_Lactobacillus_curvatus,1.0,0.7155184149742126,0.8577592074871063
NC_004746,taxid_1358_Lactococcus_lactis,1.0,0.8033308386802673,0.9016654193401337
NC_004746,taxid_185300_Paludibacter_propionicigenes,1.0,0.8637868165969849,0.9318934082984924
NC_004746,taxid_147709_Carnobacterium_inhibens,1.0,0.8134352564811707,0.9067176282405853
NC_004746,taxid_165096_Weissella_koreensis,1.0,0.8512117266654968,0.9256058633327484
NC_004746,GENERO_Lacrimispora_94868,1.0,0.8610504269599915,0.9305252134799957
NC_004746,GENERO_Lactococcus_1358,1.0,0.8236719369888306,0.9118359684944153
NC_004746,taxid_293371_Lactobacillus_oligofermentans,1.0,0.833644688129425,0.9168223440647125
NC_004746,taxid_879969_Macellibacteroides_fermentans,1.0,0.7285169959068298,0.8642584979534149
NC_004746,taxid_1397_Bacillus_circulans,1.0,0.8408381938934326,0.9204190969467163
NC_004746,taxid_1129792_Weissella_oryzae,1.0,0.831255316734314,0.915627658367157
NC_004746,taxid_1610_Lactobacillus_coryniformis,1.0,0.7050633430480957,0.8525316715240479
NC_004746,taxid_1297750_Bacteroides_luti,1.0,0.8537508845329285,0.9268754422664642
NC_023614,taxid_1245_Leuconostoc_mesenteroides,0.999315619468689,0.782088577747345,0.890702098608017
NC_023614,taxid_33968_Leuconostoc_pseudomesenteroides,0.9992376565933228,0.7949349284172058,0.8970862925052643
NC_023614,taxid_185300_Paludibacter_propionicigenes,0.9709149599075316,0.8257725238800049,0.8983437418937683
NC_023614,GENERO_Lactococcus_1358,0.9950579404830932,0.7761876583099365,0.8856227993965149
NC_018863,taxid_1590_Lactiplantibacillus_plantarum,0.9999866485595704,0.7451501488685608,0.8725683987140656
NC_018863,taxid_1245_Leuconostoc_mesenteroides,0.9999998807907104,0.7491677403450012,0.8745838105678558
NC_018863,taxid_1737571_Bacillus_oryzisoli,0.9999990463256836,0.8028852939605713,0.9014421701431274
NC_018863,taxid_33968_Leuconostoc_pseudomesenteroides,0.9999995231628418,0.7862889170646667,0.8931442201137543
NC_018863,taxid_185300_Paludibacter_propionicigenes,0.9999998807907104,0.7911526560783386,0.8955762684345245
NC_018863,GENERO_Lacrimispora_94868,0.9999991655349731,0.8392707705497742,0.9196349680423737
NC_018863,GENERO_Lactococcus_1358,1.0,0.7195672392845154,0.8597836196422577
NC_018863,taxid_879969_Macellibacteroides_fermentans,0.9999873638153076,0.7076206207275391,0.8538039922714233
NC_018863,taxid_1129792_Weissella_oryzae,0.9999880790710448,0.7697625756263733,0.8848753273487091
NC_018863,taxid_1610_Lactobacillus_coryniformis,0.999983549118042,0.7372245192527771,0.8686040341854095
NC_018863,taxid_642589_Caproiciproducens_galactitolivorans,0.998760223388672,0.7204281091690063,0.8595941662788391
NC_018863,taxid_1297750_Bacteroides_luti,0.9999949932098388,0.7120159864425659,0.8560054898262024
NC_028835,taxid_1590_Lactiplantibacillus_plantarum,0.9999864101409912,0.7230833172798157,0.8615348637104034
NC_028835,taxid_1245_Leuconostoc_mesenteroides,0.9999979734420776,0.7117858529090881,0.8558919131755829
NC_028835,taxid_33968_Leuconostoc_pseudomesenteroides,0.9999994039535522,0.7559869289398193,0.8779931664466858
NC_028835,taxid_185300_Paludibacter_propionicigenes,0.9993690848350524,0.7584779262542725,0.8789235055446625
NC_028835,GENERO_Lacrimispora_94868,0.9456464052200316,0.7958294153213501,0.8707379102706909
NC_028835,taxid_1129792_Weissella_oryzae,0.9999727010726928,0.7266933917999268,0.8633330464363098
NC_002371,taxid_2479367_Buttiauxella_sp_3AFRM03,0.9573400616645812,0.7636765837669373,0.8605083227157593
NC_029100,taxid_2479367_Buttiauxella_sp_3AFRM03,0.9991349577903748,0.781100332736969,0.8901176452636719
NC_029100,taxid_33964_Leuconostoc_citreum,1.0,0.7340104579925537,0.8670052289962769
NC_029100,taxid_1590_Lactiplantibacillus_plantarum,1.0,0.7550686001777649,0.8775343000888824
NC_029100,taxid_1245_Leuconostoc_mesenteroides,1.0,0.8021500110626221,0.901075005531311
NC_029100,taxid_1737571_Bacillus_oryzisoli,1.0,0.8444504141807556,0.9222252070903778
NC_029100,taxid_33968_Leuconostoc_pseudomesenteroides,1.0,0.82631915807724,0.91315957903862
NC_029100,taxid_28038_Lactobacillus_curvatus,1.0,0.7435176968574524,0.8717588484287262
NC_029100,taxid_1358_Lactococcus_lactis,1.0,0.7305793166160583,0.8652896583080292
NC_029100,taxid_185300_Paludibacter_propionicigenes,1.0,0.8390160202980042,0.9195080101490021
NC_029100,taxid_147709_Carnobacterium_inhibens,1.0,0.7411050200462341,0.8705525100231171
NC_029100,taxid_165096_Weissella_koreensis,1.0,0.8068872690200806,0.9034436345100403
NC_029100,GENERO_Lacrimispora_94868,1.0,0.8629991412162781,0.931499570608139
NC_029100,GENERO_Lactococcus_1358,1.0,0.7861721515655518,0.8930860757827759
NC_029100,taxid_293371_Lactobacillus_oligofermentans,1.0,0.7815365195274353,0.8907682597637177
NC_029100,taxid_879969_Macellibacteroides_fermentans,1.0,0.7551504373550415,0.8775752186775208
NC_029100,taxid_1397_Bacillus_circulans,1.0,0.7747868299484253,0.8873934149742126
NC_029100,taxid_1129792_Weissella_oryzae,1.0,0.8120366334915161,0.9060183167457581
NC_029100,taxid_1610_Lactobacillus_coryniformis,1.0,0.7595781683921814,0.8797890841960907
NC_029100,taxid_642589_Caproiciproducens_galactitolivorans,1.0,0.7193821668624878,0.8596910834312439
NC_029100,taxid_1297750_Bacteroides_luti,1.0,0.800154447555542,0.900077223777771
NC_014649,taxid_1245_Leuconostoc_mesenteroides,0.999997854232788,0.728913426399231,0.8644556403160095
NC_014649,taxid_1737571_Bacillus_oryzisoli,1.0,0.7951660752296448,0.8975830376148224
NC_014649,taxid_33968_Leuconostoc_pseudomesenteroides,0.9998629093170166,0.7514533996582031,0.8756581544876099
NC_014649,taxid_185300_Paludibacter_propionicigenes,1.0,0.777904748916626,0.888952374458313
NC_014649,taxid_165096_Weissella_koreensis,0.98910391330719,0.7439320087432861,0.866517961025238
NC_014649,GENERO_Lacrimispora_94868,1.0,0.8031209707260132,0.9015604853630066
NC_014649,GENERO_Lactococcus_1358,1.0,0.7196743488311768,0.8598371744155884
NC_014649,taxid_293371_Lactobacillus_oligofermentans,0.9999998807907104,0.7136842012405396,0.856842041015625
NC_014649,taxid_1397_Bacillus_circulans,1.0,0.7209560871124268,0.8604780435562134
NC_014649,taxid_1129792_Weissella_oryzae,0.9967963099479676,0.745305597782135,0.8710509538650513
NC_014649,taxid_1297750_Bacteroides_luti,1.0,0.7473868131637573,0.8736934065818787
NC_023503,taxid_33964_Leuconostoc_citreum,1.0,0.740147590637207,0.8700737953186035
NC_023503,taxid_1590_Lactiplantibacillus_plantarum,1.0,0.7200400829315186,0.8600200414657593
NC_023503,taxid_1245_Leuconostoc_mesenteroides,1.0,0.8310381770133972,0.9155190885066986
NC_023503,taxid_2751_Carnobacterium_maltaromaticum,1.0,0.7411986589431763,0.8705993294715881
NC_023503,taxid_1737571_Bacillus_oryzisoli,1.0,0.8750818371772766,0.9375409185886383
NC_023503,taxid_33968_Leuconostoc_pseudomesenteroides,1.0,0.8462146520614624,0.9231073260307312
NC_023503,taxid_28038_Lactobacillus_curvatus,1.0,0.7405076026916504,0.8702538013458252
NC_023503,taxid_1358_Lactococcus_lactis,1.0,0.7768644690513611,0.8884322345256805
NC_023503,taxid_185300_Paludibacter_propionicigenes,1.0,0.8680896162986755,0.9340448081493378
NC_023503,taxid_147709_Carnobacterium_inhibens,1.0,0.7871464490890503,0.8935732245445251
NC_023503,taxid_165096_Weissella_koreensis,1.0,0.8429597020149231,0.9214798510074615
NC_023503,GENERO_Lacrimispora_94868,1.0,0.8664685487747192,0.9332342743873596
NC_023503,GENERO_Lactococcus_1358,1.0,0.821466326713562,0.910733163356781
NC_023503,taxid_293371_Lactobacillus_oligofermentans,1.0,0.8198455572128296,0.9099227786064148
NC_023503,taxid_879969_Macellibacteroides_fermentans,1.0,0.7527391314506531,0.8763695657253265
NC_023503,taxid_1397_Bacillus_circulans,1.0,0.8175973892211914,0.9087986946105957
NC_023503,taxid_1129792_Weissella_oryzae,1.0,0.8360254168510437,0.9180127084255219
NC_023503,taxid_1610_Lactobacillus_coryniformis,1.0,0.7345192432403564,0.8672596216201782
NC_023503,taxid_1297750_Bacteroides_luti,1.0,0.8423406481742859,0.9211703240871429
NC_038371,taxid_1245_Leuconostoc_mesenteroides,0.9997814297676086,0.7254486680030823,0.8626150488853455
NC_038371,taxid_1737571_Bacillus_oryzisoli,0.9999997615814208,0.7772501707077026,0.8886249661445618
NC_038371,taxid_185300_Paludibacter_propionicigenes,1.0,0.769793689250946,0.884896844625473
NC_038371,GENERO_Lacrimispora_94868,0.9999998807907104,0.7744073271751404,0.8872036039829254
NC_038371,GENERO_Lactococcus_1358,0.9999997615814208,0.7132124304771423,0.8566060960292816
NC_038371,taxid_293371_Lactobacillus_oligofermentans,0.999996304512024,0.711071789264679,0.8555340468883514
NC_038371,taxid_1397_Bacillus_circulans,1.0,0.7143070697784424,0.8571535348892212
NC_038371,taxid_1297750_Bacteroides_luti,1.0,0.7389018535614014,0.8694509267807007
NC_022773,taxid_2479367_Buttiauxella_sp_3AFRM03,0.9736116528511048,0.7476205825805664,0.8606161177158356
NC_022773,taxid_1590_Lactiplantibacillus_plantarum,0.9999979734420776,0.7160112857818604,0.858004629611969
NC_022773,taxid_1245_Leuconostoc_mesenteroides,0.9999994039535522,0.7754486203193665,0.8877240121364594
NC_022773,taxid_1737571_Bacillus_oryzisoli,0.947320282459259,0.8157020211219788,0.8815111517906189
NC_022773,taxid_33968_Leuconostoc_pseudomesenteroides,0.9999998807907104,0.8042613863945007,0.9021306335926056
NC_022773,taxid_28038_Lactobacillus_curvatus,0.9999947547912598,0.7069330811500549,0.8534639179706573
NC_022773,taxid_185300_Paludibacter_propionicigenes,0.9998857975006104,0.8120048642158508,0.9059453308582306
NC_022773,GENERO_Lacrimispora_94868,0.9991284012794496,0.8368428349494934,0.9179856181144714
NC_022773,GENERO_Lactococcus_1358,0.9999982118606568,0.7490615248680115,0.8745298683643341
NC_022773,taxid_293371_Lactobacillus_oligofermentans,0.999852418899536,0.7437467575073242,0.8717995882034302
NC_022773,taxid_879969_Macellibacteroides_fermentans,0.9987564086914062,0.7154728770256042,0.8571146428585052
NC_022773,taxid_1129792_Weissella_oryzae,0.9999951124191284,0.7835378050804138,0.8917664587497711
NC_022773,taxid_1610_Lactobacillus_coryniformis,0.9999821186065674,0.7220479249954224,0.8610150218009949
NC_022773,taxid_1297750_Bacteroides_luti,0.9669703245162964,0.7504103779792786,0.8586903512477875
NC_031929,taxid_33964_Leuconostoc_citreum,1.0,0.7144479751586914,0.8572239875793457
NC_031929,taxid_1590_Lactiplantibacillus_plantarum,1.0,0.7611182332038879,0.880559116601944
NC_031929,taxid_1245_Leuconostoc_mesenteroides,1.0,0.7828823328018188,0.8914411664009094
NC_031929,taxid_1737571_Bacillus_oryzisoli,1.0,0.8233847618103027,0.9116923809051514
NC_031929,taxid_33968_Leuconostoc_pseudomesenteroides,1.0,0.8125415444374084,0.9062707722187042
NC_031929,taxid_28038_Lactobacillus_curvatus,1.0,0.7321797013282776,0.8660898506641388
NC_031929,taxid_185300_Paludibacter_propionicigenes,1.0,0.817762553691864,0.908881276845932
NC_031929,taxid_165096_Weissella_koreensis,0.9993537068367004,0.7818043828010559,0.8905790448188782
NC_031929,GENERO_Lacrimispora_94868,1.0,0.8512242436408997,0.9256121218204498
NC_031929,GENERO_Lactococcus_1358,1.0,0.7591826915740967,0.8795913457870483
NC_031929,taxid_293371_Lactobacillus_oligofermentans,1.0,0.7524411082267761,0.8762205541133881
NC_031929,taxid_879969_Macellibacteroides_fermentans,1.0,0.7450745701789856,0.8725372850894928
NC_031929,taxid_1397_Bacillus_circulans,1.0,0.7270668148994446,0.8635334074497223
NC_031929,taxid_1129792_Weissella_oryzae,1.0,0.7949938178062439,0.897496908903122
NC_031929,taxid_1610_Lactobacillus_coryniformis,1.0,0.7584354281425476,0.8792177140712738
NC_031929,taxid_642589_Caproiciproducens_galactitolivorans,0.9999992847442628,0.7338404059410095,0.8669198453426361
NC_031929,taxid_1297750_Bacteroides_luti,1.0,0.7589235901832581,0.879461795091629
NC_019504,taxid_33968_Leuconostoc_pseudomesenteroides,0.999853491783142,0.7057686448097229,0.8528110682964325
NC_018280,taxid_1590_Lactiplantibacillus_plantarum,0.999904990196228,0.7306782007217407,0.8652915954589844
NC_018280,taxid_33968_Leuconostoc_pseudomesenteroides,0.9999399185180664,0.719684898853302,0.8598124086856842
NC_017978,taxid_1737571_Bacillus_oryzisoli,0.9999996423721312,0.776475191116333,0.8882374167442322
NC_017978,taxid_185300_Paludibacter_propionicigenes,1.0,0.7096554040908813,0.8548277020454407
NC_017978,taxid_147709_Carnobacterium_inhibens,1.0,0.7177005410194397,0.8588502705097198
NC_017978,taxid_1397_Bacillus_circulans,1.0,0.7756386399269104,0.8878193199634552
NC_017978,taxid_1297750_Bacteroides_luti,1.0,0.7374202609062195,0.8687101304531097
NC_028696,taxid_2479367_Buttiauxella_sp_3AFRM03,0.9998470544815063,0.7250399589538574,0.8624435067176819
NC_030953,taxid_2479367_Buttiauxella_sp_3AFRM03,0.9999051094055176,0.7823817729949951,0.8911434412002563
NC_030953,taxid_1590_Lactiplantibacillus_plantarum,0.9999970197677612,0.7141291499137878,0.8570630848407745
NC_030953,taxid_82977_Buttiauxella_agrestis,0.9995405673980712,0.7036027312278748,0.851571649312973
NC_030953,taxid_33968_Leuconostoc_pseudomesenteroides,0.9999620914459229,0.7061317563056946,0.8530469238758087
NC_007924,taxid_1737571_Bacillus_oryzisoli,0.8602596521377563,0.8825546503067017,0.871407151222229
NC_007924,taxid_185300_Paludibacter_propionicigenes,0.9920309782028198,0.8697376847267151,0.9308843314647675
NC_007924,taxid_147709_Carnobacterium_inhibens,0.9975987076759338,0.803977906703949,0.9007883071899414
NC_007924,GENERO_Lacrimispora_94868,0.871162474155426,0.8653053045272827,0.8682338893413544
NC_007924,GENERO_Lactococcus_1358,0.9946274161338806,0.8278778195381165,0.9112526178359985
NC_007924,taxid_1397_Bacillus_circulans,0.999977707862854,0.831856906414032,0.915917307138443
NC_007924,taxid_1297750_Bacteroides_luti,0.9998620748519896,0.8514852523803711,0.9256736636161804
NC_000872,taxid_33964_Leuconostoc_citreum,0.9999974966049194,0.7480053901672363,0.8740014433860779
NC_000872,taxid_1590_Lactiplantibacillus_plantarum,0.9999984502792358,0.730823814868927,0.8654111325740814
NC_000872,taxid_1245_Leuconostoc_mesenteroides,1.0,0.8406669497489929,0.9203334748744965
NC_000872,taxid_2751_Carnobacterium_maltaromaticum,0.9993809461593628,0.7716963887214661,0.8855386674404144
NC_000872,taxid_1737571_Bacillus_oryzisoli,1.0,0.8888241648674011,0.9444120824337006
NC_000872,taxid_33968_Leuconostoc_pseudomesenteroides,1.0,0.8536508083343506,0.9268254041671753
NC_000872,taxid_28038_Lactobacillus_curvatus,1.0,0.748411238193512,0.874205619096756
NC_000872,taxid_1358_Lactococcus_lactis,0.9999945163726808,0.801200270652771,0.9005973935127258
NC_000872,taxid_185300_Paludibacter_propionicigenes,1.0,0.8762107491493225,0.9381053745746613
NC_000872,taxid_147709_Carnobacterium_inhibens,0.9999990463256836,0.8118590712547302,0.9059290587902069
NC_000872,taxid_165096_Weissella_koreensis,0.9995508790016174,0.8579258918762207,0.9287383854389191
NC_000872,GENERO_Lacrimispora_94868,1.0,0.8726921081542969,0.9363460540771484
NC_000872,GENERO_Lactococcus_1358,1.0,0.8358449935913086,0.9179224967956543
NC_000872,taxid_293371_Lactobacillus_oligofermentans,1.0,0.8392224311828613,0.9196112155914307
NC_000872,taxid_879969_Macellibacteroides_fermentans,1.0,0.7619490623474121,0.880974531173706
NC_000872,taxid_1397_Bacillus_circulans,1.0,0.8409193754196167,0.9204596877098083
NC_000872,taxid_1129792_Weissella_oryzae,0.9999996423721312,0.8455103039741516,0.9227549731731415
NC_000872,taxid_1610_Lactobacillus_coryniformis,0.9999982118606568,0.7446944713592529,0.8723463416099548
NC_000872,taxid_1297750_Bacteroides_luti,1.0,0.8614689111709595,0.9307344555854797
NC_019909,taxid_2479367_Buttiauxella_sp_3AFRM03,0.9998025298118592,0.7978847622871399,0.8988436460494995
NC_019909,taxid_82992_Buttiauxella_noackiae,0.9998635053634644,0.7076370716094971,0.8537502884864807
NC_019909,taxid_1590_Lactiplantibacillus_plantarum,0.9999997615814208,0.7414717078208923,0.8707357347011566
NC_019909,taxid_82977_Buttiauxella_agrestis,0.9993793964385986,0.7130492925643921,0.8562143445014954
NC_019909,taxid_1245_Leuconostoc_mesenteroides,0.9999690055847168,0.7037854194641113,0.8518772125244141
NC_019909,taxid_33968_Leuconostoc_pseudomesenteroides,0.9999994039535522,0.7516670227050781,0.8758332133293152
NC_019909,taxid_185300_Paludibacter_propionicigenes,0.9987958669662476,0.7545104622840881,0.8766531646251678
NC_019909,GENERO_Lacrimispora_94868,0.957881510257721,0.8111683130264282,0.8845249116420746
NC_019909,taxid_1129792_Weissella_oryzae,0.9996637105941772,0.7299142479896545,0.8647889792919159
NC_019909,taxid_1610_Lactobacillus_coryniformis,0.9999899864196776,0.7173053026199341,0.8586476445198059
NC_021800,taxid_1245_Leuconostoc_mesenteroides,1.0,0.7769292593002319,0.888464629650116
NC_021800,taxid_2751_Carnobacterium_maltaromaticum,0.9990112781524658,0.7155783772468567,0.8572948276996613
NC_021800,taxid_1737571_Bacillus_oryzisoli,0.9999997615814208,0.8421834111213684,0.9210915863513947
NC_021800,taxid_33968_Leuconostoc_pseudomesenteroides,0.9999996423721312,0.7847974300384521,0.8923985362052917
NC_021800,taxid_1358_Lactococcus_lactis,0.9999892711639404,0.7532028555870056,0.876596063375473
NC_021800,taxid_185300_Paludibacter_propionicigenes,1.0,0.819841206073761,0.9099206030368805
NC_021800,taxid_147709_Carnobacterium_inhibens,0.9999991655349731,0.7633295059204102,0.8816643357276917
NC_021800,taxid_165096_Weissella_koreensis,0.9998581409454346,0.8075314164161682,0.9036947786808014
NC_021800,GENERO_Lacrimispora_94868,0.9999997615814208,0.8125850558280945,0.9062924087047577
NC_021800,GENERO_Lactococcus_1358,1.0,0.7765476107597351,0.8882738053798676
NC_021800,taxid_293371_Lactobacillus_oligofermentans,1.0,0.7870162129402161,0.893508106470108
NC_021800,taxid_1397_Bacillus_circulans,1.0,0.7921659350395203,0.8960829675197601
NC_021800,taxid_1129792_Weissella_oryzae,0.9999959468841552,0.7810866832733154,0.8905413150787354
NC_021800,taxid_1297750_Bacteroides_luti,1.0,0.8020858764648438,0.9010429382324219
NC_029119,taxid_1245_Leuconostoc_mesenteroides,0.998117446899414,0.8282759189605713,0.9131966829299927
NC_029119,taxid_1737571_Bacillus_oryzisoli,0.9999964237213136,0.8794463872909546,0.939721405506134
NC_029119,taxid_33968_Leuconostoc_pseudomesenteroides,0.8782080411911011,0.8370879888534546,0.8576480150222778
NC_029119,taxid_28038_Lactobacillus_curvatus,0.9979248046875,0.7302759289741516,0.8641003668308258
NC_029119,taxid_1358_Lactococcus_lactis,0.9920734763145448,0.8030884265899658,0.8975809514522552
NC_029119,taxid_185300_Paludibacter_propionicigenes,0.9999997615814208,0.8614981174468994,0.9307489395141602
NC_029119,taxid_147709_Carnobacterium_inhibens,0.9999704360961914,0.815091609954834,0.9075310230255127
NC_029119,GENERO_Lacrimispora_94868,0.9999986886978148,0.8649759888648987,0.9324873387813568
NC_029119,GENERO_Lactococcus_1358,0.9999997615814208,0.8231777548789978,0.9115887582302094
NC_029119,taxid_293371_Lactobacillus_oligofermentans,0.9996987581253052,0.8324359655380249,0.916067361831665
NC_029119,taxid_879969_Macellibacteroides_fermentans,0.9998791217803956,0.7428308725357056,0.8713549971580505
NC_029119,taxid_1397_Bacillus_circulans,1.0,0.8431565165519714,0.9215782582759857
NC_029119,taxid_1297750_Bacteroides_luti,0.9999998807907104,0.8502745628356934,0.9251372218132019
NC_019513,taxid_1737571_Bacillus_oryzisoli,0.994717538356781,0.8753376007080078,0.9350275695323944
NC_019513,taxid_185300_Paludibacter_propionicigenes,0.9968505501747132,0.8598930239677429,0.928371787071228
NC_019513,taxid_147709_Carnobacterium_inhibens,0.9999234676361084,0.8171055912971497,0.908514529466629
NC_019513,GENERO_Lacrimispora_94868,0.9954996705055236,0.8576017022132874,0.9265506863594055
NC_019513,GENERO_Lactococcus_1358,0.9946331977844238,0.8219248652458191,0.9082790315151215
NC_019513,taxid_1397_Bacillus_circulans,0.9999996423721312,0.8437764644622803,0.9218880534172058
NC_019513,taxid_1297750_Bacteroides_luti,0.9999961853027344,0.8484442234039307,0.9242202043533325
NC_001697,taxid_1245_Leuconostoc_mesenteroides,0.9999990463256836,0.7902354001998901,0.8951172232627869
NC_001697,taxid_1737571_Bacillus_oryzisoli,0.9972538352012634,0.8448081016540527,0.9210309684276581
NC_001697,taxid_33968_Leuconostoc_pseudomesenteroides,0.9999994039535522,0.8105822801589966,0.9052908420562744
NC_001697,taxid_185300_Paludibacter_propionicigenes,0.9999991655349731,0.833595335483551,0.9167972505092621
NC_001697,GENERO_Lacrimispora_94868,0.9999762773513794,0.8327483534812927,0.9163623154163361
NC_001697,GENERO_Lactococcus_1358,0.9999995231628418,0.7802771329879761,0.8901383280754089
NC_001697,taxid_293371_Lactobacillus_oligofermentans,0.9999027252197266,0.7792669534683228,0.8895848393440247
NC_001697,taxid_879969_Macellibacteroides_fermentans,0.9999792575836182,0.707587480545044,0.853783369064331
NC_001697,taxid_1397_Bacillus_circulans,0.9977583885192872,0.7794659733772278,0.8886121809482574
NC_001697,taxid_1129792_Weissella_oryzae,0.9997351765632628,0.7986777424812317,0.8992064595222473
NC_001697,taxid_1297750_Bacteroides_luti,0.9998158812522888,0.8072713613510132,0.903543621301651
NC_008689,taxid_1245_Leuconostoc_mesenteroides,0.9999995231628418,0.7610805034637451,0.8805400133132935
NC_008689,taxid_2751_Carnobacterium_maltaromaticum,1.0,0.750353991985321,0.8751769959926605
NC_008689,taxid_1737571_Bacillus_oryzisoli,1.0,0.8441938161849976,0.9220969080924988
NC_008689,taxid_33968_Leuconostoc_pseudomesenteroides,0.9998947381973268,0.7619662284851074,0.880930483341217
NC_008689,taxid_1358_Lactococcus_lactis,1.0,0.7725834846496582,0.8862917423248291
NC_008689,taxid_185300_Paludibacter_propionicigenes,1.0,0.8100209832191467,0.9050104916095734
NC_008689,taxid_147709_Carnobacterium_inhibens,1.0,0.7938425540924072,0.8969212770462036
NC_008689,taxid_165096_Weissella_koreensis,0.999292016029358,0.8112035393714905,0.9052477777004242
NC_008689,GENERO_Lacrimispora_94868,1.0,0.7976948022842407,0.8988474011421204
NC_008689,GENERO_Lactococcus_1358,1.0,0.7645890116691589,0.8822945058345795
NC_008689,taxid_293371_Lactobacillus_oligofermentans,1.0,0.793571949005127,0.8967859745025635
NC_008689,taxid_1397_Bacillus_circulans,1.0,0.8285003304481506,0.9142501652240753
NC_008689,taxid_1129792_Weissella_oryzae,0.9980327486991882,0.7628205418586731,0.8804266452789307
NC_008689,taxid_1297750_Bacteroides_luti,1.0,0.8168548345565796,0.9084274172782898
NC_031245,taxid_2479367_Buttiauxella_sp_3AFRM03,0.9997487664222716,0.7583597302436829,0.8790542483329773
NC_031245,taxid_1245_Leuconostoc_mesenteroides,0.9999921321868896,0.7375286221504211,0.8687603771686554
NC_031245,taxid_33968_Leuconostoc_pseudomesenteroides,1.0,0.7729098200798035,0.8864549100399017
NC_031245,taxid_185300_Paludibacter_propionicigenes,0.9149435758590698,0.787753701210022,0.8513486385345459
NC_031245,GENERO_Lactococcus_1358,0.9999513626098632,0.7097377777099609,0.8548445701599121
NC_031245,taxid_1129792_Weissella_oryzae,0.9999923706054688,0.7470847964286804,0.8735385835170746
NC_022771,taxid_2479367_Buttiauxella_sp_3AFRM03,0.9972289204597472,0.7444641590118408,0.8708465397357941
NC_022771,taxid_1737571_Bacillus_oryzisoli,0.9988672733306884,0.7318488359451294,0.8653580546379089
NC_022771,taxid_33968_Leuconostoc_pseudomesenteroides,1.0,0.7281926870346069,0.8640963435173035
NC_022771,taxid_185300_Paludibacter_propionicigenes,0.9999837875366212,0.7322334051132202,0.8661085963249207
NC_022771,GENERO_Lacrimispora_94868,0.9999160766601562,0.7853601574897766,0.8926381170749664
NC_004629,taxid_2479367_Buttiauxella_sp_3AFRM03,0.9999966621398926,0.77144455909729,0.8857206106185913
NC_004629,taxid_1590_Lactiplantibacillus_plantarum,1.0,0.7070938348770142,0.8535469174385071
NC_004629,taxid_1245_Leuconostoc_mesenteroides,0.9999986886978148,0.7265312671661377,0.8632649779319763
NC_004629,taxid_1737571_Bacillus_oryzisoli,0.92190021276474,0.7784891724586487,0.8501946926116943
NC_004629,taxid_33968_Leuconostoc_pseudomesenteroides,1.0,0.7627553343772888,0.8813776671886444
NC_004629,taxid_185300_Paludibacter_propionicigenes,0.9991002082824708,0.7762738466262817,0.8876870274543762
NC_004629,GENERO_Lacrimispora_94868,0.9912017583847046,0.8173441290855408,0.9042729437351227
NC_004629,taxid_1129792_Weissella_oryzae,0.9999966621398926,0.738775372505188,0.8693860173225403
NC_004629,taxid_1610_Lactobacillus_coryniformis,0.9999995231628418,0.7063102722167969,0.8531548976898193
NC_007059,taxid_1245_Leuconostoc_mesenteroides,0.9999996423721312,0.7761719822883606,0.888085812330246
NC_007059,taxid_2751_Carnobacterium_maltaromaticum,0.9999774694442748,0.740039050579071,0.870008260011673
NC_007059,taxid_1737571_Bacillus_oryzisoli,1.0,0.847683310508728,0.923841655254364
NC_007059,taxid_33968_Leuconostoc_pseudomesenteroides,0.9997711777687072,0.7819551229476929,0.8908631503582001
NC_007059,taxid_1358_Lactococcus_lactis,0.9999983310699464,0.7741023302078247,0.8870503306388855
NC_007059,taxid_185300_Paludibacter_propionicigenes,1.0,0.8202674984931946,0.9101337492465973
NC_007059,taxid_147709_Carnobacterium_inhibens,1.0,0.7923896908760071,0.8961948454380035
NC_007059,taxid_165096_Weissella_koreensis,0.9955782294273376,0.816131591796875,0.9058549106121063
NC_007059,GENERO_Lacrimispora_94868,1.0,0.8140424489974976,0.9070212244987488
NC_007059,GENERO_Lactococcus_1358,1.0,0.7768936157226562,0.8884468078613281
NC_007059,taxid_293371_Lactobacillus_oligofermentans,1.0,0.7983738780021667,0.8991869390010834
NC_007059,taxid_1397_Bacillus_circulans,1.0,0.8202560544013977,0.9101280272006989
NC_007059,taxid_1129792_Weissella_oryzae,0.9964061379432678,0.7788676023483276,0.8876368701457977
NC_007059,taxid_1297750_Bacteroides_luti,1.0,0.820183515548706,0.910091757774353
NC_025457,taxid_2479367_Buttiauxella_sp_3AFRM03,0.9999998807907104,0.7780481576919556,0.889024019241333
NC_025457,taxid_1590_Lactiplantibacillus_plantarum,1.0,0.7406216263771057,0.8703108131885529
NC_025457,taxid_1245_Leuconostoc_mesenteroides,1.0,0.7662603855133057,0.8831301927566528
NC_025457,taxid_1737571_Bacillus_oryzisoli,0.9979294538497924,0.8169847130775452,0.9074570834636688
NC_025457,taxid_33968_Leuconostoc_pseudomesenteroides,1.0,0.7992507219314575,0.8996253609657288
NC_025457,taxid_28038_Lactobacillus_curvatus,1.0,0.7107235789299011,0.8553617894649506
NC_025457,taxid_185300_Paludibacter_propionicigenes,0.9999991655349731,0.8088232278823853,0.9044111967086792
NC_025457,GENERO_Lacrimispora_94868,0.9999923706054688,0.8342832326889038,0.9171378016471863
NC_025457,GENERO_Lactococcus_1358,1.0,0.7424191832542419,0.871209591627121
NC_025457,taxid_293371_Lactobacillus_oligofermentans,0.9999977350234984,0.7347508072853088,0.8673742711544037
NC_025457,taxid_879969_Macellibacteroides_fermentans,0.9999922513961792,0.7319068908691406,0.8659495711326599
NC_025457,taxid_1397_Bacillus_circulans,0.9920507073402404,0.7148500680923462,0.8534503877162933
NC_025457,taxid_1129792_Weissella_oryzae,1.0,0.7798784375190735,0.8899392187595367
NC_025457,taxid_1610_Lactobacillus_coryniformis,1.0,0.7362728118896484,0.8681364059448242
NC_025457,taxid_642589_Caproiciproducens_galactitolivorans,0.9997946619987488,0.707007110118866,0.8534008860588074
NC_025457,taxid_1297750_Bacteroides_luti,0.9996610879898072,0.7561395168304443,0.8779003024101257
NC_024142,taxid_2479367_Buttiauxella_sp_3AFRM03,0.9998674392700196,0.7880159616470337,0.8939417004585266
NC_024142,taxid_1590_Lactiplantibacillus_plantarum,1.0,0.7014735341072083,0.8507367670536041
NC_024142,GENERO_Lacrimispora_94868,0.9996080994606018,0.7691846489906311,0.8843963742256165
NC_025462,taxid_2479367_Buttiauxella_sp_3AFRM03,0.9974228143692015,0.7862364053726196,0.8918296098709106
NC_025462,taxid_1590_Lactiplantibacillus_plantarum,0.9999997615814208,0.7194197177886963,0.8597097396850586
NC_025462,taxid_1245_Leuconostoc_mesenteroides,0.999976396560669,0.7640863656997681,0.8820313811302185
NC_025462,taxid_33968_Leuconostoc_pseudomesenteroides,1.0,0.7958888411521912,0.8979444205760956
NC_025462,taxid_185300_Paludibacter_propionicigenes,0.9733283519744872,0.8104908466339111,0.8919095993041992
NC_025462,GENERO_Lacrimispora_94868,0.9953581690788268,0.8441509008407593,0.9197545349597931
NC_025462,GENERO_Lactococcus_1358,0.9999920129776,0.7416677474975586,0.8708298802375793
NC_025462,taxid_1129792_Weissella_oryzae,0.9998542070388794,0.7749617695808411,0.8874079883098602
NC_025462,taxid_1610_Lactobacillus_coryniformis,0.999992609024048,0.7224551439285278,0.8612238764762878
NC_005356,taxid_1245_Leuconostoc_mesenteroides,0.999725878238678,0.7520267367362976,0.8758763074874878
NC_005356,taxid_2751_Carnobacterium_maltaromaticum,0.999998927116394,0.7326663732528687,0.8663326501846313
NC_005356,taxid_1737571_Bacillus_oryzisoli,0.9999998807907104,0.8343891501426697,0.9171945154666901
NC_005356,taxid_33968_Leuconostoc_pseudomesenteroides,0.964629590511322,0.7489651441574097,0.8567973673343658
NC_005356,taxid_1358_Lactococcus_lactis,0.9999970197677612,0.7621768116950989,0.88108691573143
NC_005356,taxid_185300_Paludibacter_propionicigenes,1.0,0.7995604872703552,0.8997802436351776
NC_005356,taxid_147709_Carnobacterium_inhibens,1.0,0.7829405069351196,0.8914702534675598
NC_005356,GENERO_Lacrimispora_94868,0.9999997615814208,0.7844884395599365,0.8922441005706787
NC_005356,GENERO_Lactococcus_1358,1.0,0.7553102374076843,0.8776551187038422
NC_005356,taxid_293371_Lactobacillus_oligofermentans,0.9999947547912598,0.7840609550476074,0.8920278549194336
NC_005356,taxid_1397_Bacillus_circulans,1.0,0.8186643719673157,0.9093321859836578
NC_005356,taxid_1297750_Bacteroides_luti,1.0,0.807841956615448,0.903920978307724
NC_018832,taxid_2479367_Buttiauxella_sp_3AFRM03,0.9997970461845398,0.7159263491630554,0.8578616976737976
NC_015284,taxid_1245_Leuconostoc_mesenteroides,0.9999998807907104,0.7044233083724976,0.852211594581604
NC_015284,taxid_1737571_Bacillus_oryzisoli,0.999997615814209,0.7544994354248047,0.8772485256195068
NC_015284,taxid_33968_Leuconostoc_pseudomesenteroides,0.9999988079071044,0.7426224946975708,0.8713106513023376
NC_015284,taxid_185300_Paludibacter_propionicigenes,0.9999998807907104,0.7515119910240173,0.8757559359073639
NC_015284,GENERO_Lacrimispora_94868,0.999997615814209,0.8032181262969971,0.901607871055603
NC_015284,taxid_1129792_Weissella_oryzae,0.9999865293502808,0.7195390462875366,0.8597627878189087
NC_019511,taxid_33964_Leuconostoc_citreum,0.9999849796295166,0.702643096446991,0.8513140380382538
NC_019511,taxid_1245_Leuconostoc_mesenteroides,1.0,0.8188619613647461,0.909430980682373
NC_019511,taxid_2751_Carnobacterium_maltaromaticum,1.0,0.7736605405807495,0.8868302702903748
NC_019511,taxid_1737571_Bacillus_oryzisoli,1.0,0.8719728589057922,0.9359864294528961
NC_019511,taxid_33968_Leuconostoc_pseudomesenteroides,0.9999998807907104,0.8264697194099426,0.9132348001003265
NC_019511,taxid_28038_Lactobacillus_curvatus,1.0,0.7064591646194458,0.8532295823097229
NC_019511,taxid_1358_Lactococcus_lactis,1.0,0.8036423921585083,0.9018211960792542
NC_019511,taxid_185300_Paludibacter_propionicigenes,1.0,0.8528088927268982,0.9264044463634491
NC_019511,taxid_147709_Carnobacterium_inhibens,1.0,0.8174517154693604,0.9087258577346802
NC_019511,taxid_165096_Weissella_koreensis,0.9999693632125854,0.844985842704773,0.9224776029586792
NC_019511,GENERO_Lacrimispora_94868,1.0,0.8537018895149231,0.9268509447574615
NC_019511,GENERO_Lactococcus_1358,1.0,0.8143743276596069,0.9071871638298035
NC_019511,taxid_293371_Lactobacillus_oligofermentans,1.0,0.8279318809509277,0.9139659404754639
NC_019511,taxid_879969_Macellibacteroides_fermentans,1.0,0.721938967704773,0.8609694838523865
NC_019511,taxid_1397_Bacillus_circulans,1.0,0.8453078866004944,0.9226539433002472
NC_019511,taxid_1129792_Weissella_oryzae,0.9999964237213136,0.8234938979148865,0.9117451608181
NC_019511,taxid_1610_Lactobacillus_coryniformis,0.9999960660934448,0.7113728523254395,0.8556844592094421
NC_019511,taxid_1297750_Bacteroides_luti,1.0,0.8434046506881714,0.9217023253440857
NC_007814,taxid_1245_Leuconostoc_mesenteroides,1.0,0.7875893712043762,0.8937946856021881
NC_007814,taxid_2751_Carnobacterium_maltaromaticum,1.0,0.7653388381004333,0.8826694190502167
NC_007814,taxid_1737571_Bacillus_oryzisoli,1.0,0.8620888590812683,0.9310444295406342
NC_007814,taxid_33968_Leuconostoc_pseudomesenteroides,0.9999998807907104,0.7961172461509705,0.8980585634708405
NC_007814,taxid_1358_Lactococcus_lactis,1.0,0.7887938618659973,0.8943969309329987
NC_007814,taxid_185300_Paludibacter_propionicigenes,1.0,0.8335202932357788,0.9167601466178894
NC_007814,taxid_147709_Carnobacterium_inhibens,1.0,0.8063579797744751,0.9031789898872375
NC_007814,taxid_165096_Weissella_koreensis,0.9999997615814208,0.8271167278289795,0.9135582447052002
NC_007814,GENERO_Lacrimispora_94868,1.0,0.8273455500602722,0.9136727750301361
NC_007814,GENERO_Lactococcus_1358,1.0,0.7883457541465759,0.894172877073288
NC_007814,taxid_293371_Lactobacillus_oligofermentans,1.0,0.8099039196968079,0.9049519598484039
NC_007814,taxid_1397_Bacillus_circulans,1.0,0.8376044631004333,0.9188022315502167
NC_007814,taxid_1129792_Weissella_oryzae,0.9999995231628418,0.7924882173538208,0.8962438702583313
NC_007814,taxid_1297750_Bacteroides_luti,1.0,0.8344693183898926,0.9172346591949463
NC_004588,taxid_33964_Leuconostoc_citreum,1.0,0.7337238788604736,0.8668619394302368
NC_004588,taxid_1245_Leuconostoc_mesenteroides,1.0,0.8279473781585693,0.9139736890792847
NC_004588,taxid_2751_Carnobacterium_maltaromaticum,1.0,0.7650899291038513,0.8825449645519257
NC_004588,taxid_1737571_Bacillus_oryzisoli,1.0,0.8800142407417297,0.9400071203708649
NC_004588,taxid_33968_Leuconostoc_pseudomesenteroides,1.0,0.8400892019271851,0.9200446009635925
NC_004588,taxid_28038_Lactobacillus_curvatus,1.0,0.7294052243232727,0.8647026121616364
NC_004588,taxid_1358_Lactococcus_lactis,1.0,0.7951930165290833,0.8975965082645416
NC_004588,taxid_185300_Paludibacter_propionicigenes,1.0,0.8649746179580688,0.9324873089790344
NC_004588,taxid_147709_Carnobacterium_inhibens,1.0,0.8047689199447632,0.9023844599723816
NC_004588,taxid_165096_Weissella_koreensis,1.0,0.847874641418457,0.9239373207092285
NC_004588,GENERO_Lacrimispora_94868,1.0,0.8613013029098511,0.9306506514549255
NC_004588,GENERO_Lactococcus_1358,1.0,0.8256027698516846,0.9128013849258423
NC_004588,taxid_293371_Lactobacillus_oligofermentans,1.0,0.8300302028656006,0.9150151014328003
NC_004588,taxid_879969_Macellibacteroides_fermentans,1.0,0.7401400208473206,0.8700700104236603
NC_004588,taxid_1397_Bacillus_circulans,1.0,0.8314909338951111,0.9157454669475555
NC_004588,taxid_1129792_Weissella_oryzae,1.0,0.8326323628425598,0.9163161814212799
NC_004588,taxid_1610_Lactobacillus_coryniformis,1.0,0.7194809913635254,0.8597404956817627
NC_004588,taxid_1297750_Bacteroides_luti,1.0,0.8498880863189697,0.9249440431594849
NC_004087,taxid_185300_Paludibacter_propionicigenes,0.9946039319038392,0.8300022482872009,0.91230309009552
NC_004087,taxid_147709_Carnobacterium_inhibens,0.9882055521011353,0.8213695883750916,0.9047875702381134
NC_004087,GENERO_Lacrimispora_94868,0.9620070457458496,0.8050057291984558,0.8835063874721527
NC_004087,taxid_1397_Bacillus_circulans,0.9998629093170166,0.8561156392097473,0.927989274263382
NC_004087,taxid_1297750_Bacteroides_luti,0.9999717473983764,0.8403763175010681,0.9201740324497223
NC_024361,taxid_33964_Leuconostoc_citreum,0.9999998807907104,0.7238731980323792,0.8619365394115448
NC_024361,taxid_1590_Lactiplantibacillus_plantarum,0.9999991655349731,0.7508285045623779,0.8754138350486755
NC_024361,taxid_1245_Leuconostoc_mesenteroides,1.0,0.7965232729911804,0.8982616364955902
NC_024361,taxid_1737571_Bacillus_oryzisoli,1.0,0.8364762663841248,0.9182381331920624
NC_024361,taxid_33968_Leuconostoc_pseudomesenteroides,1.0,0.8219133019447327,0.9109566509723663
NC_024361,taxid_28038_Lactobacillus_curvatus,1.0,0.7354986667633057,0.8677493333816528
NC_024361,taxid_1358_Lactococcus_lactis,1.0,0.7118588089942932,0.8559294044971466
NC_024361,taxid_185300_Paludibacter_propionicigenes,1.0,0.8315905928611755,0.9157952964305878
NC_024361,taxid_147709_Carnobacterium_inhibens,1.0,0.720154881477356,0.860077440738678
NC_024361,taxid_165096_Weissella_koreensis,1.0,0.7980518341064453,0.8990259170532227
NC_024361,GENERO_Lacrimispora_94868,1.0,0.8575528860092163,0.9287764430046082
NC_024361,GENERO_Lactococcus_1358,1.0,0.7761518955230713,0.8880759477615356
NC_024361,taxid_293371_Lactobacillus_oligofermentans,1.0,0.7711976766586304,0.8855988383293152
NC_024361,taxid_879969_Macellibacteroides_fermentans,1.0,0.7483255863189697,0.8741627931594849
NC_024361,taxid_1397_Bacillus_circulans,1.0,0.7556743621826172,0.8778371810913086
NC_024361,taxid_1129792_Weissella_oryzae,1.0,0.8064738512039185,0.9032369256019592
NC_024361,taxid_1610_Lactobacillus_coryniformis,0.9999997615814208,0.7540543675422668,0.8770270645618439
NC_024361,taxid_642589_Caproiciproducens_galactitolivorans,1.0,0.7215793132781982,0.8607896566390991
NC_024361,taxid_1297750_Bacteroides_luti,1.0,0.7826671600341797,0.8913335800170898
NC_031051,taxid_33964_Leuconostoc_citreum,0.9999943971633912,0.7362303733825684,0.8681123852729797
NC_031051,taxid_1590_Lactiplantibacillus_plantarum,0.9999908208847046,0.7034448385238647,0.8517178297042847
NC_031051,taxid_1245_Leuconostoc_mesenteroides,1.0,0.8368121385574341,0.918406069278717
NC_031051,taxid_2751_Carnobacterium_maltaromaticum,1.0,0.7850048542022705,0.8925024271011353
NC_031051,taxid_1737571_Bacillus_oryzisoli,1.0,0.883222222328186,0.941611111164093
NC_031051,taxid_33968_Leuconostoc_pseudomesenteroides,1.0,0.8453273773193359,0.922663688659668
NC_031051,taxid_28038_Lactobacillus_curvatus,1.0,0.7360212802886963,0.8680106401443481
NC_031051,taxid_1358_Lactococcus_lactis,1.0,0.813328206539154,0.906664103269577
NC_031051,taxid_185300_Paludibacter_propionicigenes,1.0,0.8683224320411682,0.9341612160205841
NC_031051,taxid_147709_Carnobacterium_inhibens,1.0,0.8251289129257202,0.9125644564628601
NC_031051,taxid_165096_Weissella_koreensis,0.9999613761901855,0.8600243926048279,0.9299928843975067
NC_031051,GENERO_Lacrimispora_94868,1.0,0.8673584461212158,0.9336792230606079
NC_031051,GENERO_Lactococcus_1358,1.0,0.8313220143318176,0.9156610071659088
NC_031051,taxid_293371_Lactobacillus_oligofermentans,1.0,0.842928946018219,0.9214644730091095
NC_031051,taxid_879969_Macellibacteroides_fermentans,1.0,0.7468188405036926,0.8734094202518463
NC_031051,taxid_1397_Bacillus_circulans,1.0,0.8512523174285889,0.9256261587142944
NC_031051,taxid_1129792_Weissella_oryzae,0.9999992847442628,0.840531587600708,0.9202654361724854
NC_031051,taxid_1610_Lactobacillus_coryniformis,0.9999960660934448,0.7351465821266174,0.8675713241100311
NC_031051,taxid_1297750_Bacteroides_luti,1.0,0.8554934859275818,0.9277467429637909
NC_017976,taxid_1590_Lactiplantibacillus_plantarum,0.9999475479125975,0.7195997834205627,0.8597736656665802
NC_017976,taxid_1245_Leuconostoc_mesenteroides,0.9999998807907104,0.7651411890983582,0.8825705349445343
NC_017976,taxid_1737571_Bacillus_oryzisoli,0.9994338154792786,0.8156737089157104,0.9075537621974945
NC_017976,taxid_33968_Leuconostoc_pseudomesenteroides,0.9999991655349731,0.7981430292129517,0.8990710973739624
NC_017976,taxid_28038_Lactobacillus_curvatus,0.999990701675415,0.7041391730308533,0.8520649373531342
NC_017976,taxid_185300_Paludibacter_propionicigenes,0.999998927116394,0.8091778755187988,0.9045884013175964
NC_017976,taxid_165096_Weissella_koreensis,0.9358630180358888,0.7678386569023132,0.851850837469101
NC_017976,GENERO_Lacrimispora_94868,0.99994957447052,0.8310514092445374,0.9155004918575287
NC_017976,GENERO_Lactococcus_1358,0.9999996423721312,0.741062343120575,0.8705309927463531
NC_017976,taxid_293371_Lactobacillus_oligofermentans,0.99999737739563,0.733035683631897,0.8665165305137634
NC_017976,taxid_879969_Macellibacteroides_fermentans,0.9999816417694092,0.724815309047699,0.8623984754085541
NC_017976,taxid_1397_Bacillus_circulans,0.9998761415481568,0.7122751474380493,0.856075644493103
NC_017976,taxid_1129792_Weissella_oryzae,0.9999887943267822,0.7763987183570862,0.8881937563419342
NC_017976,taxid_1610_Lactobacillus_coryniformis,0.9999138116836548,0.7244802713394165,0.8621970415115356
NC_017976,taxid_1297750_Bacteroides_luti,0.9999845027923584,0.7552387714385986,0.8776116371154785
NC_025415,taxid_33964_Leuconostoc_citreum,1.0,0.7030923366546631,0.8515461683273315
NC_025415,taxid_1590_Lactiplantibacillus_plantarum,1.0,0.7393399477005005,0.8696699738502502
NC_025415,taxid_1245_Leuconostoc_mesenteroides,1.0,0.784181535243988,0.892090767621994
NC_025415,taxid_1737571_Bacillus_oryzisoli,0.9999716281890868,0.8314568996429443,0.9157142639160156
NC_025415,taxid_33968_Leuconostoc_pseudomesenteroides,1.0,0.8166903257369995,0.9083451628684998
NC_025415,taxid_28038_Lactobacillus_curvatus,1.0,0.7199802994728088,0.8599901497364044
NC_025415,taxid_185300_Paludibacter_propionicigenes,0.9999998807907104,0.8265680074691772,0.9132839441299438
NC_025415,taxid_165096_Weissella_koreensis,0.9943034648895264,0.7868507504463196,0.890577107667923
NC_025415,GENERO_Lacrimispora_94868,0.9999983310699464,0.8490912318229675,0.9245447814464569
NC_025415,GENERO_Lactococcus_1358,1.0,0.7597196698188782,0.8798598349094391
NC_025415,taxid_293371_Lactobacillus_oligofermentans,1.0,0.7528685927391052,0.8764342963695526
NC_025415,taxid_879969_Macellibacteroides_fermentans,0.9999961853027344,0.7397002577781677,0.869848221540451
NC_025415,taxid_1397_Bacillus_circulans,0.9999573230743408,0.7306933403015137,0.8653253316879272
NC_025415,taxid_1129792_Weissella_oryzae,1.0,0.7950511574745178,0.8975255787372589
NC_025415,taxid_1610_Lactobacillus_coryniformis,1.0,0.7436778545379639,0.8718389272689819
NC_025415,taxid_642589_Caproiciproducens_galactitolivorans,0.9989142417907716,0.7086560130119324,0.8537851274013519
NC_025415,taxid_1297750_Bacteroides_luti,0.999980092048645,0.7720029950141907,0.8859915435314178
NC_011811,taxid_2479367_Buttiauxella_sp_3AFRM03,0.9999990463256836,0.7736485004425049,0.8868237733840942
NC_012749,taxid_2479367_Buttiauxella_sp_3AFRM03,0.9999940395355223,0.7726330757141113,0.8863135576248169
NC_012749,taxid_1590_Lactiplantibacillus_plantarum,0.9999992847442628,0.7079744338989258,0.8539868593215942
NC_012749,taxid_1245_Leuconostoc_mesenteroides,0.9696244597434998,0.7406542897224426,0.8551393747329712
NC_012749,taxid_33968_Leuconostoc_pseudomesenteroides,0.9999961853027344,0.777462899684906,0.8887295424938202
NC_012749,taxid_1129792_Weissella_oryzae,0.9725648164749146,0.7522268891334534,0.862395852804184
NC_012749,taxid_1610_Lactobacillus_coryniformis,0.9997203946113586,0.7066031694412231,0.8531617820262909
NC_028859,taxid_1245_Leuconostoc_mesenteroides,0.999995231628418,0.7810413837432861,0.890518307685852
NC_028859,taxid_2751_Carnobacterium_maltaromaticum,1.0,0.7395631074905396,0.8697815537452698
NC_028859,taxid_1737571_Bacillus_oryzisoli,1.0,0.8497663736343384,0.9248831868171692
NC_028859,taxid_33968_Leuconostoc_pseudomesenteroides,0.9990847110748292,0.7881495952606201,0.8936171531677246
NC_028859,taxid_1358_Lactococcus_lactis,1.0,0.7726866602897644,0.8863433301448822
NC_028859,taxid_185300_Paludibacter_propionicigenes,1.0,0.824009358882904,0.912004679441452
NC_028859,taxid_147709_Carnobacterium_inhibens,1.0,0.7876548171043396,0.8938274085521698
NC_028859,taxid_165096_Weissella_koreensis,0.99642014503479,0.8166797161102295,0.9065499305725098
NC_028859,GENERO_Lacrimispora_94868,1.0,0.8212855458259583,0.9106427729129791
NC_028859,GENERO_Lactococcus_1358,1.0,0.7808231711387634,0.8904115855693817
NC_028859,taxid_293371_Lactobacillus_oligofermentans,0.9999998807907104,0.798589825630188,0.8992948532104492
NC_028859,taxid_1397_Bacillus_circulans,1.0,0.8147878050804138,0.9073939025402069
NC_028859,taxid_1129792_Weissella_oryzae,0.9836200475692748,0.7843207716941833,0.8839704096317291
NC_028859,taxid_1297750_Bacteroides_luti,1.0,0.817602813243866,0.908801406621933
NC_010945,taxid_33964_Leuconostoc_citreum,0.9999986886978148,0.7327532768249512,0.8663759827613831
NC_010945,taxid_1590_Lactiplantibacillus_plantarum,0.9999871253967284,0.7201803922653198,0.8600837588310242
NC_010945,taxid_1245_Leuconostoc_mesenteroides,1.0,0.8220199346542358,0.9110099673271179
NC_010945,taxid_2751_Carnobacterium_maltaromaticum,0.999995231628418,0.7094651460647583,0.8547301888465881
NC_010945,taxid_1737571_Bacillus_oryzisoli,1.0,0.8643079400062561,0.932153970003128
NC_010945,taxid_33968_Leuconostoc_pseudomesenteroides,1.0,0.8419320583343506,0.9209660291671753
NC_010945,taxid_28038_Lactobacillus_curvatus,1.0,0.7366306781768799,0.8683153390884399
NC_010945,taxid_1358_Lactococcus_lactis,0.9999998807907104,0.7548384070396423,0.8774191439151764
NC_010945,taxid_185300_Paludibacter_propionicigenes,1.0,0.8584257960319519,0.929212898015976
NC_010945,taxid_147709_Carnobacterium_inhibens,1.0,0.7643358111381531,0.8821679055690765
NC_010945,taxid_165096_Weissella_koreensis,0.9999781847000122,0.8289808630943298,0.914479523897171
NC_010945,GENERO_Lacrimispora_94868,1.0,0.8630638122558594,0.9315319061279297
NC_010945,GENERO_Lactococcus_1358,1.0,0.8061670064926147,0.9030835032463074
NC_010945,taxid_293371_Lactobacillus_oligofermentans,1.0,0.8029086589813232,0.9014543294906616
NC_010945,taxid_879969_Macellibacteroides_fermentans,1.0,0.7502520680427551,0.8751260340213776
NC_010945,taxid_1397_Bacillus_circulans,1.0,0.7973776459693909,0.8986888229846954
NC_010945,taxid_1129792_Weissella_oryzae,0.9999996423721312,0.828463077545166,0.9142313599586487
NC_010945,taxid_1610_Lactobacillus_coryniformis,0.99999737739563,0.7331138253211975,0.8665556013584137
NC_010945,taxid_1297750_Bacteroides_luti,1.0,0.8245384097099304,0.9122692048549652
NC_004831,taxid_2479367_Buttiauxella_sp_3AFRM03,0.9438830614089966,0.822169303894043,0.8830261826515198
NC_004831,taxid_1590_Lactiplantibacillus_plantarum,0.9999991655349731,0.7451545000076294,0.8725768327713013
NC_004831,taxid_33968_Leuconostoc_pseudomesenteroides,0.9999998807907104,0.7455832362174988,0.8727915585041046
NC_004831,taxid_185300_Paludibacter_propionicigenes,0.9999843835830688,0.7429585456848145,0.8714714646339417
NC_004831,GENERO_Lacrimispora_94868,0.9995822310447692,0.8026736974716187,0.901127964258194
NC_004831,taxid_1129792_Weissella_oryzae,0.9999905824661256,0.7210009098052979,0.8604957461357117
NC_031910,taxid_33964_Leuconostoc_citreum,1.0,0.7104979157447815,0.8552489578723907
NC_031910,taxid_1590_Lactiplantibacillus_plantarum,1.0,0.7547721862792969,0.8773860931396484
NC_031910,taxid_1245_Leuconostoc_mesenteroides,1.0,0.7804723381996155,0.8902361690998077
NC_031910,taxid_1737571_Bacillus_oryzisoli,1.0,0.8230708241462708,0.9115354120731354
NC_031910,taxid_33968_Leuconostoc_pseudomesenteroides,1.0,0.8104676008224487,0.9052338004112244
NC_031910,taxid_28038_Lactobacillus_curvatus,1.0,0.7277464270591736,0.8638732135295868
NC_031910,taxid_185300_Paludibacter_propionicigenes,1.0,0.817206621170044,0.908603310585022
NC_031910,taxid_165096_Weissella_koreensis,0.9993537068367004,0.7799108028411865,0.8896322548389435
NC_031910,GENERO_Lacrimispora_94868,1.0,0.8509502410888672,0.9254751205444336
NC_031910,GENERO_Lactococcus_1358,1.0,0.7574272155761719,0.8787136077880859
NC_031910,taxid_293371_Lactobacillus_oligofermentans,1.0,0.7501130700111389,0.8750565350055695
NC_031910,taxid_879969_Macellibacteroides_fermentans,1.0,0.7410975694656372,0.8705487847328186
NC_031910,taxid_1397_Bacillus_circulans,1.0,0.7254911661148071,0.8627455830574036
NC_031910,taxid_1129792_Weissella_oryzae,1.0,0.7932791113853455,0.8966395556926727
NC_031910,taxid_1610_Lactobacillus_coryniformis,1.0,0.7528752684593201,0.87643763422966
NC_031910,taxid_642589_Caproiciproducens_galactitolivorans,0.9999992847442628,0.726967453956604,0.8634833693504333
NC_031910,taxid_1297750_Bacteroides_luti,1.0,0.7590277791023254,0.8795138895511627
NC_031022,taxid_2479367_Buttiauxella_sp_3AFRM03,0.9999827146530152,0.8032350540161133,0.9016088843345642
NC_031022,taxid_82992_Buttiauxella_noackiae,0.9999679327011108,0.7049922347068787,0.8524800837039948
NC_031022,taxid_1590_Lactiplantibacillus_plantarum,0.9999996423721312,0.7344058156013489,0.8672027289867401
NC_031022,taxid_82977_Buttiauxella_agrestis,0.9998400211334229,0.7107969522476196,0.8553184866905212
NC_031022,taxid_33968_Leuconostoc_pseudomesenteroides,0.9999982118606568,0.735418975353241,0.8677085936069489
NC_031022,taxid_1129792_Weissella_oryzae,0.9910323023796082,0.7099851965904236,0.8505087494850159
NC_003157,taxid_33964_Leuconostoc_citreum,1.0,0.7321096658706665,0.8660548329353333
NC_003157,taxid_1245_Leuconostoc_mesenteroides,1.0,0.8257492184638977,0.9128746092319489
NC_003157,taxid_2751_Carnobacterium_maltaromaticum,1.0,0.7550434470176697,0.8775217235088348
NC_003157,taxid_1737571_Bacillus_oryzisoli,1.0,0.8747905492782593,0.9373952746391296
NC_003157,taxid_33968_Leuconostoc_pseudomesenteroides,1.0,0.8376233577728271,0.9188116788864136
NC_003157,taxid_28038_Lactobacillus_curvatus,1.0,0.7272207736968994,0.8636103868484497
NC_003157,taxid_1358_Lactococcus_lactis,1.0,0.7868791818618774,0.8934395909309387
NC_003157,taxid_185300_Paludibacter_propionicigenes,1.0,0.8624162077903748,0.9312081038951874
NC_003157,taxid_147709_Carnobacterium_inhibens,1.0,0.7964953184127808,0.8982476592063904
NC_003157,taxid_165096_Weissella_koreensis,1.0,0.8434858918190002,0.9217429459095001
NC_003157,GENERO_Lacrimispora_94868,1.0,0.8579238653182983,0.9289619326591492
NC_003157,GENERO_Lactococcus_1358,1.0,0.8219668865203857,0.9109834432601929
NC_003157,taxid_293371_Lactobacillus_oligofermentans,1.0,0.8232301473617554,0.9116150736808777
NC_003157,taxid_879969_Macellibacteroides_fermentans,1.0,0.7368135452270508,0.8684067726135254
NC_003157,taxid_1397_Bacillus_circulans,1.0,0.8234702348709106,0.9117351174354553
NC_003157,taxid_1129792_Weissella_oryzae,1.0,0.830112099647522,0.915056049823761
NC_003157,taxid_1610_Lactobacillus_coryniformis,1.0,0.7162327766418457,0.8581163883209229
NC_003157,taxid_1297750_Bacteroides_luti,1.0,0.8425009846687317,0.9212504923343658
NC_021856,taxid_1245_Leuconostoc_mesenteroides,1.0,0.7000653147697449,0.8500326573848724
NC_021856,taxid_1737571_Bacillus_oryzisoli,1.0,0.7422049641609192,0.8711024820804596
NC_021856,taxid_33968_Leuconostoc_pseudomesenteroides,1.0,0.7370787858963013,0.8685393929481506
NC_021856,taxid_185300_Paludibacter_propionicigenes,1.0,0.7431355714797974,0.8715677857398987
NC_021856,GENERO_Lacrimispora_94868,1.0,0.7879744172096252,0.8939872086048126
NC_021856,taxid_1129792_Weissella_oryzae,1.0,0.7077938318252563,0.8538969159126282
NC_015269,taxid_2479367_Buttiauxella_sp_3AFRM03,0.9995380640029908,0.8014849424362183,0.9005115032196045
NC_015269,taxid_1590_Lactiplantibacillus_plantarum,0.9999674558639526,0.7462207674980164,0.8730941116809845
NC_015269,taxid_33968_Leuconostoc_pseudomesenteroides,0.9997220635414124,0.7592315077781677,0.87947678565979
NC_015269,taxid_1610_Lactobacillus_coryniformis,0.984721839427948,0.7222322225570679,0.8534770309925079
NC_015263,taxid_33964_Leuconostoc_citreum,0.9999969005584716,0.7183203101158142,0.8591586053371429
NC_015263,taxid_1590_Lactiplantibacillus_plantarum,0.9999992847442628,0.706031084060669,0.8530151844024658
NC_015263,taxid_1245_Leuconostoc_mesenteroides,1.0,0.822918713092804,0.911459356546402
NC_015263,taxid_2751_Carnobacterium_maltaromaticum,1.0,0.7464845180511475,0.8732422590255737
NC_015263,taxid_1737571_Bacillus_oryzisoli,1.0,0.8695124387741089,0.9347562193870544
NC_015263,taxid_33968_Leuconostoc_pseudomesenteroides,1.0,0.8325504660606384,0.9162752330303192
NC_015263,taxid_28038_Lactobacillus_curvatus,1.0,0.7227482795715332,0.8613741397857666
NC_015263,taxid_1358_Lactococcus_lactis,1.0,0.7834666967391968,0.8917333483695984
NC_015263,taxid_185300_Paludibacter_propionicigenes,1.0,0.8566272258758545,0.9283136129379272
NC_015263,taxid_147709_Carnobacterium_inhibens,1.0,0.7942193150520325,0.8971096575260162
NC_015263,taxid_165096_Weissella_koreensis,0.9999951124191284,0.8387101888656616,0.919352650642395
NC_015263,GENERO_Lacrimispora_94868,1.0,0.860691487789154,0.930345743894577
NC_015263,GENERO_Lactococcus_1358,1.0,0.8155476450920105,0.9077738225460052
NC_015263,taxid_293371_Lactobacillus_oligofermentans,1.0,0.8194442987442017,0.9097221493721008
NC_015263,taxid_879969_Macellibacteroides_fermentans,1.0,0.7379081845283508,0.8689540922641754
NC_015263,taxid_1397_Bacillus_circulans,1.0,0.8233498930931091,0.9116749465465546
NC_015263,taxid_1129792_Weissella_oryzae,0.9999996423721312,0.8259894847869873,0.9129945635795593
NC_015263,taxid_1610_Lactobacillus_coryniformis,0.9999992847442628,0.7267525792121887,0.8633759319782257
NC_015263,taxid_1297750_Bacteroides_luti,1.0,0.8348782658576965,0.9174391329288483
NC_024375,taxid_1245_Leuconostoc_mesenteroides,0.9999994039535522,0.7806209325790405,0.8903101682662964
NC_024375,taxid_1737571_Bacillus_oryzisoli,0.9901356101036072,0.8231854438781738,0.9066605269908905
NC_024375,taxid_33968_Leuconostoc_pseudomesenteroides,0.9999971389770508,0.7949632406234741,0.8974801898002625
NC_024375,taxid_185300_Paludibacter_propionicigenes,0.9999862909317015,0.8177017569541931,0.9088440239429474
NC_024375,taxid_147709_Carnobacterium_inhibens,0.9877302050590516,0.7164741158485413,0.8521021604537964
NC_024375,GENERO_Lacrimispora_94868,0.9989344477653505,0.8290550708770752,0.9139947593212128
NC_024375,GENERO_Lactococcus_1358,0.99999737739563,0.7631542682647705,0.8815758228302002
NC_024375,taxid_293371_Lactobacillus_oligofermentans,0.9999947547912598,0.7597640156745911,0.8798793852329254
NC_024375,taxid_1397_Bacillus_circulans,0.9994598031044006,0.7517113089561462,0.8755855560302734
NC_024375,taxid_1129792_Weissella_oryzae,0.9999665021896362,0.7816804051399231,0.8908234536647797
NC_024375,taxid_1297750_Bacteroides_luti,0.9999290704727172,0.780180811882019,0.8900549411773682
NC_028758,taxid_1245_Leuconostoc_mesenteroides,1.0,0.7410129308700562,0.8705064654350281
NC_028758,taxid_1737571_Bacillus_oryzisoli,1.0,0.794929563999176,0.897464781999588
NC_028758,taxid_33968_Leuconostoc_pseudomesenteroides,1.0,0.7766933441162109,0.8883466720581055
NC_028758,taxid_185300_Paludibacter_propionicigenes,1.0,0.7906858921051025,0.8953429460525513
NC_028758,taxid_165096_Weissella_koreensis,0.9999998807907104,0.744812548160553,0.8724062144756317
NC_028758,GENERO_Lacrimispora_94868,1.0,0.8124710321426392,0.9062355160713196
NC_028758,GENERO_Lactococcus_1358,1.0,0.7162970900535583,0.8581485450267792
NC_028758,taxid_293371_Lactobacillus_oligofermentans,1.0,0.7104194760322571,0.8552097380161285
NC_028758,taxid_1129792_Weissella_oryzae,0.9999998807907104,0.7525997161865234,0.8762997984886169
NC_028758,taxid_1297750_Bacteroides_luti,1.0,0.7315707206726074,0.8657853603363037
NC_010106,taxid_1590_Lactiplantibacillus_plantarum,0.9961563944816588,0.728070855140686,0.8621136248111725
NC_010106,taxid_33968_Leuconostoc_pseudomesenteroides,0.9980706572532654,0.7537980079650879,0.8759343326091766
NC_013195,taxid_1245_Leuconostoc_mesenteroides,0.9999998807907104,0.7646782994270325,0.8823390901088715
NC_013195,taxid_2751_Carnobacterium_maltaromaticum,0.9999998807907104,0.7430765628814697,0.8715382218360901
NC_013195,taxid_1737571_Bacillus_oryzisoli,1.0,0.8455482125282288,0.9227741062641144
NC_013195,taxid_33968_Leuconostoc_pseudomesenteroides,0.9999935626983644,0.76813143491745,0.8840624988079071
NC_013195,taxid_1358_Lactococcus_lactis,1.0,0.7700032591819763,0.8850016295909882
NC_013195,taxid_185300_Paludibacter_propionicigenes,1.0,0.812629759311676,0.906314879655838
NC_013195,taxid_147709_Carnobacterium_inhibens,1.0,0.7906565070152283,0.8953282535076141
NC_013195,taxid_165096_Weissella_koreensis,0.9998788833618164,0.8109886050224304,0.9054337441921234
NC_013195,GENERO_Lacrimispora_94868,1.0,0.8042929172515869,0.9021464586257935
NC_013195,GENERO_Lactococcus_1358,1.0,0.7670783996582031,0.8835391998291016
NC_013195,taxid_293371_Lactobacillus_oligofermentans,1.0,0.792924165725708,0.896462082862854
NC_013195,taxid_1397_Bacillus_circulans,1.0,0.8231608271598816,0.9115804135799408
NC_013195,taxid_1129792_Weissella_oryzae,0.9998971223831176,0.7669665217399597,0.8834318220615387
NC_013195,taxid_1297750_Bacteroides_luti,1.0,0.8174620866775513,0.9087310433387756
NC_024360,taxid_1245_Leuconostoc_mesenteroides,1.0,0.8098481297492981,0.904924064874649
NC_024360,taxid_2751_Carnobacterium_maltaromaticum,0.9999998807907104,0.7563839554786682,0.8781919181346893
NC_024360,taxid_1737571_Bacillus_oryzisoli,1.0,0.86282879114151,0.931414395570755
NC_024360,taxid_33968_Leuconostoc_pseudomesenteroides,1.0,0.8167064785957336,0.9083532392978668
NC_024360,taxid_1358_Lactococcus_lactis,1.0,0.7909186482429504,0.8954593241214752
NC_024360,taxid_185300_Paludibacter_propionicigenes,1.0,0.8454661965370178,0.9227330982685089
NC_024360,taxid_147709_Carnobacterium_inhibens,1.0,0.8011945486068726,0.9005972743034363
NC_024360,taxid_165096_Weissella_koreensis,0.9999998807907104,0.8368752002716064,0.9184375405311584
NC_024360,GENERO_Lacrimispora_94868,1.0,0.8401080965995789,0.9200540482997894
NC_024360,GENERO_Lactococcus_1358,1.0,0.8045566082000732,0.9022783041000366
NC_024360,taxid_293371_Lactobacillus_oligofermentans,1.0,0.8189387917518616,0.9094693958759308
NC_024360,taxid_1397_Bacillus_circulans,1.0,0.8298166394233704,0.9149083197116852
NC_024360,taxid_1129792_Weissella_oryzae,1.0,0.8116156458854675,0.9058078229427338
NC_024360,taxid_1297750_Bacteroides_luti,1.0,0.8312509655952454,0.9156254827976227
NC_019919,taxid_2479367_Buttiauxella_sp_3AFRM03,0.999794065952301,0.7867792844772339,0.8932866752147675
NC_008265,taxid_1245_Leuconostoc_mesenteroides,0.9328227043151855,0.8093224763870239,0.8710725903511047
NC_008265,taxid_1737571_Bacillus_oryzisoli,0.9999356269836426,0.8710716962814331,0.9355036616325378
NC_008265,taxid_185300_Paludibacter_propionicigenes,0.9999935626983644,0.8444427251815796,0.9222181439399719
NC_008265,taxid_147709_Carnobacterium_inhibens,0.9997888207435608,0.8228139281272888,0.9113013744354248
NC_008265,GENERO_Lacrimispora_94868,0.9999954700469972,0.8336668014526367,0.9168311357498169
NC_008265,GENERO_Lactococcus_1358,0.9999955892562866,0.8082606792449951,0.9041281342506409
NC_008265,taxid_293371_Lactobacillus_oligofermentans,0.9755237698554992,0.8282615542411804,0.9018926620483398
NC_008265,taxid_1397_Bacillus_circulans,0.9999998807907104,0.8549827933311462,0.9274913370609283
NC_008265,taxid_1297750_Bacteroides_luti,0.999998927116394,0.8461530208587646,0.9230759739875793
NC_028788,taxid_1245_Leuconostoc_mesenteroides,1.0,0.7234094142913818,0.8617047071456909
NC_028788,taxid_1737571_Bacillus_oryzisoli,0.9999995231628418,0.7792954444885254,0.8896474838256836
NC_028788,taxid_33968_Leuconostoc_pseudomesenteroides,1.0,0.7599360942840576,0.8799680471420288
NC_028788,taxid_185300_Paludibacter_propionicigenes,0.9999998807907104,0.7759450674057007,0.8879724740982056
NC_028788,taxid_165096_Weissella_koreensis,0.9999945163726808,0.7262422442436218,0.8631183803081512
NC_028788,GENERO_Lacrimispora_94868,0.999997854232788,0.8016958832740784,0.9008468687534332
NC_028788,taxid_1129792_Weissella_oryzae,0.9999998807907104,0.734128475189209,0.8670641779899597
NC_028788,taxid_1297750_Bacteroides_luti,0.9999998807907104,0.7111173868179321,0.8555586338043213
NC_031056,taxid_2479367_Buttiauxella_sp_3AFRM03,0.97463858127594,0.7750993371009827,0.8748689591884613
NC_031056,taxid_1590_Lactiplantibacillus_plantarum,1.0,0.734049916267395,0.8670249581336975
NC_031056,taxid_1245_Leuconostoc_mesenteroides,1.0,0.7230411767959595,0.8615205883979797
NC_031056,taxid_1737571_Bacillus_oryzisoli,1.0,0.7717169523239136,0.8858584761619568
NC_031056,taxid_33968_Leuconostoc_pseudomesenteroides,1.0,0.762291431427002,0.881145715713501
NC_031056,taxid_185300_Paludibacter_propionicigenes,1.0,0.7631213068962097,0.8815606534481049
NC_031056,taxid_165096_Weissella_koreensis,0.9985020160675048,0.7140055298805237,0.8562537729740143
NC_031056,GENERO_Lacrimispora_94868,1.0,0.8132146000862122,0.9066073000431061
NC_031056,taxid_1129792_Weissella_oryzae,1.0,0.7409135699272156,0.8704567849636078
NC_031056,taxid_1610_Lactobacillus_coryniformis,1.0,0.7193653583526611,0.8596826791763306
NC_031056,taxid_642589_Caproiciproducens_galactitolivorans,0.9999710321426392,0.7023060917854309,0.851138561964035
NC_010576,taxid_33964_Leuconostoc_citreum,1.0,0.7407678365707397,0.8703839182853699
NC_010576,taxid_1590_Lactiplantibacillus_plantarum,1.0,0.7117564678192139,0.8558782339096069
NC_010576,taxid_1245_Leuconostoc_mesenteroides,1.0,0.8445680737495422,0.9222840368747711
NC_010576,taxid_2751_Carnobacterium_maltaromaticum,1.0,0.814712405204773,0.9073562026023865
NC_010576,taxid_1737571_Bacillus_oryzisoli,1.0,0.8999881744384766,0.9499940872192383
NC_010576,taxid_33968_Leuconostoc_pseudomesenteroides,1.0,0.8548837304115295,0.9274418652057648
NC_010576,taxid_28038_Lactobacillus_curvatus,1.0,0.7395641803741455,0.8697820901870728
NC_010576,taxid_1358_Lactococcus_lactis,1.0,0.8325828909873962,0.9162914454936981
NC_010576,taxid_185300_Paludibacter_propionicigenes,1.0,0.8800758719444275,0.9400379359722137
NC_010576,taxid_147709_Carnobacterium_inhibens,1.0,0.8465314507484436,0.9232657253742218
NC_010576,taxid_165096_Weissella_koreensis,1.0,0.8717609643936157,0.9358804821968079
NC_010576,GENERO_Lacrimispora_94868,1.0,0.8766457438468933,0.9383228719234467
NC_010576,GENERO_Lactococcus_1358,1.0,0.8431168794631958,0.9215584397315979
NC_010576,taxid_293371_Lactobacillus_oligofermentans,1.0,0.8568140268325806,0.9284070134162903
NC_010576,taxid_879969_Macellibacteroides_fermentans,1.0,0.7552900910377502,0.8776450455188751
NC_010576,taxid_1397_Bacillus_circulans,1.0,0.8736435174942017,0.9368217587471008
NC_010576,taxid_1129792_Weissella_oryzae,1.0,0.849882185459137,0.9249410927295685
NC_010576,taxid_1610_Lactobacillus_coryniformis,1.0,0.7314862012863159,0.865743100643158
NC_010576,taxid_1297750_Bacteroides_luti,1.0,0.8798301815986633,0.9399150907993317
NC_031924,GENERO_Lacrimispora_94868,0.9999337196350098,0.717477560043335,0.8587056398391724
NC_019502,taxid_1245_Leuconostoc_mesenteroides,0.9599300622940063,0.7812937498092651,0.8706119060516357
NC_019502,taxid_2751_Carnobacterium_maltaromaticum,0.9998281002044678,0.7467382550239563,0.873283177614212
NC_019502,taxid_1737571_Bacillus_oryzisoli,0.999995231628418,0.8500821590423584,0.9250386953353882
NC_019502,taxid_1358_Lactococcus_lactis,0.9994183778762816,0.776036262512207,0.8877273201942444
NC_019502,taxid_185300_Paludibacter_propionicigenes,0.9999972581863404,0.8238624930381775,0.9119298756122589
NC_019502,taxid_147709_Carnobacterium_inhibens,0.9999998807907104,0.7947357892990112,0.8973678350448608
NC_019502,GENERO_Lacrimispora_94868,0.999996304512024,0.8163024187088013,0.9081493616104126
NC_019502,GENERO_Lactococcus_1358,0.999996542930603,0.7805500626564026,0.8902733027935028
NC_019502,taxid_293371_Lactobacillus_oligofermentans,0.9990541338920592,0.8014856576919556,0.9002698957920074
NC_019502,taxid_1397_Bacillus_circulans,1.0,0.8249890804290771,0.9124945402145386
NC_019502,taxid_1297750_Bacteroides_luti,1.0,0.8235348463058472,0.9117674231529236
NC_005355,taxid_33964_Leuconostoc_citreum,0.9806878566741944,0.7468276619911194,0.8637577593326569
NC_005355,taxid_1245_Leuconostoc_mesenteroides,0.9999995231628418,0.8465830087661743,0.9232912659645081
NC_005355,taxid_2751_Carnobacterium_maltaromaticum,0.9999996423721312,0.8097999095916748,0.9048997759819031
NC_005355,taxid_1737571_Bacillus_oryzisoli,1.0,0.8982729315757751,0.9491364657878876
NC_005355,taxid_33968_Leuconostoc_pseudomesenteroides,0.9996883869171144,0.855258584022522,0.9274734854698181
NC_005355,taxid_28038_Lactobacillus_curvatus,0.9999746084213256,0.7445074915885925,0.8722410500049591
NC_005355,taxid_1358_Lactococcus_lactis,0.9999994039535522,0.8315752148628235,0.9157873094081879
NC_005355,taxid_185300_Paludibacter_propionicigenes,1.0,0.879665195941925,0.9398325979709625
NC_005355,taxid_147709_Carnobacterium_inhibens,1.0,0.8433326482772827,0.9216663241386414
NC_005355,taxid_165096_Weissella_koreensis,0.993605375289917,0.8714432716369629,0.9325243234634399
NC_005355,GENERO_Lacrimispora_94868,1.0,0.8752260208129883,0.9376130104064941
NC_005355,GENERO_Lactococcus_1358,1.0,0.8445580005645752,0.9222790002822876
NC_005355,taxid_293371_Lactobacillus_oligofermentans,0.9999998807907104,0.8568199872970581,0.9284099340438843
NC_005355,taxid_879969_Macellibacteroides_fermentans,1.0,0.7557563781738281,0.8778781890869141
NC_005355,taxid_1397_Bacillus_circulans,1.0,0.8685112595558167,0.9342556297779083
NC_005355,taxid_1129792_Weissella_oryzae,0.9959114789962769,0.8512194156646729,0.9235654473304749
NC_005355,taxid_1297750_Bacteroides_luti,1.0,0.8766034245491028,0.9383017122745514
NC_019503,taxid_2479367_Buttiauxella_sp_3AFRM03,0.999974012374878,0.7832245230674744,0.8915992677211761
NC_019503,taxid_1590_Lactiplantibacillus_plantarum,0.9999979734420776,0.7150003910064697,0.8574991822242737
NC_019503,taxid_82977_Buttiauxella_agrestis,0.9997805953025818,0.700839638710022,0.8503101170063019
NC_019503,taxid_33968_Leuconostoc_pseudomesenteroides,0.999964714050293,0.7075767517089844,0.8537707328796387
NC_000924,taxid_2479367_Buttiauxella_sp_3AFRM03,0.999947428703308,0.7054541110992432,0.8527007699012756
NC_022323,taxid_2479367_Buttiauxella_sp_3AFRM03,0.999998927116394,0.7547757029533386,0.8773873150348663
NC_028851,taxid_1245_Leuconostoc_mesenteroides,1.0,0.7459247708320618,0.8729623854160309
NC_028851,taxid_1737571_Bacillus_oryzisoli,1.0,0.8015954494476318,0.9007977247238159
NC_028851,taxid_33968_Leuconostoc_pseudomesenteroides,1.0,0.778627872467041,0.8893139362335205
NC_028851,taxid_185300_Paludibacter_propionicigenes,1.0,0.7968273758888245,0.8984136879444122
NC_028851,taxid_165096_Weissella_koreensis,0.9999924898147584,0.7498118281364441,0.8749021589756012
NC_028851,GENERO_Lacrimispora_94868,0.9999998807907104,0.8156890869140625,0.9078444838523865
NC_028851,GENERO_Lactococcus_1358,1.0,0.7218248248100281,0.860912412405014
NC_028851,taxid_293371_Lactobacillus_oligofermentans,1.0,0.7150455117225647,0.8575227558612823
NC_028851,taxid_1129792_Weissella_oryzae,1.0,0.7556627988815308,0.8778313994407654
NC_028851,taxid_1297750_Bacteroides_luti,1.0,0.7393463253974915,0.8696731626987457
NC_019456,taxid_1590_Lactiplantibacillus_plantarum,1.0,0.7378314137458801,0.8689157068729401
NC_019456,taxid_1737571_Bacillus_oryzisoli,1.0,0.7532102465629578,0.8766051232814789
NC_019456,taxid_33968_Leuconostoc_pseudomesenteroides,1.0,0.7464036345481873,0.8732018172740936
NC_019456,taxid_185300_Paludibacter_propionicigenes,1.0,0.7450346946716309,0.8725173473358154
NC_019456,GENERO_Lacrimispora_94868,1.0,0.8028889894485474,0.9014444947242737
NC_019456,taxid_1129792_Weissella_oryzae,1.0,0.7176333069801331,0.8588166534900665
NC_020860,taxid_1245_Leuconostoc_mesenteroides,1.0,0.8066685795783997,0.9033342897891998
NC_020860,taxid_2751_Carnobacterium_maltaromaticum,0.9999991655349731,0.7678182721138,0.8839087188243866
NC_020860,taxid_1737571_Bacillus_oryzisoli,1.0,0.8651933670043945,0.9325966835021973
NC_020860,taxid_33968_Leuconostoc_pseudomesenteroides,1.0,0.8139457702636719,0.9069728851318359
NC_020860,taxid_1358_Lactococcus_lactis,1.0,0.7959787249565125,0.8979893624782562
NC_020860,taxid_185300_Paludibacter_propionicigenes,1.0,0.8447210788726807,0.9223605394363403
NC_020860,taxid_147709_Carnobacterium_inhibens,1.0,0.8101761937141418,0.9050880968570709
NC_020860,taxid_165096_Weissella_koreensis,0.9999895095825196,0.8371739983558655,0.9185817539691925
NC_020860,GENERO_Lacrimispora_94868,1.0,0.8372527956962585,0.9186263978481293
NC_020860,GENERO_Lactococcus_1358,1.0,0.8043246865272522,0.9021623432636261
NC_020860,taxid_293371_Lactobacillus_oligofermentans,1.0,0.8195855617523193,0.9097927808761597
NC_020860,taxid_1397_Bacillus_circulans,1.0,0.8366929888725281,0.918346494436264
NC_020860,taxid_1129792_Weissella_oryzae,1.0,0.8096271753311157,0.9048135876655579
NC_020860,taxid_1297750_Bacteroides_luti,1.0,0.8383980989456177,0.9191990494728088
NC_027332,taxid_1245_Leuconostoc_mesenteroides,1.0,0.7636337280273438,0.8818168640136719
NC_027332,taxid_1737571_Bacillus_oryzisoli,1.0,0.8101234436035156,0.9050617218017578
NC_027332,taxid_33968_Leuconostoc_pseudomesenteroides,1.0,0.7909391522407532,0.8954695761203766
NC_027332,taxid_185300_Paludibacter_propionicigenes,1.0,0.8072594404220581,0.903629720211029
NC_027332,taxid_165096_Weissella_koreensis,0.9999991655349731,0.7667545080184937,0.8833768367767334
NC_027332,GENERO_Lacrimispora_94868,1.0,0.8337109684944153,0.9168554842472076
NC_027332,GENERO_Lactococcus_1358,1.0,0.7431420087814331,0.8715710043907166
NC_027332,taxid_293371_Lactobacillus_oligofermentans,1.0,0.7362728118896484,0.8681364059448242
NC_027332,taxid_1397_Bacillus_circulans,1.0,0.724764347076416,0.862382173538208
NC_027332,taxid_1129792_Weissella_oryzae,0.9999998807907104,0.7715416550636292,0.8857707679271698
NC_027332,taxid_1297750_Bacteroides_luti,1.0,0.7602638006210327,0.8801319003105164
NC_009526,taxid_1245_Leuconostoc_mesenteroides,0.9999998807907104,0.7594006061553955,0.879700243473053
NC_009526,taxid_2751_Carnobacterium_maltaromaticum,0.9999998807907104,0.742184042930603,0.8710919618606567
NC_009526,taxid_1737571_Bacillus_oryzisoli,1.0,0.8401236534118652,0.9200618267059326
NC_009526,taxid_33968_Leuconostoc_pseudomesenteroides,0.9999728202819824,0.7602008581161499,0.8800868391990662
NC_009526,taxid_1358_Lactococcus_lactis,1.0,0.7687466740608215,0.8843733370304108
NC_009526,taxid_185300_Paludibacter_propionicigenes,1.0,0.8063573241233826,0.9031786620616913
NC_009526,taxid_147709_Carnobacterium_inhibens,1.0,0.788116455078125,0.8940582275390625
NC_009526,taxid_165096_Weissella_koreensis,0.9997941851615906,0.8064760565757751,0.9031351208686829
NC_009526,GENERO_Lacrimispora_94868,1.0,0.795915961265564,0.897957980632782
NC_009526,GENERO_Lactococcus_1358,1.0,0.7622661590576172,0.8811330795288086
NC_009526,taxid_293371_Lactobacillus_oligofermentans,1.0,0.7889167070388794,0.8944583535194397
NC_009526,taxid_1397_Bacillus_circulans,1.0,0.8205204606056213,0.9102602303028107
NC_009526,taxid_1129792_Weissella_oryzae,0.9995310306549072,0.7602067589759827,0.879868894815445
NC_009526,taxid_1297750_Bacteroides_luti,1.0,0.812795102596283,0.9063975512981415
NC_004086,taxid_2751_Carnobacterium_maltaromaticum,0.9846299290657043,0.7884125113487244,0.8865212202072144
NC_004086,taxid_1737571_Bacillus_oryzisoli,0.9988238215446472,0.8656682968139648,0.932246059179306
NC_004086,taxid_1358_Lactococcus_lactis,0.9442751407623292,0.8064358830451965,0.8753555119037628
NC_004086,taxid_185300_Paludibacter_propionicigenes,0.9999959468841552,0.8352019190788269,0.9175989329814911
NC_004086,taxid_147709_Carnobacterium_inhibens,0.9999984502792358,0.8269150853157043,0.9134567677974701
NC_004086,GENERO_Lacrimispora_94868,0.9999780654907228,0.8135344982147217,0.9067562818527222
NC_004086,GENERO_Lactococcus_1358,0.9995580315589904,0.7948074340820312,0.8971827328205109
NC_004086,taxid_293371_Lactobacillus_oligofermentans,0.9714155197143556,0.8240921497344971,0.8977538347244263
NC_004086,taxid_1397_Bacillus_circulans,1.0,0.8606392741203308,0.9303196370601654
NC_004086,taxid_1297750_Bacteroides_luti,1.0,0.8455182313919067,0.9227591156959534
NC_020414,taxid_2479367_Buttiauxella_sp_3AFRM03,0.99024897813797,0.7947232723236084,0.8924861252307892
NC_020414,GENERO_Lacrimispora_94868,0.9998806715011596,0.7570151686668396,0.8784479200839996
NC_029084,taxid_1245_Leuconostoc_mesenteroides,1.0,0.7476218342781067,0.8738109171390533
NC_029084,taxid_1737571_Bacillus_oryzisoli,1.0,0.8007559180259705,0.9003779590129852
NC_029084,taxid_33968_Leuconostoc_pseudomesenteroides,1.0,0.7817006707191467,0.8908503353595734
NC_029084,taxid_185300_Paludibacter_propionicigenes,1.0,0.7960963845252991,0.8980481922626495
NC_029084,taxid_165096_Weissella_koreensis,1.0,0.7521360516548157,0.8760680258274078
NC_029084,GENERO_Lacrimispora_94868,1.0,0.816041111946106,0.908020555973053
NC_029084,GENERO_Lactococcus_1358,1.0,0.7241391539573669,0.8620695769786835
NC_029084,taxid_293371_Lactobacillus_oligofermentans,1.0,0.7192641496658325,0.8596320748329163
NC_029084,taxid_1397_Bacillus_circulans,1.0,0.7028172016143799,0.8514086008071899
NC_029084,taxid_1129792_Weissella_oryzae,1.0,0.7588682770729065,0.8794341385364532
NC_029084,taxid_1297750_Bacteroides_luti,1.0,0.7403576374053955,0.8701788187026978
NC_025448,taxid_2479367_Buttiauxella_sp_3AFRM03,0.9999645948410034,0.7801931500434875,0.8900788724422455
NC_025448,taxid_1590_Lactiplantibacillus_plantarum,0.9999982118606568,0.7085589170455933,0.854278564453125
NC_025448,taxid_82977_Buttiauxella_agrestis,0.9998369216918944,0.702381432056427,0.8511091768741608
MH479923,taxid_2479367_Buttiauxella_sp_3AFRM03,0.9984005093574524,0.7096781134605408,0.8540393114089966
NC_031250,taxid_2479367_Buttiauxella_sp_3AFRM03,0.999455988407135,0.7651746869087219,0.8823153376579285
NC_021806,taxid_1245_Leuconostoc_mesenteroides,0.9999765157699584,0.804745078086853,0.9023607969284058
NC_021806,taxid_2751_Carnobacterium_maltaromaticum,0.9999980926513672,0.7715272903442383,0.8857626914978027
NC_021806,taxid_1737571_Bacillus_oryzisoli,0.9999997615814208,0.8618709444999695,0.9309353530406952
NC_021806,taxid_33968_Leuconostoc_pseudomesenteroides,0.9949510097503662,0.8075758218765259,0.901263415813446
NC_021806,taxid_1358_Lactococcus_lactis,0.9999934434890748,0.7980229258537292,0.899008184671402
NC_021806,taxid_185300_Paludibacter_propionicigenes,1.0,0.8421410918235779,0.9210705459117889
NC_021806,taxid_147709_Carnobacterium_inhibens,1.0,0.8145923614501953,0.9072961807250977
NC_021806,taxid_165096_Weissella_koreensis,0.9180038571357728,0.8374144434928894,0.877709150314331
NC_021806,GENERO_Lacrimispora_94868,0.9999998807907104,0.8320308327674866,0.9160153567790985
NC_021806,GENERO_Lactococcus_1358,0.9999998807907104,0.8022090196609497,0.9011044502258301
NC_021806,taxid_293371_Lactobacillus_oligofermentans,0.9999979734420776,0.8204250931739807,0.9102115333080292
NC_021806,taxid_1397_Bacillus_circulans,1.0,0.8435596823692322,0.9217798411846161
NC_021806,taxid_1129792_Weissella_oryzae,0.9411645531654358,0.8046624660491943,0.8729135096073151
NC_021806,taxid_1297750_Bacteroides_luti,1.0,0.8404858708381653,0.9202429354190826
NC_023551,taxid_33964_Leuconostoc_citreum,0.9992563128471376,0.7320619225502014,0.8656591176986694
NC_023551,taxid_1245_Leuconostoc_mesenteroides,0.9999996423721312,0.8406984806060791,0.9203490614891052
NC_023551,taxid_2751_Carnobacterium_maltaromaticum,0.999935507774353,0.7937280535697937,0.8968317806720734
NC_023551,taxid_1737571_Bacillus_oryzisoli,1.0,0.8880603313446045,0.9440301656723022
NC_023551,taxid_33968_Leuconostoc_pseudomesenteroides,0.9999954700469972,0.8465855717658997,0.9232905209064484
NC_023551,taxid_28038_Lactobacillus_curvatus,0.9999998807907104,0.7303047180175781,0.8651522994041443
NC_023551,taxid_1358_Lactococcus_lactis,0.9999914169311525,0.823817789554596,0.9119046032428741
NC_023551,taxid_185300_Paludibacter_propionicigenes,1.0,0.8714171051979065,0.9357085525989532
NC_023551,taxid_147709_Carnobacterium_inhibens,0.9999998807907104,0.8356597423553467,0.9178298115730286
NC_023551,taxid_165096_Weissella_koreensis,0.956763744354248,0.8644791841506958,0.9106214642524719
NC_023551,GENERO_Lacrimispora_94868,1.0,0.867353081703186,0.933676540851593
NC_023551,GENERO_Lactococcus_1358,1.0,0.8357895016670227,0.9178947508335114
NC_023551,taxid_293371_Lactobacillus_oligofermentans,0.9999998807907104,0.8486250042915344,0.9243124425411224
NC_023551,taxid_879969_Macellibacteroides_fermentans,0.9999998807907104,0.7386240363121033,0.8693119585514069
NC_023551,taxid_1397_Bacillus_circulans,1.0,0.8609136939048767,0.9304568469524384
NC_023551,taxid_1129792_Weissella_oryzae,0.999879002571106,0.8440109491348267,0.9219449758529663
NC_023551,taxid_1610_Lactobacillus_coryniformis,0.9999518394470216,0.7205517888069153,0.8602518141269684
NC_023551,taxid_1297750_Bacteroides_luti,1.0,0.8617405891418457,0.9308702945709229
NC_028926,taxid_33964_Leuconostoc_citreum,1.0,0.7224986553192139,0.8612493276596069
NC_028926,taxid_1590_Lactiplantibacillus_plantarum,1.0,0.7074282765388489,0.8537141382694244
NC_028926,taxid_1245_Leuconostoc_mesenteroides,1.0,0.815187931060791,0.9075939655303955
NC_028926,taxid_2751_Carnobacterium_maltaromaticum,1.0,0.7103555798530579,0.8551777899265289
NC_028926,taxid_1737571_Bacillus_oryzisoli,1.0,0.8644322752952576,0.9322161376476288
NC_028926,taxid_33968_Leuconostoc_pseudomesenteroides,1.0,0.8324021100997925,0.9162010550498962
NC_028926,taxid_28038_Lactobacillus_curvatus,1.0,0.7261229157447815,0.8630614578723907
NC_028926,taxid_1358_Lactococcus_lactis,1.0,0.7500543594360352,0.8750271797180176
NC_028926,taxid_185300_Paludibacter_propionicigenes,1.0,0.8512834906578064,0.9256417453289032
NC_028926,taxid_147709_Carnobacterium_inhibens,1.0,0.764123260974884,0.882061630487442
NC_028926,taxid_165096_Weissella_koreensis,1.0,0.829084575176239,0.9145422875881195
NC_028926,GENERO_Lacrimispora_94868,1.0,0.8509353995323181,0.9254676997661591
NC_028926,GENERO_Lactococcus_1358,1.0,0.8055540919303894,0.9027770459651947
NC_028926,taxid_293371_Lactobacillus_oligofermentans,1.0,0.8043217062950134,0.9021608531475067
NC_028926,taxid_879969_Macellibacteroides_fermentans,1.0,0.7374767661094666,0.8687383830547333
NC_028926,taxid_1397_Bacillus_circulans,1.0,0.8042392730712891,0.9021196365356445
NC_028926,taxid_1129792_Weissella_oryzae,1.0,0.8228293061256409,0.9114146530628204
NC_028926,taxid_1610_Lactobacillus_coryniformis,1.0,0.7216617465019226,0.8608308732509613
NC_028926,taxid_1297750_Bacteroides_luti,1.0,0.8288121223449707,0.9144060611724854
NC_018857,taxid_2479367_Buttiauxella_sp_3AFRM03,0.9524424076080322,0.7945667505264282,0.8735045790672302
NC_018857,taxid_1590_Lactiplantibacillus_plantarum,1.0,0.7445883750915527,0.8722941875457764
NC_018857,taxid_1245_Leuconostoc_mesenteroides,1.0,0.7528729438781738,0.8764364719390869
NC_018857,taxid_1737571_Bacillus_oryzisoli,1.0,0.8038484454154968,0.9019242227077484
NC_018857,taxid_33968_Leuconostoc_pseudomesenteroides,1.0,0.7895306944847107,0.8947653472423553
NC_018857,taxid_28038_Lactobacillus_curvatus,1.0,0.7009075880050659,0.850453794002533
NC_018857,taxid_185300_Paludibacter_propionicigenes,1.0,0.7948333621025085,0.8974166810512543
NC_018857,taxid_165096_Weissella_koreensis,0.9999328851699828,0.7478821277618408,0.8739075064659119
NC_018857,GENERO_Lacrimispora_94868,1.0,0.8383122086524963,0.9191561043262482
NC_018857,GENERO_Lactococcus_1358,1.0,0.7239497900009155,0.8619748950004578
NC_018857,taxid_293371_Lactobacillus_oligofermentans,1.0,0.7083289623260498,0.8541644811630249
NC_018857,taxid_879969_Macellibacteroides_fermentans,1.0,0.7142541408538818,0.8571270704269409
NC_018857,taxid_1129792_Weissella_oryzae,1.0,0.7715501189231873,0.8857750594615936
NC_018857,taxid_1610_Lactobacillus_coryniformis,1.0,0.7385042905807495,0.8692521452903748
NC_018857,taxid_642589_Caproiciproducens_galactitolivorans,0.9999986886978148,0.7158414721488953,0.8579200804233551
NC_018857,taxid_1297750_Bacteroides_luti,1.0,0.7210977673530579,0.8605488836765289
NC_005354,taxid_33964_Leuconostoc_citreum,0.9977110624313354,0.7319249510765076,0.8648180067539215
NC_005354,taxid_1245_Leuconostoc_mesenteroides,0.9999998807907104,0.8368004560470581,0.9184001684188843
NC_005354,taxid_2751_Carnobacterium_maltaromaticum,0.9999998807907104,0.7945322394371033,0.8972660601139069
NC_005354,taxid_1737571_Bacillus_oryzisoli,1.0,0.8887642025947571,0.9443821012973785
NC_005354,taxid_33968_Leuconostoc_pseudomesenteroides,0.9999504089355468,0.844552755355835,0.9222515821456909
NC_005354,taxid_28038_Lactobacillus_curvatus,0.9999945163726808,0.7276023626327515,0.8637984395027161
NC_005354,taxid_1358_Lactococcus_lactis,0.9999998807907104,0.8212219476699829,0.9106109142303467
NC_005354,taxid_185300_Paludibacter_propionicigenes,1.0,0.8703349232673645,0.9351674616336823
NC_005354,taxid_147709_Carnobacterium_inhibens,1.0,0.8312001824378967,0.9156000912189484
NC_005354,taxid_165096_Weissella_koreensis,0.9991880059242249,0.862663745880127,0.9309258759021759
NC_005354,GENERO_Lacrimispora_94868,1.0,0.8653524518013,0.93267622590065
NC_005354,GENERO_Lactococcus_1358,1.0,0.8339136242866516,0.9169568121433258
NC_005354,taxid_293371_Lactobacillus_oligofermentans,1.0,0.84675532579422,0.92337766289711
NC_005354,taxid_879969_Macellibacteroides_fermentans,1.0,0.7382448315620422,0.8691224157810211
NC_005354,taxid_1397_Bacillus_circulans,1.0,0.8558570742607117,0.9279285371303558
NC_005354,taxid_1129792_Weissella_oryzae,0.9993817806243896,0.8407160043716431,0.9200488924980164
NC_005354,taxid_1610_Lactobacillus_coryniformis,0.9950018525123596,0.7156493067741394,0.8553255796432495
NC_005354,taxid_1297750_Bacteroides_luti,1.0,0.8626616597175598,0.9313308298587799
NC_004303,taxid_33964_Leuconostoc_citreum,0.9999980926513672,0.7652500867843628,0.882624089717865
NC_004303,taxid_1590_Lactiplantibacillus_plantarum,0.99998676776886,0.7456096410751343,0.8727982044219971
NC_004303,taxid_1245_Leuconostoc_mesenteroides,1.0,0.8531299233436584,0.9265649616718292
NC_004303,taxid_2751_Carnobacterium_maltaromaticum,0.9994357228279114,0.7915902137756348,0.8955129683017731
NC_004303,taxid_1737571_Bacillus_oryzisoli,1.0,0.8989178538322449,0.9494589269161224
NC_004303,taxid_33968_Leuconostoc_pseudomesenteroides,1.0,0.864176869392395,0.9320884346961975
NC_004303,taxid_28038_Lactobacillus_curvatus,0.9999998807907104,0.7651663422584534,0.8825831115245819
NC_004303,taxid_1358_Lactococcus_lactis,0.9999810457229614,0.8188645243644714,0.9094227850437164
NC_004303,taxid_185300_Paludibacter_propionicigenes,1.0,0.8853071928024292,0.9426535964012146
NC_004303,taxid_147709_Carnobacterium_inhibens,0.9999996423721312,0.8287096619606018,0.9143546521663666
NC_004303,taxid_165096_Weissella_koreensis,0.9987393021583556,0.8708149790763855,0.9347771406173706
NC_004303,GENERO_Lacrimispora_94868,1.0,0.8812857866287231,0.9406428933143616
NC_004303,GENERO_Lactococcus_1358,1.0,0.8497896790504456,0.9248948395252228
NC_004303,taxid_293371_Lactobacillus_oligofermentans,1.0,0.8540416359901428,0.9270208179950714
NC_004303,taxid_879969_Macellibacteroides_fermentans,1.0,0.7764585614204407,0.8882292807102203
NC_004303,taxid_1397_Bacillus_circulans,1.0,0.8563600182533264,0.9281800091266632
NC_004303,taxid_1129792_Weissella_oryzae,0.9999980926513672,0.8580169677734375,0.9290075302124023
NC_004303,taxid_1610_Lactobacillus_coryniformis,0.999996781349182,0.7591984868049622,0.8795976340770721
NC_004303,taxid_642589_Caproiciproducens_galactitolivorans,0.9999998807907104,0.7119278311729431,0.8559638559818268
NC_004303,taxid_1297750_Bacteroides_luti,1.0,0.8741191625595093,0.9370595812797546
NC_019506,taxid_1245_Leuconostoc_mesenteroides,0.9936099648475648,0.7450844645500183,0.8693472146987915
NC_019506,taxid_2751_Carnobacterium_maltaromaticum,0.9999785423278807,0.7344178557395935,0.8671981990337372
NC_019506,taxid_1737571_Bacillus_oryzisoli,0.99999737739563,0.8357171416282654,0.9178572595119476
NC_019506,taxid_1358_Lactococcus_lactis,0.9998470544815063,0.7608387470245361,0.8803429007530212
NC_019506,taxid_185300_Paludibacter_propionicigenes,0.9999998807907104,0.7980563640594482,0.8990281224250793
NC_019506,taxid_147709_Carnobacterium_inhibens,1.0,0.784583330154419,0.8922916650772095
NC_019506,GENERO_Lacrimispora_94868,0.9999996423721312,0.7812831997871399,0.8906414210796356
NC_019506,GENERO_Lactococcus_1358,0.999998927116394,0.7497045397758484,0.8748517334461212
NC_019506,taxid_293371_Lactobacillus_oligofermentans,0.999800980091095,0.7830661535263062,0.8914335668087006
NC_019506,taxid_1397_Bacillus_circulans,1.0,0.8220901489257812,0.9110450744628906
NC_019506,taxid_1297750_Bacteroides_luti,1.0,0.8072484731674194,0.9036242365837097
NC_004112,taxid_1737571_Bacillus_oryzisoli,0.9999997615814208,0.7025127410888672,0.851256251335144
NC_004112,taxid_33968_Leuconostoc_pseudomesenteroides,1.0,0.7052250504493713,0.8526125252246857
NC_004112,taxid_185300_Paludibacter_propionicigenes,1.0,0.7014220952987671,0.8507110476493835
NC_004112,GENERO_Lacrimispora_94868,0.9999998807907104,0.7566937804222107,0.8783468306064606
NC_031027,taxid_1590_Lactiplantibacillus_plantarum,0.9999804496765136,0.7043355703353882,0.8521580100059509
NC_031027,taxid_1245_Leuconostoc_mesenteroides,0.9999998807907104,0.7478582262992859,0.8739290535449982
NC_031027,taxid_1737571_Bacillus_oryzisoli,0.9999994039535522,0.7961851358413696,0.8980922698974609
NC_031027,taxid_33968_Leuconostoc_pseudomesenteroides,0.999998927116394,0.7801526188850403,0.8900757730007172
NC_031027,taxid_185300_Paludibacter_propionicigenes,0.9999998807907104,0.7907010316848755,0.895350456237793
NC_031027,GENERO_Lacrimispora_94868,0.9999986886978148,0.8310142159461975,0.9155064523220062
NC_031027,GENERO_Lactococcus_1358,1.0,0.7168157696723938,0.8584078848361969
NC_031027,taxid_293371_Lactobacillus_oligofermentans,0.9999996423721312,0.7049826383590698,0.8524911403656006
NC_031027,taxid_1129792_Weissella_oryzae,0.99998676776886,0.7600105404853821,0.879998654127121
NC_031027,taxid_1610_Lactobacillus_coryniformis,0.9999568462371826,0.7042760848999023,0.8521164655685425
NC_031027,taxid_1297750_Bacteroides_luti,0.9999972581863404,0.7220659255981445,0.8610315918922424
NC_030904,taxid_1245_Leuconostoc_mesenteroides,0.9999979734420776,0.7844140529632568,0.8922060132026672
NC_030904,taxid_1737571_Bacillus_oryzisoli,0.99735826253891,0.8337595462799072,0.9155589044094086
NC_030904,taxid_33968_Leuconostoc_pseudomesenteroides,0.9999775886535645,0.7985398769378662,0.8992587327957153
NC_030904,taxid_185300_Paludibacter_propionicigenes,0.9999796152114868,0.8224791288375854,0.9112293720245361
NC_030904,GENERO_Lacrimispora_94868,0.9994256496429444,0.8289633393287659,0.9141944944858551
NC_030904,GENERO_Lactococcus_1358,0.9999996423721312,0.7678510546684265,0.8839253485202789
NC_030904,taxid_293371_Lactobacillus_oligofermentans,0.9999725818634032,0.7667527794837952,0.8833626806735992
NC_030904,taxid_1397_Bacillus_circulans,0.9994321465492249,0.7618815302848816,0.8806568384170532
NC_030904,taxid_1129792_Weissella_oryzae,0.9988877177238464,0.7872369289398193,0.8930623233318329
NC_030904,taxid_1297750_Bacteroides_luti,0.9995332956314088,0.7846126556396484,0.8920729756355286
NC_022764,taxid_1245_Leuconostoc_mesenteroides,1.0,0.8047724366188049,0.9023862183094025
NC_022764,taxid_2751_Carnobacterium_maltaromaticum,1.0,0.7032915353775024,0.8516457676887512
NC_022764,taxid_1737571_Bacillus_oryzisoli,1.0,0.858708381652832,0.929354190826416
NC_022764,taxid_33968_Leuconostoc_pseudomesenteroides,1.0,0.8213643431663513,0.9106821715831757
NC_022764,taxid_28038_Lactobacillus_curvatus,1.0,0.700194776058197,0.8500973880290985
NC_022764,taxid_1358_Lactococcus_lactis,1.0,0.7433125972747803,0.8716562986373901
NC_022764,taxid_185300_Paludibacter_propionicigenes,1.0,0.8441305160522461,0.922065258026123
NC_022764,taxid_147709_Carnobacterium_inhibens,1.0,0.7560750842094421,0.8780375421047211
NC_022764,taxid_165096_Weissella_koreensis,1.0,0.8221582174301147,0.9110791087150574
NC_022764,GENERO_Lacrimispora_94868,1.0,0.8413686752319336,0.9206843376159668
NC_022764,GENERO_Lactococcus_1358,1.0,0.7954579591751099,0.8977289795875549
NC_022764,taxid_293371_Lactobacillus_oligofermentans,1.0,0.7966325879096985,0.8983162939548492
NC_022764,taxid_879969_Macellibacteroides_fermentans,1.0,0.7152434587478638,0.8576217293739319
NC_022764,taxid_1397_Bacillus_circulans,1.0,0.7971253395080566,0.8985626697540283
NC_022764,taxid_1129792_Weissella_oryzae,1.0,0.811086118221283,0.9055430591106415
NC_022764,taxid_1297750_Bacteroides_luti,1.0,0.8223503828048706,0.9111751914024353
NC_009761,taxid_1245_Leuconostoc_mesenteroides,0.9999414682388306,0.7447881698608398,0.8723648190498352
NC_009761,taxid_2751_Carnobacterium_maltaromaticum,0.9999998807907104,0.732696533203125,0.8663482069969177
NC_009761,taxid_1737571_Bacillus_oryzisoli,1.0,0.833460807800293,0.9167304039001465
NC_009761,taxid_33968_Leuconostoc_pseudomesenteroides,0.9878979325294496,0.7449894547462463,0.8664436936378479
NC_009761,taxid_1358_Lactococcus_lactis,0.9999994039535522,0.7586826682090759,0.8793410360813141
NC_009761,taxid_185300_Paludibacter_propionicigenes,1.0,0.7976891994476318,0.8988445997238159
NC_009761,taxid_147709_Carnobacterium_inhibens,1.0,0.7796356678009033,0.8898178339004517
NC_009761,taxid_165096_Weissella_koreensis,0.9304854273796082,0.7986988425254822,0.8645921349525452
NC_009761,GENERO_Lacrimispora_94868,1.0,0.7863055467605591,0.8931527733802795
NC_009761,GENERO_Lactococcus_1358,1.0,0.7481197118759155,0.8740598559379578
NC_009761,taxid_293371_Lactobacillus_oligofermentans,0.9999991655349731,0.7792759537696838,0.8896375596523285
NC_009761,taxid_1397_Bacillus_circulans,1.0,0.8160821795463562,0.9080410897731781
NC_009761,taxid_1297750_Bacteroides_luti,1.0,0.8043311834335327,0.9021655917167664
NC_021801,taxid_1245_Leuconostoc_mesenteroides,0.9999996423721312,0.770526647567749,0.8852631449699402
NC_021801,taxid_2751_Carnobacterium_maltaromaticum,1.0,0.7334150075912476,0.8667075037956238
NC_021801,taxid_1737571_Bacillus_oryzisoli,1.0,0.8453961610794067,0.9226980805397034
NC_021801,taxid_33968_Leuconostoc_pseudomesenteroides,0.9997506737709044,0.777493953704834,0.8886223137378693
NC_021801,taxid_1358_Lactococcus_lactis,1.0,0.7688102126121521,0.884405106306076
NC_021801,taxid_185300_Paludibacter_propionicigenes,1.0,0.8173398971557617,0.9086699485778809
NC_021801,taxid_147709_Carnobacterium_inhibens,1.0,0.7858491539955139,0.892924576997757
NC_021801,taxid_165096_Weissella_koreensis,0.9998249411582948,0.8115297555923462,0.9056773483753204
NC_021801,GENERO_Lacrimispora_94868,1.0,0.8098044395446777,0.9049022197723389
NC_021801,GENERO_Lactococcus_1358,1.0,0.7716648578643799,0.8858324289321899
NC_021801,taxid_293371_Lactobacillus_oligofermentans,1.0,0.7936627864837646,0.8968313932418823
NC_021801,taxid_1397_Bacillus_circulans,1.0,0.813745379447937,0.9068726897239685
NC_021801,taxid_1129792_Weissella_oryzae,0.996667206287384,0.7742248773574829,0.8854460418224335
NC_021801,taxid_1297750_Bacteroides_luti,1.0,0.8139004111289978,0.9069502055644989
NC_030925,taxid_1245_Leuconostoc_mesenteroides,0.9999998807907104,0.7778169512748718,0.8889084160327911
NC_030925,taxid_1737571_Bacillus_oryzisoli,0.9999841451644896,0.8318513631820679,0.9159177541732788
NC_030925,taxid_33968_Leuconostoc_pseudomesenteroides,0.999997854232788,0.7845700979232788,0.8922839760780334
NC_030925,taxid_1358_Lactococcus_lactis,0.9727874398231506,0.7355480194091797,0.8541677296161652
NC_030925,taxid_185300_Paludibacter_propionicigenes,0.9999998807907104,0.8156885504722595,0.907844215631485
NC_030925,taxid_147709_Carnobacterium_inhibens,0.9974778294563292,0.7478387355804443,0.8726582825183868
NC_030925,GENERO_Lacrimispora_94868,0.9999986886978148,0.8159353733062744,0.9079670310020447
NC_030925,GENERO_Lactococcus_1358,1.0,0.7686430811882019,0.884321540594101
NC_030925,taxid_293371_Lactobacillus_oligofermentans,0.9999986886978148,0.7770100235939026,0.8885043561458588
NC_030925,taxid_1397_Bacillus_circulans,0.999996781349182,0.7805584669113159,0.890277624130249
NC_030925,taxid_1129792_Weissella_oryzae,0.9998973608016968,0.777402400970459,0.8886498808860779
NC_030925,taxid_1297750_Bacteroides_luti,0.9999983310699464,0.7892078161239624,0.8946030735969543
NC_022791,taxid_33964_Leuconostoc_citreum,0.9998570680618286,0.7297574281692505,0.8648072481155396
NC_022791,taxid_1590_Lactiplantibacillus_plantarum,0.9994593262672424,0.7447251677513123,0.8720922470092773
NC_022791,taxid_1245_Leuconostoc_mesenteroides,1.0,0.8017176985740662,0.9008588492870331
NC_022791,taxid_1737571_Bacillus_oryzisoli,1.0,0.840442955493927,0.9202214777469635
NC_022791,taxid_33968_Leuconostoc_pseudomesenteroides,0.9999991655349731,0.8262966275215149,0.913147896528244
NC_022791,taxid_28038_Lactobacillus_curvatus,1.0,0.7392242550849915,0.8696121275424957
NC_022791,taxid_1358_Lactococcus_lactis,1.0,0.7284712195396423,0.8642356097698212
NC_022791,taxid_185300_Paludibacter_propionicigenes,1.0,0.8374568819999695,0.9187284409999847
NC_022791,taxid_147709_Carnobacterium_inhibens,1.0,0.7384310960769653,0.8692155480384827
NC_022791,taxid_165096_Weissella_koreensis,0.999997615814209,0.8057367205619812,0.9028671681880951
NC_022791,GENERO_Lacrimispora_94868,1.0,0.8559777140617371,0.9279888570308685
NC_022791,GENERO_Lactococcus_1358,1.0,0.784563422203064,0.892281711101532
NC_022791,taxid_293371_Lactobacillus_oligofermentans,1.0,0.7807349562644958,0.8903674781322479
NC_022791,taxid_879969_Macellibacteroides_fermentans,1.0,0.754079282283783,0.8770396411418915
NC_022791,taxid_1397_Bacillus_circulans,1.0,0.7719979286193848,0.8859989643096924
NC_022791,taxid_1129792_Weissella_oryzae,0.999986171722412,0.8090360760688782,0.9045111238956451
NC_022791,taxid_1610_Lactobacillus_coryniformis,0.9998587369918824,0.7518998384475708,0.8758792877197266
NC_022791,taxid_642589_Caproiciproducens_galactitolivorans,0.9999997615814208,0.7150499820709229,0.8575248718261719
NC_022791,taxid_1297750_Bacteroides_luti,1.0,0.7982924580574036,0.8991462290287018
NC_015568,taxid_1737571_Bacillus_oryzisoli,0.9501377940177916,0.8658441305160522,0.907990962266922
NC_015568,taxid_185300_Paludibacter_propionicigenes,0.9990991353988647,0.8339571356773376,0.9165281355381012
NC_015568,taxid_147709_Carnobacterium_inhibens,0.9999724626541138,0.8122732043266296,0.9061228334903717
NC_015568,GENERO_Lacrimispora_94868,0.9965050220489502,0.8250517249107361,0.9107783734798431
NC_015568,GENERO_Lactococcus_1358,0.976961076259613,0.7823998332023621,0.8796804547309875
NC_015568,taxid_1397_Bacillus_circulans,0.9999991655349731,0.8495794534683228,0.924789309501648
NC_015568,taxid_1297750_Bacteroides_luti,0.9999991655349731,0.8376539349555969,0.918826550245285
NC_020855,taxid_1590_Lactiplantibacillus_plantarum,0.999996781349182,0.7314664721488953,0.8657316267490387
NC_020855,taxid_1737571_Bacillus_oryzisoli,0.9999821186065674,0.7353871464729309,0.8676846325397491
NC_020855,taxid_33968_Leuconostoc_pseudomesenteroides,0.9999998807907104,0.7282549142837524,0.8641273975372314
NC_020855,taxid_185300_Paludibacter_propionicigenes,0.9999998807907104,0.7211486101150513,0.8605742454528809
NC_020855,GENERO_Lacrimispora_94868,0.9999991655349731,0.7933549284934998,0.8966770470142365
NC_020855,taxid_1129792_Weissella_oryzae,0.9999938011169434,0.7063332796096802,0.8531635403633118
NC_007457,taxid_1245_Leuconostoc_mesenteroides,1.0,0.7847200632095337,0.8923600316047668
NC_007457,taxid_2751_Carnobacterium_maltaromaticum,1.0,0.7446961402893066,0.8723480701446533
NC_007457,taxid_1737571_Bacillus_oryzisoli,1.0,0.8548136949539185,0.9274068474769592
NC_007457,taxid_33968_Leuconostoc_pseudomesenteroides,0.9999998807907104,0.7922177314758301,0.8961088061332703
NC_007457,taxid_1358_Lactococcus_lactis,1.0,0.7780009508132935,0.8890004754066467
NC_007457,taxid_185300_Paludibacter_propionicigenes,1.0,0.8285312652587891,0.9142656326293945
NC_007457,taxid_147709_Carnobacterium_inhibens,1.0,0.7938968539237976,0.8969484269618988
NC_007457,taxid_165096_Weissella_koreensis,0.9999996423721312,0.8204396367073059,0.9102196395397186
NC_007457,GENERO_Lacrimispora_94868,1.0,0.8255407214164734,0.9127703607082367
NC_007457,GENERO_Lactococcus_1358,1.0,0.7830279469490051,0.8915139734745026
NC_007457,taxid_293371_Lactobacillus_oligofermentans,1.0,0.8027068972587585,0.9013534486293793
NC_007457,taxid_1397_Bacillus_circulans,1.0,0.8236342072486877,0.9118171036243439
NC_007457,taxid_1129792_Weissella_oryzae,0.9999992847442628,0.787869393825531,0.8939343392848969
NC_007457,taxid_1297750_Bacteroides_luti,1.0,0.8221338987350464,0.9110669493675232
NC_011344,taxid_1245_Leuconostoc_mesenteroides,0.9975069165229796,0.7819117903709412,0.8897093534469604
NC_011344,taxid_2751_Carnobacterium_maltaromaticum,0.9999244213104248,0.7672826051712036,0.8836035132408142
NC_011344,taxid_1737571_Bacillus_oryzisoli,0.9999996423721312,0.8597234487533569,0.9298615455627441
NC_011344,taxid_1358_Lactococcus_lactis,0.9998300075531006,0.788078248500824,0.8939541280269623
NC_011344,taxid_185300_Paludibacter_propionicigenes,0.9999994039535522,0.8288897275924683,0.9144445657730103
NC_011344,taxid_147709_Carnobacterium_inhibens,1.0,0.8078364729881287,0.9039182364940643
NC_011344,GENERO_Lacrimispora_94868,0.9999995231628418,0.8197355270385742,0.909867525100708
NC_011344,GENERO_Lactococcus_1358,0.9999997615814208,0.7833353281021118,0.8916675448417664
NC_011344,taxid_293371_Lactobacillus_oligofermentans,0.9999284744262696,0.808890700340271,0.9044095873832703
NC_011344,taxid_1397_Bacillus_circulans,1.0,0.8408678770065308,0.9204339385032654
NC_011344,taxid_1297750_Bacteroides_luti,1.0,0.8332355618476868,0.9166177809238434
NC_028944,taxid_1590_Lactiplantibacillus_plantarum,0.9999959468841552,0.7171103358268738,0.8585531413555145
NC_028944,taxid_1245_Leuconostoc_mesenteroides,1.0,0.7448428869247437,0.8724214434623718
NC_028944,taxid_1737571_Bacillus_oryzisoli,0.9999996423721312,0.7927904725074768,0.8963950574398041
NC_028944,taxid_33968_Leuconostoc_pseudomesenteroides,0.9999997615814208,0.7799433469772339,0.8899715542793274
NC_028944,taxid_185300_Paludibacter_propionicigenes,1.0,0.7877295613288879,0.893864780664444
NC_028944,taxid_165096_Weissella_koreensis,0.9717358946800232,0.7381413578987122,0.8549386262893677
NC_028944,GENERO_Lacrimispora_94868,0.9999992847442628,0.8311249613761902,0.9155621230602264
NC_028944,GENERO_Lactococcus_1358,1.0,0.7110674381256104,0.8555337190628052
NC_028944,taxid_1129792_Weissella_oryzae,0.9999969005584716,0.7588424682617188,0.8794196844100952
NC_028944,taxid_1610_Lactobacillus_coryniformis,0.9999902248382568,0.7134726643562317,0.8567314445972443
NC_028944,taxid_1297750_Bacteroides_luti,0.9999980926513672,0.7131555080413818,0.8565768003463745
NC_014595,taxid_2479367_Buttiauxella_sp_3AFRM03,0.9997206330299376,0.7500380873680115,0.8748793601989746
NC_021561,taxid_1590_Lactiplantibacillus_plantarum,0.9999998807907104,0.7303239703178406,0.8651619255542755
NC_021561,taxid_1245_Leuconostoc_mesenteroides,1.0,0.7515584230422974,0.8757792115211487
NC_021561,taxid_1737571_Bacillus_oryzisoli,0.999990940093994,0.7994780540466309,0.8997344970703125
NC_021561,taxid_33968_Leuconostoc_pseudomesenteroides,1.0,0.7865901589393616,0.8932950794696808
NC_021561,taxid_185300_Paludibacter_propionicigenes,1.0,0.7946522235870361,0.8973261117935181
NC_021561,taxid_165096_Weissella_koreensis,0.9844912886619568,0.7511272430419922,0.8678092658519745
NC_021561,GENERO_Lacrimispora_94868,0.9999994039535522,0.8267194032669067,0.9133594036102295
NC_021561,GENERO_Lactococcus_1358,1.0,0.7241324782371521,0.862066239118576
NC_021561,taxid_293371_Lactobacillus_oligofermentans,0.9999998807907104,0.7166664600372314,0.858333170413971
NC_021561,taxid_879969_Macellibacteroides_fermentans,0.9999994039535522,0.7149165868759155,0.8574579954147339
NC_021561,taxid_1129792_Weissella_oryzae,0.9999997615814208,0.7625506520271301,0.8812752068042755
NC_021561,taxid_1610_Lactobacillus_coryniformis,0.9999998807907104,0.7242449522018433,0.8621224164962769
NC_021561,taxid_1297750_Bacteroides_luti,0.9999977350234984,0.7294687628746033,0.8647332489490509
NC_009762,taxid_2751_Carnobacterium_maltaromaticum,0.9703740477561952,0.7802097201347351,0.8752918839454651
NC_009762,taxid_1737571_Bacillus_oryzisoli,0.9995773434638976,0.8667445182800293,0.9331609308719635
NC_009762,taxid_1358_Lactococcus_lactis,0.9002242088317871,0.8014885783195496,0.8508563935756683
NC_009762,taxid_185300_Paludibacter_propionicigenes,0.9991814494132996,0.8384785652160645,0.918830007314682
NC_009762,taxid_147709_Carnobacterium_inhibens,0.9999771118164062,0.8189935684204102,0.9094853401184082
NC_009762,GENERO_Lacrimispora_94868,0.9996917247772216,0.8299347758293152,0.9148132503032684
NC_009762,GENERO_Lactococcus_1358,0.9997172951698304,0.7986618876457214,0.8991895914077759
NC_009762,taxid_1397_Bacillus_circulans,0.9999998807907104,0.8494778871536255,0.924738883972168
NC_009762,taxid_1297750_Bacteroides_luti,0.999997615814209,0.8425260186195374,0.9212618172168732
NC_024125,taxid_2479367_Buttiauxella_sp_3AFRM03,0.9991156458854676,0.7830539345741272,0.8910847902297974
NC_024125,taxid_1590_Lactiplantibacillus_plantarum,0.9999969005584716,0.7113761901855469,0.8556865453720093
NC_024125,taxid_82977_Buttiauxella_agrestis,0.9949824810028076,0.705460250377655,0.8502213656902313
NC_024125,taxid_33968_Leuconostoc_pseudomesenteroides,0.999974250793457,0.7000486850738525,0.8500114679336548
NC_015456,taxid_2479367_Buttiauxella_sp_3AFRM03,0.9668700695037842,0.743503212928772,0.8551866412162781
NC_025443,taxid_2479367_Buttiauxella_sp_3AFRM03,0.9999992847442628,0.7676154971122742,0.8838073909282684
NC_028777,taxid_1245_Leuconostoc_mesenteroides,0.9930341243743896,0.776268720626831,0.8846514225006104
NC_028777,taxid_1737571_Bacillus_oryzisoli,0.992127537727356,0.8249865770339966,0.9085570573806763
NC_028777,taxid_33968_Leuconostoc_pseudomesenteroides,0.9970253109931946,0.7995455265045166,0.8982854187488556
NC_028777,taxid_185300_Paludibacter_propionicigenes,0.9993433356285096,0.8216539621353149,0.9104986488819122
NC_028777,GENERO_Lacrimispora_94868,0.9994327425956726,0.8406398296356201,0.9200362861156464
NC_028777,GENERO_Lactococcus_1358,0.9999958276748656,0.7569935917854309,0.8784947097301483
NC_028777,taxid_1397_Bacillus_circulans,0.987975537776947,0.7443292737007141,0.8661524057388306
NC_028777,taxid_1297750_Bacteroides_luti,0.954565167427063,0.7806447148323059,0.8676049411296844
NC_004587,taxid_33964_Leuconostoc_citreum,1.0,0.7312090396881104,0.8656045198440552
NC_004587,taxid_1245_Leuconostoc_mesenteroides,1.0,0.8256301879882812,0.9128150939941406
NC_004587,taxid_2751_Carnobacterium_maltaromaticum,1.0,0.7567527890205383,0.8783763945102692
NC_004587,taxid_1737571_Bacillus_oryzisoli,1.0,0.8753271102905273,0.9376635551452637
NC_004587,taxid_33968_Leuconostoc_pseudomesenteroides,1.0,0.8370814919471741,0.918540745973587
NC_004587,taxid_28038_Lactobacillus_curvatus,1.0,0.7259951829910278,0.8629975914955139
NC_004587,taxid_1358_Lactococcus_lactis,1.0,0.7883338928222656,0.8941669464111328
NC_004587,taxid_185300_Paludibacter_propionicigenes,1.0,0.8622667789459229,0.9311333894729614
NC_004587,taxid_147709_Carnobacterium_inhibens,1.0,0.7979209423065186,0.8989604711532593
NC_004587,taxid_165096_Weissella_koreensis,1.0,0.8441292643547058,0.9220646321773529
NC_004587,GENERO_Lacrimispora_94868,1.0,0.857641875743866,0.928820937871933
NC_004587,GENERO_Lactococcus_1358,1.0,0.8222602605819702,0.9111301302909851
NC_004587,taxid_293371_Lactobacillus_oligofermentans,1.0,0.8242446184158325,0.9121223092079163
NC_004587,taxid_879969_Macellibacteroides_fermentans,1.0,0.7354899048805237,0.8677449524402618
NC_004587,taxid_1397_Bacillus_circulans,1.0,0.824735701084137,0.9123678505420685
NC_004587,taxid_1129792_Weissella_oryzae,1.0,0.8299957513809204,0.9149978756904602
NC_004587,taxid_1610_Lactobacillus_coryniformis,1.0,0.7146780490875244,0.8573390245437622
NC_004587,taxid_1297750_Bacteroides_luti,1.0,0.8431090712547302,0.9215545356273651
NC_004617,taxid_1245_Leuconostoc_mesenteroides,0.9992337226867676,0.7654284238815308,0.8823310732841492
NC_004617,taxid_2751_Carnobacterium_maltaromaticum,0.995105504989624,0.7414813041687012,0.8682934045791626
NC_004617,taxid_1737571_Bacillus_oryzisoli,0.9999966621398926,0.8413390517234802,0.9206678569316864
NC_004617,taxid_1358_Lactococcus_lactis,0.9982241988182068,0.7687426209449768,0.8834834098815918
NC_004617,taxid_185300_Paludibacter_propionicigenes,1.0,0.8093792200088501,0.904689610004425
NC_004617,taxid_147709_Carnobacterium_inhibens,0.9999998807907104,0.7887088656425476,0.894354373216629
NC_004617,GENERO_Lacrimispora_94868,0.9999997615814208,0.798829972743988,0.8994148671627045
NC_004617,GENERO_Lactococcus_1358,0.9999994039535522,0.7668069005012512,0.8834031522274017
NC_004617,taxid_293371_Lactobacillus_oligofermentans,0.9999173879623412,0.7920186519622803,0.8959680199623108
NC_004617,taxid_1397_Bacillus_circulans,1.0,0.8222874402999878,0.9111437201499939
NC_004617,taxid_1297750_Bacteroides_luti,1.0,0.8150010108947754,0.9075005054473877
NC_002668,taxid_33964_Leuconostoc_citreum,0.9949743747711182,0.7054324150085449,0.8502033948898315
NC_002668,taxid_1245_Leuconostoc_mesenteroides,0.9999998807907104,0.8152181506156921,0.9076090157032013
NC_002668,taxid_2751_Carnobacterium_maltaromaticum,1.0,0.7433298230171204,0.8716649115085602
NC_002668,taxid_1737571_Bacillus_oryzisoli,1.0,0.8643298149108887,0.9321649074554443
NC_002668,taxid_33968_Leuconostoc_pseudomesenteroides,0.999975085258484,0.8244918584823608,0.9122334718704224
NC_002668,taxid_28038_Lactobacillus_curvatus,0.9999994039535522,0.700188934803009,0.8500941693782806
NC_002668,taxid_1358_Lactococcus_lactis,1.0,0.7789057493209839,0.8894528746604919
NC_002668,taxid_185300_Paludibacter_propionicigenes,1.0,0.8503656387329102,0.9251828193664551
NC_002668,taxid_147709_Carnobacterium_inhibens,1.0,0.7892069220542908,0.8946034610271454
NC_002668,taxid_165096_Weissella_koreensis,0.9997753500938416,0.8355461955070496,0.9176607728004456
NC_002668,GENERO_Lacrimispora_94868,1.0,0.850398063659668,0.925199031829834
NC_002668,GENERO_Lactococcus_1358,1.0,0.8076501488685608,0.9038250744342804
NC_002668,taxid_293371_Lactobacillus_oligofermentans,1.0,0.8152702450752258,0.9076351225376129
NC_002668,taxid_879969_Macellibacteroides_fermentans,1.0,0.7148242592811584,0.8574121296405792
NC_002668,taxid_1397_Bacillus_circulans,1.0,0.817269504070282,0.908634752035141
NC_002668,taxid_1129792_Weissella_oryzae,0.999535322189331,0.8183625936508179,0.9089489579200745
NC_002668,taxid_1297750_Bacteroides_luti,1.0,0.8288787007331848,0.9144393503665924
NC_031914,taxid_1245_Leuconostoc_mesenteroides,0.999995231628418,0.810459315776825,0.9052272737026215
NC_031914,taxid_2751_Carnobacterium_maltaromaticum,0.9999996423721312,0.7870762944221497,0.8935379683971405
NC_031914,taxid_1737571_Bacillus_oryzisoli,1.0,0.8721961379051208,0.9360980689525604
NC_031914,taxid_33968_Leuconostoc_pseudomesenteroides,0.997703492641449,0.8161105513572693,0.9069070219993591
NC_031914,taxid_1358_Lactococcus_lactis,0.9999994039535522,0.8085424900054932,0.9042709469795227
NC_031914,taxid_185300_Paludibacter_propionicigenes,1.0,0.8498216867446899,0.924910843372345
NC_031914,taxid_147709_Carnobacterium_inhibens,1.0,0.8259729743003845,0.9129864871501923
NC_031914,taxid_165096_Weissella_koreensis,0.979861855506897,0.8451107144355774,0.9124862849712372
NC_031914,GENERO_Lacrimispora_94868,1.0,0.8402647376060486,0.9201323688030243
NC_031914,GENERO_Lactococcus_1358,1.0,0.8089345693588257,0.9044672846794128
NC_031914,taxid_293371_Lactobacillus_oligofermentans,0.9999998807907104,0.8288618326187134,0.9144308567047119
NC_031914,taxid_1397_Bacillus_circulans,1.0,0.8560291528701782,0.9280145764350891
NC_031914,taxid_1129792_Weissella_oryzae,0.9448035359382628,0.8134158253669739,0.8791096806526184
NC_031914,taxid_1297750_Bacteroides_luti,1.0,0.8508560061454773,0.9254280030727386
NC_011167,taxid_1245_Leuconostoc_mesenteroides,1.0,0.7889272570610046,0.8944636285305023
NC_011167,taxid_2751_Carnobacterium_maltaromaticum,1.0,0.7368955612182617,0.8684477806091309
NC_011167,taxid_1737571_Bacillus_oryzisoli,1.0,0.8572207689285278,0.9286103844642639
NC_011167,taxid_33968_Leuconostoc_pseudomesenteroides,1.0,0.7995857000350952,0.8997928500175476
NC_011167,taxid_1358_Lactococcus_lactis,1.0,0.7737928032875061,0.886896401643753
NC_011167,taxid_185300_Paludibacter_propionicigenes,1.0,0.8341675996780396,0.9170837998390198
NC_011167,taxid_147709_Carnobacterium_inhibens,1.0,0.7883926630020142,0.8941963315010071
NC_011167,taxid_165096_Weissella_koreensis,0.9999997615814208,0.8227073550224304,0.9113535583019257
NC_011167,GENERO_Lacrimispora_94868,1.0,0.8325386643409729,0.9162693321704865
NC_011167,GENERO_Lactococcus_1358,1.0,0.7852621078491211,0.8926310539245605
NC_011167,taxid_293371_Lactobacillus_oligofermentans,1.0,0.8023730516433716,0.9011865258216858
NC_011167,taxid_1397_Bacillus_circulans,1.0,0.8181446194648743,0.9090723097324371
NC_011167,taxid_1129792_Weissella_oryzae,1.0,0.7927724123001099,0.8963862061500549
NC_011167,taxid_1297750_Bacteroides_luti,1.0,0.8218153715133667,0.9109076857566833
NC_026016,taxid_1245_Leuconostoc_mesenteroides,0.9989513158798218,0.8109833002090454,0.9049673080444336
NC_026016,taxid_2751_Carnobacterium_maltaromaticum,0.9999674558639526,0.742375373840332,0.8711714148521423
NC_026016,taxid_1737571_Bacillus_oryzisoli,0.9999998807907104,0.8619616031646729,0.9309807419776917
NC_026016,taxid_33968_Leuconostoc_pseudomesenteroides,0.909423828125,0.818956732749939,0.8641902804374695
NC_026016,taxid_28038_Lactobacillus_curvatus,0.9988515377044678,0.704262375831604,0.8515569567680359
NC_026016,taxid_1358_Lactococcus_lactis,0.9999582767486572,0.7769489884376526,0.8884536325931549
NC_026016,taxid_185300_Paludibacter_propionicigenes,0.9999998807907104,0.8457364439964294,0.92286816239357
NC_026016,taxid_147709_Carnobacterium_inhibens,1.0,0.7892680764198303,0.8946340382099152
NC_026016,GENERO_Lacrimispora_94868,0.9999996423721312,0.8475064039230347,0.923753023147583
NC_026016,GENERO_Lactococcus_1358,0.9999998807907104,0.805436909198761,0.9027183949947357
NC_026016,taxid_293371_Lactobacillus_oligofermentans,0.9999760389328004,0.8130773901939392,0.9065267145633698
NC_026016,taxid_879969_Macellibacteroides_fermentans,0.999948501586914,0.71974116563797,0.859844833612442
NC_026016,taxid_1397_Bacillus_circulans,1.0,0.8189318180084229,0.9094659090042114
NC_026016,taxid_1297750_Bacteroides_luti,1.0,0.8294743895530701,0.914737194776535
NC_028995,taxid_1590_Lactiplantibacillus_plantarum,0.997761607170105,0.704736053943634,0.8512488305568695
NC_028995,taxid_1245_Leuconostoc_mesenteroides,0.9909194707870485,0.8082551956176758,0.8995873332023621
NC_028995,taxid_33968_Leuconostoc_pseudomesenteroides,0.9998877048492432,0.8286105394363403,0.9142491221427917
NC_027350,taxid_1590_Lactiplantibacillus_plantarum,0.9994043111801147,0.7310956716537476,0.8652499914169312
NC_027350,taxid_33968_Leuconostoc_pseudomesenteroides,0.9999865293502808,0.7408895492553711,0.8704380393028259
NC_027350,taxid_185300_Paludibacter_propionicigenes,0.9998997449874878,0.7459812164306641,0.8729404807090759
NC_027350,GENERO_Lacrimispora_94868,0.993754744529724,0.8004052639007568,0.8970800042152405
NC_027350,taxid_1129792_Weissella_oryzae,0.9977715015411376,0.7106528282165527,0.8542121648788452
NC_022094,taxid_185300_Paludibacter_propionicigenes,0.998258650302887,0.8395230174064636,0.9188908338546753
NC_022094,taxid_147709_Carnobacterium_inhibens,0.9999127388000488,0.8027977347373962,0.9013552367687225
NC_022094,GENERO_Lacrimispora_94868,0.9878919124603271,0.8322776556015015,0.9100847840309143
NC_022094,taxid_1397_Bacillus_circulans,0.9999971389770508,0.8352834582328796,0.9176402986049652
NC_022094,taxid_1297750_Bacteroides_luti,0.9999982118606568,0.8382049202919006,0.9191015660762787
NC_022980,taxid_1245_Leuconostoc_mesenteroides,0.999986171722412,0.709049642086029,0.8545179069042206
NC_022980,taxid_1737571_Bacillus_oryzisoli,0.9998736381530762,0.7635577321052551,0.8817156851291656
NC_022980,taxid_33968_Leuconostoc_pseudomesenteroides,0.9998058676719666,0.7224451303482056,0.8611254990100861
NC_022980,taxid_185300_Paludibacter_propionicigenes,0.9999966621398926,0.7513482570648193,0.875672459602356
NC_022980,GENERO_Lacrimispora_94868,0.9998443126678468,0.7664380669593811,0.8831411898136139
NC_022980,taxid_1129792_Weissella_oryzae,0.9977765679359436,0.706480860710144,0.8521287143230438
NC_022980,taxid_1297750_Bacteroides_luti,0.9999758005142212,0.7001233100891113,0.8500495553016663
NC_028754,taxid_2479367_Buttiauxella_sp_3AFRM03,0.9999680519104004,0.8020210266113281,0.9009945392608643
NC_028754,taxid_1590_Lactiplantibacillus_plantarum,0.9999991655349731,0.7390523552894592,0.8695257604122162
NC_028754,taxid_82977_Buttiauxella_agrestis,0.9996511936187744,0.7041816115379333,0.8519164025783539
NC_028754,taxid_33968_Leuconostoc_pseudomesenteroides,0.9999940395355223,0.7449955344200134,0.8724947869777679
NC_028754,taxid_1610_Lactobacillus_coryniformis,0.9995157718658448,0.7079716324806213,0.853743702173233
NC_011801,taxid_33964_Leuconostoc_citreum,0.9999876022338868,0.7229553461074829,0.8614714741706848
NC_011801,taxid_1245_Leuconostoc_mesenteroides,1.0,0.8222435712814331,0.9111217856407166
NC_011801,taxid_1737571_Bacillus_oryzisoli,0.9999877214431764,0.8682467937469482,0.9341172575950623
NC_011801,taxid_33968_Leuconostoc_pseudomesenteroides,1.0,0.8347607254981995,0.9173803627490997
NC_011801,taxid_28038_Lactobacillus_curvatus,1.0,0.7219038605690002,0.8609519302845001
NC_011801,taxid_1358_Lactococcus_lactis,0.9756465554237366,0.7721121907234192,0.8738793730735779
NC_011801,taxid_185300_Paludibacter_propionicigenes,1.0,0.8597134351730347,0.9298567175865173
NC_011801,taxid_147709_Carnobacterium_inhibens,0.9976460337638856,0.7829107046127319,0.8902783691883087
NC_011801,GENERO_Lacrimispora_94868,0.9999994039535522,0.858850359916687,0.9294248819351196
NC_011801,GENERO_Lactococcus_1358,1.0,0.812943696975708,0.906471848487854
NC_011801,taxid_293371_Lactobacillus_oligofermentans,0.9999996423721312,0.8128554224967957,0.9064275324344635
NC_011801,taxid_879969_Macellibacteroides_fermentans,0.999996781349182,0.7335805296897888,0.8667886555194855
NC_011801,taxid_1397_Bacillus_circulans,0.9999964237213136,0.8116207718849182,0.9058085978031158
NC_011801,taxid_1129792_Weissella_oryzae,0.999996542930603,0.8259673118591309,0.9129819273948669
NC_011801,taxid_1610_Lactobacillus_coryniformis,0.9999924898147584,0.7146632075309753,0.8573278486728668
NC_011801,taxid_1297750_Bacteroides_luti,0.9999974966049194,0.8355000615119934,0.9177487790584564
NC_023605,taxid_1590_Lactiplantibacillus_plantarum,0.9990192651748656,0.72439044713974,0.8617048561573029
NC_023605,taxid_1245_Leuconostoc_mesenteroides,0.9980893731117249,0.7302454113960266,0.8641673922538757
NC_023605,taxid_33968_Leuconostoc_pseudomesenteroides,0.9998756647109984,0.770042896270752,0.8849592804908752
NC_023605,taxid_185300_Paludibacter_propionicigenes,0.98334401845932,0.7798655033111572,0.8816047608852386
NC_015262,taxid_2751_Carnobacterium_maltaromaticum,0.9991722106933594,0.7602745890617371,0.8797233998775482
NC_015262,taxid_1737571_Bacillus_oryzisoli,0.9998143315315248,0.8530839085578918,0.9264491200447083
NC_015262,taxid_1358_Lactococcus_lactis,0.9910105466842652,0.7809997797012329,0.886005163192749
NC_015262,taxid_185300_Paludibacter_propionicigenes,0.9999816417694092,0.8147035241127014,0.9073425829410553
NC_015262,taxid_147709_Carnobacterium_inhibens,0.9999996423721312,0.8065823912620544,0.9032910168170929
NC_015262,GENERO_Lacrimispora_94868,0.999980926513672,0.7974880933761597,0.8987345099449158
NC_015262,GENERO_Lactococcus_1358,0.9999215602874756,0.7657811045646667,0.8828513324260712
NC_015262,taxid_293371_Lactobacillus_oligofermentans,0.9914110898971558,0.8004651069641113,0.8959380984306335
NC_015262,taxid_1397_Bacillus_circulans,1.0,0.8443536758422852,0.9221768379211426
NC_015262,taxid_1297750_Bacteroides_luti,0.9999998807907104,0.8264962434768677,0.9132480621337891
NC_031933,taxid_2479367_Buttiauxella_sp_3AFRM03,0.9997310042381288,0.8089439272880554,0.904337465763092
NC_031933,taxid_82992_Buttiauxella_noackiae,0.9983400106430054,0.71533203125,0.8568360209465027
NC_031933,taxid_1590_Lactiplantibacillus_plantarum,0.9997265934944152,0.7385303974151611,0.8691284954547882
NC_031933,taxid_82977_Buttiauxella_agrestis,0.9942037463188172,0.7237669229507446,0.8589853346347809
NC_031933,taxid_33968_Leuconostoc_pseudomesenteroides,0.9940053820610046,0.7401369214057922,0.8670711517333984
NC_027366,taxid_1590_Lactiplantibacillus_plantarum,0.9999977350234984,0.744193434715271,0.8720955848693848
NC_027366,taxid_33968_Leuconostoc_pseudomesenteroides,0.999997854232788,0.7419619560241699,0.870979905128479
NC_027366,taxid_185300_Paludibacter_propionicigenes,0.9959845542907716,0.7353363037109375,0.8656604290008545
NC_027366,taxid_1129792_Weissella_oryzae,0.9976752400398254,0.7197802066802979,0.8587277233600616
NC_027366,taxid_1610_Lactobacillus_coryniformis,0.9999150037765504,0.7088121175765991,0.8543635606765747
NC_007051,taxid_1397_Bacillus_circulans,0.9644869565963744,0.8537070155143738,0.9090969860553741
NC_015271,taxid_2479367_Buttiauxella_sp_3AFRM03,0.9990874528884888,0.7332926392555237,0.8661900460720062
NC_007057,taxid_1245_Leuconostoc_mesenteroides,0.9999990463256836,0.7513793706893921,0.8756892085075378
NC_007057,taxid_2751_Carnobacterium_maltaromaticum,0.9999998807907104,0.734577476978302,0.8672886788845062
NC_007057,taxid_1737571_Bacillus_oryzisoli,1.0,0.8385282158851624,0.9192641079425812
NC_007057,taxid_33968_Leuconostoc_pseudomesenteroides,0.9994175434112548,0.7543442845344543,0.8768809139728546
NC_007057,taxid_1358_Lactococcus_lactis,0.9999994039535522,0.7618733644485474,0.8809363842010498
NC_007057,taxid_185300_Paludibacter_propionicigenes,1.0,0.8035436272621155,0.9017718136310577
NC_007057,taxid_147709_Carnobacterium_inhibens,1.0,0.7817631363868713,0.8908815681934357
NC_007057,taxid_165096_Weissella_koreensis,0.9915400147438048,0.8008848428726196,0.8962124288082123
NC_007057,GENERO_Lacrimispora_94868,1.0,0.7960050702095032,0.8980025351047516
NC_007057,GENERO_Lactococcus_1358,1.0,0.7541537880897522,0.8770768940448761
NC_007057,taxid_293371_Lactobacillus_oligofermentans,0.9999998807907104,0.7820444703102112,0.8910221755504608
NC_007057,taxid_1397_Bacillus_circulans,1.0,0.815681517124176,0.907840758562088
NC_007057,taxid_1129792_Weissella_oryzae,0.990723431110382,0.7536488771438599,0.872186154127121
NC_007057,taxid_1297750_Bacteroides_luti,1.0,0.8083012104034424,0.9041506052017212
NC_018856,taxid_1590_Lactiplantibacillus_plantarum,0.9999995231628418,0.7232933044433594,0.8616464138031006
NC_018856,taxid_1245_Leuconostoc_mesenteroides,1.0,0.7785813212394714,0.8892906606197357
NC_018856,taxid_1737571_Bacillus_oryzisoli,1.0,0.825153112411499,0.9125765562057495
NC_018856,taxid_33968_Leuconostoc_pseudomesenteroides,1.0,0.8067289590835571,0.9033644795417786
NC_018856,taxid_28038_Lactobacillus_curvatus,1.0,0.7069231271743774,0.8534615635871887
NC_018856,taxid_185300_Paludibacter_propionicigenes,1.0,0.8191332221031189,0.9095666110515594
NC_018856,taxid_165096_Weissella_koreensis,0.9999938011169434,0.7803085446357727,0.890151172876358
NC_018856,GENERO_Lacrimispora_94868,1.0,0.8502777218818665,0.9251388609409332
NC_018856,GENERO_Lactococcus_1358,1.0,0.7586219906806946,0.8793109953403473
NC_018856,taxid_293371_Lactobacillus_oligofermentans,1.0,0.7506330609321594,0.8753165304660797
NC_018856,taxid_879969_Macellibacteroides_fermentans,0.9999998807907104,0.7204603552818298,0.8602301180362701
NC_018856,taxid_1397_Bacillus_circulans,1.0,0.7341428399085999,0.8670714199542999
NC_018856,taxid_1129792_Weissella_oryzae,0.9999998807907104,0.7894484400749207,0.8947241604328156
NC_018856,taxid_1610_Lactobacillus_coryniformis,0.9999992847442628,0.7292190790176392,0.8646091818809509
NC_018856,taxid_1297750_Bacteroides_luti,1.0,0.7684144973754883,0.8842072486877441
NC_031938,taxid_1245_Leuconostoc_mesenteroides,1.0,0.7296695709228516,0.8648347854614258
NC_031938,taxid_2751_Carnobacterium_maltaromaticum,0.9955756664276124,0.7269205451011658,0.861248105764389
NC_031938,taxid_1737571_Bacillus_oryzisoli,0.9999992847442628,0.824893057346344,0.9124461710453033
NC_031938,taxid_33968_Leuconostoc_pseudomesenteroides,1.0,0.7293378114700317,0.8646689057350159
NC_031938,taxid_1358_Lactococcus_lactis,0.9999499320983888,0.747755229473114,0.8738525807857513
NC_031938,taxid_185300_Paludibacter_propionicigenes,1.0,0.7864888310432434,0.8932444155216217
NC_031938,taxid_147709_Carnobacterium_inhibens,0.9999935626983644,0.7695364356040955,0.8847649991512299
NC_031938,taxid_165096_Weissella_koreensis,0.999914050102234,0.7862822413444519,0.8930981457233429
NC_031938,GENERO_Lacrimispora_94868,0.9999997615814208,0.7736581563949585,0.8868289589881897
NC_031938,GENERO_Lactococcus_1358,1.0,0.7330936789512634,0.8665468394756317
NC_031938,taxid_293371_Lactobacillus_oligofermentans,1.0,0.7668122053146362,0.8834061026573181
NC_031938,taxid_1397_Bacillus_circulans,0.9999998807907104,0.8116117715835571,0.9058058261871338
NC_031938,taxid_1129792_Weissella_oryzae,0.9999998807907104,0.7297220826148987,0.8648609817028046
NC_031938,taxid_1297750_Bacteroides_luti,1.0,0.7948607802391052,0.8974303901195526
NC_014460,taxid_1245_Leuconostoc_mesenteroides,0.9999877214431764,0.7580901384353638,0.87903892993927
NC_014460,taxid_2751_Carnobacterium_maltaromaticum,0.9991135001182556,0.7426788210868835,0.8708961606025696
NC_014460,taxid_1737571_Bacillus_oryzisoli,0.9999995231628418,0.837790846824646,0.9188951849937439
NC_014460,taxid_33968_Leuconostoc_pseudomesenteroides,0.995979905128479,0.7570824027061462,0.8765311539173126
NC_014460,taxid_1358_Lactococcus_lactis,0.9999061822891236,0.76859050989151,0.8842483460903168
NC_014460,taxid_185300_Paludibacter_propionicigenes,1.0,0.8036332130432129,0.9018166065216064
NC_014460,taxid_147709_Carnobacterium_inhibens,0.9999996423721312,0.7875422835350037,0.8937709629535675
NC_014460,GENERO_Lacrimispora_94868,0.9999998807907104,0.7912419438362122,0.8956209123134613
NC_014460,GENERO_Lactococcus_1358,1.0,0.7614831328392029,0.8807415664196014
NC_014460,taxid_293371_Lactobacillus_oligofermentans,0.999997615814209,0.7881279587745667,0.8940627872943878
NC_014460,taxid_1397_Bacillus_circulans,1.0,0.8202816843986511,0.9101408421993256
NC_014460,taxid_1129792_Weissella_oryzae,0.9426074624061584,0.7583608031272888,0.8504841327667236
NC_014460,taxid_1297750_Bacteroides_luti,1.0,0.8111187815666199,0.9055593907833099
NC_028925,taxid_2479367_Buttiauxella_sp_3AFRM03,0.999924898147583,0.7553175687789917,0.8776212334632874
NC_001942,taxid_1737571_Bacillus_oryzisoli,0.9953691363334656,0.8160132169723511,0.9056911766529083
NC_001942,taxid_185300_Paludibacter_propionicigenes,0.9999624490737916,0.7656176686286926,0.8827900588512421
NC_001942,taxid_147709_Carnobacterium_inhibens,0.9999990463256836,0.7554199695587158,0.8777095079421997
NC_001942,GENERO_Lacrimispora_94868,0.9997134804725648,0.7476290464401245,0.8736712634563446
NC_001942,taxid_1397_Bacillus_circulans,1.0,0.8003774285316467,0.9001887142658234
NC_001942,taxid_1297750_Bacteroides_luti,1.0,0.7773410677909851,0.8886705338954926
NC_007734,taxid_1245_Leuconostoc_mesenteroides,1.0,0.8033909201622009,0.9016954600811005
NC_007734,taxid_2751_Carnobacterium_maltaromaticum,1.0,0.7739753723144531,0.8869876861572266
NC_007734,taxid_1737571_Bacillus_oryzisoli,1.0,0.8674950003623962,0.9337475001811981
NC_007734,taxid_33968_Leuconostoc_pseudomesenteroides,0.9999998807907104,0.8101770281791687,0.9050884544849396
NC_007734,taxid_1358_Lactococcus_lactis,1.0,0.7992132902145386,0.8996066451072693
NC_007734,taxid_185300_Paludibacter_propionicigenes,1.0,0.8425668478012085,0.9212834239006042
NC_007734,taxid_147709_Carnobacterium_inhibens,1.0,0.8132057785987854,0.9066028892993927
NC_007734,taxid_165096_Weissella_koreensis,0.9999997615814208,0.8364063501358032,0.9182030558586121
NC_007734,GENERO_Lacrimispora_94868,1.0,0.8376106023788452,0.9188053011894226
NC_007734,GENERO_Lactococcus_1358,1.0,0.8023460507392883,0.9011730253696442
NC_007734,taxid_293371_Lactobacillus_oligofermentans,1.0,0.8207759261131287,0.9103879630565643
NC_007734,taxid_1397_Bacillus_circulans,1.0,0.8407452702522278,0.9203726351261139
NC_007734,taxid_1129792_Weissella_oryzae,0.9999995231628418,0.8070713877677917,0.9035354554653168
NC_007734,taxid_1297750_Bacteroides_luti,1.0,0.8407909870147705,0.9203954935073853
NC_008464,taxid_2479367_Buttiauxella_sp_3AFRM03,0.999995231628418,0.7067866325378418,0.8533909320831299
NC_008464,GENERO_Lacrimispora_94868,0.9999927282333374,0.7033027410507202,0.8516477346420288
NC_027360,taxid_2479367_Buttiauxella_sp_3AFRM03,0.9999996423721312,0.783308207988739,0.8916539251804352
NC_027360,taxid_1590_Lactiplantibacillus_plantarum,1.0,0.7173528671264648,0.8586764335632324
NC_027360,taxid_33968_Leuconostoc_pseudomesenteroides,0.9999994039535522,0.7414699196815491,0.8707346618175507
NC_027360,taxid_1129792_Weissella_oryzae,0.9976721405982972,0.7167310118675232,0.8572015762329102
NC_028746,taxid_1245_Leuconostoc_mesenteroides,0.9999991655349731,0.7802360653877258,0.8901176154613495
NC_028746,taxid_1737571_Bacillus_oryzisoli,0.9547972679138184,0.8248584270477295,0.8898278474807739
NC_028746,taxid_33968_Leuconostoc_pseudomesenteroides,0.9999995231628418,0.7954738736152649,0.8977366983890533
NC_028746,taxid_185300_Paludibacter_propionicigenes,0.9999243021011353,0.8188185691833496,0.9093714356422424
NC_028746,GENERO_Lacrimispora_94868,0.9963286519050598,0.8247475028038025,0.9105380773544312
NC_028746,GENERO_Lactococcus_1358,0.9999977350234984,0.7630494236946106,0.8815235793590546
NC_028746,taxid_293371_Lactobacillus_oligofermentans,0.9999451637268066,0.7598969340324402,0.8799210488796234
NC_028746,taxid_1129792_Weissella_oryzae,0.9999936819076538,0.7832155227661133,0.8916046023368835
NC_028746,taxid_1297750_Bacteroides_luti,0.9779411554336548,0.7769299149513245,0.8774355351924896
NC_019526,taxid_2479367_Buttiauxella_sp_3AFRM03,0.993895709514618,0.7153794765472412,0.8546375930309296
NC_019526,taxid_1245_Leuconostoc_mesenteroides,0.9999998807907104,0.7624226808547974,0.8812112808227539
NC_019526,taxid_1737571_Bacillus_oryzisoli,0.9999964237213136,0.8208540678024292,0.9104252457618713
NC_019526,taxid_33968_Leuconostoc_pseudomesenteroides,0.9999998807907104,0.7746614813804626,0.8873306810855865
NC_019526,taxid_185300_Paludibacter_propionicigenes,0.9999996423721312,0.8049577474594116,0.9024786949157715
NC_019526,GENERO_Lacrimispora_94868,0.9999979734420776,0.8200111985206604,0.910004585981369
NC_019526,GENERO_Lactococcus_1358,1.0,0.7506036162376404,0.8753018081188202
NC_019526,taxid_293371_Lactobacillus_oligofermentans,0.9999991655349731,0.7467985153198242,0.8733988404273987
NC_019526,taxid_1397_Bacillus_circulans,0.9999641180038452,0.7464469075202942,0.8732055127620697
NC_019526,taxid_1129792_Weissella_oryzae,0.999996304512024,0.7686184048652649,0.8843073546886444
NC_019526,taxid_1297750_Bacteroides_luti,0.999924659729004,0.7730097770690918,0.8864672183990479
NC_023007,taxid_1245_Leuconostoc_mesenteroides,0.9999667406082152,0.7758713960647583,0.8879190683364868
NC_023007,taxid_1737571_Bacillus_oryzisoli,0.9995551705360411,0.8284799456596375,0.9140175580978394
NC_023007,taxid_33968_Leuconostoc_pseudomesenteroides,0.9999768733978271,0.7977506518363953,0.8988637626171112
NC_023007,taxid_185300_Paludibacter_propionicigenes,0.9998612403869628,0.8165979981422424,0.9082296192646027
NC_023007,GENERO_Lacrimispora_94868,0.9999610185623168,0.844026505947113,0.921993762254715
NC_023007,GENERO_Lactococcus_1358,0.9999998807907104,0.7590189576148987,0.8795094192028046
NC_023007,taxid_293371_Lactobacillus_oligofermentans,0.9993444085121156,0.7499566674232483,0.8746505379676819
NC_023007,taxid_1397_Bacillus_circulans,0.9952795505523682,0.7419205904006958,0.868600070476532
NC_023007,taxid_1129792_Weissella_oryzae,0.9982357025146484,0.7885448336601257,0.8933902680873871
NC_023007,taxid_1610_Lactobacillus_coryniformis,0.9995747208595276,0.7088648080825806,0.8542197644710541
NC_023007,taxid_1297750_Bacteroides_luti,0.9764816164970398,0.7724076509475708,0.8744446337223053
NC_025416,taxid_1245_Leuconostoc_mesenteroides,0.9999997615814208,0.7673571109771729,0.8836784362792969
NC_025416,taxid_2751_Carnobacterium_maltaromaticum,0.9999998807907104,0.7339879870414734,0.8669939339160919
NC_025416,taxid_1737571_Bacillus_oryzisoli,1.0,0.8393609523773193,0.9196804761886597
NC_025416,taxid_33968_Leuconostoc_pseudomesenteroides,0.9999779462814332,0.7633976936340332,0.8816878199577332
NC_025416,taxid_1358_Lactococcus_lactis,0.9999998807907104,0.7650976777076721,0.8825487792491913
NC_025416,taxid_185300_Paludibacter_propionicigenes,1.0,0.8113458156585693,0.9056729078292847
NC_025416,taxid_147709_Carnobacterium_inhibens,1.0,0.7860400080680847,0.8930200040340424
NC_025416,taxid_165096_Weissella_koreensis,0.9989792704582214,0.8110361099243164,0.9050076901912689
NC_025416,GENERO_Lacrimispora_94868,1.0,0.7951810359954834,0.8975905179977417
NC_025416,GENERO_Lactococcus_1358,1.0,0.7670897841453552,0.8835448920726776
NC_025416,taxid_293371_Lactobacillus_oligofermentans,1.0,0.7912413477897644,0.8956206738948822
NC_025416,taxid_1397_Bacillus_circulans,1.0,0.8208545446395874,0.9104272723197937
NC_025416,taxid_1129792_Weissella_oryzae,0.9997138381004332,0.7662651538848877,0.8829894959926605
NC_025416,taxid_1297750_Bacteroides_luti,1.0,0.8145074844360352,0.9072537422180176
NC_002185,taxid_33964_Leuconostoc_citreum,0.9993616938591005,0.740260124206543,0.8698109090328217
NC_002185,taxid_1590_Lactiplantibacillus_plantarum,0.9997989535331726,0.7125930190086365,0.8561959862709045
NC_002185,taxid_1245_Leuconostoc_mesenteroides,0.9999991655349731,0.8349834680557251,0.9174913167953491
NC_002185,taxid_1737571_Bacillus_oryzisoli,0.999751627445221,0.8810386061668396,0.9403951168060303
NC_002185,taxid_33968_Leuconostoc_pseudomesenteroides,0.9999955892562866,0.8465203046798706,0.9232579469680786
NC_002185,taxid_28038_Lactobacillus_curvatus,0.9999988079071044,0.7387846112251282,0.8693917095661163
NC_002185,taxid_185300_Paludibacter_propionicigenes,0.9999984502792358,0.8701059818267822,0.935052216053009
NC_002185,GENERO_Lacrimispora_94868,0.9999446868896484,0.8657198548316956,0.932832270860672
NC_002185,GENERO_Lactococcus_1358,1.0,0.8286738395690918,0.9143369197845459
NC_002185,taxid_293371_Lactobacillus_oligofermentans,0.9999929666519164,0.8305842876434326,0.9152886271476746
NC_002185,taxid_879969_Macellibacteroides_fermentans,0.9997373223304749,0.7493281960487366,0.8745327591896057
NC_002185,taxid_1397_Bacillus_circulans,0.9995970129966736,0.8301081657409668,0.9148525893688202
NC_002185,taxid_1129792_Weissella_oryzae,0.9998433589935304,0.839816153049469,0.9198297560214996
NC_002185,taxid_1610_Lactobacillus_coryniformis,0.999663472175598,0.7303474545478821,0.8650054633617401
NC_002185,taxid_1297750_Bacteroides_luti,0.9998844861984252,0.850977897644043,0.9254311919212341
MH153807,taxid_1805933_Rahnella_sp_ERMR1:05,0.9954339861869812,0.7162970900535583,0.8558655381202698
MH153807,taxid_2479367_Buttiauxella_sp_3AFRM03,0.9983943104743958,0.8264814019203186,0.9124378561973572
MH153807,taxid_82992_Buttiauxella_noackiae,0.9965763688087464,0.7351037263870239,0.8658400475978851
MH153807,taxid_1590_Lactiplantibacillus_plantarum,0.9999990463256836,0.7585228681564331,0.8792609572410583
MH153807,GENERO_Buttiauxella_82991,0.9925425052642822,0.7206418514251709,0.8565921783447266
MH153807,taxid_82977_Buttiauxella_agrestis,0.9824318289756776,0.7512034177780151,0.8668176233768463
MH153807,taxid_33968_Leuconostoc_pseudomesenteroides,0.9999991655349731,0.743851363658905,0.8719252645969391
MH153807,taxid_1129792_Weissella_oryzae,0.9970711469650269,0.720284640789032,0.8586778938770294
MH153807,taxid_1610_Lactobacillus_coryniformis,0.999813973903656,0.7132720947265625,0.8565430343151093
MH153807,taxid_1134687_Klebsiella_michiganensis,0.9997918009757996,0.7172077298164368,0.8584997653961182
NC_029025,taxid_1245_Leuconostoc_mesenteroides,1.0,0.8209114074707031,0.9104557037353516
NC_029025,taxid_2751_Carnobacterium_maltaromaticum,1.0,0.7933265566825867,0.8966632783412933
NC_029025,taxid_1737571_Bacillus_oryzisoli,1.0,0.8821322321891785,0.9410661160945892
NC_029025,taxid_33968_Leuconostoc_pseudomesenteroides,1.0,0.8291102051734924,0.9145551025867462
NC_029025,taxid_1358_Lactococcus_lactis,1.0,0.816245973110199,0.9081229865550995
NC_029025,taxid_185300_Paludibacter_propionicigenes,1.0,0.8589460253715515,0.9294730126857758
NC_029025,taxid_147709_Carnobacterium_inhibens,1.0,0.8309743404388428,0.9154871702194214
NC_029025,taxid_165096_Weissella_koreensis,1.0,0.8525232672691345,0.9262616336345673
NC_029025,GENERO_Lacrimispora_94868,1.0,0.854195237159729,0.9270976185798645
NC_029025,GENERO_Lactococcus_1358,1.0,0.8196436166763306,0.9098218083381653
NC_029025,taxid_293371_Lactobacillus_oligofermentans,1.0,0.8372335433959961,0.918616771697998
NC_029025,taxid_1397_Bacillus_circulans,1.0,0.8574008345603943,0.9287004172801971
NC_029025,taxid_1129792_Weissella_oryzae,0.9999997615814208,0.8254929184913635,0.9127463400363922
NC_029025,taxid_1297750_Bacteroides_luti,1.0,0.8587853312492371,0.9293926656246185
NC_021323,taxid_2751_Carnobacterium_maltaromaticum,0.98541659116745,0.7503882050514221,0.867902398109436
NC_021323,taxid_1737571_Bacillus_oryzisoli,0.9997342228889464,0.8433687686920166,0.9215514957904816
NC_021323,taxid_1358_Lactococcus_lactis,0.933521330356598,0.7727346420288086,0.8531279861927032
NC_021323,taxid_185300_Paludibacter_propionicigenes,0.9997143149375916,0.8090271949768066,0.9043707549571991
NC_021323,taxid_147709_Carnobacterium_inhibens,0.9999945163726808,0.7927423715591431,0.8963684439659119
NC_021323,GENERO_Lacrimispora_94868,0.9998735189437866,0.7966148853302002,0.8982442021369934
NC_021323,GENERO_Lactococcus_1358,0.99979966878891,0.7623798847198486,0.8810897767543793
NC_021323,taxid_293371_Lactobacillus_oligofermentans,0.9090478420257568,0.7914538979530334,0.8502508699893951
NC_021323,taxid_1397_Bacillus_circulans,1.0,0.8281621336936951,0.9140810668468475
NC_021323,taxid_1297750_Bacteroides_luti,0.9999995231628418,0.8156117796897888,0.9078056514263153
NC_030951,taxid_1245_Leuconostoc_mesenteroides,1.0,0.7506433725357056,0.8753216862678528
NC_030951,taxid_2751_Carnobacterium_maltaromaticum,1.0,0.743105947971344,0.871552973985672
NC_030951,taxid_1737571_Bacillus_oryzisoli,1.0,0.8407376408576965,0.9203688204288483
NC_030951,taxid_33968_Leuconostoc_pseudomesenteroides,0.9999998807907104,0.7467644214630127,0.8733821511268616
NC_030951,taxid_1358_Lactococcus_lactis,1.0,0.7679070234298706,0.8839535117149353
NC_030951,taxid_185300_Paludibacter_propionicigenes,1.0,0.8038691878318787,0.9019345939159393
NC_030951,taxid_147709_Carnobacterium_inhibens,1.0,0.7924538254737854,0.8962269127368927
NC_030951,taxid_165096_Weissella_koreensis,0.9999996423721312,0.8081320524215698,0.9040658473968506
NC_030951,GENERO_Lacrimispora_94868,1.0,0.7859887480735779,0.8929943740367889
NC_030951,GENERO_Lactococcus_1358,1.0,0.7548526525497437,0.8774263262748718
NC_030951,taxid_293371_Lactobacillus_oligofermentans,1.0,0.788917064666748,0.894458532333374
NC_030951,taxid_1397_Bacillus_circulans,1.0,0.8301742076873779,0.915087103843689
NC_030951,taxid_1129792_Weissella_oryzae,0.9999991655349731,0.7483744621276855,0.8741868138313293
NC_030951,taxid_1297750_Bacteroides_luti,1.0,0.8145493268966675,0.9072746634483337
NC_031945,taxid_1245_Leuconostoc_mesenteroides,1.0,0.7297735214233398,0.8648867607116699
NC_031945,taxid_2751_Carnobacterium_maltaromaticum,0.9955756664276124,0.7270224690437317,0.861299067735672
NC_031945,taxid_1737571_Bacillus_oryzisoli,0.9999992847442628,0.8249339461326599,0.9124666154384613
NC_031945,taxid_33968_Leuconostoc_pseudomesenteroides,1.0,0.7294637560844421,0.8647318780422211
NC_031945,taxid_1358_Lactococcus_lactis,0.9999499320983888,0.7478382587432861,0.8738940954208374
NC_031945,taxid_185300_Paludibacter_propionicigenes,1.0,0.7865598201751709,0.8932799100875854
NC_031945,taxid_147709_Carnobacterium_inhibens,0.9999935626983644,0.7695973515510559,0.8847954571247101
NC_031945,taxid_165096_Weissella_koreensis,0.999914050102234,0.7863406538963318,0.8931273519992828
NC_031945,GENERO_Lacrimispora_94868,0.9999997615814208,0.773726761341095,0.8868632614612579
NC_031945,GENERO_Lactococcus_1358,1.0,0.7332020998001099,0.8666010499000549
NC_031945,taxid_293371_Lactobacillus_oligofermentans,1.0,0.7668749690055847,0.8834374845027924
NC_031945,taxid_1397_Bacillus_circulans,0.9999998807907104,0.8116451501846313,0.9058225154876709
NC_031945,taxid_1129792_Weissella_oryzae,0.9999998807907104,0.7298321723937988,0.8649160265922546
NC_031945,taxid_1297750_Bacteroides_luti,1.0,0.7949241399765015,0.8974620699882507
NC_028888,taxid_33968_Leuconostoc_pseudomesenteroides,0.9900909662246704,0.7537866234779358,0.8719387948513031
NC_012419,taxid_33964_Leuconostoc_citreum,0.9800961017608644,0.7644524574279785,0.8722742795944214
NC_012419,taxid_1245_Leuconostoc_mesenteroides,0.9999958276748656,0.8275005221366882,0.913748174905777
NC_012419,taxid_1737571_Bacillus_oryzisoli,0.9999998807907104,0.8583501577377319,0.9291750192642212
NC_012419,taxid_33968_Leuconostoc_pseudomesenteroides,0.9995009899139404,0.8497766852378845,0.9246388375759125
NC_012419,taxid_28038_Lactobacillus_curvatus,0.999886155128479,0.7696899771690369,0.8847880661487579
NC_012419,taxid_1358_Lactococcus_lactis,0.9999749660491944,0.7549416422843933,0.8774583041667938
NC_012419,taxid_185300_Paludibacter_propionicigenes,1.0,0.8558030724525452,0.9279015362262726
NC_012419,taxid_147709_Carnobacterium_inhibens,1.0,0.7615879774093628,0.8807939887046814
NC_012419,taxid_165096_Weissella_koreensis,0.9334697127342224,0.8293761610984802,0.8814229369163513
NC_012419,GENERO_Lacrimispora_94868,1.0,0.8700540661811829,0.9350270330905914
NC_012419,GENERO_Lactococcus_1358,1.0,0.8099284768104553,0.9049642384052277
NC_012419,taxid_293371_Lactobacillus_oligofermentans,0.9999990463256836,0.8064410090446472,0.9032200276851654
NC_012419,taxid_879969_Macellibacteroides_fermentans,1.0,0.77083820104599,0.885419100522995
NC_012419,taxid_1397_Bacillus_circulans,1.0,0.7916048169136047,0.8958024084568024
NC_012419,taxid_1129792_Weissella_oryzae,0.9889138340950012,0.8350437879562378,0.9119788110256195
NC_012419,taxid_1610_Lactobacillus_coryniformis,0.9784131646156312,0.7719363570213318,0.8751747608184814
NC_012419,taxid_1297750_Bacteroides_luti,1.0,0.8128538131713867,0.9064269065856934
NC_015249,taxid_2479367_Buttiauxella_sp_3AFRM03,0.9877875447273254,0.7186834812164307,0.853235512971878
NC_022762,taxid_33964_Leuconostoc_citreum,1.0,0.7249336242675781,0.8624668121337891
NC_022762,taxid_1590_Lactiplantibacillus_plantarum,1.0,0.7522647380828857,0.8761323690414429
NC_022762,taxid_1245_Leuconostoc_mesenteroides,1.0,0.8046420812606812,0.9023210406303406
NC_022762,taxid_1737571_Bacillus_oryzisoli,0.999952793121338,0.8488754034042358,0.9244140982627869
NC_022762,taxid_33968_Leuconostoc_pseudomesenteroides,1.0,0.8340203762054443,0.9170101881027222
NC_022762,taxid_28038_Lactobacillus_curvatus,1.0,0.7402564287185669,0.8701282143592834
NC_022762,taxid_185300_Paludibacter_propionicigenes,0.9999996423721312,0.8437716960906982,0.9218856692314148
NC_022762,taxid_165096_Weissella_koreensis,0.9740487337112428,0.808252215385437,0.8911504745483398
NC_022762,GENERO_Lacrimispora_94868,0.9999946355819702,0.8633695244789124,0.9316820800304413
NC_022762,GENERO_Lactococcus_1358,1.0,0.7831400632858276,0.8915700316429138
NC_022762,taxid_293371_Lactobacillus_oligofermentans,0.9999998807907104,0.7770196795463562,0.8885097801685333
NC_022762,taxid_879969_Macellibacteroides_fermentans,0.9999761581420898,0.7572166919708252,0.8785964250564575
NC_022762,taxid_1397_Bacillus_circulans,0.9999047517776488,0.7614440321922302,0.8806743919849396
NC_022762,taxid_1129792_Weissella_oryzae,1.0,0.8150389194488525,0.9075194597244263
NC_022762,taxid_1610_Lactobacillus_coryniformis,1.0,0.7591021060943604,0.8795510530471802
NC_022762,taxid_642589_Caproiciproducens_galactitolivorans,0.9962981343269348,0.7213658094406128,0.8588319718837738
NC_022762,taxid_1297750_Bacteroides_luti,0.9999381303787231,0.7956674098968506,0.8978027701377869
NC_008799,taxid_1245_Leuconostoc_mesenteroides,0.99998939037323,0.7841023206710815,0.8920458555221558
NC_008799,taxid_2751_Carnobacterium_maltaromaticum,0.9999986886978148,0.7570938467979431,0.878546267747879
NC_008799,taxid_1737571_Bacillus_oryzisoli,0.9999998807907104,0.8549233675003052,0.9274616241455078
NC_008799,taxid_33968_Leuconostoc_pseudomesenteroides,0.9942376613616944,0.7892135977745056,0.8917256295681
NC_008799,taxid_1358_Lactococcus_lactis,0.9999982118606568,0.7861380577087402,0.8930681347846985
NC_008799,taxid_185300_Paludibacter_propionicigenes,1.0,0.8259077668190002,0.9129538834095001
NC_008799,taxid_147709_Carnobacterium_inhibens,1.0,0.8038486838340759,0.901924341917038
NC_008799,taxid_165096_Weissella_koreensis,0.93314391374588,0.8236417770385742,0.8783928453922272
NC_008799,GENERO_Lacrimispora_94868,1.0,0.8182316422462463,0.9091158211231232
NC_008799,GENERO_Lactococcus_1358,1.0,0.785705029964447,0.8928525149822235
NC_008799,taxid_293371_Lactobacillus_oligofermentans,0.9999996423721312,0.8075452446937561,0.9037724435329437
NC_008799,taxid_1397_Bacillus_circulans,1.0,0.8326816558837891,0.9163408279418945
NC_008799,taxid_1297750_Bacteroides_luti,1.0,0.8289610743522644,0.9144805371761322
NC_008583,taxid_1245_Leuconostoc_mesenteroides,0.9999948740005492,0.7609856128692627,0.880490243434906
NC_008583,taxid_2751_Carnobacterium_maltaromaticum,0.9958648681640624,0.7360467314720154,0.8659557998180389
NC_008583,taxid_1737571_Bacillus_oryzisoli,0.9999983310699464,0.8375250101089478,0.918761670589447
NC_008583,taxid_33968_Leuconostoc_pseudomesenteroides,0.9986396431922911,0.7624970078468323,0.8805683255195618
NC_008583,taxid_1358_Lactococcus_lactis,0.9998220801353456,0.7677014470100403,0.8837617635726929
NC_008583,taxid_185300_Paludibacter_propionicigenes,1.0,0.8056586980819702,0.9028293490409851
NC_008583,taxid_147709_Carnobacterium_inhibens,0.99999737739563,0.7856125235557556,0.8928049504756927
NC_008583,GENERO_Lacrimispora_94868,0.9999996423721312,0.7964878082275391,0.8982437252998352
NC_008583,GENERO_Lactococcus_1358,1.0,0.7633333802223206,0.8816666901111603
NC_008583,taxid_293371_Lactobacillus_oligofermentans,0.999997854232788,0.7883388996124268,0.8941683769226074
NC_008583,taxid_1397_Bacillus_circulans,1.0,0.8152658939361572,0.9076329469680786
NC_008583,taxid_1129792_Weissella_oryzae,0.980085790157318,0.7622545957565308,0.8711701929569244
NC_008583,taxid_1297750_Bacteroides_luti,1.0,0.8107498288154602,0.9053749144077301
NC_019449,taxid_1590_Lactiplantibacillus_plantarum,0.9999994039535522,0.7280280590057373,0.8640137314796448
NC_019449,taxid_1245_Leuconostoc_mesenteroides,1.0,0.7594898343086243,0.8797449171543121
NC_019449,taxid_1737571_Bacillus_oryzisoli,1.0,0.8094369769096375,0.9047184884548187
NC_019449,taxid_33968_Leuconostoc_pseudomesenteroides,1.0,0.7958958148956299,0.8979479074478149
NC_019449,taxid_185300_Paludibacter_propionicigenes,1.0,0.8041996955871582,0.9020998477935791
NC_019449,taxid_165096_Weissella_koreensis,0.9999992847442628,0.7601633667945862,0.8800813257694244
NC_019449,GENERO_Lacrimispora_94868,1.0,0.8308982849121094,0.9154491424560547
NC_019449,GENERO_Lactococcus_1358,1.0,0.7297734022140503,0.8648867011070251
NC_019449,taxid_293371_Lactobacillus_oligofermentans,1.0,0.7211306691169739,0.8605653345584869
NC_019449,taxid_879969_Macellibacteroides_fermentans,1.0,0.7156652212142944,0.8578326106071472
NC_019449,taxid_1129792_Weissella_oryzae,1.0,0.7713764905929565,0.8856882452964783
NC_019449,taxid_1610_Lactobacillus_coryniformis,0.9999996423721312,0.723072350025177,0.8615359961986542
NC_019449,taxid_1297750_Bacteroides_luti,1.0,0.7405702471733093,0.8702851235866547
NC_011041,taxid_2479367_Buttiauxella_sp_3AFRM03,0.999957799911499,0.7525396347045898,0.8762487173080444
NC_028959,taxid_1737571_Bacillus_oryzisoli,0.8571792244911194,0.8442989587783813,0.8507390916347504
NC_028959,taxid_185300_Paludibacter_propionicigenes,0.9909837245941162,0.8090807199478149,0.9000322222709656
NC_028959,taxid_147709_Carnobacterium_inhibens,0.9999244213104248,0.800868570804596,0.9003964960575104
NC_028959,taxid_1397_Bacillus_circulans,0.999997854232788,0.8373409509658813,0.9186694025993347
NC_028959,taxid_1297750_Bacteroides_luti,0.9999922513961792,0.8205158710479736,0.9102540612220764
NC_028957,taxid_2479367_Buttiauxella_sp_3AFRM03,0.9989487528800964,0.759162425994873,0.8790555894374847
NC_014260,taxid_2479367_Buttiauxella_sp_3AFRM03,0.9999922513961792,0.7536648511886597,0.8768285512924194
NC_016563,taxid_1245_Leuconostoc_mesenteroides,0.9999996423721312,0.7729929685592651,0.8864963054656982
NC_016563,taxid_1737571_Bacillus_oryzisoli,1.0,0.8249557018280029,0.9124778509140015
NC_016563,taxid_33968_Leuconostoc_pseudomesenteroides,0.9999855756759644,0.787018895149231,0.8935022354125977
NC_016563,taxid_185300_Paludibacter_propionicigenes,1.0,0.8123335838317871,0.9061667919158936
NC_016563,taxid_147709_Carnobacterium_inhibens,1.0,0.7112701535224915,0.8556350767612457
NC_016563,taxid_165096_Weissella_koreensis,0.9961788654327391,0.7830232381820679,0.8896010518074036
NC_016563,GENERO_Lacrimispora_94868,1.0,0.8284359574317932,0.9142179787158966
NC_016563,GENERO_Lactococcus_1358,1.0,0.7563276290893555,0.8781638145446777
NC_016563,taxid_293371_Lactobacillus_oligofermentans,1.0,0.7538444995880127,0.8769222497940063
NC_016563,taxid_1397_Bacillus_circulans,1.0,0.7484383583068848,0.8742191791534424
NC_016563,taxid_1129792_Weissella_oryzae,0.9997478127479552,0.7753204703330994,0.8875341415405273
NC_016563,taxid_1297750_Bacteroides_luti,1.0,0.7748171091079712,0.8874085545539856
NC_024787,taxid_1245_Leuconostoc_mesenteroides,1.0,0.7995548248291016,0.8997774124145508
NC_024787,taxid_1737571_Bacillus_oryzisoli,0.9999997615814208,0.8545889258384705,0.9272943437099457
NC_024787,taxid_33968_Leuconostoc_pseudomesenteroides,1.0,0.8082550764083862,0.9041275382041931
NC_024787,taxid_1358_Lactococcus_lactis,0.999902606010437,0.7762719392776489,0.888087272644043
NC_024787,taxid_185300_Paludibacter_propionicigenes,1.0,0.837651789188385,0.9188258945941925
NC_024787,taxid_147709_Carnobacterium_inhibens,0.9999397993087769,0.7875038981437683,0.8937218487262726
NC_024787,taxid_165096_Weissella_koreensis,0.9996398687362672,0.8275658488273621,0.9136028587818146
NC_024787,GENERO_Lacrimispora_94868,0.9999998807907104,0.8334697484970093,0.9167348146438599
NC_024787,GENERO_Lactococcus_1358,1.0,0.7938941121101379,0.896947056055069
NC_024787,taxid_293371_Lactobacillus_oligofermentans,1.0,0.8079159259796143,0.9039579629898071
NC_024787,taxid_1397_Bacillus_circulans,0.9999998807907104,0.8171654939651489,0.9085826873779297
NC_024787,taxid_1129792_Weissella_oryzae,1.0,0.8021112084388733,0.9010556042194366
NC_024787,taxid_1297750_Bacteroides_luti,0.9999998807907104,0.8203751444816589,0.9101875126361847
NC_004996,taxid_33964_Leuconostoc_citreum,0.999963879585266,0.7355747818946838,0.867769330739975
NC_004996,taxid_1590_Lactiplantibacillus_plantarum,0.9995003938674928,0.7227495908737183,0.8611249923706055
NC_004996,taxid_1245_Leuconostoc_mesenteroides,1.0,0.8230982422828674,0.9115491211414337
NC_004996,taxid_2751_Carnobacterium_maltaromaticum,1.0,0.7181095480918884,0.8590547740459442
NC_004996,taxid_1737571_Bacillus_oryzisoli,1.0,0.866434633731842,0.933217316865921
NC_004996,taxid_33968_Leuconostoc_pseudomesenteroides,0.9999994039535522,0.8424509167671204,0.9212251603603363
NC_004996,taxid_28038_Lactobacillus_curvatus,0.9999998807907104,0.7373220324516296,0.86866095662117
NC_004996,taxid_1358_Lactococcus_lactis,1.0,0.7591233849525452,0.8795616924762726
NC_004996,taxid_185300_Paludibacter_propionicigenes,1.0,0.8608048558235168,0.9304024279117584
NC_004996,taxid_147709_Carnobacterium_inhibens,1.0,0.7690269947052002,0.8845134973526001
NC_004996,taxid_165096_Weissella_koreensis,0.9999990463256836,0.8312774896621704,0.915638267993927
NC_004996,GENERO_Lacrimispora_94868,1.0,0.8636274933815002,0.9318137466907501
NC_004996,GENERO_Lactococcus_1358,1.0,0.8089339137077332,0.9044669568538666
NC_004996,taxid_293371_Lactobacillus_oligofermentans,1.0,0.8060051798820496,0.9030025899410248
NC_004996,taxid_879969_Macellibacteroides_fermentans,1.0,0.7513012290000916,0.8756506145000458
NC_004996,taxid_1397_Bacillus_circulans,1.0,0.802213728427887,0.9011068642139435
NC_004996,taxid_1129792_Weissella_oryzae,0.9999953508377076,0.8289667367935181,0.9144810438156128
NC_004996,taxid_1610_Lactobacillus_coryniformis,0.9999064207077026,0.7348422408103943,0.8673743307590485
NC_004996,taxid_1297750_Bacteroides_luti,1.0,0.8305996656417847,0.9152998328208923
NC_019545,taxid_2479367_Buttiauxella_sp_3AFRM03,1.0,0.7068397998809814,0.8534198999404907
NC_024356,taxid_33964_Leuconostoc_citreum,0.9917448163032532,0.7376773953437805,0.8647111058235168
NC_024356,taxid_1590_Lactiplantibacillus_plantarum,0.9972794651985168,0.7212441563606262,0.8592618107795715
NC_024356,taxid_1245_Leuconostoc_mesenteroides,0.9999990463256836,0.8361913561820984,0.918095201253891
NC_024356,taxid_2751_Carnobacterium_maltaromaticum,0.999997854232788,0.7798577547073364,0.8899278044700623
NC_024356,taxid_1737571_Bacillus_oryzisoli,1.0,0.8840568661689758,0.9420284330844879
NC_024356,taxid_33968_Leuconostoc_pseudomesenteroides,0.9999504089355468,0.8455038666725159,0.9227271378040314
NC_024356,taxid_28038_Lactobacillus_curvatus,0.9999992847442628,0.7402790188789368,0.8701391518115997
NC_024356,taxid_1358_Lactococcus_lactis,0.9999997615814208,0.8095399737358093,0.9047698676586151
NC_024356,taxid_185300_Paludibacter_propionicigenes,1.0,0.8680413961410522,0.9340206980705261
NC_024356,taxid_147709_Carnobacterium_inhibens,1.0,0.81999671459198,0.90999835729599
NC_024356,taxid_165096_Weissella_koreensis,0.9952725768089294,0.8572054505348206,0.926239013671875
NC_024356,GENERO_Lacrimispora_94868,1.0,0.8709445595741272,0.9354722797870636
NC_024356,GENERO_Lactococcus_1358,1.0,0.8311477303504944,0.9155738651752472
NC_024356,taxid_293371_Lactobacillus_oligofermentans,1.0,0.8408650755882263,0.9204325377941132
NC_024356,taxid_879969_Macellibacteroides_fermentans,0.9999992847442628,0.7512174844741821,0.8756083846092224
NC_024356,taxid_1397_Bacillus_circulans,1.0,0.8470437526702881,0.923521876335144
NC_024356,taxid_1129792_Weissella_oryzae,0.9989829659461976,0.8406654000282288,0.9198241829872131
NC_024356,taxid_1610_Lactobacillus_coryniformis,0.9984853863716124,0.7446526288986206,0.8715690076351166
NC_024356,taxid_1297750_Bacteroides_luti,1.0,0.8537571430206299,0.9268785715103149
NC_024217,GENERO_Lacrimispora_94868,0.9999487400054932,0.7676790356636047,0.883813887834549
NC_020863,taxid_1245_Leuconostoc_mesenteroides,0.9999997615814208,0.7450271844863892,0.872513473033905
NC_020863,taxid_1737571_Bacillus_oryzisoli,0.999985694885254,0.7971691489219666,0.8985774219036102
NC_020863,taxid_33968_Leuconostoc_pseudomesenteroides,0.9999996423721312,0.7683840990066528,0.8841918706893921
NC_020863,taxid_185300_Paludibacter_propionicigenes,1.0,0.7904672622680664,0.8952336311340332
NC_020863,GENERO_Lacrimispora_94868,0.9999980926513672,0.8149697780609131,0.9074839353561401
NC_020863,GENERO_Lactococcus_1358,1.0,0.7222642302513123,0.8611321151256561
NC_020863,taxid_293371_Lactobacillus_oligofermentans,0.9999955892562866,0.711898684501648,0.8559471368789673
NC_020863,taxid_1397_Bacillus_circulans,0.9999873638153076,0.7014884352684021,0.8507378995418549
NC_020863,taxid_1129792_Weissella_oryzae,0.9999678134918212,0.7550761103630066,0.8775219619274139
NC_020863,taxid_1297750_Bacteroides_luti,0.9999922513961792,0.7409251928329468,0.870458722114563
NC_031932,taxid_1245_Leuconostoc_mesenteroides,1.0,0.7297735214233398,0.8648867607116699
NC_031932,taxid_2751_Carnobacterium_maltaromaticum,0.9955756664276124,0.7270224690437317,0.861299067735672
NC_031932,taxid_1737571_Bacillus_oryzisoli,0.9999992847442628,0.8249339461326599,0.9124666154384613
NC_031932,taxid_33968_Leuconostoc_pseudomesenteroides,1.0,0.7294637560844421,0.8647318780422211
NC_031932,taxid_1358_Lactococcus_lactis,0.9999499320983888,0.7478382587432861,0.8738940954208374
NC_031932,taxid_185300_Paludibacter_propionicigenes,1.0,0.7865598201751709,0.8932799100875854
NC_031932,taxid_147709_Carnobacterium_inhibens,0.9999935626983644,0.7695973515510559,0.8847954571247101
NC_031932,taxid_165096_Weissella_koreensis,0.999914050102234,0.7863406538963318,0.8931273519992828
NC_031932,GENERO_Lacrimispora_94868,0.9999997615814208,0.773726761341095,0.8868632614612579
NC_031932,GENERO_Lactococcus_1358,1.0,0.7332020998001099,0.8666010499000549
NC_031932,taxid_293371_Lactobacillus_oligofermentans,1.0,0.7668749690055847,0.8834374845027924
NC_031932,taxid_1397_Bacillus_circulans,0.9999998807907104,0.8116451501846313,0.9058225154876709
NC_031932,taxid_1129792_Weissella_oryzae,0.9999998807907104,0.7298321723937988,0.8649160265922546
NC_031932,taxid_1297750_Bacteroides_luti,1.0,0.7949241399765015,0.8974620699882507
NC_021861,taxid_1245_Leuconostoc_mesenteroides,1.0,0.7972063422203064,0.8986031711101532
NC_021861,taxid_2751_Carnobacterium_maltaromaticum,1.0,0.7646775841712952,0.8823387920856476
NC_021861,taxid_1737571_Bacillus_oryzisoli,1.0,0.8651591539382935,0.9325795769691467
NC_021861,taxid_33968_Leuconostoc_pseudomesenteroides,1.0,0.8058508038520813,0.9029254019260406
NC_021861,taxid_1358_Lactococcus_lactis,1.0,0.7935055494308472,0.8967527747154236
NC_021861,taxid_185300_Paludibacter_propionicigenes,1.0,0.8393876552581787,0.9196938276290894
NC_021861,taxid_147709_Carnobacterium_inhibens,1.0,0.8080883622169495,0.9040441811084747
NC_021861,taxid_165096_Weissella_koreensis,1.0,0.8324168920516968,0.9162084460258484
NC_021861,GENERO_Lacrimispora_94868,1.0,0.833940863609314,0.916970431804657
NC_021861,GENERO_Lactococcus_1358,1.0,0.7984552979469299,0.899227648973465
NC_021861,taxid_293371_Lactobacillus_oligofermentans,1.0,0.8164921998977661,0.9082460999488831
NC_021861,taxid_1397_Bacillus_circulans,1.0,0.8334571719169617,0.9167285859584808
NC_021861,taxid_1129792_Weissella_oryzae,1.0,0.8016698360443115,0.9008349180221558
NC_021861,taxid_1297750_Bacteroides_luti,1.0,0.8363461494445801,0.91817307472229
NC_016564,GENERO_Lacrimispora_94868,0.9999998807907104,0.7387397289276123,0.8693698048591614
NC_020872,taxid_2479367_Buttiauxella_sp_3AFRM03,0.9742421507835388,0.7414897084236145,0.8578659296035767
NC_020872,taxid_1590_Lactiplantibacillus_plantarum,1.0,0.7043750882148743,0.8521875441074371
NC_020872,taxid_33968_Leuconostoc_pseudomesenteroides,1.0,0.7058790922164917,0.8529395461082458
NC_020872,GENERO_Lacrimispora_94868,1.0,0.7616202235221863,0.8808101117610931
NC_031915,taxid_33964_Leuconostoc_citreum,0.9996028542518616,0.7418366074562073,0.8707197308540344
NC_031915,taxid_1590_Lactiplantibacillus_plantarum,0.9972611665725708,0.7539706826210022,0.8756159245967865
NC_031915,taxid_1245_Leuconostoc_mesenteroides,1.0,0.8083109855651855,0.9041554927825928
NC_031915,taxid_1737571_Bacillus_oryzisoli,1.0,0.8457059264183044,0.9228529632091522
NC_031915,taxid_33968_Leuconostoc_pseudomesenteroides,0.9999982118606568,0.8325443863868713,0.916271299123764
NC_031915,taxid_28038_Lactobacillus_curvatus,0.9999998807907104,0.7505355477333069,0.8752677142620087
NC_031915,taxid_1358_Lactococcus_lactis,1.0,0.736668586730957,0.8683342933654785
NC_031915,taxid_185300_Paludibacter_propionicigenes,1.0,0.8430768847465515,0.9215384423732758
NC_031915,taxid_147709_Carnobacterium_inhibens,1.0,0.7455406188964844,0.8727703094482422
NC_031915,taxid_165096_Weissella_koreensis,0.9999951124191284,0.8117789030075073,0.9058870077133179
NC_031915,GENERO_Lacrimispora_94868,1.0,0.8603764176368713,0.9301882088184357
NC_031915,GENERO_Lactococcus_1358,1.0,0.7913453578948975,0.8956726789474487
NC_031915,taxid_293371_Lactobacillus_oligofermentans,1.0,0.7874725461006165,0.8937362730503082
NC_031915,taxid_879969_Macellibacteroides_fermentans,1.0,0.7645170092582703,0.8822585046291351
NC_031915,taxid_1397_Bacillus_circulans,1.0,0.778374969959259,0.8891874849796295
NC_031915,taxid_1129792_Weissella_oryzae,0.9999659061431884,0.8155430555343628,0.9077544808387756
NC_031915,taxid_1610_Lactobacillus_coryniformis,0.9993265867233276,0.7617273926734924,0.88052698969841
NC_031915,taxid_642589_Caproiciproducens_galactitolivorans,0.9999995231628418,0.7252137064933777,0.8626066148281097
NC_031915,taxid_1297750_Bacteroides_luti,1.0,0.804213285446167,0.9021066427230835
NC_003315,taxid_1245_Leuconostoc_mesenteroides,0.9999880790710448,0.7735387086868286,0.8867633938789368
NC_003315,taxid_1737571_Bacillus_oryzisoli,0.9929057359695436,0.8266083002090454,0.9097570180892944
NC_003315,taxid_33968_Leuconostoc_pseudomesenteroides,0.9999827146530152,0.8008589148521423,0.9004208147525787
NC_003315,taxid_185300_Paludibacter_propionicigenes,0.9999985694885254,0.818588137626648,0.9092933535575867
NC_003315,GENERO_Lacrimispora_94868,0.9999674558639526,0.8244158029556274,0.91219162940979
NC_003315,GENERO_Lactococcus_1358,0.9999977350234984,0.7563884258270264,0.8781930804252625
NC_003315,taxid_293371_Lactobacillus_oligofermentans,0.9991725087165833,0.7531718611717224,0.8761721849441528
NC_003315,taxid_879969_Macellibacteroides_fermentans,0.9999648332595824,0.7019307613372803,0.8509477972984314
NC_003315,taxid_1397_Bacillus_circulans,0.9974246025085448,0.7493525147438049,0.8733885586261749
NC_003315,taxid_1129792_Weissella_oryzae,0.993777871131897,0.7832096219062805,0.8884937465190887
NC_003315,taxid_1297750_Bacteroides_luti,0.9998000264167786,0.7836113572120667,0.8917056918144226
NC_019914,taxid_1245_Leuconostoc_mesenteroides,0.9999805688858032,0.7975496649742126,0.8987651169300079
NC_019914,taxid_2751_Carnobacterium_maltaromaticum,0.9999986886978148,0.7821562886238098,0.8910774886608124
NC_019914,taxid_1737571_Bacillus_oryzisoli,0.9999998807907104,0.8660241961479187,0.9330120384693146
NC_019914,taxid_33968_Leuconostoc_pseudomesenteroides,0.9949705004692078,0.8026869297027588,0.8988287150859833
NC_019914,taxid_1358_Lactococcus_lactis,0.99999737739563,0.8017515540122986,0.9008744657039642
NC_019914,taxid_185300_Paludibacter_propionicigenes,1.0,0.838491678237915,0.9192458391189575
NC_019914,taxid_147709_Carnobacterium_inhibens,1.0,0.8191529512405396,0.9095764756202698
NC_019914,taxid_165096_Weissella_koreensis,0.9465637803077698,0.8359047174453735,0.8912342488765717
NC_019914,GENERO_Lacrimispora_94868,0.9999997615814208,0.8300195932388306,0.9150096774101257
NC_019914,GENERO_Lactococcus_1358,1.0,0.7989805936813354,0.8994902968406677
NC_019914,taxid_293371_Lactobacillus_oligofermentans,0.9999992847442628,0.8204254508018494,0.910212367773056
NC_019914,taxid_1397_Bacillus_circulans,1.0,0.848901093006134,0.924450546503067
NC_019914,taxid_1129792_Weissella_oryzae,0.9321984648704528,0.8010697960853577,0.8666341304779053
NC_019914,taxid_1297750_Bacteroides_luti,1.0,0.8422598242759705,0.9211299121379852
NC_003291,taxid_1245_Leuconostoc_mesenteroides,0.9999984502792358,0.7938776016235352,0.8969380259513855
NC_003291,taxid_2751_Carnobacterium_maltaromaticum,0.9999996423721312,0.7726162075996399,0.8863079249858856
NC_003291,taxid_1737571_Bacillus_oryzisoli,1.0,0.8670560717582703,0.9335280358791351
NC_003291,taxid_33968_Leuconostoc_pseudomesenteroides,0.9998123049736024,0.8035165071487427,0.9016644060611725
NC_003291,taxid_1358_Lactococcus_lactis,0.9999997615814208,0.7959578633308411,0.897978812456131
NC_003291,taxid_185300_Paludibacter_propionicigenes,1.0,0.8394509553909302,0.9197254776954651
NC_003291,taxid_147709_Carnobacterium_inhibens,1.0,0.8133841156959534,0.9066920578479767
NC_003291,taxid_165096_Weissella_koreensis,0.9956219792366028,0.8330060243606567,0.9143140017986298
NC_003291,GENERO_Lacrimispora_94868,1.0,0.8337607979774475,0.9168803989887238
NC_003291,GENERO_Lactococcus_1358,1.0,0.794991672039032,0.897495836019516
NC_003291,taxid_293371_Lactobacillus_oligofermentans,0.9999998807907104,0.8165572881698608,0.9082785844802856
NC_003291,taxid_1397_Bacillus_circulans,1.0,0.8426052331924438,0.9213026165962219
NC_003291,taxid_1129792_Weissella_oryzae,0.9966788291931152,0.7986934781074524,0.8976861536502838
NC_003291,taxid_1297750_Bacteroides_luti,1.0,0.8409563899040222,0.9204781949520111
NC_016770,taxid_1245_Leuconostoc_mesenteroides,0.9999786615371704,0.7942380309104919,0.8971083462238312
NC_016770,taxid_1737571_Bacillus_oryzisoli,0.9999971389770508,0.8395537734031677,0.9197754561901093
NC_016770,taxid_33968_Leuconostoc_pseudomesenteroides,0.9956592917442322,0.8084695935249329,0.9020644426345825
NC_016770,taxid_1358_Lactococcus_lactis,0.9917173981666564,0.7349505424499512,0.8633339703083038
NC_016770,taxid_185300_Paludibacter_propionicigenes,1.0,0.8319987058639526,0.9159993529319763
NC_016770,taxid_147709_Carnobacterium_inhibens,0.9999877214431764,0.7457064390182495,0.8728470802307129
NC_016770,GENERO_Lacrimispora_94868,0.9999998807907104,0.8347449898719788,0.9173724353313446
NC_016770,GENERO_Lactococcus_1358,1.0,0.7824617624282837,0.8912308812141418
NC_016770,taxid_293371_Lactobacillus_oligofermentans,0.9999767541885376,0.7808473110198975,0.8904120326042175
NC_016770,taxid_879969_Macellibacteroides_fermentans,0.9999996423721312,0.7106013894081116,0.8553005158901215
NC_016770,taxid_1397_Bacillus_circulans,1.0,0.7788726687431335,0.8894363343715668
NC_016770,taxid_1297750_Bacteroides_luti,1.0,0.8012670874595642,0.9006335437297821
NC_015252,taxid_1245_Leuconostoc_mesenteroides,0.9999922513961792,0.8071454763412476,0.9035688638687134
NC_015252,taxid_2751_Carnobacterium_maltaromaticum,0.9999995231628418,0.7255166172981262,0.862758070230484
NC_015252,taxid_1737571_Bacillus_oryzisoli,1.0,0.8611697554588318,0.9305848777294159
NC_015252,taxid_33968_Leuconostoc_pseudomesenteroides,0.9989823698997498,0.8204435110092163,0.909712940454483
NC_015252,taxid_1358_Lactococcus_lactis,0.9999996423721312,0.7621863484382629,0.8810929954051971
NC_015252,taxid_185300_Paludibacter_propionicigenes,1.0,0.8488736748695374,0.9244368374347687
NC_015252,taxid_147709_Carnobacterium_inhibens,1.0,0.7725074291229248,0.8862537145614624
NC_015252,taxid_165096_Weissella_koreensis,0.9893001317977904,0.8268535733222961,0.9080768525600433
NC_015252,GENERO_Lacrimispora_94868,1.0,0.8441344499588013,0.9220672249794006
NC_015252,GENERO_Lactococcus_1358,1.0,0.8001184463500977,0.9000592231750488
NC_015252,taxid_293371_Lactobacillus_oligofermentans,0.9999998807907104,0.8031023740768433,0.9015511274337769
NC_015252,taxid_879969_Macellibacteroides_fermentans,0.9999982118606568,0.7085588574409485,0.8542785346508026
NC_015252,taxid_1397_Bacillus_circulans,1.0,0.8023527264595032,0.9011763632297516
NC_015252,taxid_1129792_Weissella_oryzae,0.9835957288742064,0.8118045926094055,0.897700160741806
NC_015252,taxid_1297750_Bacteroides_luti,1.0,0.8239634037017822,0.9119817018508911
NC_007291,taxid_2479367_Buttiauxella_sp_3AFRM03,0.999836802482605,0.7787484526634216,0.8892926275730133
NC_014663,taxid_2479367_Buttiauxella_sp_3AFRM03,0.9998548030853271,0.7609034776687622,0.8803791403770447
NC_014663,GENERO_Lacrimispora_94868,0.9993366599082948,0.7245850563049316,0.8619608581066132
NC_004305,GENERO_Lacrimispora_94868,0.9998362064361572,0.7548333406448364,0.8773347735404968
NC_011421,taxid_1245_Leuconostoc_mesenteroides,0.9999992847442628,0.7248417735099792,0.862420529127121
NC_011421,taxid_1737571_Bacillus_oryzisoli,0.999789535999298,0.7679062485694885,0.8838478922843933
NC_011421,taxid_33968_Leuconostoc_pseudomesenteroides,0.9999974966049194,0.7555699348449707,0.8777837157249451
NC_011421,taxid_185300_Paludibacter_propionicigenes,0.9999974966049194,0.767500102519989,0.8837487995624542
NC_011421,GENERO_Lacrimispora_94868,0.9999585151672364,0.7984375953674316,0.899198055267334
NC_011421,taxid_1129792_Weissella_oryzae,0.9999490976333618,0.730469822883606,0.8652094602584839
NC_028862,taxid_1737571_Bacillus_oryzisoli,0.999365508556366,0.8618552684783936,0.9306103885173798
NC_028862,taxid_185300_Paludibacter_propionicigenes,0.9996944665908812,0.8324621915817261,0.9160783290863037
NC_028862,taxid_147709_Carnobacterium_inhibens,0.9999487400054932,0.8078383803367615,0.9038935601711273
NC_028862,GENERO_Lacrimispora_94868,0.9998148083686828,0.8250265717506409,0.9124206900596619
NC_028862,GENERO_Lactococcus_1358,0.999762237071991,0.7868382334709167,0.8933002352714539
NC_028862,taxid_1397_Bacillus_circulans,0.9999997615814208,0.840140163898468,0.9200699627399445
NC_028862,taxid_1297750_Bacteroides_luti,0.9999984502792358,0.8348360657691956,0.9174172580242157
NC_007049,taxid_1245_Leuconostoc_mesenteroides,0.9999990463256836,0.758540153503418,0.8792695999145508
NC_007049,taxid_2751_Carnobacterium_maltaromaticum,1.0,0.7415947318077087,0.8707973659038544
NC_007049,taxid_1737571_Bacillus_oryzisoli,1.0,0.8396665453910828,0.9198332726955414
NC_007049,taxid_33968_Leuconostoc_pseudomesenteroides,0.999749720096588,0.7587247490882874,0.8792372345924377
NC_007049,taxid_1358_Lactococcus_lactis,1.0,0.7689456343650818,0.8844728171825409
NC_007049,taxid_185300_Paludibacter_propionicigenes,1.0,0.8054789900779724,0.9027394950389862
NC_007049,taxid_147709_Carnobacterium_inhibens,1.0,0.7880319356918335,0.8940159678459167
NC_007049,taxid_165096_Weissella_koreensis,0.998808741569519,0.8061424493789673,0.9024755954742432
NC_007049,GENERO_Lacrimispora_94868,1.0,0.7945032119750977,0.8972516059875488
NC_007049,GENERO_Lactococcus_1358,1.0,0.7615994215011597,0.8807997107505798
NC_007049,taxid_293371_Lactobacillus_oligofermentans,1.0,0.7885513305664062,0.8942756652832031
NC_007049,taxid_1397_Bacillus_circulans,1.0,0.8203388452529907,0.9101694226264954
NC_007049,taxid_1129792_Weissella_oryzae,0.995586395263672,0.7592154145240784,0.8774009048938751
NC_007049,taxid_1297750_Bacteroides_luti,1.0,0.8122943639755249,0.9061471819877625
NC_004615,taxid_1245_Leuconostoc_mesenteroides,0.9999998807907104,0.7532248497009277,0.8766123652458191
NC_004615,taxid_2751_Carnobacterium_maltaromaticum,1.0,0.7355205416679382,0.8677602708339691
NC_004615,taxid_1737571_Bacillus_oryzisoli,1.0,0.8372594714164734,0.9186297357082367
NC_004615,taxid_33968_Leuconostoc_pseudomesenteroides,0.9999473094940186,0.7552414536476135,0.877594381570816
NC_004615,taxid_1358_Lactococcus_lactis,1.0,0.7639545202255249,0.8819772601127625
NC_004615,taxid_185300_Paludibacter_propionicigenes,1.0,0.8033316135406494,0.9016658067703247
NC_004615,taxid_147709_Carnobacterium_inhibens,1.0,0.782823920249939,0.8914119601249695
NC_004615,taxid_165096_Weissella_koreensis,0.9999061822891236,0.8014153242111206,0.9006607532501221
NC_004615,GENERO_Lacrimispora_94868,1.0,0.7940598726272583,0.8970299363136292
NC_004615,GENERO_Lactococcus_1358,1.0,0.7560523748397827,0.8780261874198914
NC_004615,taxid_293371_Lactobacillus_oligofermentans,1.0,0.7832720875740051,0.8916360437870026
NC_004615,taxid_1397_Bacillus_circulans,1.0,0.8138910531997681,0.906945526599884
NC_004615,taxid_1129792_Weissella_oryzae,0.9993314743041992,0.7552071809768677,0.8772693276405334
NC_004615,taxid_1297750_Bacteroides_luti,1.0,0.8084122538566589,0.9042061269283295
NC_018835,taxid_2479367_Buttiauxella_sp_3AFRM03,0.9892104864120485,0.7724858522415161,0.8808481693267822
NC_028821,taxid_33964_Leuconostoc_citreum,0.9917959570884703,0.742081344127655,0.8669386506080627
NC_028821,taxid_1590_Lactiplantibacillus_plantarum,0.9927748441696168,0.7253015637397766,0.8590382039546967
NC_028821,taxid_1245_Leuconostoc_mesenteroides,0.9999996423721312,0.8352181911468506,0.917608916759491
NC_028821,taxid_2751_Carnobacterium_maltaromaticum,1.0,0.7683570981025696,0.8841785490512848
NC_028821,taxid_1737571_Bacillus_oryzisoli,1.0,0.8773362040519714,0.9386681020259857
NC_028821,taxid_33968_Leuconostoc_pseudomesenteroides,0.9999538660049438,0.8432737588882446,0.9216138124465942
NC_028821,taxid_28038_Lactobacillus_curvatus,0.9999994039535522,0.7435910105705261,0.8717952072620392
NC_028821,taxid_1358_Lactococcus_lactis,1.0,0.7983773350715637,0.8991886675357819
NC_028821,taxid_185300_Paludibacter_propionicigenes,1.0,0.8650876879692078,0.9325438439846039
NC_028821,taxid_147709_Carnobacterium_inhibens,1.0,0.8080357909202576,0.9040178954601288
NC_028821,taxid_165096_Weissella_koreensis,0.999321699142456,0.8490011096000671,0.9241614043712616
NC_028821,GENERO_Lacrimispora_94868,1.0,0.8658247590065002,0.9329123795032501
NC_028821,GENERO_Lactococcus_1358,1.0,0.8294855356216431,0.9147427678108215
NC_028821,taxid_293371_Lactobacillus_oligofermentans,1.0,0.8318496942520142,0.9159248471260071
NC_028821,taxid_879969_Macellibacteroides_fermentans,1.0,0.7566512227058411,0.8783256113529205
NC_028821,taxid_1397_Bacillus_circulans,1.0,0.8360334038734436,0.9180167019367218
NC_028821,taxid_1129792_Weissella_oryzae,0.9990768432617188,0.837575376033783,0.9183261096477509
NC_028821,taxid_1610_Lactobacillus_coryniformis,0.997195601463318,0.7466565370559692,0.8719260692596436
NC_028821,taxid_1297750_Bacteroides_luti,1.0,0.850471019744873,0.9252355098724365
NC_023688,taxid_2479367_Buttiauxella_sp_3AFRM03,0.9999896287918092,0.7107933163642883,0.8553914725780487
NC_012740,taxid_2479367_Buttiauxella_sp_3AFRM03,0.9999939203262328,0.7483171224594116,0.8741555213928223
NC_021867,taxid_1245_Leuconostoc_mesenteroides,0.9989396929740906,0.8317024111747742,0.9153210520744324
NC_021867,taxid_2751_Carnobacterium_maltaromaticum,0.9999816417694092,0.7966354489326477,0.8983085453510284
NC_021867,taxid_1737571_Bacillus_oryzisoli,0.9999996423721312,0.8794584274291992,0.9397290349006653
NC_021867,taxid_28038_Lactobacillus_curvatus,0.996179461479187,0.7241358757019043,0.8601576685905457
NC_021867,taxid_1358_Lactococcus_lactis,0.999969244003296,0.8184927701950073,0.9092310070991516
NC_021867,taxid_185300_Paludibacter_propionicigenes,1.0,0.8625796437263489,0.9312898218631744
NC_021867,taxid_147709_Carnobacterium_inhibens,1.0,0.8323370218276978,0.9161685109138489
NC_021867,GENERO_Lacrimispora_94868,0.9999997615814208,0.8528006672859192,0.92640021443367
NC_021867,GENERO_Lactococcus_1358,0.9999998807907104,0.8292312026023865,0.9146155416965485
NC_021867,taxid_293371_Lactobacillus_oligofermentans,0.9999711513519288,0.8411690592765808,0.9205701053142548
NC_021867,taxid_879969_Macellibacteroides_fermentans,0.9999929666519164,0.7350583672523499,0.8675256669521332
NC_021867,taxid_1397_Bacillus_circulans,1.0,0.8593974709510803,0.9296987354755402
NC_021867,taxid_1297750_Bacteroides_luti,1.0,0.858371913433075,0.9291859567165375
NC_021772,taxid_33964_Leuconostoc_citreum,0.9999792575836182,0.7013145089149475,0.8506468832492828
NC_021772,taxid_1590_Lactiplantibacillus_plantarum,0.999996304512024,0.7903460264205933,0.8951711654663086
NC_021772,taxid_24_Shewanella_putrefaciens,0.9945632815361024,0.7079586982727051,0.8512609899044037
NC_021772,taxid_1245_Leuconostoc_mesenteroides,0.9999948740005492,0.7730603814125061,0.8865276277065277
NC_021772,taxid_33968_Leuconostoc_pseudomesenteroides,0.9999994039535522,0.81046462059021,0.9052320122718811
NC_021772,taxid_28038_Lactobacillus_curvatus,0.999942421913147,0.7281242609024048,0.8640333414077759
NC_021772,taxid_185300_Paludibacter_propionicigenes,0.9850923418998718,0.819092333316803,0.9020923376083374
NC_021772,GENERO_Lactococcus_1358,0.9999047517776488,0.7501372694969177,0.8750210106372833
NC_021772,taxid_293371_Lactobacillus_oligofermentans,0.9916757345199584,0.7400668859481812,0.8658713102340698
NC_021772,taxid_1129792_Weissella_oryzae,0.9999597072601318,0.7960962653160095,0.8980279862880707
NC_021772,taxid_1610_Lactobacillus_coryniformis,0.99995219707489,0.7702831029891968,0.8851176500320435
NC_028987,taxid_2479367_Buttiauxella_sp_3AFRM03,0.9976698756217957,0.7681858539581299,0.8829278647899628
NC_028987,taxid_33964_Leuconostoc_citreum,1.0,0.7430189847946167,0.8715094923973083
NC_028987,taxid_1590_Lactiplantibacillus_plantarum,1.0,0.7421647906303406,0.8710823953151703
NC_028987,taxid_1245_Leuconostoc_mesenteroides,1.0,0.8169974684715271,0.9084987342357635
NC_028987,taxid_1737571_Bacillus_oryzisoli,0.9999771118164062,0.8622428178787231,0.9311099648475647
NC_028987,taxid_33968_Leuconostoc_pseudomesenteroides,1.0,0.8395369648933411,0.9197684824466705
NC_028987,taxid_28038_Lactobacillus_curvatus,0.9999998807907104,0.7496188879013062,0.8748093843460083
NC_028987,taxid_1358_Lactococcus_lactis,0.9866782426834106,0.7418652772903442,0.8642717599868774
NC_028987,taxid_185300_Paludibacter_propionicigenes,0.9999998807907104,0.854394257068634,0.9271970689296722
NC_028987,taxid_147709_Carnobacterium_inhibens,0.9969483017921448,0.7565356492996216,0.8767419755458832
NC_028987,taxid_165096_Weissella_koreensis,0.9984411597251892,0.8254321217536926,0.9119366407394409
NC_028987,GENERO_Lacrimispora_94868,0.9999986886978148,0.8608211874961853,0.9304099380970001
NC_028987,GENERO_Lactococcus_1358,1.0,0.8033697009086609,0.9016848504543304
NC_028987,taxid_293371_Lactobacillus_oligofermentans,0.9999998807907104,0.7995049357414246,0.8997524082660675
NC_028987,taxid_879969_Macellibacteroides_fermentans,0.9999992847442628,0.761323094367981,0.8806611895561218
NC_028987,taxid_1397_Bacillus_circulans,0.9999774694442748,0.7982481718063354,0.8991128206253052
NC_028987,taxid_1129792_Weissella_oryzae,1.0,0.8264672756195068,0.9132336378097534
NC_028987,taxid_1610_Lactobacillus_coryniformis,0.9999998807907104,0.7499668598175049,0.8749833703041077
NC_028987,taxid_642589_Caproiciproducens_galactitolivorans,0.9999390840530396,0.7101498246192932,0.8550444543361664
NC_028987,taxid_1297750_Bacteroides_luti,0.9999980926513672,0.8273102045059204,0.9136541485786438
NC_021331,GENERO_Lacrimispora_94868,0.9999380111694336,0.7254705429077148,0.8627042770385742
NC_022767,taxid_1245_Leuconostoc_mesenteroides,0.9981284737586976,0.7756392359733582,0.8868838548660278
NC_022767,taxid_1737571_Bacillus_oryzisoli,0.9984812140464784,0.8262045979499817,0.91234290599823
NC_022767,taxid_33968_Leuconostoc_pseudomesenteroides,0.9979926347732544,0.7965705394744873,0.8972815871238708
NC_022767,taxid_185300_Paludibacter_propionicigenes,0.9998294115066528,0.8213675022125244,0.9105984568595886
NC_022767,GENERO_Lacrimispora_94868,0.9998459815979004,0.8378763198852539,0.9188611507415771
NC_022767,GENERO_Lactococcus_1358,0.999998927116394,0.7590180039405823,0.8795084655284882
NC_022767,taxid_293371_Lactobacillus_oligofermentans,0.9832292199134828,0.7549809217453003,0.8691050708293915
NC_022767,taxid_1397_Bacillus_circulans,0.998256266117096,0.7505335807800293,0.8743949234485626
NC_022767,taxid_1297750_Bacteroides_luti,0.9874171018600464,0.7839919328689575,0.885704517364502
NC_021326,taxid_1245_Leuconostoc_mesenteroides,0.9920287728309632,0.8191409707069397,0.9055848717689514
NC_021326,taxid_1737571_Bacillus_oryzisoli,0.9995662569999696,0.8663101196289062,0.9329381883144379
NC_021326,taxid_1358_Lactococcus_lactis,0.9829657673835754,0.7812773585319519,0.8821215629577637
NC_021326,taxid_185300_Paludibacter_propionicigenes,0.9999986886978148,0.8522222638130188,0.9261104762554169
NC_021326,taxid_147709_Carnobacterium_inhibens,0.9999939203262328,0.7925525903701782,0.8962732553482056
NC_021326,GENERO_Lacrimispora_94868,0.999980092048645,0.8544881343841553,0.9272341132164001
NC_021326,GENERO_Lactococcus_1358,0.9999862909317015,0.8134577870368958,0.9067220389842987
NC_021326,taxid_293371_Lactobacillus_oligofermentans,0.9991010427474976,0.8178849220275879,0.9084929823875427
NC_021326,taxid_879969_Macellibacteroides_fermentans,0.9999172687530518,0.7361264824867249,0.8680218756198883
NC_021326,taxid_1397_Bacillus_circulans,0.9999998807907104,0.8214617371559143,0.9107308089733124
NC_021326,taxid_1297750_Bacteroides_luti,0.9999998807907104,0.8357781171798706,0.9178889989852905
NC_019402,taxid_2479367_Buttiauxella_sp_3AFRM03,0.9999992847442628,0.7188845872879028,0.8594419360160828
NC_010583,taxid_2479367_Buttiauxella_sp_3AFRM03,0.9998573064804076,0.8071113228797913,0.9034843146800995
NC_010583,taxid_82992_Buttiauxella_noackiae,0.9989116191864014,0.7137077450752258,0.8563096821308136
NC_010583,taxid_1590_Lactiplantibacillus_plantarum,0.9995625615119934,0.7245203256607056,0.8620414435863495
NC_010583,taxid_82977_Buttiauxella_agrestis,0.9968891739845276,0.727593183517456,0.8622411787509918
NC_003050,taxid_33964_Leuconostoc_citreum,1.0,0.726959228515625,0.8634796142578125
NC_003050,taxid_1245_Leuconostoc_mesenteroides,1.0,0.8332966566085815,0.9166483283042908
NC_003050,taxid_2751_Carnobacterium_maltaromaticum,1.0,0.7745380401611328,0.8872690200805664
NC_003050,taxid_1737571_Bacillus_oryzisoli,1.0,0.8884347677230835,0.9442173838615417
NC_003050,taxid_33968_Leuconostoc_pseudomesenteroides,1.0,0.8455836772918701,0.9227918386459351
NC_003050,taxid_28038_Lactobacillus_curvatus,1.0,0.7268380522727966,0.8634190261363983
NC_003050,taxid_1358_Lactococcus_lactis,1.0,0.8058570027351379,0.902928501367569
NC_003050,taxid_185300_Paludibacter_propionicigenes,1.0,0.8713362216949463,0.9356681108474731
NC_003050,taxid_147709_Carnobacterium_inhibens,1.0,0.8161317706108093,0.9080658853054047
NC_003050,taxid_165096_Weissella_koreensis,1.0,0.8591880798339844,0.9295940399169922
NC_003050,GENERO_Lacrimispora_94868,1.0,0.8664882779121399,0.93324413895607
NC_003050,GENERO_Lactococcus_1358,1.0,0.8316413164138794,0.9158206582069397
NC_003050,taxid_293371_Lactobacillus_oligofermentans,1.0,0.8403810262680054,0.9201905131340027
NC_003050,taxid_879969_Macellibacteroides_fermentans,1.0,0.7429513931274414,0.8714756965637207
NC_003050,taxid_1397_Bacillus_circulans,1.0,0.8455032706260681,0.9227516353130341
NC_003050,taxid_1129792_Weissella_oryzae,1.0,0.8395984768867493,0.9197992384433746
NC_003050,taxid_1610_Lactobacillus_coryniformis,1.0,0.7192354202270508,0.8596177101135254
NC_003050,taxid_1297750_Bacteroides_luti,1.0,0.8605371117591858,0.9302685558795929
NC_031909,taxid_1245_Leuconostoc_mesenteroides,0.9558521509170532,0.8152793049812317,0.8855657279491425
NC_031909,taxid_2751_Carnobacterium_maltaromaticum,0.9972966313362122,0.7867881655693054,0.8920423984527588
NC_031909,taxid_1737571_Bacillus_oryzisoli,0.9999845027923584,0.8682738542556763,0.9341291785240173
NC_031909,taxid_1358_Lactococcus_lactis,0.9956632256507874,0.8091578483581543,0.9024105370044708
NC_031909,taxid_185300_Paludibacter_propionicigenes,0.9999992847442628,0.847999632358551,0.9239994585514069
NC_031909,taxid_147709_Carnobacterium_inhibens,0.9999997615814208,0.8243088722229004,0.9121543169021606
NC_031909,GENERO_Lacrimispora_94868,0.9999970197677612,0.8396146893501282,0.9198058545589447
NC_031909,GENERO_Lactococcus_1358,0.9999922513961792,0.814144492149353,0.9070683717727661
NC_031909,taxid_293371_Lactobacillus_oligofermentans,0.9979327917099,0.8292572498321533,0.9135950207710266
NC_031909,taxid_879969_Macellibacteroides_fermentans,0.9998542070388794,0.7040512561798096,0.8519527316093445
NC_031909,taxid_1397_Bacillus_circulans,1.0,0.8528345227241516,0.9264172613620758
NC_031909,taxid_1297750_Bacteroides_luti,1.0,0.8470057845115662,0.9235028922557831
NC_031006,taxid_1590_Lactiplantibacillus_plantarum,0.9998080134391784,0.7113012671470642,0.8555546402931213
NC_031006,taxid_1245_Leuconostoc_mesenteroides,0.9999996423721312,0.7454097867012024,0.8727047145366669
NC_031006,taxid_1737571_Bacillus_oryzisoli,1.0,0.7968417406082153,0.8984208703041077
NC_031006,taxid_33968_Leuconostoc_pseudomesenteroides,0.9999932050704956,0.7799597978591919,0.8899765014648438
NC_031006,taxid_185300_Paludibacter_propionicigenes,1.0,0.7911292910575867,0.8955646455287933
NC_031006,taxid_165096_Weissella_koreensis,0.9953776597976683,0.7418614029884338,0.8686195313930511
NC_031006,GENERO_Lacrimispora_94868,0.9999998807907104,0.8337885141372681,0.9168941974639893
NC_031006,GENERO_Lactococcus_1358,1.0,0.7154020667076111,0.8577010333538055
NC_031006,taxid_293371_Lactobacillus_oligofermentans,1.0,0.703065037727356,0.851532518863678
NC_031006,taxid_1129792_Weissella_oryzae,0.9999080896377563,0.7593647241592407,0.8796364068984985
NC_031006,taxid_1610_Lactobacillus_coryniformis,0.999789535999298,0.7090498208999634,0.8544196784496307
NC_031006,taxid_1297750_Bacteroides_luti,1.0,0.7213754653930664,0.8606877326965332
NC_028805,taxid_2479367_Buttiauxella_sp_3AFRM03,0.9739105105400084,0.7837668657302856,0.8788386881351471
NC_028805,taxid_1590_Lactiplantibacillus_plantarum,1.0,0.7108651995658875,0.8554325997829437
NC_028805,taxid_1737571_Bacillus_oryzisoli,0.9986118078231812,0.7191230654716492,0.8588674366474152
NC_028805,taxid_33968_Leuconostoc_pseudomesenteroides,1.0,0.7163398265838623,0.8581699132919312
NC_028805,taxid_185300_Paludibacter_propionicigenes,0.999986171722412,0.7148271799087524,0.8574066758155823
NC_028805,GENERO_Lacrimispora_94868,0.999816596508026,0.7795804142951965,0.8896985054016113
NC_021071,taxid_2479367_Buttiauxella_sp_3AFRM03,0.9977941513061525,0.7419163584709167,0.8698552548885345
NC_021071,GENERO_Lacrimispora_94868,0.9914108514785768,0.713554859161377,0.8524828553199768
NC_023569,taxid_2479367_Buttiauxella_sp_3AFRM03,0.9999982118606568,0.7718954682350159,0.8859468400478363
NC_023569,taxid_1590_Lactiplantibacillus_plantarum,1.0,0.7055912017822266,0.8527956008911133
NC_023569,taxid_1737571_Bacillus_oryzisoli,0.9999998807907104,0.730146586894989,0.8650732338428497
NC_023569,taxid_33968_Leuconostoc_pseudomesenteroides,1.0,0.7247933745384216,0.8623966872692108
NC_023569,taxid_185300_Paludibacter_propionicigenes,1.0,0.7245169281959534,0.8622584640979767
NC_023569,GENERO_Lacrimispora_94868,0.9999997615814208,0.7702949643135071,0.885147362947464
NC_008798,taxid_1245_Leuconostoc_mesenteroides,0.99998676776886,0.7855287194252014,0.8927577435970306
NC_008798,taxid_2751_Carnobacterium_maltaromaticum,0.9999920129776,0.7603215575218201,0.8801567852497101
NC_008798,taxid_1737571_Bacillus_oryzisoli,0.9999997615814208,0.8585494160652161,0.9292745888233185
NC_008798,taxid_33968_Leuconostoc_pseudomesenteroides,0.9901622533798218,0.7917877435684204,0.8909749984741211
NC_008798,taxid_1358_Lactococcus_lactis,0.9999972581863404,0.7881410121917725,0.8940691351890564
NC_008798,taxid_185300_Paludibacter_propionicigenes,1.0,0.8300741910934448,0.9150370955467224
NC_008798,taxid_147709_Carnobacterium_inhibens,1.0,0.8061537146568298,0.9030768573284149
NC_008798,taxid_165096_Weissella_koreensis,0.9501917362213136,0.8260533213615417,0.8881225287914276
NC_008798,GENERO_Lacrimispora_94868,0.9999996423721312,0.8232731819152832,0.9116364121437073
NC_008798,GENERO_Lactococcus_1358,1.0,0.7867434620857239,0.8933717310428619
NC_008798,taxid_293371_Lactobacillus_oligofermentans,0.9999995231628418,0.809329092502594,0.9046643078327179
NC_008798,taxid_1397_Bacillus_circulans,1.0,0.8349982500076294,0.9174991250038147
NC_008798,taxid_1297750_Bacteroides_luti,1.0,0.8327053785324097,0.9163526892662048
NC_021540,taxid_2479367_Buttiauxella_sp_3AFRM03,0.9989700317382812,0.7962890267372131,0.8976295292377472
NC_021540,taxid_33964_Leuconostoc_citreum,0.9999713897705078,0.752193808555603,0.8760825991630554
NC_021540,taxid_1590_Lactiplantibacillus_plantarum,1.0,0.7448026537895203,0.8724013268947601
NC_021540,taxid_1245_Leuconostoc_mesenteroides,0.9999486207962036,0.8475954532623291,0.9237720370292664
NC_021540,taxid_33968_Leuconostoc_pseudomesenteroides,1.0,0.857056200504303,0.9285281002521515
NC_021540,taxid_28038_Lactobacillus_curvatus,0.9998730421066284,0.7549713850021362,0.8774222135543823
NC_021540,taxid_185300_Paludibacter_propionicigenes,0.9586221575737,0.8803222179412842,0.9194721877574921
NC_021540,GENERO_Lactococcus_1358,0.999542236328125,0.8428140878677368,0.9211781620979309
NC_021540,taxid_1129792_Weissella_oryzae,0.9996522665023804,0.8519455194473267,0.9257988929748535
NC_021540,taxid_1610_Lactobacillus_coryniformis,0.9999887943267822,0.7585371732711792,0.8792629837989807
NC_020862,GENERO_Lacrimispora_94868,0.9977442026138306,0.7525064945220947,0.8751253485679626
NC_021068,taxid_1590_Lactiplantibacillus_plantarum,0.999996781349182,0.7533812522888184,0.8766890168190002
NC_021068,taxid_1245_Leuconostoc_mesenteroides,0.9999982118606568,0.7441166043281555,0.8720574080944061
NC_021068,taxid_1737571_Bacillus_oryzisoli,0.9971278309822084,0.7914822697639465,0.8943050503730774
NC_021068,taxid_33968_Leuconostoc_pseudomesenteroides,0.9999994039535522,0.7812570929527283,0.8906282484531403
NC_021068,taxid_185300_Paludibacter_propionicigenes,0.999993085861206,0.7866315841674805,0.8933123350143433
NC_021068,GENERO_Lacrimispora_94868,0.9997568726539612,0.8262220621109009,0.912989467382431
NC_021068,GENERO_Lactococcus_1358,0.9999995231628418,0.7150148749351501,0.857507199048996
NC_021068,taxid_293371_Lactobacillus_oligofermentans,0.9998247027397156,0.7044955492019653,0.8521601259708405
NC_021068,taxid_879969_Macellibacteroides_fermentans,0.9994449019432068,0.7142969369888306,0.8568709194660187
NC_021068,taxid_1129792_Weissella_oryzae,0.9999526739120485,0.7608776688575745,0.8804151713848114
NC_021068,taxid_1610_Lactobacillus_coryniformis,0.999984860420227,0.7336932420730591,0.8668390512466431
NC_021068,taxid_1297750_Bacteroides_luti,0.9980672001838684,0.7147932648658752,0.8564302325248718
NC_007050,taxid_1245_Leuconostoc_mesenteroides,1.0,0.7679890990257263,0.8839945495128632
NC_007050,taxid_2751_Carnobacterium_maltaromaticum,1.0,0.7300893068313599,0.8650446534156799
NC_007050,taxid_1737571_Bacillus_oryzisoli,1.0,0.8414716124534607,0.9207358062267303
NC_007050,taxid_33968_Leuconostoc_pseudomesenteroides,0.9999998807907104,0.7723142504692078,0.8861570656299591
NC_007050,taxid_1358_Lactococcus_lactis,1.0,0.7676489949226379,0.883824497461319
NC_007050,taxid_185300_Paludibacter_propionicigenes,1.0,0.8129291534423828,0.9064645767211914
NC_007050,taxid_147709_Carnobacterium_inhibens,1.0,0.784229576587677,0.8921147882938385
NC_007050,taxid_165096_Weissella_koreensis,0.9999991655349731,0.8097062110900879,0.9048526883125305
NC_007050,GENERO_Lacrimispora_94868,1.0,0.8059232234954834,0.9029616117477417
NC_007050,GENERO_Lactococcus_1358,1.0,0.7692737579345703,0.8846368789672852
NC_007050,taxid_293371_Lactobacillus_oligofermentans,1.0,0.7914550304412842,0.8957275152206421
NC_007050,taxid_1397_Bacillus_circulans,1.0,0.8119584321975708,0.9059792160987854
NC_007050,taxid_1129792_Weissella_oryzae,0.999998927116394,0.7701414823532104,0.8850702047348022
NC_007050,taxid_1297750_Bacteroides_luti,1.0,0.8107167482376099,0.9053583741188049
NC_012663,taxid_2479367_Buttiauxella_sp_3AFRM03,1.0,0.7409602999687195,0.8704801499843597
NC_012663,taxid_33964_Leuconostoc_citreum,1.0,0.7261497974395752,0.8630748987197876
NC_012663,taxid_1245_Leuconostoc_mesenteroides,1.0,0.8285701870918274,0.9142850935459137
NC_012663,taxid_2751_Carnobacterium_maltaromaticum,1.0,0.7569802403450012,0.8784901201725006
NC_012663,taxid_1737571_Bacillus_oryzisoli,1.0,0.8738933205604553,0.9369466602802277
NC_012663,taxid_33968_Leuconostoc_pseudomesenteroides,1.0,0.8377557992935181,0.918877899646759
NC_012663,taxid_28038_Lactobacillus_curvatus,1.0,0.726711094379425,0.8633555471897125
NC_012663,taxid_1358_Lactococcus_lactis,1.0,0.7893855571746826,0.8946927785873413
NC_012663,taxid_185300_Paludibacter_propionicigenes,1.0,0.8617991209030151,0.9308995604515076
NC_012663,taxid_147709_Carnobacterium_inhibens,1.0,0.7997796535491943,0.8998898267745972
NC_012663,taxid_165096_Weissella_koreensis,1.0,0.8450039625167847,0.9225019812583923
NC_012663,GENERO_Lacrimispora_94868,1.0,0.8614253401756287,0.9307126700878143
NC_012663,GENERO_Lactococcus_1358,1.0,0.8209308385848999,0.91046541929245
NC_012663,taxid_293371_Lactobacillus_oligofermentans,1.0,0.825482964515686,0.912741482257843
NC_012663,taxid_879969_Macellibacteroides_fermentans,1.0,0.7391669750213623,0.8695834875106812
NC_012663,taxid_1397_Bacillus_circulans,1.0,0.8279374837875366,0.9139687418937683
NC_012663,taxid_1129792_Weissella_oryzae,1.0,0.8322746157646179,0.916137307882309
NC_012663,taxid_1610_Lactobacillus_coryniformis,1.0,0.7219036817550659,0.860951840877533
NC_012663,taxid_1297750_Bacteroides_luti,1.0,0.8433757424354553,0.9216878712177277
NC_018276,taxid_1245_Leuconostoc_mesenteroides,1.0,0.7570859789848328,0.8785429894924164
NC_018276,taxid_1737571_Bacillus_oryzisoli,1.0,0.8097321391105652,0.9048660695552826
NC_018276,taxid_33968_Leuconostoc_pseudomesenteroides,1.0,0.7905822992324829,0.8952911496162415
NC_018276,taxid_185300_Paludibacter_propionicigenes,1.0,0.8039955496788025,0.9019977748394012
NC_018276,taxid_165096_Weissella_koreensis,0.9998490810394288,0.7617390155792236,0.8807940483093262
NC_018276,GENERO_Lacrimispora_94868,1.0,0.824205219745636,0.912102609872818
NC_018276,GENERO_Lactococcus_1358,1.0,0.7328569293022156,0.8664284646511078
NC_018276,taxid_293371_Lactobacillus_oligofermentans,1.0,0.7261659502983093,0.8630829751491547
NC_018276,taxid_879969_Macellibacteroides_fermentans,1.0,0.7009570002555847,0.8504785001277924
NC_018276,taxid_1397_Bacillus_circulans,1.0,0.7092885375022888,0.8546442687511444
NC_018276,taxid_1129792_Weissella_oryzae,0.9999997615814208,0.7690914273262024,0.8845455944538116
NC_018276,taxid_1297750_Bacteroides_luti,1.0,0.7496550679206848,0.8748275339603424
NC_024369,taxid_1590_Lactiplantibacillus_plantarum,0.9999995231628418,0.7146415710449219,0.8573205471038818
NC_024369,taxid_1245_Leuconostoc_mesenteroides,1.0,0.7051650881767273,0.8525825440883636
NC_024369,taxid_1737571_Bacillus_oryzisoli,0.9999966621398926,0.7599993348121643,0.8799979984760284
NC_024369,taxid_33968_Leuconostoc_pseudomesenteroides,1.0,0.749507486820221,0.8747537434101105
NC_024369,taxid_185300_Paludibacter_propionicigenes,0.999998927116394,0.7526134252548218,0.8763061761856079
NC_024369,GENERO_Lacrimispora_94868,0.9999879598617554,0.789389431476593,0.8946886956691742
NC_024369,taxid_1129792_Weissella_oryzae,0.9999997615814208,0.7199450731277466,0.8599724173545837
NC_031942,taxid_1590_Lactiplantibacillus_plantarum,0.999997854232788,0.7278884649276733,0.8639431595802307
NC_031942,taxid_1245_Leuconostoc_mesenteroides,1.0,0.7549879550933838,0.8774939775466919
NC_031942,taxid_1737571_Bacillus_oryzisoli,1.0,0.7991543412208557,0.8995771706104279
NC_031942,taxid_33968_Leuconostoc_pseudomesenteroides,1.0,0.7878441214561462,0.8939220607280731
NC_031942,taxid_185300_Paludibacter_propionicigenes,1.0,0.7948087453842163,0.8974043726921082
NC_031942,taxid_165096_Weissella_koreensis,0.9999997615814208,0.7532171010971069,0.8766084313392639
NC_031942,GENERO_Lacrimispora_94868,1.0,0.8334965705871582,0.9167482852935791
NC_031942,GENERO_Lactococcus_1358,1.0,0.7272221446037292,0.8636110723018646
NC_031942,taxid_293371_Lactobacillus_oligofermentans,1.0,0.7173981666564941,0.8586990833282471
NC_031942,taxid_879969_Macellibacteroides_fermentans,1.0,0.7104992866516113,0.8552496433258057
NC_031942,taxid_1129792_Weissella_oryzae,0.9999998807907104,0.7672199606895447,0.8836099207401276
NC_031942,taxid_1610_Lactobacillus_coryniformis,0.9999994039535522,0.7252364754676819,0.8626179397106171
NC_031942,taxid_1297750_Bacteroides_luti,1.0,0.7268788814544678,0.8634394407272339
NC_031946,taxid_2479367_Buttiauxella_sp_3AFRM03,0.9950523972511292,0.7503828406333923,0.8727176189422607
NC_029002,taxid_1590_Lactiplantibacillus_plantarum,0.999885082244873,0.7269801497459412,0.8634326159954071
NC_029002,taxid_33968_Leuconostoc_pseudomesenteroides,0.9999959468841552,0.7390313744544983,0.8695136606693268
NC_029002,taxid_185300_Paludibacter_propionicigenes,0.9997584223747252,0.7380006313323975,0.8688795268535614
NC_029002,GENERO_Lacrimispora_94868,0.9883154630661012,0.7946787476539612,0.8914971053600311
NC_029002,taxid_1129792_Weissella_oryzae,0.999526858329773,0.721091091632843,0.860308974981308
NC_031905,taxid_1245_Leuconostoc_mesenteroides,1.0,0.7306225895881653,0.8653112947940826
NC_031905,taxid_2751_Carnobacterium_maltaromaticum,0.9955756664276124,0.7278498411178589,0.8617127537727356
NC_031905,taxid_1737571_Bacillus_oryzisoli,0.9999992847442628,0.825558066368103,0.9127786755561829
NC_031905,taxid_33968_Leuconostoc_pseudomesenteroides,1.0,0.7304430603981018,0.8652215301990509
NC_031905,taxid_1358_Lactococcus_lactis,0.9999499320983888,0.7485747933387756,0.8742623627185822
NC_031905,taxid_185300_Paludibacter_propionicigenes,1.0,0.7872738838195801,0.89363694190979
NC_031905,taxid_147709_Carnobacterium_inhibens,0.9999935626983644,0.7702741026878357,0.8851338326931
NC_031905,taxid_165096_Weissella_koreensis,0.999914050102234,0.7870335578918457,0.8934738039970398
NC_031905,GENERO_Lacrimispora_94868,0.9999997615814208,0.7745380401611328,0.8872689008712769
NC_031905,GENERO_Lactococcus_1358,1.0,0.734076201915741,0.8670381009578705
NC_031905,taxid_293371_Lactobacillus_oligofermentans,1.0,0.7676058411598206,0.8838029205799103
NC_031905,taxid_1397_Bacillus_circulans,0.9999998807907104,0.8122327923774719,0.9061163365840912
NC_031905,taxid_1129792_Weissella_oryzae,0.9999998807907104,0.7308006882667542,0.8654002845287323
NC_031905,taxid_1297750_Bacteroides_luti,1.0,0.7955853343009949,0.8977926671504974
NC_019521,taxid_1245_Leuconostoc_mesenteroides,1.0,0.7659074068069458,0.8829537034034729
NC_019521,taxid_2751_Carnobacterium_maltaromaticum,0.9999921321868896,0.7220844626426697,0.8610382974147797
NC_019521,taxid_1737571_Bacillus_oryzisoli,1.0,0.8333086371421814,0.9166543185710907
NC_019521,taxid_33968_Leuconostoc_pseudomesenteroides,1.0,0.7696470618247986,0.8848235309123993
NC_019521,taxid_1358_Lactococcus_lactis,0.9999996423721312,0.757487416267395,0.8787435293197632
NC_019521,taxid_185300_Paludibacter_propionicigenes,1.0,0.8075667023658752,0.9037833511829376
NC_019521,taxid_147709_Carnobacterium_inhibens,1.0,0.7721682190895081,0.886084109544754
NC_019521,taxid_165096_Weissella_koreensis,0.9999866485595704,0.8022082448005676,0.901097446680069
NC_019521,GENERO_Lacrimispora_94868,1.0,0.8018491268157959,0.900924563407898
NC_019521,GENERO_Lactococcus_1358,1.0,0.7646432518959045,0.8823216259479523
NC_019521,taxid_293371_Lactobacillus_oligofermentans,1.0,0.78264981508255,0.891324907541275
NC_019521,taxid_1397_Bacillus_circulans,1.0,0.8022181987762451,0.9011090993881226
NC_019521,taxid_1129792_Weissella_oryzae,0.9999998807907104,0.7662182450294495,0.88310906291008
NC_019521,taxid_1297750_Bacteroides_luti,1.0,0.8011913299560547,0.9005956649780273
NC_031121,taxid_1245_Leuconostoc_mesenteroides,0.999847173690796,0.7658059597015381,0.882826566696167
NC_031121,taxid_1737571_Bacillus_oryzisoli,0.9999711513519288,0.8424878716468811,0.9212295114994049
NC_031121,taxid_33968_Leuconostoc_pseudomesenteroides,0.9825406670570374,0.7620547413825989,0.8722977042198181
NC_031121,taxid_1358_Lactococcus_lactis,0.9908819198608398,0.7651498317718506,0.8780158758163452
NC_031121,taxid_185300_Paludibacter_propionicigenes,1.0,0.8117284774780273,0.9058642387390137
NC_031121,taxid_147709_Carnobacterium_inhibens,0.9999972581863404,0.7881215810775757,0.894059419631958
NC_031121,GENERO_Lacrimispora_94868,0.9999994039535522,0.7905551195144653,0.8952772617340088
NC_031121,GENERO_Lactococcus_1358,0.9999997615814208,0.7650240659713745,0.8825119137763977
NC_031121,taxid_293371_Lactobacillus_oligofermentans,0.9999114274978638,0.7925115823745728,0.8962115049362183
NC_031121,taxid_1397_Bacillus_circulans,1.0,0.8253076076507568,0.9126538038253784
NC_031121,taxid_1297750_Bacteroides_luti,1.0,0.8159657120704651,0.9079828560352325
NC_014792,taxid_2479367_Buttiauxella_sp_3AFRM03,0.9999386072158812,0.7543440461158752,0.8771413266658783
NC_028247,taxid_2479367_Buttiauxella_sp_3AFRM03,1.0,0.8108823299407959,0.905441164970398
NC_028247,taxid_82992_Buttiauxella_noackiae,1.0,0.719667911529541,0.8598339557647705
NC_028247,taxid_1590_Lactiplantibacillus_plantarum,1.0,0.7489563226699829,0.8744781613349915
NC_028247,GENERO_Buttiauxella_82991,1.0,0.7010235786437988,0.8505117893218994
NC_028247,taxid_82977_Buttiauxella_agrestis,1.0,0.7270337343215942,0.8635168671607971
NC_028247,taxid_1245_Leuconostoc_mesenteroides,1.0,0.7122141718864441,0.856107085943222
NC_028247,taxid_1737571_Bacillus_oryzisoli,0.9999862909317015,0.7747660875320435,0.8873761892318726
NC_028247,taxid_33968_Leuconostoc_pseudomesenteroides,1.0,0.7606025338172913,0.8803012669086456
NC_028247,taxid_185300_Paludibacter_propionicigenes,0.9999998807907104,0.7634827494621277,0.8817413151264191
NC_028247,GENERO_Lacrimispora_94868,0.9999982118606568,0.8203369379043579,0.9101675748825073
NC_028247,taxid_1129792_Weissella_oryzae,1.0,0.738116979598999,0.8690584897994995
NC_028247,taxid_1610_Lactobacillus_coryniformis,1.0,0.7241052985191345,0.8620526492595673
NC_028247,taxid_642589_Caproiciproducens_galactitolivorans,0.9995118379592896,0.721537172794342,0.8605245053768158
NC_027396,taxid_33964_Leuconostoc_citreum,1.0,0.7483373284339905,0.8741686642169952
NC_027396,taxid_1590_Lactiplantibacillus_plantarum,1.0,0.732193648815155,0.8660968244075775
NC_027396,taxid_1245_Leuconostoc_mesenteroides,1.0,0.839530348777771,0.9197651743888855
NC_027396,taxid_2751_Carnobacterium_maltaromaticum,1.0,0.7622125744819641,0.8811062872409821
NC_027396,taxid_1737571_Bacillus_oryzisoli,1.0,0.8857488036155701,0.942874401807785
NC_027396,taxid_33968_Leuconostoc_pseudomesenteroides,1.0,0.8532983660697937,0.9266491830348969
NC_027396,taxid_28038_Lactobacillus_curvatus,1.0,0.7488020658493042,0.8744010329246521
NC_027396,taxid_1358_Lactococcus_lactis,1.0,0.7937780022621155,0.8968890011310577
NC_027396,taxid_185300_Paludibacter_propionicigenes,1.0,0.8749529719352722,0.9374764859676361
NC_027396,taxid_147709_Carnobacterium_inhibens,1.0,0.8040804862976074,0.9020402431488037
NC_027396,taxid_165096_Weissella_koreensis,1.0,0.8547873497009277,0.9273936748504639
NC_027396,GENERO_Lacrimispora_94868,1.0,0.8720273375511169,0.9360136687755585
NC_027396,GENERO_Lactococcus_1358,1.0,0.8330109119415283,0.9165054559707642
NC_027396,taxid_293371_Lactobacillus_oligofermentans,1.0,0.8342075943946838,0.9171037971973419
NC_027396,taxid_879969_Macellibacteroides_fermentans,1.0,0.7626908421516418,0.8813454210758209
NC_027396,taxid_1397_Bacillus_circulans,1.0,0.8340991139411926,0.9170495569705963
NC_027396,taxid_1129792_Weissella_oryzae,1.0,0.8444785475730896,0.9222392737865448
NC_027396,taxid_1610_Lactobacillus_coryniformis,1.0,0.745151937007904,0.872575968503952
NC_027396,taxid_642589_Caproiciproducens_galactitolivorans,1.0,0.7001322507858276,0.8500661253929138
NC_027396,taxid_1297750_Bacteroides_luti,1.0,0.8561477065086365,0.9280738532543182
NC_031274,taxid_2479367_Buttiauxella_sp_3AFRM03,0.9999997615814208,0.8077932596206665,0.9038965106010437
NC_031274,taxid_82992_Buttiauxella_noackiae,0.9999998807907104,0.7126676440238953,0.8563337624073029
NC_031274,taxid_1590_Lactiplantibacillus_plantarum,1.0,0.7177441120147705,0.8588720560073853
NC_031274,taxid_82977_Buttiauxella_agrestis,0.9999986886978148,0.7251033186912537,0.8625510036945343
NC_031274,taxid_1737571_Bacillus_oryzisoli,0.999658226966858,0.707836925983429,0.8537475764751434
NC_031274,GENERO_Lacrimispora_94868,0.999991774559021,0.7814059257507324,0.8906988501548767
NC_028990,taxid_33964_Leuconostoc_citreum,1.0,0.7521014213562012,0.8760507106781006
NC_028990,taxid_1590_Lactiplantibacillus_plantarum,1.0,0.7303265333175659,0.865163266658783
NC_028990,taxid_1245_Leuconostoc_mesenteroides,1.0,0.8457896709442139,0.9228948354721069
NC_028990,taxid_2751_Carnobacterium_maltaromaticum,0.999262511730194,0.7919471263885498,0.895604819059372
NC_028990,taxid_1737571_Bacillus_oryzisoli,1.0,0.8903653025627136,0.9451826512813568
NC_028990,taxid_33968_Leuconostoc_pseudomesenteroides,1.0,0.8541519045829773,0.9270759522914886
NC_028990,taxid_28038_Lactobacillus_curvatus,1.0,0.7536015510559082,0.8768007755279541
NC_028990,taxid_1358_Lactococcus_lactis,0.9999966621398926,0.8194421529769897,0.9097194075584412
NC_028990,taxid_185300_Paludibacter_propionicigenes,1.0,0.8754974007606506,0.9377487003803253
NC_028990,taxid_147709_Carnobacterium_inhibens,0.9999995231628418,0.8296573162078857,0.9148284196853638
NC_028990,taxid_165096_Weissella_koreensis,0.9998518228530884,0.8659734725952148,0.9329126477241516
NC_028990,GENERO_Lacrimispora_94868,1.0,0.8761488199234009,0.9380744099617004
NC_028990,GENERO_Lactococcus_1358,1.0,0.8409428000450134,0.9204714000225067
NC_028990,taxid_293371_Lactobacillus_oligofermentans,1.0,0.8501415848731995,0.9250707924365997
NC_028990,taxid_879969_Macellibacteroides_fermentans,1.0,0.762973964214325,0.8814869821071625
NC_028990,taxid_1397_Bacillus_circulans,1.0,0.8554176688194275,0.9277088344097137
NC_028990,taxid_1129792_Weissella_oryzae,1.0,0.8498359322547913,0.9249179661273956
NC_028990,taxid_1610_Lactobacillus_coryniformis,1.0,0.7547979950904846,0.8773989975452423
NC_028990,taxid_1297750_Bacteroides_luti,1.0,0.8619561195373535,0.9309780597686768
NC_018275,taxid_2479367_Buttiauxella_sp_3AFRM03,0.999985933303833,0.7637724876403809,0.8818792104721069
NC_015457,taxid_2479367_Buttiauxella_sp_3AFRM03,0.9999690055847168,0.7940486073493958,0.8970088064670563
NC_015457,taxid_82992_Buttiauxella_noackiae,0.9999529123306274,0.707723081111908,0.8538379967212677
NC_015457,taxid_1590_Lactiplantibacillus_plantarum,0.9999974966049194,0.7282109260559082,0.8641042113304138
NC_015457,taxid_82977_Buttiauxella_agrestis,0.999833345413208,0.7150722146034241,0.857452780008316
NC_015457,taxid_33968_Leuconostoc_pseudomesenteroides,0.9999679327011108,0.722671389579773,0.8613196611404419
NC_013644,taxid_1245_Leuconostoc_mesenteroides,1.0,0.7875710129737854,0.8937855064868927
NC_013644,taxid_2751_Carnobacterium_maltaromaticum,1.0,0.7444429397583008,0.8722214698791504
NC_013644,taxid_1737571_Bacillus_oryzisoli,1.0,0.8594363331794739,0.9297181665897369
NC_013644,taxid_33968_Leuconostoc_pseudomesenteroides,0.9999986886978148,0.7990518808364868,0.8995252847671509
NC_013644,taxid_1358_Lactococcus_lactis,1.0,0.7786567807197571,0.8893283903598785
NC_013644,taxid_185300_Paludibacter_propionicigenes,1.0,0.8336712121963501,0.916835606098175
NC_013644,taxid_147709_Carnobacterium_inhibens,1.0,0.7923081517219543,0.8961540758609772
NC_013644,taxid_165096_Weissella_koreensis,0.9999663829803468,0.8244538903236389,0.9122101366519928
NC_013644,GENERO_Lacrimispora_94868,1.0,0.8267898559570312,0.9133949279785156
NC_013644,GENERO_Lactococcus_1358,1.0,0.7882716059684753,0.8941358029842377
NC_013644,taxid_293371_Lactobacillus_oligofermentans,1.0,0.8061620593070984,0.9030810296535492
NC_013644,taxid_1397_Bacillus_circulans,1.0,0.8196816444396973,0.9098408222198486
NC_013644,taxid_1129792_Weissella_oryzae,0.9999781847000122,0.7935834527015686,0.8967808187007904
NC_013644,taxid_1297750_Bacteroides_luti,1.0,0.8269787430763245,0.9134893715381622
NC_009551,taxid_33968_Leuconostoc_pseudomesenteroides,0.9999998807907104,0.7120659947395325,0.8560329377651215
NC_009551,taxid_185300_Paludibacter_propionicigenes,0.9994845390319824,0.7124581336975098,0.8559713363647461
NC_009551,GENERO_Lacrimispora_94868,0.9754378199577332,0.7568913102149963,0.8661645650863647
NC_009810,taxid_1245_Leuconostoc_mesenteroides,0.9999969005584716,0.8079100251197815,0.9039534628391266
NC_009810,taxid_2751_Carnobacterium_maltaromaticum,0.9999964237213136,0.7401426434516907,0.8700695335865021
NC_009810,taxid_1737571_Bacillus_oryzisoli,1.0,0.8637506365776062,0.9318753182888031
NC_009810,taxid_33968_Leuconostoc_pseudomesenteroides,0.9992610812187196,0.8171835541725159,0.9082223176956177
NC_009810,taxid_1358_Lactococcus_lactis,0.9999995231628418,0.7762536406517029,0.8881265819072723
NC_009810,taxid_185300_Paludibacter_propionicigenes,1.0,0.8467305898666382,0.9233652949333191
NC_009810,taxid_147709_Carnobacterium_inhibens,1.0,0.7874208688735962,0.8937104344367981
NC_009810,taxid_165096_Weissella_koreensis,0.9931788444519044,0.8335901498794556,0.9133844971656799
NC_009810,GENERO_Lacrimispora_94868,0.9999998807907104,0.8425034284591675,0.921251654624939
NC_009810,GENERO_Lactococcus_1358,1.0,0.8020879626274109,0.9010439813137054
NC_009810,taxid_293371_Lactobacillus_oligofermentans,0.9999998807907104,0.8125280141830444,0.9062639474868774
NC_009810,taxid_1397_Bacillus_circulans,1.0,0.8153032064437866,0.9076516032218933
NC_009810,taxid_1129792_Weissella_oryzae,0.9900866150856018,0.8113805651664734,0.9007335901260376
NC_009810,taxid_1297750_Bacteroides_luti,1.0,0.8253992795944214,0.9126996397972107
NC_009763,taxid_1245_Leuconostoc_mesenteroides,0.9999995231628418,0.7805003523826599,0.8902499377727509
NC_009763,taxid_2751_Carnobacterium_maltaromaticum,1.0,0.7555853724479675,0.8777926862239838
NC_009763,taxid_1737571_Bacillus_oryzisoli,1.0,0.8497784733772278,0.9248892366886139
NC_009763,taxid_33968_Leuconostoc_pseudomesenteroides,0.9996345043182372,0.7812446355819702,0.8904395699501038
NC_009763,taxid_1358_Lactococcus_lactis,1.0,0.7814944386482239,0.8907472193241119
NC_009763,taxid_185300_Paludibacter_propionicigenes,1.0,0.8213678598403931,0.9106839299201965
NC_009763,taxid_147709_Carnobacterium_inhibens,1.0,0.8007107973098755,0.9003553986549377
NC_009763,taxid_165096_Weissella_koreensis,0.9992305040359496,0.8215686082839966,0.9103995561599731
NC_009763,GENERO_Lacrimispora_94868,1.0,0.8075778484344482,0.9037889242172241
NC_009763,GENERO_Lactococcus_1358,1.0,0.7805836796760559,0.890291839838028
NC_009763,taxid_293371_Lactobacillus_oligofermentans,1.0,0.8045253753662109,0.9022626876831055
NC_009763,taxid_1397_Bacillus_circulans,1.0,0.8325120806694031,0.9162560403347015
NC_009763,taxid_1129792_Weissella_oryzae,0.9949755668640136,0.7807582020759583,0.887866884469986
NC_009763,taxid_1297750_Bacteroides_luti,1.0,0.8260321617126465,0.9130160808563232
NC_024206,taxid_33964_Leuconostoc_citreum,0.9999001026153564,0.7283814549446106,0.8641407787799835
NC_024206,taxid_1245_Leuconostoc_mesenteroides,1.0,0.8265451788902283,0.9132725894451141
NC_024206,taxid_2751_Carnobacterium_maltaromaticum,0.963469386100769,0.7471450567245483,0.8553072214126587
NC_024206,taxid_1737571_Bacillus_oryzisoli,0.9999998807907104,0.8725903630256653,0.9362951219081879
NC_024206,taxid_33968_Leuconostoc_pseudomesenteroides,0.9999997615814208,0.837363064289093,0.918681412935257
NC_024206,taxid_28038_Lactobacillus_curvatus,1.0,0.7262933254241943,0.8631466627120972
NC_024206,taxid_1358_Lactococcus_lactis,0.9998749494552612,0.781532883644104,0.8907039165496826
NC_024206,taxid_185300_Paludibacter_propionicigenes,1.0,0.8621329665184021,0.931066483259201
NC_024206,taxid_147709_Carnobacterium_inhibens,0.999974250793457,0.7913978695869446,0.8956860601902008
NC_024206,taxid_165096_Weissella_koreensis,0.9817762970924376,0.8407970666885376,0.9112866818904877
NC_024206,GENERO_Lacrimispora_94868,0.9999995231628418,0.860035240650177,0.9300173819065094
NC_024206,GENERO_Lactococcus_1358,1.0,0.8188712000846863,0.9094356000423431
NC_024206,taxid_293371_Lactobacillus_oligofermentans,1.0,0.8193662762641907,0.9096831381320953
NC_024206,taxid_879969_Macellibacteroides_fermentans,0.9999358654022216,0.7366731762886047,0.8683045208454132
NC_024206,taxid_1397_Bacillus_circulans,1.0,0.8185320496559143,0.9092660248279572
NC_024206,taxid_1129792_Weissella_oryzae,0.9999902248382568,0.8299720287322998,0.9149811267852783
NC_024206,taxid_1610_Lactobacillus_coryniformis,0.999970555305481,0.7171770930290222,0.8585738241672516
NC_024206,taxid_1297750_Bacteroides_luti,0.9999991655349731,0.8396635055541992,0.9198313355445862
NC_010808,taxid_1245_Leuconostoc_mesenteroides,0.9999957084655762,0.7629733085632324,0.8814845085144043
NC_010808,taxid_2751_Carnobacterium_maltaromaticum,1.0,0.7257219552993774,0.8628609776496887
NC_010808,taxid_1737571_Bacillus_oryzisoli,1.0,0.8380963802337646,0.9190481901168823
NC_010808,taxid_33968_Leuconostoc_pseudomesenteroides,0.9965741634368896,0.7661324739456177,0.8813533186912537
NC_010808,taxid_1358_Lactococcus_lactis,0.9999998807907104,0.7636824250221252,0.8818411529064178
NC_010808,taxid_185300_Paludibacter_propionicigenes,1.0,0.808275580406189,0.9041377902030945
NC_010808,taxid_147709_Carnobacterium_inhibens,1.0,0.7810431718826294,0.8905215859413147
NC_010808,taxid_165096_Weissella_koreensis,0.995525062084198,0.8063709139823914,0.9009479880332947
NC_010808,GENERO_Lacrimispora_94868,1.0,0.7990700602531433,0.8995350301265717
NC_010808,GENERO_Lactococcus_1358,1.0,0.764596164226532,0.882298082113266
NC_010808,taxid_293371_Lactobacillus_oligofermentans,0.9999998807907104,0.7882497310638428,0.8941248059272766
NC_010808,taxid_1397_Bacillus_circulans,1.0,0.8093475103378296,0.9046737551689148
NC_010808,taxid_1129792_Weissella_oryzae,0.9503806233406068,0.7644925713539124,0.8574365973472595
NC_010808,taxid_1297750_Bacteroides_luti,1.0,0.8072777390480042,0.9036388695240021
NC_017968,taxid_1245_Leuconostoc_mesenteroides,0.9962090253829956,0.799185037612915,0.8976970314979553
NC_017968,taxid_1737571_Bacillus_oryzisoli,0.999652624130249,0.8511061072349548,0.9253793656826019
NC_017968,taxid_33968_Leuconostoc_pseudomesenteroides,0.9311774373054504,0.8072261810302734,0.8692018091678619
NC_017968,taxid_185300_Paludibacter_propionicigenes,0.9999899864196776,0.8358884453773499,0.9179392158985138
NC_017968,taxid_147709_Carnobacterium_inhibens,0.9983112812042236,0.7819276452064514,0.8901194632053375
NC_017968,GENERO_Lacrimispora_94868,0.9998570680618286,0.8332018852233887,0.9165294766426086
NC_017968,GENERO_Lactococcus_1358,0.9999991655349731,0.7932761907577515,0.8966376781463623
NC_017968,taxid_293371_Lactobacillus_oligofermentans,0.9978746175765992,0.8040663599967957,0.9009704887866974
NC_017968,taxid_1397_Bacillus_circulans,0.9999977350234984,0.8116169571876526,0.9058073461055756
NC_017968,taxid_1297750_Bacteroides_luti,0.999985694885254,0.8185470104217529,0.9092663526535034
NC_009817,taxid_1245_Leuconostoc_mesenteroides,1.0,0.7867320775985718,0.8933660387992859
NC_009817,taxid_2751_Carnobacterium_maltaromaticum,0.9999274015426636,0.7139253616333008,0.8569263815879822
NC_009817,taxid_1737571_Bacillus_oryzisoli,1.0,0.8453676104545593,0.9226838052272797
NC_009817,taxid_33968_Leuconostoc_pseudomesenteroides,1.0,0.7974101305007935,0.8987050652503967
NC_009817,taxid_1358_Lactococcus_lactis,0.999995231628418,0.7551641464233398,0.8775796890258789
NC_009817,taxid_185300_Paludibacter_propionicigenes,1.0,0.8291382193565369,0.9145691096782684
NC_009817,taxid_147709_Carnobacterium_inhibens,0.9999994039535522,0.7689726948738098,0.884486049413681
NC_009817,taxid_165096_Weissella_koreensis,0.9999545812606812,0.8143267631530762,0.9071406722068787
NC_009817,GENERO_Lacrimispora_94868,1.0,0.8287862539291382,0.9143931269645691
NC_009817,GENERO_Lactococcus_1358,1.0,0.7788538932800293,0.8894269466400146
NC_009817,taxid_293371_Lactobacillus_oligofermentans,1.0,0.7920687794685364,0.8960343897342682
NC_009817,taxid_1397_Bacillus_circulans,1.0,0.7994530200958252,0.8997265100479126
NC_009817,taxid_1129792_Weissella_oryzae,0.9999998807907104,0.7895962595939636,0.894798070192337
NC_009817,taxid_1297750_Bacteroides_luti,1.0,0.8069133162498474,0.9034566581249237
NC_020845,taxid_1590_Lactiplantibacillus_plantarum,0.999849796295166,0.726538896560669,0.8631943464279175
NC_020845,taxid_1737571_Bacillus_oryzisoli,0.9999997615814208,0.7274414300918579,0.8637205958366394
NC_020845,taxid_33968_Leuconostoc_pseudomesenteroides,0.9999990463256836,0.7161681652069092,0.8580836057662964
NC_020845,taxid_185300_Paludibacter_propionicigenes,1.0,0.7102672457695007,0.8551336228847504
NC_020845,GENERO_Lacrimispora_94868,0.9999998807907104,0.7891145348548889,0.8945572078227997
NC_019403,taxid_1590_Lactiplantibacillus_plantarum,0.9999974966049194,0.7452980279922485,0.872647762298584
NC_019403,taxid_1737571_Bacillus_oryzisoli,0.9629164934158324,0.7651100158691406,0.8640132546424866
NC_019403,taxid_33968_Leuconostoc_pseudomesenteroides,0.9999998807907104,0.7454115152359009,0.8727056980133057
NC_019403,taxid_185300_Paludibacter_propionicigenes,0.9999911785125732,0.7469891309738159,0.8734901547431946
NC_019403,GENERO_Lacrimispora_94868,0.999756634235382,0.8110514879226685,0.9054040610790253
NC_019403,taxid_1129792_Weissella_oryzae,0.9999876022338868,0.7223516702651978,0.8611696362495422
NC_019403,taxid_1610_Lactobacillus_coryniformis,0.9999914169311525,0.706818699836731,0.8534050583839417
NC_028894,taxid_2479367_Buttiauxella_sp_3AFRM03,0.9995192289352416,0.7642902135848999,0.8819047212600708
NC_007149,taxid_2479367_Buttiauxella_sp_3AFRM03,0.999996781349182,0.8113522529602051,0.9056745171546936
NC_007149,taxid_82992_Buttiauxella_noackiae,0.9999977350234984,0.7121825218200684,0.8560901284217834
NC_007149,taxid_1590_Lactiplantibacillus_plantarum,1.0,0.7587764263153076,0.8793882131576538
NC_007149,taxid_82977_Buttiauxella_agrestis,0.9999920129776,0.7186043858528137,0.8592981994152069
NC_007149,taxid_1245_Leuconostoc_mesenteroides,1.0,0.7368883490562439,0.868444174528122
NC_007149,taxid_1737571_Bacillus_oryzisoli,0.9999984502792358,0.7976546883583069,0.8988265693187714
NC_007149,taxid_33968_Leuconostoc_pseudomesenteroides,1.0,0.7793828248977661,0.8896914124488831
NC_007149,taxid_185300_Paludibacter_propionicigenes,1.0,0.7850635647773743,0.8925317823886871
NC_007149,taxid_165096_Weissella_koreensis,0.9992982149124146,0.7390273213386536,0.8691627681255341
NC_007149,GENERO_Lacrimispora_94868,0.9999997615814208,0.8320844769477844,0.9160421192646027
NC_007149,GENERO_Lactococcus_1358,1.0,0.7029447555541992,0.8514723777770996
NC_007149,taxid_879969_Macellibacteroides_fermentans,0.9999996423721312,0.7068544626235962,0.8534270524978638
NC_007149,taxid_1129792_Weissella_oryzae,1.0,0.7586218118667603,0.8793109059333801
NC_007149,taxid_1610_Lactobacillus_coryniformis,1.0,0.7322471737861633,0.8661235868930817
NC_007149,taxid_642589_Caproiciproducens_galactitolivorans,0.999971866607666,0.7241431474685669,0.8620575070381165
NC_007149,taxid_1297750_Bacteroides_luti,0.9999996423721312,0.7076274752616882,0.8538135588169098
NC_031100,taxid_1590_Lactiplantibacillus_plantarum,0.9993509650230408,0.7092390060424805,0.8542949855327606
NC_031100,taxid_1245_Leuconostoc_mesenteroides,0.9999992847442628,0.7748427987098694,0.887421041727066
NC_031100,taxid_1737571_Bacillus_oryzisoli,1.0,0.8249526619911194,0.9124763309955597
NC_031100,taxid_33968_Leuconostoc_pseudomesenteroides,0.9999855756759644,0.8005830645561218,0.9002843201160431
NC_031100,taxid_185300_Paludibacter_propionicigenes,1.0,0.8149465322494507,0.9074732661247253
NC_031100,taxid_165096_Weissella_koreensis,0.9868893623352052,0.7765340805053711,0.8817117214202881
NC_031100,GENERO_Lacrimispora_94868,0.9999998807907104,0.847145140171051,0.9235725104808807
NC_031100,GENERO_Lactococcus_1358,1.0,0.7551565170288086,0.8775782585144043
NC_031100,taxid_293371_Lactobacillus_oligofermentans,0.9999998807907104,0.7456045746803284,0.8728022277355194
NC_031100,taxid_879969_Macellibacteroides_fermentans,0.999993085861206,0.7090271711349487,0.8545101284980774
NC_031100,taxid_1397_Bacillus_circulans,1.0,0.7317910194396973,0.8658955097198486
NC_031100,taxid_1129792_Weissella_oryzae,0.9997064471244812,0.7866801023483276,0.8931932747364044
NC_031100,taxid_1610_Lactobacillus_coryniformis,0.9992977380752563,0.7169394493103027,0.8581185936927795
NC_031100,taxid_1297750_Bacteroides_luti,1.0,0.7655644416809082,0.8827822208404541
NC_001895,GENERO_Lacrimispora_94868,0.9999958276748656,0.7007883787155151,0.8503921031951904
NC_031017,taxid_1245_Leuconostoc_mesenteroides,1.0,0.8155083060264587,0.9077541530132294
NC_031017,taxid_2751_Carnobacterium_maltaromaticum,0.9997621178627014,0.7766868472099304,0.8882244825363159
NC_031017,taxid_1737571_Bacillus_oryzisoli,1.0,0.8768154978752136,0.9384077489376068
NC_031017,taxid_33968_Leuconostoc_pseudomesenteroides,0.9999982118606568,0.8247681260108948,0.9123831689357758
NC_031017,taxid_1358_Lactococcus_lactis,0.999997854232788,0.8039656281471252,0.9019817411899567
NC_031017,taxid_185300_Paludibacter_propionicigenes,1.0,0.8545534610748291,0.9272767305374146
NC_031017,taxid_147709_Carnobacterium_inhibens,0.9999997615814208,0.8174693584442139,0.9087345600128174
NC_031017,taxid_165096_Weissella_koreensis,0.9989344477653505,0.8458929061889648,0.9224136769771576
NC_031017,GENERO_Lacrimispora_94868,1.0,0.8488032817840576,0.9244016408920288
NC_031017,GENERO_Lactococcus_1358,1.0,0.8145893812179565,0.9072946906089783
NC_031017,taxid_293371_Lactobacillus_oligofermentans,1.0,0.8291974067687988,0.9145987033843994
NC_031017,taxid_879969_Macellibacteroides_fermentans,0.9999997615814208,0.7020683884620667,0.8510340750217438
NC_031017,taxid_1397_Bacillus_circulans,1.0,0.8425838351249695,0.9212919175624847
NC_031017,taxid_1129792_Weissella_oryzae,0.9999673366546632,0.8200590014457703,0.9100131690502167
NC_031017,taxid_1297750_Bacteroides_luti,1.0,0.8485238552093506,0.9242619276046753
NC_028911,taxid_33968_Leuconostoc_pseudomesenteroides,0.9529234766960144,0.7654853463172913,0.8592044115066528
NC_028829,taxid_2479367_Buttiauxella_sp_3AFRM03,0.9999876022338868,0.7606417536735535,0.8803146779537201
NC_023560,taxid_1245_Leuconostoc_mesenteroides,0.9999945163726808,0.8163159489631653,0.908155232667923
NC_023560,taxid_2751_Carnobacterium_maltaromaticum,0.999308466911316,0.7219781875610352,0.8606433272361755
NC_023560,taxid_1737571_Bacillus_oryzisoli,0.9999996423721312,0.8601788878440857,0.9300892651081085
NC_023560,taxid_33968_Leuconostoc_pseudomesenteroides,0.998406708240509,0.8349094986915588,0.9166581034660339
NC_023560,taxid_28038_Lactobacillus_curvatus,0.9995850920677184,0.7323988676071167,0.8659919798374176
NC_023560,taxid_1358_Lactococcus_lactis,0.9996623992919922,0.7591802477836609,0.8794213235378265
NC_023560,taxid_185300_Paludibacter_propionicigenes,1.0,0.8530663251876831,0.9265331625938416
NC_023560,taxid_147709_Carnobacterium_inhibens,1.0,0.7697356939315796,0.8848678469657898
NC_023560,GENERO_Lacrimispora_94868,1.0,0.8543134331703186,0.9271567165851593
NC_023560,GENERO_Lactococcus_1358,1.0,0.8046408891677856,0.9023204445838928
NC_023560,taxid_293371_Lactobacillus_oligofermentans,0.9999961853027344,0.8033303618431091,0.9016632735729218
NC_023560,taxid_879969_Macellibacteroides_fermentans,1.0,0.7418565154075623,0.8709282577037811
NC_023560,taxid_1397_Bacillus_circulans,1.0,0.8008835315704346,0.9004417657852173
NC_023560,taxid_1129792_Weissella_oryzae,0.9490535855293274,0.8232236504554749,0.8861386179924011
NC_023560,taxid_1297750_Bacteroides_luti,1.0,0.8259187340736389,0.9129593670368195
NC_001447,taxid_1245_Leuconostoc_mesenteroides,0.9999920129776,0.8734752535820007,0.9367336332798004
NC_001447,taxid_2751_Carnobacterium_maltaromaticum,0.9999996423721312,0.8571422100067139,0.9285709261894226
NC_001447,taxid_1737571_Bacillus_oryzisoli,0.9999997615814208,0.9183047413825988,0.9591522514820098
NC_001447,taxid_33968_Leuconostoc_pseudomesenteroides,0.992683470249176,0.878818929195404,0.93575119972229
NC_001447,taxid_28038_Lactobacillus_curvatus,0.9978395700454712,0.7798919677734375,0.8888657689094543
NC_001447,taxid_1358_Lactococcus_lactis,0.9999974966049194,0.869722843170166,0.9348601698875427
NC_001447,taxid_185300_Paludibacter_propionicigenes,1.0,0.8996161818504333,0.9498080909252167
NC_001447,taxid_147709_Carnobacterium_inhibens,1.0,0.8817458152770996,0.9408729076385498
NC_001447,taxid_165096_Weissella_koreensis,0.969152808189392,0.8978783488273621,0.9335155785083771
NC_001447,GENERO_Lacrimispora_94868,1.0,0.8938378095626831,0.9469189047813416
NC_001447,GENERO_Lactococcus_1358,1.0,0.8733028173446655,0.9366514086723328
NC_001447,taxid_293371_Lactobacillus_oligofermentans,0.9999992847442628,0.8864554166793823,0.9432273507118225
NC_001447,taxid_879969_Macellibacteroides_fermentans,1.0,0.7841557264328003,0.8920778632164001
NC_001447,taxid_1397_Bacillus_circulans,1.0,0.9050164818763732,0.9525082409381866
NC_001447,taxid_1129792_Weissella_oryzae,0.911137878894806,0.8779410123825073,0.8945394456386566
NC_001447,taxid_1297750_Bacteroides_luti,1.0,0.9014435410499572,0.9507217705249786
NC_031911,taxid_1245_Leuconostoc_mesenteroides,0.9949761629104614,0.8342563509941101,0.9146162569522858
NC_031911,taxid_2751_Carnobacterium_maltaromaticum,0.9999632835388184,0.8090451955795288,0.9045042395591736
NC_031911,taxid_1737571_Bacillus_oryzisoli,0.9999988079071044,0.8841951489448547,0.9420969784259796
NC_031911,taxid_1358_Lactococcus_lactis,0.999845027923584,0.8283185362815857,0.9140817821025848
NC_031911,taxid_185300_Paludibacter_propionicigenes,0.9999998807907104,0.8651949167251587,0.9325973987579346
NC_031911,taxid_147709_Carnobacterium_inhibens,1.0,0.8426938056945801,0.92134690284729
NC_031911,GENERO_Lacrimispora_94868,0.9999997615814208,0.8531431555747986,0.9265714585781097
NC_031911,GENERO_Lactococcus_1358,0.9999990463256836,0.8332751989364624,0.916637122631073
NC_031911,taxid_293371_Lactobacillus_oligofermentans,0.9998168349266052,0.8487236499786377,0.9242702424526215
NC_031911,taxid_879969_Macellibacteroides_fermentans,0.9999947547912598,0.7273622751235962,0.863678514957428
NC_031911,taxid_1397_Bacillus_circulans,1.0,0.8686530590057373,0.9343265295028687
NC_031911,taxid_1297750_Bacteroides_luti,1.0,0.8660056591033936,0.9330028295516968
NC_019421,taxid_1245_Leuconostoc_mesenteroides,1.0,0.7759000658988953,0.8879500329494476
NC_019421,taxid_2751_Carnobacterium_maltaromaticum,1.0,0.7732692360877991,0.8866346180438995
NC_019421,taxid_1737571_Bacillus_oryzisoli,1.0,0.860413134098053,0.9302065670490265
NC_019421,taxid_33968_Leuconostoc_pseudomesenteroides,1.0,0.7774086594581604,0.8887043297290802
NC_019421,taxid_1358_Lactococcus_lactis,1.0,0.7916465401649475,0.8958232700824738
NC_019421,taxid_185300_Paludibacter_propionicigenes,1.0,0.827706515789032,0.913853257894516
NC_019421,taxid_147709_Carnobacterium_inhibens,1.0,0.8133532404899597,0.9066766202449799
NC_019421,taxid_165096_Weissella_koreensis,0.9999997615814208,0.8285784721374512,0.914289116859436
NC_019421,GENERO_Lacrimispora_94868,1.0,0.8161728382110596,0.9080864191055298
NC_019421,GENERO_Lactococcus_1358,1.0,0.7794800400733948,0.8897400200366974
NC_019421,taxid_293371_Lactobacillus_oligofermentans,1.0,0.8109104037284851,0.9054552018642426
NC_019421,taxid_1397_Bacillus_circulans,1.0,0.8489115834236145,0.9244557917118073
NC_019421,taxid_1129792_Weissella_oryzae,0.9999997615814208,0.7775591015815735,0.8887794315814972
NC_019421,taxid_1297750_Bacteroides_luti,1.0,0.834477961063385,0.9172389805316925
NC_031020,taxid_2479367_Buttiauxella_sp_3AFRM03,0.999963879585266,0.770319938659668,0.885141909122467
NC_031020,taxid_1590_Lactiplantibacillus_plantarum,0.9999974966049194,0.7091552019119263,0.8545763492584229
NC_031020,taxid_33968_Leuconostoc_pseudomesenteroides,0.9999552965164183,0.7353882789611816,0.8676717877388
NC_020483,taxid_1245_Leuconostoc_mesenteroides,1.0,0.753665030002594,0.876832515001297
NC_020483,taxid_2751_Carnobacterium_maltaromaticum,1.0,0.7334814071655273,0.8667407035827637
NC_020483,taxid_1737571_Bacillus_oryzisoli,1.0,0.8279310464859009,0.9139655232429504
NC_020483,taxid_33968_Leuconostoc_pseudomesenteroides,1.0,0.7525785565376282,0.8762892782688141
NC_020483,taxid_1358_Lactococcus_lactis,1.0,0.760667622089386,0.880333811044693
NC_020483,taxid_185300_Paludibacter_propionicigenes,1.0,0.7961304783821106,0.8980652391910553
NC_020483,taxid_147709_Carnobacterium_inhibens,1.0,0.7788161039352417,0.8894080519676208
NC_020483,taxid_165096_Weissella_koreensis,0.9999994039535522,0.7979957461357117,0.898997575044632
NC_020483,GENERO_Lacrimispora_94868,1.0,0.7800378203392029,0.8900189101696014
NC_020483,GENERO_Lactococcus_1358,1.0,0.7543771862983704,0.8771885931491852
NC_020483,taxid_293371_Lactobacillus_oligofermentans,1.0,0.7808547019958496,0.8904273509979248
NC_020483,taxid_1397_Bacillus_circulans,1.0,0.8128880262374878,0.9064440131187439
NC_020483,taxid_1129792_Weissella_oryzae,0.9999998807907104,0.7531140446662903,0.8765569627285004
NC_020483,taxid_1297750_Bacteroides_luti,1.0,0.8019766807556152,0.9009883403778076
NC_029008,taxid_1245_Leuconostoc_mesenteroides,0.9999908208847046,0.7921973466873169,0.8960940837860107
NC_029008,taxid_2751_Carnobacterium_maltaromaticum,0.9999998807907104,0.7611166834831238,0.8805582821369171
NC_029008,taxid_1737571_Bacillus_oryzisoli,1.0,0.8670980930328369,0.9335490465164185
NC_029008,taxid_33968_Leuconostoc_pseudomesenteroides,0.9988929629325868,0.8059192299842834,0.9024060964584351
NC_029008,taxid_1358_Lactococcus_lactis,0.9999997615814208,0.7877485156059265,0.8938741385936737
NC_029008,taxid_185300_Paludibacter_propionicigenes,1.0,0.8404086828231812,0.9202043414115906
NC_029008,taxid_147709_Carnobacterium_inhibens,1.0,0.805236279964447,0.9026181399822235
NC_029008,taxid_165096_Weissella_koreensis,0.9877585768699646,0.8311336040496826,0.9094460904598236
NC_029008,GENERO_Lacrimispora_94868,1.0,0.8358061909675598,0.9179030954837799
NC_029008,GENERO_Lactococcus_1358,1.0,0.7926600575447083,0.8963300287723541
NC_029008,taxid_293371_Lactobacillus_oligofermentans,0.9999997615814208,0.8129103183746338,0.9064550399780273
NC_029008,taxid_1397_Bacillus_circulans,1.0,0.8345701694488525,0.9172850847244263
NC_029008,taxid_1129792_Weissella_oryzae,0.977899432182312,0.7993043661117554,0.8886018991470337
NC_029008,taxid_1297750_Bacteroides_luti,1.0,0.8392737507820129,0.9196368753910065
NC_028783,GENERO_Lacrimispora_94868,0.9998824596405028,0.7241256237030029,0.8620040416717529
NC_015464,taxid_1245_Leuconostoc_mesenteroides,0.9601893424987792,0.8151243925094604,0.8876568675041199
NC_015464,taxid_2751_Carnobacterium_maltaromaticum,0.99801504611969,0.7868478894233704,0.8924314677715302
NC_015464,taxid_1737571_Bacillus_oryzisoli,0.999988317489624,0.8682012557983398,0.9340947866439819
NC_015464,taxid_1358_Lactococcus_lactis,0.9965015649795532,0.8091738224029541,0.9028376936912537
NC_015464,taxid_185300_Paludibacter_propionicigenes,0.9999992847442628,0.8478848338127136,0.9239420592784882
NC_015464,taxid_147709_Carnobacterium_inhibens,0.9999998807907104,0.8243569135665894,0.9121783971786499
NC_015464,GENERO_Lacrimispora_94868,0.9999979734420776,0.8393632173538208,0.9196805953979492
NC_015464,GENERO_Lactococcus_1358,0.999992847442627,0.81400465965271,0.9069987535476685
NC_015464,taxid_293371_Lactobacillus_oligofermentans,0.9981529116630554,0.8292974829673767,0.9137251973152161
NC_015464,taxid_879969_Macellibacteroides_fermentans,0.9998860359191896,0.7032650113105774,0.8515755236148834
NC_015464,taxid_1397_Bacillus_circulans,1.0,0.8529089093208313,0.9264544546604156
NC_015464,taxid_1297750_Bacteroides_luti,1.0,0.8470677137374878,0.9235338568687439
NC_004616,taxid_1245_Leuconostoc_mesenteroides,0.9514264464378356,0.7916187644004822,0.8715226054191589
NC_004616,taxid_2751_Carnobacterium_maltaromaticum,0.9996609687805176,0.7752768993377686,0.8874689340591431
NC_004616,taxid_1737571_Bacillus_oryzisoli,0.9999951124191284,0.8649015426635742,0.9324483275413513
NC_004616,taxid_1358_Lactococcus_lactis,0.9987698197364808,0.7961021661758423,0.8974359929561615
NC_004616,taxid_185300_Paludibacter_propionicigenes,0.9999927282333374,0.8364301919937134,0.9182114601135254
NC_004616,taxid_147709_Carnobacterium_inhibens,0.9999997615814208,0.8139711022377014,0.9069854319095612
NC_004616,GENERO_Lacrimispora_94868,0.999996542930603,0.8286123275756836,0.9143044352531433
NC_004616,GENERO_Lactococcus_1358,0.9999971389770508,0.7924234867095947,0.8962103128433228
NC_004616,taxid_293371_Lactobacillus_oligofermentans,0.9986351132392884,0.8155351281166077,0.907085120677948
NC_004616,taxid_1397_Bacillus_circulans,1.0,0.8454963564872742,0.9227481782436371
NC_004616,taxid_1297750_Bacteroides_luti,1.0,0.8394675850868225,0.9197337925434113
NC_020873,taxid_2479367_Buttiauxella_sp_3AFRM03,0.9950188398361206,0.7704870104789734,0.882752925157547
NC_020873,taxid_1590_Lactiplantibacillus_plantarum,1.0,0.7279524207115173,0.8639762103557587
NC_020873,taxid_1245_Leuconostoc_mesenteroides,1.0,0.7301246523857117,0.8650623261928558
NC_020873,taxid_1737571_Bacillus_oryzisoli,0.9999995231628418,0.7792790532112122,0.889639288187027
NC_020873,taxid_33968_Leuconostoc_pseudomesenteroides,1.0,0.7672260403633118,0.8836130201816559
NC_020873,taxid_185300_Paludibacter_propionicigenes,1.0,0.7705833315849304,0.8852916657924652
NC_020873,GENERO_Lacrimispora_94868,0.9999996423721312,0.8177054524421692,0.9088525474071503
NC_020873,taxid_1129792_Weissella_oryzae,0.9999998807907104,0.7479205131530762,0.8739601969718933
NC_020873,taxid_1610_Lactobacillus_coryniformis,1.0,0.7196928858757019,0.859846442937851
NC_028819,taxid_1590_Lactiplantibacillus_plantarum,0.999946117401123,0.75545734167099,0.8777017295360565
NC_028819,taxid_1245_Leuconostoc_mesenteroides,1.0,0.7369709610939026,0.8684854805469513
NC_028819,taxid_1737571_Bacillus_oryzisoli,0.9999998807907104,0.7898639440536499,0.8949319124221802
NC_028819,taxid_33968_Leuconostoc_pseudomesenteroides,0.9999995231628418,0.7761309742927551,0.8880652487277985
NC_028819,taxid_185300_Paludibacter_propionicigenes,1.0,0.7831074595451355,0.8915537297725677
NC_028819,taxid_165096_Weissella_koreensis,0.9974209070205688,0.7344018220901489,0.8659113645553589
NC_028819,GENERO_Lacrimispora_94868,1.0,0.828086793422699,0.9140433967113495
NC_028819,GENERO_Lactococcus_1358,1.0,0.7062612771987915,0.8531306385993958
NC_028819,taxid_879969_Macellibacteroides_fermentans,0.9999998807907104,0.7074504494667053,0.8537251651287079
NC_028819,taxid_1129792_Weissella_oryzae,0.9999935626983644,0.7528266906738281,0.8764101266860962
NC_028819,taxid_1610_Lactobacillus_coryniformis,0.9999758005142212,0.7320117950439453,0.8659937977790833
NC_028819,taxid_642589_Caproiciproducens_galactitolivorans,0.9999892711639404,0.7245270013809204,0.8622581362724304
NC_028819,taxid_1297750_Bacteroides_luti,1.0,0.7084913849830627,0.8542456924915314
NC_024370,taxid_1590_Lactiplantibacillus_plantarum,1.0,0.7423912286758423,0.8711956143379211
NC_024370,taxid_1245_Leuconostoc_mesenteroides,1.0,0.7524623274803162,0.8762311637401581
NC_024370,taxid_1737571_Bacillus_oryzisoli,1.0,0.7916646599769592,0.8958323299884796
NC_024370,taxid_33968_Leuconostoc_pseudomesenteroides,1.0,0.7848321795463562,0.8924160897731781
NC_024370,taxid_185300_Paludibacter_propionicigenes,1.0,0.7889243960380554,0.8944621980190277
NC_024370,taxid_165096_Weissella_koreensis,0.9999992847442628,0.7486041188240051,0.8743017017841339
NC_024370,GENERO_Lacrimispora_94868,1.0,0.8271973133087158,0.9135986566543579
NC_024370,GENERO_Lactococcus_1358,1.0,0.7214843034744263,0.8607421517372131
NC_024370,taxid_293371_Lactobacillus_oligofermentans,1.0,0.7133094668388367,0.8566547334194183
NC_024370,taxid_879969_Macellibacteroides_fermentans,1.0,0.7161047458648682,0.8580523729324341
NC_024370,taxid_1129792_Weissella_oryzae,1.0,0.7638757228851318,0.8819378614425659
NC_024370,taxid_1610_Lactobacillus_coryniformis,1.0,0.7353240847587585,0.8676620423793793
NC_024370,taxid_642589_Caproiciproducens_galactitolivorans,1.0,0.7136117815971375,0.8568058907985687
NC_024370,taxid_1297750_Bacteroides_luti,1.0,0.7155066132545471,0.8577533066272736
NC_020846,taxid_2479367_Buttiauxella_sp_3AFRM03,0.9974910020828248,0.7732673287391663,0.8853791654109955
NC_020846,taxid_1737571_Bacillus_oryzisoli,1.0,0.7019433975219727,0.8509716987609863
NC_020846,GENERO_Lacrimispora_94868,1.0,0.7638850212097168,0.8819425106048584
NC_031069,taxid_33964_Leuconostoc_citreum,0.9999998807907104,0.7033491134643555,0.851674497127533
NC_031069,taxid_1245_Leuconostoc_mesenteroides,1.0,0.8177742958068848,0.9088871479034424
NC_031069,taxid_1737571_Bacillus_oryzisoli,0.9998960494995116,0.8753281831741333,0.9376121163368225
NC_031069,taxid_33968_Leuconostoc_pseudomesenteroides,1.0,0.8287724256515503,0.9143862128257751
NC_031069,taxid_1358_Lactococcus_lactis,0.9738472104072572,0.7904751300811768,0.8821611702442169
NC_031069,taxid_185300_Paludibacter_propionicigenes,0.9999998807907104,0.8571369051933289,0.9285683929920197
NC_031069,taxid_147709_Carnobacterium_inhibens,0.9933087825775146,0.8018386960029602,0.8975737392902374
NC_031069,taxid_165096_Weissella_koreensis,0.9937511086463928,0.844666600227356,0.9192088544368744
NC_031069,GENERO_Lacrimispora_94868,0.9999938011169434,0.8515705466270447,0.925782173871994
NC_031069,GENERO_Lactococcus_1358,1.0,0.8151034712791443,0.9075517356395721
NC_031069,taxid_293371_Lactobacillus_oligofermentans,1.0,0.8246883749961853,0.9123441874980927
NC_031069,taxid_879969_Macellibacteroides_fermentans,0.9999934434890748,0.7158271670341492,0.8579103052616119
NC_031069,taxid_1397_Bacillus_circulans,0.9999290704727172,0.828965425491333,0.9144472479820251
NC_031069,taxid_1129792_Weissella_oryzae,0.9999998807907104,0.8234947323799133,0.9117473065853119
NC_031069,taxid_1297750_Bacteroides_luti,0.9999864101409912,0.8423750400543213,0.9211807250976562
NC_002486,taxid_1245_Leuconostoc_mesenteroides,0.9999364614486694,0.764033854007721,0.8819851577281952
NC_002486,taxid_2751_Carnobacterium_maltaromaticum,0.9999990463256836,0.7395155429840088,0.8697572946548462
NC_002486,taxid_1737571_Bacillus_oryzisoli,1.0,0.839983344078064,0.919991672039032
NC_002486,taxid_33968_Leuconostoc_pseudomesenteroides,0.9907480478286744,0.7648748159408569,0.8778114318847656
NC_002486,taxid_1358_Lactococcus_lactis,0.9999979734420776,0.7672470211982727,0.8836224973201752
NC_002486,taxid_185300_Paludibacter_propionicigenes,1.0,0.8088619709014893,0.9044309854507446
NC_002486,taxid_147709_Carnobacterium_inhibens,1.0,0.7876229286193848,0.8938114643096924
NC_002486,taxid_165096_Weissella_koreensis,0.9052261710166932,0.8085544109344482,0.8568902909755707
NC_002486,GENERO_Lacrimispora_94868,0.9999998807907104,0.7965440154075623,0.8982719480991364
NC_002486,GENERO_Lactococcus_1358,1.0,0.7655385732650757,0.8827692866325378
NC_002486,taxid_293371_Lactobacillus_oligofermentans,0.999998927116394,0.7909649610519409,0.8954819440841675
NC_002486,taxid_1397_Bacillus_circulans,1.0,0.8200694918632507,0.9100347459316254
NC_002486,taxid_1297750_Bacteroides_luti,1.0,0.8139262795448303,0.9069631397724152
NC_023718,GENERO_Lacrimispora_94868,1.0,0.7458804845809937,0.8729402422904968
NC_031090,taxid_2479367_Buttiauxella_sp_3AFRM03,0.9999723434448242,0.7930465936660767,0.8965094685554504
NC_031090,taxid_1590_Lactiplantibacillus_plantarum,0.9999996423721312,0.7270117998123169,0.8635057210922241
NC_031090,taxid_82977_Buttiauxella_agrestis,0.999942421913147,0.7020196318626404,0.8509810268878937
NC_031090,taxid_1245_Leuconostoc_mesenteroides,0.9999996423721312,0.7017073035240173,0.8508534729480743
NC_031090,taxid_1737571_Bacillus_oryzisoli,0.9993219375610352,0.7637029886245728,0.881512463092804
NC_031090,taxid_33968_Leuconostoc_pseudomesenteroides,0.9999998807907104,0.7499326467514038,0.8749662637710571
NC_031090,taxid_185300_Paludibacter_propionicigenes,0.9999878406524658,0.7554618716239929,0.8777248561382294
NC_031090,GENERO_Lacrimispora_94868,0.999907612800598,0.8152761459350586,0.9075918793678284
NC_031090,taxid_1129792_Weissella_oryzae,0.9999959468841552,0.7244861125946045,0.8622410297393799
NC_031090,taxid_1610_Lactobacillus_coryniformis,0.9999984502792358,0.7105312347412109,0.8552648425102234
NC_031101,taxid_1590_Lactiplantibacillus_plantarum,0.9999929666519164,0.7004149556159973,0.8502039611339569
NC_031101,taxid_33968_Leuconostoc_pseudomesenteroides,0.9999994039535522,0.7285366058349609,0.8642680048942566
NC_023865,taxid_2479367_Buttiauxella_sp_3AFRM03,0.9999916553497314,0.7861811518669128,0.8930864036083221
NC_023865,taxid_1590_Lactiplantibacillus_plantarum,0.9989976286888124,0.7333528995513916,0.8661752641201019
NC_023865,taxid_33968_Leuconostoc_pseudomesenteroides,0.9925416707992554,0.7654985785484314,0.8790201246738434
NC_020842,taxid_1245_Leuconostoc_mesenteroides,0.9999629259109496,0.8205022215843201,0.9102325737476349
NC_020842,taxid_2751_Carnobacterium_maltaromaticum,0.9987760186195374,0.7627041339874268,0.8807400763034821
NC_020842,taxid_1737571_Bacillus_oryzisoli,0.9999998807907104,0.8720635771751404,0.9360317289829254
NC_020842,taxid_33968_Leuconostoc_pseudomesenteroides,0.9967700242996216,0.8299908638000488,0.9133804440498352
NC_020842,taxid_28038_Lactobacillus_curvatus,0.9999263286590576,0.7246941924095154,0.8623102605342865
NC_020842,taxid_1358_Lactococcus_lactis,0.9998201727867126,0.7928937077522278,0.8963569402694702
NC_020842,taxid_185300_Paludibacter_propionicigenes,1.0,0.8545324206352234,0.9272662103176117
NC_020842,taxid_147709_Carnobacterium_inhibens,0.9999997615814208,0.8033341765403748,0.9016669690608978
NC_020842,GENERO_Lacrimispora_94868,1.0,0.858945369720459,0.9294726848602295
NC_020842,GENERO_Lactococcus_1358,1.0,0.8162474036216736,0.9081237018108368
NC_020842,taxid_293371_Lactobacillus_oligofermentans,0.9999943971633912,0.8233919143676758,0.9116931557655334
NC_020842,taxid_879969_Macellibacteroides_fermentans,0.9999992847442628,0.7392180562019348,0.8696086704730988
NC_020842,taxid_1397_Bacillus_circulans,1.0,0.8326117992401123,0.9163058996200562
NC_020842,taxid_1129792_Weissella_oryzae,0.909805417060852,0.8254826068878174,0.8676440119743347
NC_020842,taxid_1297750_Bacteroides_luti,1.0,0.840187132358551,0.9200935661792755
NC_004820,taxid_33964_Leuconostoc_citreum,0.9999902248382568,0.7080675959587097,0.8540289103984833
NC_004820,taxid_1245_Leuconostoc_mesenteroides,0.9999998807907104,0.8173471093177795,0.908673495054245
NC_004820,taxid_1737571_Bacillus_oryzisoli,0.9943329095840454,0.8710849285125732,0.9327089190483093
NC_004820,taxid_33968_Leuconostoc_pseudomesenteroides,0.9999998807907104,0.8315272927284241,0.9157635867595673
NC_004820,taxid_28038_Lactobacillus_curvatus,0.9999934434890748,0.7100181579589844,0.8550058007240295
NC_004820,taxid_185300_Paludibacter_propionicigenes,0.9999603033065796,0.8585920929908752,0.9292761981487274
NC_004820,GENERO_Lacrimispora_94868,0.9994589686393738,0.8574415445327759,0.9284502565860748
NC_004820,GENERO_Lactococcus_1358,0.9999991655349731,0.8099831938743591,0.9049911797046661
NC_004820,taxid_293371_Lactobacillus_oligofermentans,0.9999936819076538,0.8130460381507874,0.9065198600292206
NC_004820,taxid_879969_Macellibacteroides_fermentans,0.9992794394493104,0.7273855209350586,0.8633324801921844
NC_004820,taxid_1397_Bacillus_circulans,0.9973880648612976,0.8129057884216309,0.9051469266414642
NC_004820,taxid_1129792_Weissella_oryzae,0.999994158744812,0.823326051235199,0.9116601049900055
NC_004820,taxid_1610_Lactobacillus_coryniformis,0.9999351501464844,0.7064032554626465,0.8531692028045654
NC_004820,taxid_1297750_Bacteroides_luti,0.9989051818847656,0.8370627760887146,0.9179839789867401
NC_024139,taxid_2479367_Buttiauxella_sp_3AFRM03,0.9999960660934448,0.800780713558197,0.9003883898258209
NC_024139,taxid_82992_Buttiauxella_noackiae,0.9999916553497314,0.7029817700386047,0.8514867126941681
NC_024139,taxid_1590_Lactiplantibacillus_plantarum,0.9999997615814208,0.7320740222930908,0.8660368919372559
NC_024139,taxid_82977_Buttiauxella_agrestis,0.9999555349349976,0.7103225588798523,0.8551390469074249
NC_024139,taxid_33968_Leuconostoc_pseudomesenteroides,0.9999983310699464,0.7307431697845459,0.8653707504272461
NC_009904,taxid_1245_Leuconostoc_mesenteroides,1.0,0.8022764325141907,0.9011382162570953
NC_009904,taxid_2751_Carnobacterium_maltaromaticum,0.9999991655349731,0.7017830610275269,0.85089111328125
NC_009904,taxid_1737571_Bacillus_oryzisoli,1.0,0.8500849604606628,0.9250424802303314
NC_009904,taxid_33968_Leuconostoc_pseudomesenteroides,0.9999988079071044,0.8128587603569031,0.9064287841320038
NC_009904,taxid_1358_Lactococcus_lactis,1.0,0.7501335740089417,0.8750667870044708
NC_009904,taxid_185300_Paludibacter_propionicigenes,1.0,0.8371736407279968,0.9185868203639984
NC_009904,taxid_147709_Carnobacterium_inhibens,1.0,0.7610759735107422,0.8805379867553711
NC_009904,taxid_165096_Weissella_koreensis,0.9998610019683838,0.8168315887451172,0.9083462953567505
NC_009904,GENERO_Lacrimispora_94868,1.0,0.8459829688072205,0.9229914844036102
NC_009904,GENERO_Lactococcus_1358,1.0,0.7911404967308044,0.8955702483654022
NC_009904,taxid_293371_Lactobacillus_oligofermentans,1.0,0.7933128476142883,0.8966564238071442
NC_009904,taxid_879969_Macellibacteroides_fermentans,1.0,0.7131181955337524,0.8565590977668762
NC_009904,taxid_1397_Bacillus_circulans,1.0,0.7924453020095825,0.8962226510047913
NC_009904,taxid_1129792_Weissella_oryzae,0.999977707862854,0.8050068020820618,0.9024922549724579
NC_009904,taxid_1610_Lactobacillus_coryniformis,0.9999382495880128,0.7033830285072327,0.8516606390476227
NC_009904,taxid_1297750_Bacteroides_luti,1.0,0.807837963104248,0.903918981552124
NC_023573,taxid_1245_Leuconostoc_mesenteroides,0.9999998807907104,0.78577721118927,0.8928885459899902
NC_023573,taxid_2751_Carnobacterium_maltaromaticum,1.0,0.7588452696800232,0.8794226348400116
NC_023573,taxid_1737571_Bacillus_oryzisoli,1.0,0.8519956469535828,0.9259978234767914
NC_023573,taxid_33968_Leuconostoc_pseudomesenteroides,0.9999927282333374,0.7843235731124878,0.8921581506729126
NC_023573,taxid_1358_Lactococcus_lactis,1.0,0.784079909324646,0.892039954662323
NC_023573,taxid_185300_Paludibacter_propionicigenes,1.0,0.8257812261581421,0.912890613079071
NC_023573,taxid_147709_Carnobacterium_inhibens,1.0,0.8034753203392029,0.9017376601696014
NC_023573,taxid_165096_Weissella_koreensis,0.9998015761375428,0.8254094123840332,0.912605494260788
NC_023573,GENERO_Lacrimispora_94868,1.0,0.81166672706604,0.90583336353302
NC_023573,GENERO_Lactococcus_1358,1.0,0.7854154706001282,0.8927077353000641
NC_023573,taxid_293371_Lactobacillus_oligofermentans,1.0,0.8075087070465088,0.9037543535232544
NC_023573,taxid_1397_Bacillus_circulans,1.0,0.8356151580810547,0.9178075790405273
NC_023573,taxid_1129792_Weissella_oryzae,0.9999133348464966,0.7859318852424622,0.8929226100444794
NC_023573,taxid_1297750_Bacteroides_luti,1.0,0.8292303085327148,0.9146151542663574
NC_008364,taxid_1245_Leuconostoc_mesenteroides,1.0,0.7911622524261475,0.8955811262130737
NC_008364,taxid_2751_Carnobacterium_maltaromaticum,1.0,0.7353611588478088,0.8676805794239044
NC_008364,taxid_1737571_Bacillus_oryzisoli,1.0,0.851234495639801,0.9256172478199005
NC_008364,taxid_33968_Leuconostoc_pseudomesenteroides,1.0,0.7947546243667603,0.8973773121833801
NC_008364,taxid_1358_Lactococcus_lactis,1.0,0.7761921286582947,0.8880960643291473
NC_008364,taxid_185300_Paludibacter_propionicigenes,1.0,0.8288335800170898,0.9144167900085449
NC_008364,taxid_147709_Carnobacterium_inhibens,1.0,0.7904446721076965,0.8952223360538483
NC_008364,taxid_165096_Weissella_koreensis,1.0,0.823261559009552,0.911630779504776
NC_008364,GENERO_Lacrimispora_94868,1.0,0.8177614212036133,0.9088807106018066
NC_008364,GENERO_Lactococcus_1358,1.0,0.786115288734436,0.893057644367218
NC_008364,taxid_293371_Lactobacillus_oligofermentans,1.0,0.8036862015724182,0.9018431007862091
NC_008364,taxid_1397_Bacillus_circulans,1.0,0.8194692730903625,0.9097346365451813
NC_008364,taxid_1129792_Weissella_oryzae,0.9999997615814208,0.7919244170188904,0.8959620893001556
NC_008364,taxid_1297750_Bacteroides_luti,1.0,0.8179519772529602,0.9089759886264801
NC_011551,taxid_1590_Lactiplantibacillus_plantarum,0.9999997615814208,0.7028688788414001,0.8514343202114105
NC_011551,taxid_1245_Leuconostoc_mesenteroides,1.0,0.7545022964477539,0.877251148223877
NC_011551,taxid_1737571_Bacillus_oryzisoli,1.0,0.8073824048042297,0.9036912024021149
NC_011551,taxid_33968_Leuconostoc_pseudomesenteroides,1.0,0.785426676273346,0.892713338136673
NC_011551,taxid_185300_Paludibacter_propionicigenes,1.0,0.7976139783859253,0.8988069891929626
NC_011551,taxid_165096_Weissella_koreensis,0.9999628067016602,0.7603065371513367,0.8801346719264984
NC_011551,GENERO_Lacrimispora_94868,1.0,0.8140112161636353,0.9070056080818176
NC_011551,GENERO_Lactococcus_1358,1.0,0.733303964138031,0.8666519820690155
NC_011551,taxid_293371_Lactobacillus_oligofermentans,1.0,0.7273880243301392,0.8636940121650696
NC_011551,taxid_879969_Macellibacteroides_fermentans,1.0,0.7090594172477722,0.8545297086238861
NC_011551,taxid_1397_Bacillus_circulans,1.0,0.7164849042892456,0.8582424521446228
NC_011551,taxid_1129792_Weissella_oryzae,0.9999998807907104,0.7667878270149231,0.8833938539028168
NC_011551,taxid_1610_Lactobacillus_coryniformis,0.9999998807907104,0.7044827938079834,0.8522413372993469
NC_011551,taxid_1297750_Bacteroides_luti,1.0,0.7524649500846863,0.8762324750423431
NC_029016,taxid_33964_Leuconostoc_citreum,0.9996017813682556,0.7150920629501343,0.857346922159195
NC_029016,taxid_1590_Lactiplantibacillus_plantarum,0.9999175071716307,0.7459935545921326,0.8729555308818817
NC_029016,taxid_1245_Leuconostoc_mesenteroides,0.9999980926513672,0.7911192178726196,0.8955586552619934
NC_029016,taxid_1737571_Bacillus_oryzisoli,0.999876856803894,0.833892285823822,0.916884571313858
NC_029016,taxid_33968_Leuconostoc_pseudomesenteroides,0.9999980926513672,0.8188037872314453,0.9094009399414062
NC_029016,taxid_28038_Lactobacillus_curvatus,0.9999970197677612,0.7282359004020691,0.8641164600849152
NC_029016,taxid_185300_Paludibacter_propionicigenes,0.999987244606018,0.8294153213500977,0.9147012829780579
NC_029016,GENERO_Lacrimispora_94868,0.9999229907989502,0.8579906225204468,0.9289568066596985
NC_029016,GENERO_Lactococcus_1358,0.9999998807907104,0.7685214281082153,0.8842606544494629
NC_029016,taxid_293371_Lactobacillus_oligofermentans,0.9999816417694092,0.7628442049026489,0.881412923336029
NC_029016,taxid_879969_Macellibacteroides_fermentans,0.9977732300758362,0.7396735548973083,0.8687233924865723
NC_029016,taxid_1397_Bacillus_circulans,0.9998452663421632,0.7420745491981506,0.8709599077701569
NC_029016,taxid_1129792_Weissella_oryzae,0.9999233484268188,0.8002684712409973,0.9000959098339081
NC_029016,taxid_1610_Lactobacillus_coryniformis,0.9997714161872864,0.7483309507369995,0.8740511834621429
NC_029016,taxid_1297750_Bacteroides_luti,0.9992345571517944,0.7763770222663879,0.8878057897090912
NC_028929,taxid_1245_Leuconostoc_mesenteroides,0.999916672706604,0.7931886315345764,0.8965526521205902
NC_028929,taxid_1737571_Bacillus_oryzisoli,1.0,0.8403627872467041,0.920181393623352
NC_028929,taxid_33968_Leuconostoc_pseudomesenteroides,0.989049792289734,0.8044386506080627,0.8967442214488983
NC_028929,taxid_1358_Lactococcus_lactis,0.9999951124191284,0.732768177986145,0.8663816452026367
NC_028929,taxid_185300_Paludibacter_propionicigenes,1.0,0.8291670083999634,0.9145835041999817
NC_028929,taxid_147709_Carnobacterium_inhibens,1.0,0.7442345023155212,0.8721172511577606
NC_028929,GENERO_Lacrimispora_94868,0.9999998807907104,0.8344706296920776,0.917235255241394
NC_028929,GENERO_Lactococcus_1358,1.0,0.7794179916381836,0.8897089958190918
NC_028929,taxid_293371_Lactobacillus_oligofermentans,0.9999980926513672,0.7792219519615173,0.8896100223064423
NC_028929,taxid_1397_Bacillus_circulans,1.0,0.7755203247070312,0.8877601623535156
NC_028929,taxid_1297750_Bacteroides_luti,1.0,0.7956981658935547,0.8978490829467773
NC_019529,taxid_2479367_Buttiauxella_sp_3AFRM03,0.9999827146530152,0.8180097937583923,0.9089962542057037
NC_019529,taxid_82992_Buttiauxella_noackiae,0.9999754428863524,0.7124850749969482,0.8562302589416504
NC_019529,taxid_33964_Leuconostoc_citreum,0.9998815059661864,0.7116571068763733,0.8557693064212799
NC_019529,taxid_1590_Lactiplantibacillus_plantarum,0.9999998807907104,0.7687683701515198,0.8843841254711151
NC_019529,taxid_82977_Buttiauxella_agrestis,0.9998779296875,0.7204023003578186,0.8601401150226593
NC_019529,taxid_1245_Leuconostoc_mesenteroides,0.9997857213020324,0.7846310138702393,0.8922083675861359
NC_019529,taxid_33968_Leuconostoc_pseudomesenteroides,0.9999997615814208,0.8171525597572327,0.9085761606693268
NC_019529,taxid_28038_Lactobacillus_curvatus,0.9999821186065674,0.7322200536727905,0.866101086139679
NC_019529,GENERO_Lactococcus_1358,0.9999055862426758,0.7617921233177185,0.8808488547801971
NC_019529,taxid_1129792_Weissella_oryzae,0.9996461868286132,0.79786217212677,0.8987541794776917
NC_019529,taxid_1610_Lactobacillus_coryniformis,0.9999940395355223,0.7625644207000732,0.8812792301177979
NC_019912,taxid_1245_Leuconostoc_mesenteroides,0.9999986886978148,0.8107088804244995,0.9053537845611572
NC_019912,taxid_1737571_Bacillus_oryzisoli,0.9999312162399292,0.8752157092094421,0.9375734627246857
NC_019912,taxid_33968_Leuconostoc_pseudomesenteroides,0.9999816417694092,0.824187159538269,0.9120844006538391
NC_019912,taxid_1358_Lactococcus_lactis,0.9603700041770936,0.7880524396896362,0.8742112219333649
NC_019912,taxid_185300_Paludibacter_propionicigenes,0.9999998807907104,0.8540945053100586,0.9270471930503845
NC_019912,taxid_147709_Carnobacterium_inhibens,0.9987868666648864,0.8021177053451538,0.9004522860050201
NC_019912,GENERO_Lacrimispora_94868,0.9999979734420776,0.849565327167511,0.9247816503047943
NC_019912,GENERO_Lactococcus_1358,0.9999998807907104,0.8085221648216248,0.9042610228061676
NC_019912,taxid_293371_Lactobacillus_oligofermentans,0.9999865293502808,0.8215286135673523,0.9107575714588165
NC_019912,taxid_879969_Macellibacteroides_fermentans,0.9999971389770508,0.7025191187858582,0.8512581288814545
NC_019912,taxid_1397_Bacillus_circulans,0.9999935626983644,0.8336912393569946,0.9168424010276794
NC_019912,taxid_1129792_Weissella_oryzae,0.9986299276351928,0.8182095289230347,0.9084197282791138
NC_019912,taxid_1297750_Bacteroides_luti,0.999998927116394,0.8466866612434387,0.9233427941799164
NC_002796,taxid_33964_Leuconostoc_citreum,0.9995561242103576,0.7027781009674072,0.8511671125888824
NC_002796,taxid_1245_Leuconostoc_mesenteroides,1.0,0.825165867805481,0.9125829339027405
NC_002796,taxid_2751_Carnobacterium_maltaromaticum,0.99823260307312,0.7911388278007507,0.8946857154369354
NC_002796,taxid_1737571_Bacillus_oryzisoli,1.0,0.8841428756713867,0.9420714378356934
NC_002796,taxid_33968_Leuconostoc_pseudomesenteroides,0.9999985694885254,0.8332217931747437,0.9166101813316345
NC_002796,taxid_1358_Lactococcus_lactis,0.9999810457229614,0.8164904117584229,0.9082357287406921
NC_002796,taxid_185300_Paludibacter_propionicigenes,1.0,0.8616690039634705,0.9308345019817352
NC_002796,taxid_147709_Carnobacterium_inhibens,0.9999994039535522,0.8295266628265381,0.9147630333900452
NC_002796,taxid_165096_Weissella_koreensis,0.9912258982658386,0.8554652333259583,0.9233455657958984
NC_002796,GENERO_Lacrimispora_94868,1.0,0.8551673293113708,0.9275836646556854
NC_002796,GENERO_Lactococcus_1358,1.0,0.8232383728027344,0.9116191864013672
NC_002796,taxid_293371_Lactobacillus_oligofermentans,1.0,0.8397356271743774,0.9198678135871887
NC_002796,taxid_879969_Macellibacteroides_fermentans,0.9999995231628418,0.7097818851470947,0.8548907041549683
NC_002796,taxid_1397_Bacillus_circulans,1.0,0.855831503868103,0.9279157519340515
NC_002796,taxid_1129792_Weissella_oryzae,0.9999593496322632,0.8297799229621887,0.914869636297226
NC_002796,taxid_1297750_Bacteroides_luti,1.0,0.8592957854270935,0.9296478927135468
NC_028853,taxid_1590_Lactiplantibacillus_plantarum,0.9999998807907104,0.716569721698761,0.8582848012447357
NC_028853,taxid_1245_Leuconostoc_mesenteroides,1.0,0.755299985408783,0.8776499927043915
NC_028853,taxid_1737571_Bacillus_oryzisoli,0.9967008233070374,0.803399384021759,0.9000501036643982
NC_028853,taxid_33968_Leuconostoc_pseudomesenteroides,1.0,0.7884461283683777,0.8942230641841888
NC_028853,taxid_185300_Paludibacter_propionicigenes,0.9999934434890748,0.8007494211196899,0.9003714323043823
NC_028853,GENERO_Lacrimispora_94868,0.9996463060379028,0.8279841542243958,0.9138152301311493
NC_028853,GENERO_Lactococcus_1358,0.9999997615814208,0.7290887832641602,0.8645442724227905
NC_028853,taxid_293371_Lactobacillus_oligofermentans,0.9999959468841552,0.7222425937652588,0.861119270324707
NC_028853,taxid_879969_Macellibacteroides_fermentans,0.9996833801269532,0.7165870666503906,0.8581352233886719
NC_028853,taxid_1129792_Weissella_oryzae,0.9999997615814208,0.7651823163032532,0.882591038942337
NC_028853,taxid_1610_Lactobacillus_coryniformis,0.9999995231628418,0.7164814472198486,0.8582404851913452
NC_028853,taxid_1297750_Bacteroides_luti,0.9967272281646729,0.7427928447723389,0.8697600364685059
NC_002649,taxid_33964_Leuconostoc_citreum,0.9759820699691772,0.7310435771942139,0.8535128235816956
NC_002649,taxid_1245_Leuconostoc_mesenteroides,0.9999988079071044,0.8345382809638977,0.9172685444355011
NC_002649,taxid_2751_Carnobacterium_maltaromaticum,0.9999990463256836,0.7853906750679016,0.8926948606967926
NC_002649,taxid_1737571_Bacillus_oryzisoli,1.0,0.8816968202590942,0.9408484101295471
NC_002649,taxid_33968_Leuconostoc_pseudomesenteroides,0.9996625185012816,0.8422818183898926,0.9209721684455872
NC_002649,taxid_28038_Lactobacillus_curvatus,0.999943733215332,0.7300217151641846,0.8649827241897583
NC_002649,taxid_1358_Lactococcus_lactis,0.9999986886978148,0.814001739025116,0.9070002138614655
NC_002649,taxid_185300_Paludibacter_propionicigenes,1.0,0.8670820593833923,0.9335410296916962
NC_002649,taxid_147709_Carnobacterium_inhibens,1.0,0.8283485770225525,0.9141742885112762
NC_002649,taxid_165096_Weissella_koreensis,0.9874413013458252,0.8587185740470886,0.9230799376964569
NC_002649,GENERO_Lacrimispora_94868,1.0,0.8634786605834961,0.931739330291748
NC_002649,GENERO_Lactococcus_1358,1.0,0.8294556736946106,0.9147278368473053
NC_002649,taxid_293371_Lactobacillus_oligofermentans,0.9999998807907104,0.8418034911155701,0.9209016859531403
NC_002649,taxid_879969_Macellibacteroides_fermentans,1.0,0.7407520413398743,0.8703760206699371
NC_002649,taxid_1397_Bacillus_circulans,1.0,0.8535208702087402,0.9267604351043701
NC_002649,taxid_1129792_Weissella_oryzae,0.9942890405654908,0.8372997641563416,0.9157944023609161
NC_002649,taxid_1297750_Bacteroides_luti,1.0,0.8563129901885986,0.9281564950942993
NC_028683,taxid_2479367_Buttiauxella_sp_3AFRM03,1.0,0.748904824256897,0.8744524121284485
NC_029094,taxid_1590_Lactiplantibacillus_plantarum,0.987021505832672,0.7178333401679993,0.8524274230003357
NC_029094,taxid_1245_Leuconostoc_mesenteroides,0.9996840953826904,0.7474890351295471,0.8735865652561188
NC_029094,taxid_33968_Leuconostoc_pseudomesenteroides,0.9996083378791808,0.7809595465660095,0.8902839422225952
NC_029094,taxid_185300_Paludibacter_propionicigenes,0.9998974800109864,0.7920265793800354,0.8959620296955109
NC_029094,GENERO_Lacrimispora_94868,0.9972606897354126,0.8325237035751343,0.9148921966552734
NC_029094,GENERO_Lactococcus_1358,0.9999905824661256,0.7219129204750061,0.8609517514705658
NC_029094,taxid_1297750_Bacteroides_luti,0.9802375435829164,0.727409839630127,0.8538236916065216
NC_022761,taxid_1245_Leuconostoc_mesenteroides,0.9999980926513672,0.7338533401489258,0.8669257164001465
NC_022761,taxid_1737571_Bacillus_oryzisoli,0.999186098575592,0.7750832438468933,0.8871346712112427
NC_022761,taxid_33968_Leuconostoc_pseudomesenteroides,0.9999940395355223,0.7652462720870972,0.8826201558113098
NC_022761,taxid_185300_Paludibacter_propionicigenes,0.9999927282333374,0.7741562128067017,0.8870744705200195
NC_022761,GENERO_Lacrimispora_94868,0.9998584985733032,0.8063867092132568,0.90312260389328
NC_022761,GENERO_Lactococcus_1358,0.9999997615814208,0.7011025547981262,0.8505511581897736
NC_022761,taxid_1129792_Weissella_oryzae,0.9998576641082764,0.7408545017242432,0.8703560829162598
NC_002669,taxid_33964_Leuconostoc_citreum,0.9999897480010986,0.7876764535903931,0.8938331007957458
NC_002669,taxid_1590_Lactiplantibacillus_plantarum,0.99971741437912,0.7556841373443604,0.8777007758617401
NC_002669,taxid_1245_Leuconostoc_mesenteroides,1.0,0.8669354915618896,0.9334677457809448
NC_002669,taxid_2751_Carnobacterium_maltaromaticum,1.0,0.8187543153762817,0.9093771576881409
NC_002669,taxid_1737571_Bacillus_oryzisoli,1.0,0.9073358178138732,0.9536679089069366
NC_002669,taxid_33968_Leuconostoc_pseudomesenteroides,0.9999996423721312,0.8743600845336914,0.9371798634529114
NC_002669,taxid_28038_Lactobacillus_curvatus,0.9999998807907104,0.7846497893333435,0.892324835062027
NC_002669,taxid_1358_Lactococcus_lactis,1.0,0.841923713684082,0.920961856842041
NC_002669,taxid_185300_Paludibacter_propionicigenes,1.0,0.8935507535934448,0.9467753767967224
NC_002669,taxid_147709_Carnobacterium_inhibens,1.0,0.851146936416626,0.925573468208313
NC_002669,taxid_165096_Weissella_koreensis,0.9999932050704956,0.8836169838905334,0.9418050944805145
NC_002669,GENERO_Lacrimispora_94868,1.0,0.8885650634765625,0.9442825317382812
NC_002669,GENERO_Lactococcus_1358,1.0,0.8635597229003906,0.9317798614501953
NC_002669,taxid_293371_Lactobacillus_oligofermentans,1.0,0.8697035312652588,0.9348517656326294
NC_002669,taxid_879969_Macellibacteroides_fermentans,1.0,0.7889265418052673,0.8944632709026337
NC_002669,taxid_1397_Bacillus_circulans,1.0,0.8740197420120239,0.937009871006012
NC_002669,taxid_1129792_Weissella_oryzae,0.9999966621398926,0.870408833026886,0.9352027475833893
NC_002669,taxid_1610_Lactobacillus_coryniformis,0.9999600648880004,0.7751432061195374,0.8875516355037689
NC_002669,taxid_642589_Caproiciproducens_galactitolivorans,1.0,0.7156677842140198,0.8578338921070099
NC_002669,taxid_1297750_Bacteroides_luti,1.0,0.884651780128479,0.9423258900642395
NC_024124,taxid_2479367_Buttiauxella_sp_3AFRM03,0.9999936819076538,0.7928696274757385,0.8964316546916962
NC_024124,taxid_1590_Lactiplantibacillus_plantarum,0.9999998807907104,0.7259427309036255,0.862971305847168
NC_024124,taxid_82977_Buttiauxella_agrestis,0.9999880790710448,0.7029861211776733,0.8514871001243591
NC_024124,taxid_1737571_Bacillus_oryzisoli,0.999583661556244,0.7595593333244324,0.8795714974403381
NC_024124,taxid_33968_Leuconostoc_pseudomesenteroides,0.9999998807907104,0.745077908039093,0.8725388944149017
NC_024124,taxid_185300_Paludibacter_propionicigenes,0.9999929666519164,0.7502946853637695,0.875143826007843
NC_024124,GENERO_Lacrimispora_94868,0.99994695186615,0.8128778338432312,0.9064123928546906
NC_024124,taxid_1129792_Weissella_oryzae,0.9999983310699464,0.719111442565918,0.8595548868179321
NC_024124,taxid_1610_Lactobacillus_coryniformis,0.9999994039535522,0.7064263224601746,0.8532128632068634
NC_019455,taxid_33964_Leuconostoc_citreum,0.999257743358612,0.7083373069763184,0.8537975251674652
NC_019455,taxid_1590_Lactiplantibacillus_plantarum,0.9996706247329712,0.7457667589187622,0.8727186918258667
NC_019455,taxid_1245_Leuconostoc_mesenteroides,0.9999982118606568,0.7803477644920349,0.8901729881763458
NC_019455,taxid_1737571_Bacillus_oryzisoli,0.9990437626838684,0.8282570242881775,0.913650393486023
NC_019455,taxid_33968_Leuconostoc_pseudomesenteroides,0.99999737739563,0.8103014826774597,0.9051494300365448
NC_019455,taxid_28038_Lactobacillus_curvatus,0.9999442100524902,0.7260243892669678,0.862984299659729
NC_019455,taxid_185300_Paludibacter_propionicigenes,0.9999996423721312,0.82007896900177,0.9100393056869507
NC_019455,GENERO_Lacrimispora_94868,0.9999972581863404,0.8407965898513794,0.9203969240188599
NC_019455,GENERO_Lactococcus_1358,0.9999996423721312,0.7582786679267883,0.8791391551494598
NC_019455,taxid_293371_Lactobacillus_oligofermentans,0.9999228715896606,0.7519755959510803,0.8759492337703705
NC_019455,taxid_879969_Macellibacteroides_fermentans,0.9999942779541016,0.7434386610984802,0.8717164695262909
NC_019455,taxid_1397_Bacillus_circulans,0.9999603033065796,0.736929178237915,0.8684447407722473
NC_019455,taxid_1129792_Weissella_oryzae,0.9985917210578918,0.7914303541183472,0.8950110375881195
NC_019455,taxid_1610_Lactobacillus_coryniformis,0.9994310736656188,0.7452715635299683,0.8723513185977936
NC_019455,taxid_642589_Caproiciproducens_galactitolivorans,0.9983417987823486,0.7135369181632996,0.8559393584728241
NC_019455,taxid_1297750_Bacteroides_luti,0.9999910593032836,0.7725409269332886,0.8862659931182861
NC_004584,taxid_33964_Leuconostoc_citreum,1.0,0.7445122003555298,0.8722561001777649
NC_004584,taxid_1590_Lactiplantibacillus_plantarum,1.0,0.7234694957733154,0.8617347478866577
NC_004584,taxid_1245_Leuconostoc_mesenteroides,1.0,0.8381355404853821,0.919067770242691
NC_004584,taxid_2751_Carnobacterium_maltaromaticum,1.0,0.7775691747665405,0.8887845873832703
NC_004584,taxid_1737571_Bacillus_oryzisoli,1.0,0.8892647624015808,0.9446323812007904
NC_004584,taxid_33968_Leuconostoc_pseudomesenteroides,1.0,0.851215660572052,0.925607830286026
NC_004584,taxid_28038_Lactobacillus_curvatus,1.0,0.7427517771720886,0.8713758885860443
NC_004584,taxid_1358_Lactococcus_lactis,1.0,0.8062195777893066,0.9031097888946533
NC_004584,taxid_185300_Paludibacter_propionicigenes,1.0,0.8750258684158325,0.9375129342079163
NC_004584,taxid_147709_Carnobacterium_inhibens,1.0,0.8160739541053772,0.9080369770526886
NC_004584,taxid_165096_Weissella_koreensis,1.0,0.8585985898971558,0.9292992949485779
NC_004584,GENERO_Lacrimispora_94868,1.0,0.8724358677864075,0.9362179338932037
NC_004584,GENERO_Lactococcus_1358,1.0,0.8358559012413025,0.9179279506206512
NC_004584,taxid_293371_Lactobacillus_oligofermentans,1.0,0.8402466773986816,0.9201233386993408
NC_004584,taxid_879969_Macellibacteroides_fermentans,1.0,0.757015585899353,0.8785077929496765
NC_004584,taxid_1397_Bacillus_circulans,1.0,0.8432385325431824,0.9216192662715912
NC_004584,taxid_1129792_Weissella_oryzae,1.0,0.8434057235717773,0.9217028617858887
NC_004584,taxid_1610_Lactobacillus_coryniformis,1.0,0.7382851243019104,0.8691425621509552
NC_004584,taxid_1297750_Bacteroides_luti,1.0,0.8618621826171875,0.9309310913085938
NC_028969,taxid_1245_Leuconostoc_mesenteroides,0.9999781847000122,0.7384040951728821,0.8691911399364471
NC_028969,taxid_1737571_Bacillus_oryzisoli,0.972994863986969,0.7982134819030762,0.8856041729450226
NC_028969,taxid_33968_Leuconostoc_pseudomesenteroides,0.9999738931655884,0.7471776008605957,0.873575747013092
NC_028969,taxid_185300_Paludibacter_propionicigenes,0.9994194507598876,0.7808958888053894,0.8901576697826385
NC_028969,GENERO_Lacrimispora_94868,0.971791684627533,0.7873329520225525,0.8795623183250427
NC_028969,GENERO_Lactococcus_1358,0.999998927116394,0.7239332795143127,0.8619661033153534
NC_028969,taxid_293371_Lactobacillus_oligofermentans,0.9994009733200072,0.7293357849121094,0.8643683791160583
NC_028969,taxid_1129792_Weissella_oryzae,0.9990701079368592,0.7365710139274597,0.8678205609321594
NC_021325,taxid_1737571_Bacillus_oryzisoli,0.9346943497657776,0.8202713131904602,0.8774828314781189
NC_021325,taxid_185300_Paludibacter_propionicigenes,0.9994969367980956,0.7716712355613708,0.8855840861797333
NC_021325,taxid_147709_Carnobacterium_inhibens,0.999966025352478,0.7710046172142029,0.8854853212833405
NC_021325,GENERO_Lacrimispora_94868,0.997646987438202,0.7411376237869263,0.8693923056125641
NC_021325,taxid_1397_Bacillus_circulans,0.9999985694885254,0.816332221031189,0.9081653952598572
NC_021325,taxid_1297750_Bacteroides_luti,0.9999991655349731,0.7877435088157654,0.8938713371753693
NC_004586,taxid_33964_Leuconostoc_citreum,0.9999985694885254,0.7593956589698792,0.8796971142292023
NC_004586,taxid_1590_Lactiplantibacillus_plantarum,0.9999728202819824,0.7372914552688599,0.8686321377754211
NC_004586,taxid_1245_Leuconostoc_mesenteroides,1.0,0.8477506637573242,0.9238753318786621
NC_004586,taxid_2751_Carnobacterium_maltaromaticum,1.0,0.7888590693473816,0.8944295346736908
NC_004586,taxid_1737571_Bacillus_oryzisoli,1.0,0.8958001136779785,0.9479000568389893
NC_004586,taxid_33968_Leuconostoc_pseudomesenteroides,1.0,0.8596097230911255,0.9298048615455627
NC_004586,taxid_28038_Lactobacillus_curvatus,1.0,0.7579210996627808,0.8789605498313904
NC_004586,taxid_1358_Lactococcus_lactis,1.0,0.8162376284599304,0.9081188142299652
NC_004586,taxid_185300_Paludibacter_propionicigenes,1.0,0.881408154964447,0.9407040774822235
NC_004586,taxid_147709_Carnobacterium_inhibens,1.0,0.8252968192100525,0.9126484096050262
NC_004586,taxid_165096_Weissella_koreensis,0.9999998807907104,0.8660860657691956,0.933042973279953
NC_004586,GENERO_Lacrimispora_94868,1.0,0.8773580193519592,0.9386790096759796
NC_004586,GENERO_Lactococcus_1358,1.0,0.845090389251709,0.9225451946258545
NC_004586,taxid_293371_Lactobacillus_oligofermentans,1.0,0.8495014905929565,0.9247507452964783
NC_004586,taxid_879969_Macellibacteroides_fermentans,1.0,0.7695254683494568,0.8847627341747284
NC_004586,taxid_1397_Bacillus_circulans,1.0,0.8516771793365479,0.9258385896682739
NC_004586,taxid_1129792_Weissella_oryzae,0.9999997615814208,0.852983295917511,0.9264915287494659
NC_004586,taxid_1610_Lactobacillus_coryniformis,0.9999961853027344,0.7512892484664917,0.875642716884613
NC_004586,taxid_642589_Caproiciproducens_galactitolivorans,1.0,0.7035750150680542,0.8517875075340271
NC_004586,taxid_1297750_Bacteroides_luti,1.0,0.869694709777832,0.934847354888916
NC_007060,taxid_1245_Leuconostoc_mesenteroides,0.9999951124191284,0.7558379173278809,0.8779165148735046
NC_007060,taxid_2751_Carnobacterium_maltaromaticum,0.9999954700469972,0.731791615486145,0.865893542766571
NC_007060,taxid_1737571_Bacillus_oryzisoli,0.9999998807907104,0.836438000202179,0.9182189404964447
NC_007060,taxid_33968_Leuconostoc_pseudomesenteroides,0.9970982074737548,0.7590996026992798,0.8780989050865173
NC_007060,taxid_1358_Lactococcus_lactis,0.9999905824661256,0.7634945511817932,0.8817425668239594
NC_007060,taxid_185300_Paludibacter_propionicigenes,1.0,0.8034703135490417,0.9017351567745209
NC_007060,taxid_147709_Carnobacterium_inhibens,1.0,0.7812597751617432,0.8906298875808716
NC_007060,taxid_165096_Weissella_koreensis,0.941742479801178,0.8017786741256714,0.8717605769634247
NC_007060,GENERO_Lacrimispora_94868,1.0,0.7944905757904053,0.8972452878952026
NC_007060,GENERO_Lactococcus_1358,1.0,0.7583250403404236,0.8791625201702118
NC_007060,taxid_293371_Lactobacillus_oligofermentans,0.9999992847442628,0.7841828465461731,0.8920910656452179
NC_007060,taxid_1397_Bacillus_circulans,1.0,0.8110135793685913,0.9055067896842957
NC_007060,taxid_1129792_Weissella_oryzae,0.95727276802063,0.7582569718360901,0.85776486992836
NC_007060,taxid_1297750_Bacteroides_luti,1.0,0.8072845339775085,0.9036422669887543
NC_024212,taxid_2479367_Buttiauxella_sp_3AFRM03,0.9457820057868958,0.8039966821670532,0.8748893439769745
NC_024212,taxid_33964_Leuconostoc_citreum,0.998636782169342,0.7299986481666565,0.8643177151679993
NC_024212,taxid_1590_Lactiplantibacillus_plantarum,0.999882698059082,0.7518330812454224,0.8758578896522522
NC_024212,taxid_1245_Leuconostoc_mesenteroides,0.999985933303833,0.8095242977142334,0.9047551155090332
NC_024212,taxid_1737571_Bacillus_oryzisoli,0.9637313485145568,0.8496255278587341,0.9066784381866455
NC_024212,taxid_33968_Leuconostoc_pseudomesenteroides,0.9999897480010986,0.8343052268028259,0.9171474874019623
NC_024212,taxid_28038_Lactobacillus_curvatus,0.9999042749404908,0.7404424548149109,0.8701733648777008
NC_024212,taxid_185300_Paludibacter_propionicigenes,0.9996289014816284,0.8451303243637085,0.9223796129226685
NC_024212,GENERO_Lacrimispora_94868,0.9969066977500916,0.8677656650543213,0.9323361814022064
NC_024212,GENERO_Lactococcus_1358,0.9999969005584716,0.7894229292869568,0.8947099149227142
NC_024212,taxid_293371_Lactobacillus_oligofermentans,0.9994090795516968,0.7849239706993103,0.8921665251255035
NC_024212,taxid_879969_Macellibacteroides_fermentans,0.987747073173523,0.7531533241271973,0.8704501986503601
NC_024212,taxid_1397_Bacillus_circulans,0.9710693955421448,0.7693877220153809,0.8702285587787628
NC_024212,taxid_1129792_Weissella_oryzae,0.9994125366210938,0.8176825046539307,0.9085475206375122
NC_024212,taxid_1610_Lactobacillus_coryniformis,0.9985079169273376,0.7560484409332275,0.8772781789302826
NC_024212,taxid_1297750_Bacteroides_luti,0.9845089316368104,0.7986335754394531,0.8915712535381317
NC_020883,taxid_1737571_Bacillus_oryzisoli,1.0,0.724658191204071,0.8623290956020355
NC_020883,taxid_33968_Leuconostoc_pseudomesenteroides,1.0,0.7167634963989258,0.8583817481994629
NC_020883,taxid_185300_Paludibacter_propionicigenes,1.0,0.7255152463912964,0.8627576231956482
NC_020883,GENERO_Lacrimispora_94868,1.0,0.7693809866905212,0.8846904933452606
NC_011612,taxid_1737571_Bacillus_oryzisoli,0.9966490864753724,0.8601356744766235,0.9283923804759979
NC_011612,taxid_185300_Paludibacter_propionicigenes,0.995926022529602,0.8292602300643921,0.9125931262969971
NC_011612,taxid_147709_Carnobacterium_inhibens,0.9998801946640016,0.8073245286941528,0.9036023616790771
NC_011612,GENERO_Lacrimispora_94868,0.9985113739967346,0.8199661374092102,0.9092387557029724
NC_011612,GENERO_Lactococcus_1358,0.9972108006477356,0.7818613052368164,0.889536052942276
NC_011612,taxid_1397_Bacillus_circulans,0.9999992847442628,0.8410184979438782,0.9205088913440704
NC_011612,taxid_1297750_Bacteroides_luti,0.9999924898147584,0.832866907119751,0.9164296984672546
NC_018285,taxid_33964_Leuconostoc_citreum,0.9999672174453736,0.7282419800758362,0.8641045987606049
NC_018285,taxid_1590_Lactiplantibacillus_plantarum,0.9999918937683104,0.7242821455001831,0.8621370196342468
NC_018285,taxid_1245_Leuconostoc_mesenteroides,1.0,0.8070616126060486,0.9035308063030243
NC_018285,taxid_1737571_Bacillus_oryzisoli,1.0,0.8491946458816528,0.9245973229408264
NC_018285,taxid_33968_Leuconostoc_pseudomesenteroides,0.9999995231628418,0.8317252397537231,0.9158623814582825
NC_018285,taxid_28038_Lactobacillus_curvatus,1.0,0.7336621284484863,0.8668310642242432
NC_018285,taxid_1358_Lactococcus_lactis,0.9999901056289672,0.7314119935035706,0.8657010495662689
NC_018285,taxid_185300_Paludibacter_propionicigenes,1.0,0.8455911874771118,0.9227955937385559
NC_018285,taxid_147709_Carnobacterium_inhibens,0.9999974966049194,0.7424882650375366,0.871242880821228
NC_018285,taxid_165096_Weissella_koreensis,0.9991506338119508,0.8116551637649536,0.9054028987884521
NC_018285,GENERO_Lacrimispora_94868,0.9999998807907104,0.8600095510482788,0.9300047159194946
NC_018285,GENERO_Lactococcus_1358,1.0,0.788653552532196,0.894326776266098
NC_018285,taxid_293371_Lactobacillus_oligofermentans,1.0,0.7848512530326843,0.8924256265163422
NC_018285,taxid_879969_Macellibacteroides_fermentans,0.9999992847442628,0.7493473887443542,0.8746733367443085
NC_018285,taxid_1397_Bacillus_circulans,1.0,0.7763475179672241,0.8881737589836121
NC_018285,taxid_1129792_Weissella_oryzae,0.9999948740005492,0.815133273601532,0.9075640738010406
NC_018285,taxid_1610_Lactobacillus_coryniformis,0.9999902248382568,0.7371195554733276,0.8685548901557922
NC_018285,taxid_1297750_Bacteroides_luti,1.0,0.8053978681564331,0.9026989340782166
NC_022914,taxid_1397_Bacillus_circulans,0.9873617887496948,0.8606374859809875,0.9239996373653412
NC_004928,taxid_2479367_Buttiauxella_sp_3AFRM03,0.9999970197677612,0.7717434167861938,0.8858702182769775
NC_023590,GENERO_Lacrimispora_94868,0.9999656677246094,0.740980327129364,0.8704729974269867
NC_004589,taxid_1245_Leuconostoc_mesenteroides,0.9970683455467224,0.8499672412872314,0.9235177934169769
NC_004589,taxid_2751_Carnobacterium_maltaromaticum,0.9732733368873596,0.7788304090499878,0.8760518729686737
NC_004589,taxid_1737571_Bacillus_oryzisoli,0.9999200105667114,0.8932318091392517,0.9465759098529816
NC_004589,taxid_1358_Lactococcus_lactis,0.956612765789032,0.8084766268730164,0.8825446963310242
NC_004589,taxid_185300_Paludibacter_propionicigenes,0.9999998807907104,0.8819544315338135,0.940977156162262
NC_004589,taxid_147709_Carnobacterium_inhibens,0.9999979734420776,0.817520260810852,0.9087591171264648
NC_004589,GENERO_Lacrimispora_94868,0.9999991655349731,0.8791201114654541,0.9395596385002136
NC_004589,GENERO_Lactococcus_1358,0.9999880790710448,0.8453011512756348,0.9226446151733398
NC_004589,taxid_293371_Lactobacillus_oligofermentans,0.9989030361175536,0.8457524180412292,0.9223277270793915
NC_004589,taxid_879969_Macellibacteroides_fermentans,0.9999984502792358,0.7812252640724182,0.890611857175827
NC_004589,taxid_1397_Bacillus_circulans,1.0,0.8465368747711182,0.9232684373855591
NC_004589,taxid_642589_Caproiciproducens_galactitolivorans,0.9979535341262816,0.7240741848945618,0.8610138595104218
NC_004589,taxid_1297750_Bacteroides_luti,1.0,0.8662359118461609,0.9331179559230804
NC_008201,taxid_33964_Leuconostoc_citreum,0.9999988079071044,0.7201459407806396,0.8600723743438721
NC_008201,taxid_1590_Lactiplantibacillus_plantarum,0.9999980926513672,0.7156150937080383,0.8578065931797028
NC_008201,taxid_1245_Leuconostoc_mesenteroides,1.0,0.7948401570320129,0.8974200785160065
NC_008201,taxid_1737571_Bacillus_oryzisoli,1.0,0.8405221104621887,0.9202610552310944
NC_008201,taxid_33968_Leuconostoc_pseudomesenteroides,1.0,0.8196219205856323,0.9098109602928162
NC_008201,taxid_28038_Lactobacillus_curvatus,1.0,0.7265351414680481,0.863267570734024
NC_008201,taxid_1358_Lactococcus_lactis,1.0,0.7221973538398743,0.8610986769199371
NC_008201,taxid_185300_Paludibacter_propionicigenes,1.0,0.8341808915138245,0.9170904457569122
NC_008201,taxid_147709_Carnobacterium_inhibens,1.0,0.7320295572280884,0.8660147786140442
NC_008201,taxid_165096_Weissella_koreensis,0.999998927116394,0.8005130887031555,0.9002560079097748
NC_008201,GENERO_Lacrimispora_94868,1.0,0.8461401462554932,0.9230700731277466
NC_008201,GENERO_Lactococcus_1358,1.0,0.7767508029937744,0.8883754014968872
NC_008201,taxid_293371_Lactobacillus_oligofermentans,1.0,0.7740108370780945,0.8870054185390472
NC_008201,taxid_879969_Macellibacteroides_fermentans,1.0,0.7417725920677185,0.8708862960338593
NC_008201,taxid_1397_Bacillus_circulans,1.0,0.7678245306015015,0.8839122653007507
NC_008201,taxid_1129792_Weissella_oryzae,0.9999997615814208,0.8036608695983887,0.9018303155899048
NC_008201,taxid_1610_Lactobacillus_coryniformis,0.999998927116394,0.7288061380386353,0.8644025325775146
NC_008201,taxid_1297750_Bacteroides_luti,1.0,0.7975766658782959,0.898788332939148
NC_025460,taxid_1245_Leuconostoc_mesenteroides,0.9999996423721312,0.77480548620224,0.8874025642871857
NC_025460,taxid_2751_Carnobacterium_maltaromaticum,1.0,0.7439505457878113,0.8719752728939056
NC_025460,taxid_1737571_Bacillus_oryzisoli,1.0,0.8449683785438538,0.9224841892719269
NC_025460,taxid_33968_Leuconostoc_pseudomesenteroides,0.99995756149292,0.7747492790222168,0.8873534202575684
NC_025460,taxid_1358_Lactococcus_lactis,1.0,0.7733660340309143,0.8866830170154572
NC_025460,taxid_185300_Paludibacter_propionicigenes,1.0,0.8156979084014893,0.9078489542007446
NC_025460,taxid_147709_Carnobacterium_inhibens,1.0,0.7931451201438904,0.8965725600719452
NC_025460,taxid_165096_Weissella_koreensis,0.9996474981307985,0.8168556690216064,0.9082515835762024
NC_025460,GENERO_Lacrimispora_94868,1.0,0.8011651635169983,0.9005825817584991
NC_025460,GENERO_Lactococcus_1358,1.0,0.775020956993103,0.8875104784965515
NC_025460,taxid_293371_Lactobacillus_oligofermentans,1.0,0.798861563205719,0.8994307816028595
NC_025460,taxid_1397_Bacillus_circulans,1.0,0.8245145678520203,0.9122572839260101
NC_025460,taxid_1129792_Weissella_oryzae,0.9991926550865172,0.7744084000587463,0.8868005275726318
NC_025460,taxid_1297750_Bacteroides_luti,1.0,0.8190116286277771,0.9095058143138885
NC_020877,taxid_1245_Leuconostoc_mesenteroides,1.0,0.7831712961196899,0.891585648059845
NC_020877,taxid_2751_Carnobacterium_maltaromaticum,1.0,0.7637069225311279,0.881853461265564
NC_020877,taxid_1737571_Bacillus_oryzisoli,1.0,0.8512452244758606,0.9256226122379303
NC_020877,taxid_33968_Leuconostoc_pseudomesenteroides,1.0,0.782640278339386,0.891320139169693
NC_020877,taxid_1358_Lactococcus_lactis,1.0,0.7868465185165405,0.8934232592582703
NC_020877,taxid_185300_Paludibacter_propionicigenes,1.0,0.8242468237876892,0.9121234118938446
NC_020877,taxid_147709_Carnobacterium_inhibens,1.0,0.8065407872200012,0.9032703936100006
NC_020877,taxid_165096_Weissella_koreensis,0.9999982118606568,0.8242536783218384,0.9121259450912476
NC_020877,GENERO_Lacrimispora_94868,1.0,0.8080980181694031,0.9040490090847015
NC_020877,GENERO_Lactococcus_1358,1.0,0.7842353582382202,0.8921176791191101
NC_020877,taxid_293371_Lactobacillus_oligofermentans,1.0,0.8079315423965454,0.9039657711982727
NC_020877,taxid_1397_Bacillus_circulans,1.0,0.8389682173728943,0.9194841086864471
NC_020877,taxid_1129792_Weissella_oryzae,0.9999998807907104,0.7831767201423645,0.8915883004665375
NC_020877,taxid_1297750_Bacteroides_luti,1.0,0.8302162289619446,0.9151081144809723
NC_020871,taxid_1245_Leuconostoc_mesenteroides,1.0,0.8021145462989807,0.9010572731494904
NC_020871,taxid_2751_Carnobacterium_maltaromaticum,0.9999998807907104,0.7445893883705139,0.8722946345806122
NC_020871,taxid_1737571_Bacillus_oryzisoli,1.0,0.8568410873413086,0.9284205436706543
NC_020871,taxid_33968_Leuconostoc_pseudomesenteroides,1.0,0.8097860813140869,0.9048930406570435
NC_020871,taxid_1358_Lactococcus_lactis,1.0,0.7811338901519775,0.8905669450759888
NC_020871,taxid_185300_Paludibacter_propionicigenes,1.0,0.8395135402679443,0.9197567701339722
NC_020871,taxid_147709_Carnobacterium_inhibens,1.0,0.7919266223907471,0.8959633111953735
NC_020871,taxid_165096_Weissella_koreensis,0.9999997615814208,0.8300085663795471,0.915004163980484
NC_020871,GENERO_Lacrimispora_94868,1.0,0.8341380953788757,0.9170690476894379
NC_020871,GENERO_Lactococcus_1358,1.0,0.7965501546859741,0.8982750773429871
NC_020871,taxid_293371_Lactobacillus_oligofermentans,1.0,0.8109476566314697,0.9054738283157349
NC_020871,taxid_1397_Bacillus_circulans,1.0,0.8213813304901123,0.9106906652450562
NC_020871,taxid_1129792_Weissella_oryzae,1.0,0.8041998744010925,0.9020999372005463
NC_020871,taxid_1297750_Bacteroides_luti,1.0,0.8234066367149353,0.9117033183574677
NC_015159,taxid_2479367_Buttiauxella_sp_3AFRM03,0.9999948740005492,0.8027968406677246,0.901395857334137
NC_015159,taxid_82992_Buttiauxella_noackiae,0.9999972581863404,0.7019156813621521,0.8509564697742462
NC_015159,taxid_1590_Lactiplantibacillus_plantarum,1.0,0.7420890927314758,0.8710445463657379
NC_015159,taxid_82977_Buttiauxella_agrestis,0.9999876022338868,0.7080254554748535,0.8540065288543701
NC_015159,taxid_1245_Leuconostoc_mesenteroides,1.0,0.718443751335144,0.859221875667572
NC_015159,taxid_1737571_Bacillus_oryzisoli,0.9999986886978148,0.7765634655952454,0.8882810771465302
NC_015159,taxid_33968_Leuconostoc_pseudomesenteroides,1.0,0.7626456022262573,0.8813228011131287
NC_015159,taxid_185300_Paludibacter_propionicigenes,1.0,0.7645986080169678,0.8822993040084839
NC_015159,taxid_165096_Weissella_koreensis,0.9998164772987366,0.7168422341346741,0.8583293557167053
NC_015159,GENERO_Lacrimispora_94868,0.9999998807907104,0.8121896386146545,0.9060947597026825
NC_015159,taxid_1129792_Weissella_oryzae,1.0,0.7389561533927917,0.8694780766963959
NC_015159,taxid_1610_Lactobacillus_coryniformis,1.0,0.7088201642036438,0.8544100821018219
NC_015159,taxid_642589_Caproiciproducens_galactitolivorans,0.9999972581863404,0.7049853801727295,0.8524913191795349
NC_009018,taxid_33964_Leuconostoc_citreum,1.0,0.7466045022010803,0.8733022511005402
NC_009018,taxid_1590_Lactiplantibacillus_plantarum,1.0,0.7276703119277954,0.8638351559638977
NC_009018,taxid_1245_Leuconostoc_mesenteroides,1.0,0.8439067006111145,0.9219533503055573
NC_009018,taxid_2751_Carnobacterium_maltaromaticum,1.0,0.7959561347961426,0.8979780673980713
NC_009018,taxid_1737571_Bacillus_oryzisoli,1.0,0.8969168663024902,0.9484584331512451
NC_009018,taxid_33968_Leuconostoc_pseudomesenteroides,1.0,0.855968177318573,0.9279840886592865
NC_009018,taxid_28038_Lactobacillus_curvatus,1.0,0.7467458248138428,0.8733729124069214
NC_009018,taxid_1358_Lactococcus_lactis,1.0,0.8214571475982666,0.9107285737991333
NC_009018,taxid_185300_Paludibacter_propionicigenes,1.0,0.8803643584251404,0.9401821792125702
NC_009018,taxid_147709_Carnobacterium_inhibens,1.0,0.8319286704063416,0.9159643352031708
NC_009018,taxid_165096_Weissella_koreensis,1.0,0.8674619793891907,0.9337309896945953
NC_009018,GENERO_Lacrimispora_94868,1.0,0.8777245283126831,0.9388622641563416
NC_009018,GENERO_Lactococcus_1358,1.0,0.8426557183265686,0.9213278591632843
NC_009018,taxid_293371_Lactobacillus_oligofermentans,1.0,0.8510139584541321,0.925506979227066
NC_009018,taxid_879969_Macellibacteroides_fermentans,1.0,0.7619447112083435,0.8809723556041718
NC_009018,taxid_1397_Bacillus_circulans,1.0,0.8590262532234192,0.9295131266117096
NC_009018,taxid_1129792_Weissella_oryzae,1.0,0.8500053286552429,0.9250026643276215
NC_009018,taxid_1610_Lactobacillus_coryniformis,1.0,0.7429953217506409,0.8714976608753204
NC_009018,taxid_1297750_Bacteroides_luti,1.0,0.8731608390808105,0.9365804195404053
NC_031931,taxid_1245_Leuconostoc_mesenteroides,0.999995231628418,0.8109044432640076,0.9054498374462128
NC_031931,taxid_2751_Carnobacterium_maltaromaticum,0.9999996423721312,0.787606418132782,0.8938030302524567
NC_031931,taxid_1737571_Bacillus_oryzisoli,1.0,0.8725312352180481,0.936265617609024
NC_031931,taxid_33968_Leuconostoc_pseudomesenteroides,0.997703492641449,0.8165911436080933,0.9071473181247711
NC_031931,taxid_1358_Lactococcus_lactis,0.9999994039535522,0.8089890480041504,0.9044942259788513
NC_031931,taxid_185300_Paludibacter_propionicigenes,1.0,0.8501948118209839,0.9250974059104919
NC_031931,taxid_147709_Carnobacterium_inhibens,1.0,0.826398491859436,0.913199245929718
NC_031931,taxid_165096_Weissella_koreensis,0.979861855506897,0.8454890251159668,0.9126754403114319
NC_031931,GENERO_Lacrimispora_94868,1.0,0.8406410217285156,0.9203205108642578
NC_031931,GENERO_Lactococcus_1358,1.0,0.8093891739845276,0.9046945869922638
NC_031931,taxid_293371_Lactobacillus_oligofermentans,0.9999998807907104,0.829280436038971,0.9146401584148407
NC_031931,taxid_1397_Bacillus_circulans,1.0,0.8564069271087646,0.9282034635543823
NC_031931,taxid_1129792_Weissella_oryzae,0.9448035359382628,0.8138915300369263,0.8793475329875946
NC_031931,taxid_1297750_Bacteroides_luti,1.0,0.8512412309646606,0.9256206154823303
NC_028099,taxid_1737571_Bacillus_oryzisoli,1.0,0.7620054483413696,0.8810027241706848
NC_028099,taxid_33968_Leuconostoc_pseudomesenteroides,1.0,0.7191369533538818,0.8595684766769409
NC_028099,taxid_185300_Paludibacter_propionicigenes,1.0,0.7404060363769531,0.8702030181884766
NC_028099,taxid_165096_Weissella_koreensis,0.99980229139328,0.713716447353363,0.8567593693733215
NC_028099,GENERO_Lacrimispora_94868,1.0,0.7585611939430237,0.8792805969715118
NC_028099,taxid_1129792_Weissella_oryzae,0.9999994039535522,0.7111127376556396,0.855556070804596
NC_005344,taxid_2479367_Buttiauxella_sp_3AFRM03,0.9999996423721312,0.7283364534378052,0.8641680479049683
NC_028671,taxid_1245_Leuconostoc_mesenteroides,0.9769992232322692,0.8048425912857056,0.8909209072589874
NC_028671,taxid_2751_Carnobacterium_maltaromaticum,0.9950146079063416,0.7761236429214478,0.8855691254138947
NC_028671,taxid_1737571_Bacillus_oryzisoli,0.9999052286148072,0.8650728464126587,0.9324890375137329
NC_028671,taxid_1358_Lactococcus_lactis,0.9879242181777954,0.8020329475402832,0.8949785828590393
NC_028671,taxid_185300_Paludibacter_propionicigenes,0.9999996423721312,0.841309666633606,0.9206546545028687
NC_028671,taxid_147709_Carnobacterium_inhibens,0.9999997615814208,0.8181074857711792,0.9090536236763
NC_028671,GENERO_Lacrimispora_94868,0.9999974966049194,0.8312914967536926,0.915644496679306
NC_028671,GENERO_Lactococcus_1358,0.9999582767486572,0.8046742081642151,0.9023162424564362
NC_028671,taxid_293371_Lactobacillus_oligofermentans,0.997738003730774,0.8236249685287476,0.9106814861297607
NC_028671,taxid_1397_Bacillus_circulans,1.0,0.84543377161026,0.92271688580513
NC_028671,taxid_1297750_Bacteroides_luti,1.0,0.842343807220459,0.9211719036102295
NC_007066,taxid_1245_Leuconostoc_mesenteroides,0.9999998807907104,0.7632611393928528,0.8816305100917816
NC_007066,taxid_2751_Carnobacterium_maltaromaticum,1.0,0.7260065674781799,0.86300328373909
NC_007066,taxid_1737571_Bacillus_oryzisoli,1.0,0.8365168571472168,0.9182584285736084
NC_007066,taxid_33968_Leuconostoc_pseudomesenteroides,0.9999886751174928,0.759028434753418,0.8795085549354553
NC_007066,taxid_1358_Lactococcus_lactis,1.0,0.7598782181739807,0.8799391090869904
NC_007066,taxid_185300_Paludibacter_propionicigenes,1.0,0.8080847859382629,0.9040423929691315
NC_007066,taxid_147709_Carnobacterium_inhibens,1.0,0.7811279892921448,0.8905639946460724
NC_007066,taxid_165096_Weissella_koreensis,0.9996825456619264,0.8072090744972229,0.9034458100795746
NC_007066,GENERO_Lacrimispora_94868,1.0,0.7914345860481262,0.8957172930240631
NC_007066,GENERO_Lactococcus_1358,1.0,0.7625237703323364,0.8812618851661682
NC_007066,taxid_293371_Lactobacillus_oligofermentans,1.0,0.786442220211029,0.8932211101055145
NC_007066,taxid_1397_Bacillus_circulans,1.0,0.8161028623580933,0.9080514311790466
NC_007066,taxid_1129792_Weissella_oryzae,0.9998617172241212,0.7613340020179749,0.880597859621048
NC_007066,taxid_1297750_Bacteroides_luti,1.0,0.8099204897880554,0.9049602448940277
NC_010324,taxid_2479367_Buttiauxella_sp_3AFRM03,0.993671417236328,0.7734401822090149,0.8835557997226715
NC_017985,taxid_2479367_Buttiauxella_sp_3AFRM03,0.9999090433120728,0.753814697265625,0.8768618702888489
NC_019538,taxid_2479367_Buttiauxella_sp_3AFRM03,0.999985933303833,0.7355743646621704,0.8677801489830017
NC_008723,taxid_1245_Leuconostoc_mesenteroides,0.999755322933197,0.7555760741233826,0.8776656985282898
NC_008723,taxid_1737571_Bacillus_oryzisoli,0.8825337886810303,0.8383479714393616,0.8604408800601959
NC_008723,taxid_33968_Leuconostoc_pseudomesenteroides,0.9927114248275756,0.7592136859893799,0.8759625554084778
NC_008723,taxid_185300_Paludibacter_propionicigenes,0.999913454055786,0.8054547309875488,0.9026840925216675
NC_008723,taxid_147709_Carnobacterium_inhibens,0.984139919281006,0.7818613052368164,0.8830006122589111
NC_008723,GENERO_Lacrimispora_94868,0.9959316849708556,0.7977673411369324,0.896849513053894
NC_008723,GENERO_Lactococcus_1358,0.9999746084213256,0.7576324343681335,0.8788035213947296
NC_008723,taxid_293371_Lactobacillus_oligofermentans,0.9989672899246216,0.7838046550750732,0.8913859724998474
NC_008723,taxid_1397_Bacillus_circulans,0.9998264908790588,0.8146697282791138,0.9072481095790863
NC_008723,taxid_1297750_Bacteroides_luti,0.999911904335022,0.8092069029808044,0.9045594036579132
NC_019541,taxid_33964_Leuconostoc_citreum,1.0,0.7383211255073547,0.8691605627536774
NC_019541,taxid_1590_Lactiplantibacillus_plantarum,0.9999998807907104,0.7409965395927429,0.8704982101917267
NC_019541,taxid_1245_Leuconostoc_mesenteroides,1.0,0.8144788146018982,0.9072394073009491
NC_019541,taxid_1737571_Bacillus_oryzisoli,1.0,0.8592942953109741,0.9296471476554871
NC_019541,taxid_33968_Leuconostoc_pseudomesenteroides,1.0,0.8385751247406006,0.9192875623703003
NC_019541,taxid_28038_Lactobacillus_curvatus,1.0,0.746042013168335,0.8730210065841675
NC_019541,taxid_1358_Lactococcus_lactis,0.9999979734420776,0.7398935556411743,0.869945764541626
NC_019541,taxid_185300_Paludibacter_propionicigenes,1.0,0.8533936738967896,0.9266968369483948
NC_019541,taxid_147709_Carnobacterium_inhibens,0.9999997615814208,0.7521377801895142,0.8760687708854675
NC_019541,taxid_165096_Weissella_koreensis,0.9999942779541016,0.8212977051734924,0.910645991563797
NC_019541,GENERO_Lacrimispora_94868,1.0,0.8608323335647583,0.9304161667823792
NC_019541,GENERO_Lactococcus_1358,1.0,0.7988431453704834,0.8994215726852417
NC_019541,taxid_293371_Lactobacillus_oligofermentans,1.0,0.7946488261222839,0.897324413061142
NC_019541,taxid_879969_Macellibacteroides_fermentans,1.0,0.7611874938011169,0.8805937469005585
NC_019541,taxid_1397_Bacillus_circulans,1.0,0.7920185923576355,0.8960092961788177
NC_019541,taxid_1129792_Weissella_oryzae,1.0,0.8226739764213562,0.9113369882106781
NC_019541,taxid_1610_Lactobacillus_coryniformis,0.9999998807907104,0.7481347322463989,0.8740673065185547
NC_019541,taxid_642589_Caproiciproducens_galactitolivorans,0.9999988079071044,0.711319088935852,0.8556589484214783
NC_019541,taxid_1297750_Bacteroides_luti,1.0,0.823488175868988,0.911744087934494
NC_028775,taxid_1245_Leuconostoc_mesenteroides,0.9087415933609008,0.82008296251297,0.8644122779369354
NC_028775,taxid_1737571_Bacillus_oryzisoli,0.9997826218605042,0.8700404167175293,0.9349115192890167
NC_028775,taxid_185300_Paludibacter_propionicigenes,0.9999723434448242,0.8535746932029724,0.9267735183238983
NC_028775,taxid_147709_Carnobacterium_inhibens,0.9996981620788574,0.8162547945976257,0.9079764783382416
NC_028775,GENERO_Lacrimispora_94868,0.99968421459198,0.8477514982223511,0.9237178564071655
NC_028775,GENERO_Lactococcus_1358,0.9999920129776,0.8151453137397766,0.9075686633586884
NC_028775,taxid_293371_Lactobacillus_oligofermentans,0.9907962083816528,0.8283117413520813,0.9095539748668671
NC_028775,taxid_1397_Bacillus_circulans,0.9999995231628418,0.8440034985542297,0.9220015108585358
NC_028775,taxid_1297750_Bacteroides_luti,0.9999929666519164,0.8456817865371704,0.9228373765945435
NC_015158,taxid_1590_Lactiplantibacillus_plantarum,0.9999972581863404,0.7168981432914734,0.8584477007389069
NC_015158,taxid_33968_Leuconostoc_pseudomesenteroides,0.9999988079071044,0.7072144746780396,0.853606641292572
NC_022747,GENERO_Lacrimispora_94868,0.9999935626983644,0.7182112336158752,0.8591023981571198
NC_020478,taxid_2479367_Buttiauxella_sp_3AFRM03,0.9957379102706908,0.7156822085380554,0.8557100594043732
NC_020478,taxid_1245_Leuconostoc_mesenteroides,0.9999762773513794,0.7583328485488892,0.8791545629501343
NC_020478,taxid_33968_Leuconostoc_pseudomesenteroides,0.9999997615814208,0.7866392731666565,0.8933195173740387
NC_020478,taxid_185300_Paludibacter_propionicigenes,0.972630262374878,0.7974442839622498,0.8850372731685638
NC_020478,GENERO_Lactococcus_1358,0.9998095631599426,0.7319696545600891,0.8658896088600159
NC_020478,taxid_1129792_Weissella_oryzae,0.9999183416366576,0.7654954195022583,0.882706880569458
NC_027979,taxid_2479367_Buttiauxella_sp_3AFRM03,0.9984972476959229,0.781649112701416,0.8900731801986694
NC_027979,taxid_1590_Lactiplantibacillus_plantarum,0.9999865293502808,0.7160856127738953,0.858036071062088
NC_027979,taxid_33968_Leuconostoc_pseudomesenteroides,0.9998940229415894,0.7125987410545349,0.8562463819980621
NC_010105,taxid_2479367_Buttiauxella_sp_3AFRM03,0.9999345541000366,0.7621647715568542,0.8810496628284454
NC_009821,taxid_2479367_Buttiauxella_sp_3AFRM03,0.9999955892562866,0.7404329180717468,0.8702142536640167
NC_028886,taxid_1245_Leuconostoc_mesenteroides,0.9999921321868896,0.7867391705513,0.8933656513690948
NC_028886,taxid_2751_Carnobacterium_maltaromaticum,1.0,0.7454466819763184,0.8727233409881592
NC_028886,taxid_1737571_Bacillus_oryzisoli,1.0,0.8572374582290649,0.9286187291145325
NC_028886,taxid_33968_Leuconostoc_pseudomesenteroides,0.989604353904724,0.794204831123352,0.8919045925140381
NC_028886,taxid_1358_Lactococcus_lactis,0.9999992847442628,0.7772628664970398,0.8886310756206512
NC_028886,taxid_185300_Paludibacter_propionicigenes,1.0,0.8305440545082092,0.9152720272541046
NC_028886,taxid_147709_Carnobacterium_inhibens,1.0,0.7954300045967102,0.8977150022983551
NC_028886,taxid_165096_Weissella_koreensis,0.97370183467865,0.82350754737854,0.898604691028595
NC_028886,GENERO_Lacrimispora_94868,1.0,0.8248763680458069,0.9124381840229034
NC_028886,GENERO_Lactococcus_1358,1.0,0.7844190001487732,0.8922095000743866
NC_028886,taxid_293371_Lactobacillus_oligofermentans,0.9999996423721312,0.8041809797286987,0.902090311050415
NC_028886,taxid_1397_Bacillus_circulans,1.0,0.8258751630783081,0.912937581539154
NC_028886,taxid_1297750_Bacteroides_luti,1.0,0.8264771103858948,0.9132385551929474
NC_029032,taxid_1245_Leuconostoc_mesenteroides,1.0,0.7117917537689209,0.8558958768844604
NC_029032,taxid_1737571_Bacillus_oryzisoli,0.9999977350234984,0.7528154253959656,0.8764065802097321
NC_029032,taxid_33968_Leuconostoc_pseudomesenteroides,0.9999998807907104,0.7457547783851624,0.8728773295879364
NC_029032,taxid_185300_Paludibacter_propionicigenes,1.0,0.7545283436775208,0.8772641718387604
NC_029032,taxid_165096_Weissella_koreensis,0.9994532465934752,0.7037995457649231,0.8516263961791992
NC_029032,GENERO_Lacrimispora_94868,0.9999991655349731,0.79842209815979,0.8992106318473816
NC_029032,taxid_1129792_Weissella_oryzae,0.9999982118606568,0.7207825779914856,0.8603903949260712
NC_031095,taxid_2479367_Buttiauxella_sp_3AFRM03,0.999996304512024,0.7837213277816772,0.8918588161468506
NC_031095,taxid_1590_Lactiplantibacillus_plantarum,0.9999977350234984,0.7015201449394226,0.8507589399814606
NC_031095,taxid_82977_Buttiauxella_agrestis,0.9999901056289672,0.7043100595474243,0.8521500825881958
NC_021789,taxid_147709_Carnobacterium_inhibens,0.987304389476776,0.8151147365570068,0.9012095630168915
NC_021789,taxid_1397_Bacillus_circulans,0.9998801946640016,0.8431539535522461,0.9215170741081238
NC_021789,taxid_1297750_Bacteroides_luti,0.998855471611023,0.8405150771141052,0.9196852743625641
NC_020479,taxid_1245_Leuconostoc_mesenteroides,0.9999756813049316,0.7571890950202942,0.8785823881626129
NC_020479,taxid_33968_Leuconostoc_pseudomesenteroides,0.9999984502792358,0.7851287126541138,0.8925635814666748
NC_020479,taxid_185300_Paludibacter_propionicigenes,0.9264848828315736,0.7965428829193115,0.8615138828754425
NC_020479,GENERO_Lactococcus_1358,0.997783362865448,0.7305501699447632,0.8641667664051056
NC_020479,taxid_1129792_Weissella_oryzae,0.9995808005332948,0.7639997005462646,0.8817902505397797
NC_005258,taxid_1245_Leuconostoc_mesenteroides,0.9914699196815492,0.7737932801246643,0.8826315999031067
NC_005258,taxid_185300_Paludibacter_propionicigenes,0.999848484992981,0.822884202003479,0.91136634349823
NC_005258,GENERO_Lacrimispora_94868,0.9857549667358398,0.8137974739074707,0.8997762203216553
NC_005258,GENERO_Lactococcus_1358,0.9986812472343444,0.771701455116272,0.8851913511753082
NC_005258,taxid_293371_Lactobacillus_oligofermentans,0.9653359055519104,0.7859342694282532,0.8756350874900818
NC_005258,taxid_1397_Bacillus_circulans,0.9952389001846312,0.7926565408706665,0.8939477205276489
NC_005258,taxid_1297750_Bacteroides_luti,0.999585211277008,0.8062633872032166,0.9029242992401123
NC_004777,taxid_2479367_Buttiauxella_sp_3AFRM03,0.999974489212036,0.7355606555938721,0.8677675724029541
NC_019726,taxid_1245_Leuconostoc_mesenteroides,0.9546828269958496,0.8130689263343811,0.8838758766651154
NC_019726,taxid_1737571_Bacillus_oryzisoli,0.9993517994880676,0.8701382875442505,0.9347450435161591
NC_019726,taxid_185300_Paludibacter_propionicigenes,0.9999969005584716,0.8483091592788696,0.9241530299186707
NC_019726,taxid_147709_Carnobacterium_inhibens,0.99984872341156,0.8148744106292725,0.9073615670204163
NC_019726,GENERO_Lacrimispora_94868,0.999969720840454,0.8490504026412964,0.9245100617408752
NC_019726,GENERO_Lactococcus_1358,0.9999834299087524,0.8089594841003418,0.9044714570045471
NC_019726,taxid_293371_Lactobacillus_oligofermentans,0.986554741859436,0.823036253452301,0.9047954976558685
NC_019726,taxid_1397_Bacillus_circulans,0.9999997615814208,0.8443610668182373,0.9221804141998291
NC_019726,taxid_1297750_Bacteroides_luti,0.9999992847442628,0.8404554724693298,0.9202273786067963
NC_007062,taxid_1245_Leuconostoc_mesenteroides,1.0,0.752604603767395,0.8763023018836975
NC_007062,taxid_2751_Carnobacterium_maltaromaticum,1.0,0.7321163415908813,0.8660581707954407
NC_007062,taxid_1737571_Bacillus_oryzisoli,1.0,0.8381297588348389,0.9190648794174194
NC_007062,taxid_33968_Leuconostoc_pseudomesenteroides,0.9999825954437256,0.7569791078567505,0.878480851650238
NC_007062,taxid_1358_Lactococcus_lactis,1.0,0.7601170539855957,0.8800585269927979
NC_007062,taxid_185300_Paludibacter_propionicigenes,1.0,0.8040353059768677,0.9020176529884338
NC_007062,taxid_147709_Carnobacterium_inhibens,1.0,0.7803718447685242,0.8901859223842621
NC_007062,taxid_165096_Weissella_koreensis,0.9999830722808838,0.8004805445671082,0.900231808423996
NC_007062,GENERO_Lacrimispora_94868,1.0,0.7946872115135193,0.8973436057567596
NC_007062,GENERO_Lactococcus_1358,1.0,0.7551381587982178,0.8775690793991089
NC_007062,taxid_293371_Lactobacillus_oligofermentans,1.0,0.7819085121154785,0.8909542560577393
NC_007062,taxid_1397_Bacillus_circulans,1.0,0.8129591345787048,0.9064795672893524
NC_007062,taxid_1129792_Weissella_oryzae,0.9997597336769104,0.7558084726333618,0.8777841031551361
NC_007062,taxid_1297750_Bacteroides_luti,1.0,0.8079947829246521,0.903997391462326
NC_012635,taxid_2479367_Buttiauxella_sp_3AFRM03,0.9984972476959229,0.7813751697540283,0.8899362087249756
NC_012635,taxid_1590_Lactiplantibacillus_plantarum,0.9999865293502808,0.7108409404754639,0.8554137349128723
NC_012635,taxid_33968_Leuconostoc_pseudomesenteroides,0.9998940229415894,0.7011477947235107,0.85052090883255
NC_007052,taxid_1245_Leuconostoc_mesenteroides,0.999980092048645,0.7680447697639465,0.8840124309062958
NC_007052,taxid_2751_Carnobacterium_maltaromaticum,0.9999881982803344,0.7517811059951782,0.8758846521377563
NC_007052,taxid_1737571_Bacillus_oryzisoli,1.0,0.8492032289505005,0.9246016144752502
NC_007052,taxid_33968_Leuconostoc_pseudomesenteroides,0.9987038373947144,0.7747162580490112,0.8867100477218628
NC_007052,taxid_1358_Lactococcus_lactis,0.999993085861206,0.7771862745285034,0.8885896801948547
NC_007052,taxid_185300_Paludibacter_propionicigenes,1.0,0.817793607711792,0.908896803855896
NC_007052,taxid_147709_Carnobacterium_inhibens,1.0,0.7948103547096252,0.8974051773548126
NC_007052,taxid_165096_Weissella_koreensis,0.9279482960700988,0.8133386969566345,0.8706434965133667
NC_007052,GENERO_Lacrimispora_94868,1.0,0.8094928860664368,0.9047464430332184
NC_007052,GENERO_Lactococcus_1358,1.0,0.7698730230331421,0.884936511516571
NC_007052,taxid_293371_Lactobacillus_oligofermentans,0.9999994039535522,0.7953908443450928,0.8976951241493225
NC_007052,taxid_1397_Bacillus_circulans,1.0,0.8261838555335999,0.9130919277667999
NC_007052,taxid_1129792_Weissella_oryzae,0.966460108757019,0.7718662619590759,0.8691631853580475
NC_007052,taxid_1297750_Bacteroides_luti,1.0,0.8211698532104492,0.9105849266052246
NC_030947,taxid_1245_Leuconostoc_mesenteroides,1.0,0.750329852104187,0.8751649260520935
NC_030947,taxid_2751_Carnobacterium_maltaromaticum,1.0,0.7427952885627747,0.8713976442813873
NC_030947,taxid_1737571_Bacillus_oryzisoli,1.0,0.8407991528511047,0.9203995764255524
NC_030947,taxid_33968_Leuconostoc_pseudomesenteroides,0.9999998807907104,0.7466309666633606,0.8733154237270355
NC_030947,taxid_1358_Lactococcus_lactis,1.0,0.7675464749336243,0.8837732374668121
NC_030947,taxid_185300_Paludibacter_propionicigenes,1.0,0.8037918210029602,0.9018959105014801
NC_030947,taxid_147709_Carnobacterium_inhibens,1.0,0.7923176288604736,0.8961588144302368
NC_030947,taxid_165096_Weissella_koreensis,0.9999996423721312,0.8080175518989563,0.9040085971355438
NC_030947,GENERO_Lacrimispora_94868,1.0,0.7861056923866272,0.8930528461933136
NC_030947,GENERO_Lactococcus_1358,1.0,0.7544616460800171,0.8772308230400085
NC_030947,taxid_293371_Lactobacillus_oligofermentans,1.0,0.7886487245559692,0.8943243622779846
NC_030947,taxid_1397_Bacillus_circulans,1.0,0.8301130533218384,0.9150565266609192
NC_030947,taxid_1129792_Weissella_oryzae,0.9999991655349731,0.7481232285499573,0.8740611970424652
NC_030947,taxid_1297750_Bacteroides_luti,1.0,0.814452052116394,0.907226026058197
NC_024121,taxid_2479367_Buttiauxella_sp_3AFRM03,0.9999208450317384,0.7329827547073364,0.8664517998695374
NC_031901,taxid_33964_Leuconostoc_citreum,1.0,0.7129960656166077,0.8564980328083038
NC_031901,taxid_1590_Lactiplantibacillus_plantarum,1.0,0.73272305727005,0.866361528635025
NC_031901,taxid_1245_Leuconostoc_mesenteroides,1.0,0.7919414639472961,0.8959707319736481
NC_031901,taxid_1737571_Bacillus_oryzisoli,1.0,0.8316184282302856,0.9158092141151428
NC_031901,taxid_33968_Leuconostoc_pseudomesenteroides,1.0,0.816941499710083,0.9084707498550415
NC_031901,taxid_28038_Lactobacillus_curvatus,1.0,0.7219499945640564,0.8609749972820282
NC_031901,taxid_1358_Lactococcus_lactis,1.0,0.7071391940116882,0.8535695970058441
NC_031901,taxid_185300_Paludibacter_propionicigenes,1.0,0.828557550907135,0.9142787754535675
NC_031901,taxid_147709_Carnobacterium_inhibens,1.0,0.716691792011261,0.8583458960056305
NC_031901,taxid_165096_Weissella_koreensis,1.0,0.7938575148582458,0.8969287574291229
NC_031901,GENERO_Lacrimispora_94868,1.0,0.8532175421714783,0.9266087710857391
NC_031901,GENERO_Lactococcus_1358,1.0,0.7712566256523132,0.8856283128261566
NC_031901,taxid_293371_Lactobacillus_oligofermentans,1.0,0.7670103311538696,0.8835051655769348
NC_031901,taxid_879969_Macellibacteroides_fermentans,1.0,0.7377782464027405,0.8688891232013702
NC_031901,taxid_1397_Bacillus_circulans,1.0,0.7522280216217041,0.876114010810852
NC_031901,taxid_1129792_Weissella_oryzae,1.0,0.7997795939445496,0.8998897969722748
NC_031901,taxid_1610_Lactobacillus_coryniformis,1.0,0.7381551265716553,0.8690775632858276
NC_031901,taxid_642589_Caproiciproducens_galactitolivorans,1.0,0.702168345451355,0.8510841727256775
NC_031901,taxid_1297750_Bacteroides_luti,1.0,0.781406819820404,0.890703409910202
NC_009811,taxid_1245_Leuconostoc_mesenteroides,1.0,0.8036273121833801,0.9018136560916901
NC_009811,taxid_2751_Carnobacterium_maltaromaticum,0.9999997615814208,0.749843955039978,0.8749218583106995
NC_009811,taxid_1737571_Bacillus_oryzisoli,1.0,0.8585973978042603,0.9292986989021301
NC_009811,taxid_33968_Leuconostoc_pseudomesenteroides,1.0,0.809739351272583,0.9048696756362915
NC_009811,taxid_1358_Lactococcus_lactis,1.0,0.7859043478965759,0.892952173948288
NC_009811,taxid_185300_Paludibacter_propionicigenes,1.0,0.840064525604248,0.920032262802124
NC_009811,taxid_147709_Carnobacterium_inhibens,1.0,0.7976174354553223,0.8988087177276611
NC_009811,taxid_165096_Weissella_koreensis,0.9999998807907104,0.8316419720649719,0.9158209264278412
NC_009811,GENERO_Lacrimispora_94868,1.0,0.8327355980873108,0.9163677990436554
NC_009811,GENERO_Lactococcus_1358,1.0,0.7981659770011902,0.8990829885005951
NC_009811,taxid_293371_Lactobacillus_oligofermentans,1.0,0.8132724165916443,0.9066362082958221
NC_009811,taxid_1397_Bacillus_circulans,1.0,0.8265395164489746,0.9132697582244873
NC_009811,taxid_1129792_Weissella_oryzae,1.0,0.8050373196601868,0.9025186598300934
NC_009811,taxid_1297750_Bacteroides_luti,1.0,0.8264445662498474,0.9132222831249237
NC_020484,taxid_1245_Leuconostoc_mesenteroides,0.9999961853027344,0.7675725221633911,0.8837843537330627
NC_020484,taxid_1737571_Bacillus_oryzisoli,1.0,0.8218318819999695,0.9109159409999847
NC_020484,taxid_33968_Leuconostoc_pseudomesenteroides,0.9996383190155028,0.7713090181350708,0.8854736685752869
NC_020484,taxid_1358_Lactococcus_lactis,0.9999995231628418,0.7310582399368286,0.8655288815498352
NC_020484,taxid_185300_Paludibacter_propionicigenes,1.0,0.8060413599014282,0.9030206799507141
NC_020484,taxid_147709_Carnobacterium_inhibens,1.0,0.743208110332489,0.8716040551662445
NC_020484,taxid_165096_Weissella_koreensis,0.987691342830658,0.791784405708313,0.8897378742694855
NC_020484,GENERO_Lacrimispora_94868,1.0,0.8032506704330444,0.9016253352165222
NC_020484,GENERO_Lactococcus_1358,1.0,0.7615294456481934,0.8807647228240967
NC_020484,taxid_293371_Lactobacillus_oligofermentans,0.9999997615814208,0.7693643569946289,0.8846820592880249
NC_020484,taxid_1397_Bacillus_circulans,1.0,0.776300311088562,0.888150155544281
NC_020484,taxid_1129792_Weissella_oryzae,0.9957701563835144,0.7678390741348267,0.8818046152591705
NC_020484,taxid_1297750_Bacteroides_luti,1.0,0.7867865562438965,0.8933932781219482
NC_028820,taxid_2479367_Buttiauxella_sp_3AFRM03,0.999886989593506,0.7915078997612,0.8956974446773529
NC_028820,taxid_1590_Lactiplantibacillus_plantarum,1.0,0.7327107787132263,0.8663553893566132
NC_028820,taxid_82977_Buttiauxella_agrestis,0.9996984004974364,0.7024685740470886,0.8510834872722626
NC_028820,taxid_1737571_Bacillus_oryzisoli,0.9989514350891112,0.760856032371521,0.8799037337303162
NC_028820,taxid_33968_Leuconostoc_pseudomesenteroides,1.0,0.7469313740730286,0.8734656870365143
NC_028820,taxid_185300_Paludibacter_propionicigenes,0.9999921321868896,0.7512556910514832,0.8756239116191864
NC_028820,GENERO_Lacrimispora_94868,0.9997425675392152,0.8078085780143738,0.9037755727767944
NC_028820,taxid_1129792_Weissella_oryzae,0.999992609024048,0.7240909934043884,0.8620418012142181
NC_028820,taxid_1610_Lactobacillus_coryniformis,0.9999996423721312,0.711422324180603,0.8557109832763672
NC_023612,taxid_1245_Leuconostoc_mesenteroides,1.0,0.774422287940979,0.8872111439704895
NC_023612,taxid_1737571_Bacillus_oryzisoli,1.0,0.8262043595314026,0.9131021797657013
NC_023612,taxid_33968_Leuconostoc_pseudomesenteroides,0.9999995231628418,0.8056591749191284,0.9028293490409851
NC_023612,taxid_185300_Paludibacter_propionicigenes,1.0,0.8193414807319641,0.9096707403659821
NC_023612,taxid_147709_Carnobacterium_inhibens,1.0,0.7002735733985901,0.850136786699295
NC_023612,taxid_165096_Weissella_koreensis,0.9999948740005492,0.7799062728881836,0.8899505734443665
NC_023612,GENERO_Lacrimispora_94868,1.0,0.8337993621826172,0.9168996810913086
NC_023612,GENERO_Lactococcus_1358,1.0,0.753446102142334,0.876723051071167
NC_023612,taxid_293371_Lactobacillus_oligofermentans,1.0,0.7477012872695923,0.8738506436347961
NC_023612,taxid_879969_Macellibacteroides_fermentans,1.0,0.7140564322471619,0.8570282161235809
NC_023612,taxid_1397_Bacillus_circulans,1.0,0.7401707172393799,0.8700853586196899
NC_023612,taxid_1129792_Weissella_oryzae,0.9999951124191284,0.7853883504867554,0.8926917314529419
NC_023612,taxid_1297750_Bacteroides_luti,1.0,0.7739351391792297,0.8869675695896149
NC_007501,taxid_2479367_Buttiauxella_sp_3AFRM03,0.9761711955070496,0.7908120155334473,0.8834916055202484
NC_007501,taxid_1590_Lactiplantibacillus_plantarum,0.9999890327453612,0.7527598142623901,0.8763744235038757
NC_007501,taxid_1245_Leuconostoc_mesenteroides,0.9999912977218628,0.7485511302947998,0.8742712140083313
NC_007501,taxid_33968_Leuconostoc_pseudomesenteroides,0.9999990463256836,0.7879531979560852,0.8939761221408844
NC_007501,taxid_185300_Paludibacter_propionicigenes,0.9891421794891356,0.7905192971229553,0.8898307383060455
NC_007501,GENERO_Lacrimispora_94868,0.8790456056594849,0.8227459788322449,0.8508957922458649
NC_007501,GENERO_Lactococcus_1358,0.9999194145202636,0.7144985795021057,0.8572089970111847
NC_007501,taxid_293371_Lactobacillus_oligofermentans,0.9965639710426332,0.7049543261528015,0.8507591485977173
NC_007501,taxid_1129792_Weissella_oryzae,0.9999444484710692,0.7626771330833435,0.8813107907772064
NC_007501,taxid_1610_Lactobacillus_coryniformis,0.9999452829360962,0.728361189365387,0.8641532361507416
NC_021316,taxid_2479367_Buttiauxella_sp_3AFRM03,0.998279333114624,0.7602039575576782,0.8792416453361511
NC_021316,taxid_33964_Leuconostoc_citreum,1.0,0.7337257862091064,0.8668628931045532
NC_021316,taxid_1590_Lactiplantibacillus_plantarum,1.0,0.7333089709281921,0.8666544854640961
NC_021316,taxid_1245_Leuconostoc_mesenteroides,1.0,0.8082720637321472,0.9041360318660736
NC_021316,taxid_1737571_Bacillus_oryzisoli,0.9999340772628784,0.8543269634246826,0.9271305203437805
NC_021316,taxid_33968_Leuconostoc_pseudomesenteroides,1.0,0.832007646560669,0.9160038232803345
NC_021316,taxid_28038_Lactobacillus_curvatus,0.9999998807907104,0.7403396368026733,0.8701697587966919
NC_021316,taxid_185300_Paludibacter_propionicigenes,0.9999998807907104,0.8466721773147583,0.9233360290527344
NC_021316,taxid_147709_Carnobacterium_inhibens,0.9926071166992188,0.7428070306777954,0.8677070736885071
NC_021316,taxid_165096_Weissella_koreensis,0.996607542037964,0.8156583905220032,0.9061329662799835
NC_021316,GENERO_Lacrimispora_94868,0.9999974966049194,0.8541705012321472,0.9270839989185333
NC_021316,GENERO_Lactococcus_1358,1.0,0.7926562428474426,0.8963281214237213
NC_021316,taxid_293371_Lactobacillus_oligofermentans,0.9999998807907104,0.7884511947631836,0.894225537776947
NC_021316,taxid_879969_Macellibacteroides_fermentans,0.9999986886978148,0.7524643540382385,0.8762315213680267
NC_021316,taxid_1397_Bacillus_circulans,0.999942421913147,0.786532998085022,0.8932377099990845
NC_021316,taxid_1129792_Weissella_oryzae,0.9999998807907104,0.8176250457763672,0.9088124632835388
NC_021316,taxid_1610_Lactobacillus_coryniformis,0.9999997615814208,0.7417043447494507,0.8708520531654358
NC_021316,taxid_642589_Caproiciproducens_galactitolivorans,0.9998776912689208,0.7015493512153625,0.8507135212421417
NC_021316,taxid_1297750_Bacteroides_luti,0.9999957084655762,0.817291796207428,0.9086437523365021
NC_006945,taxid_185300_Paludibacter_propionicigenes,0.999046266078949,0.8189206719398499,0.9089834690093994
NC_006945,GENERO_Lacrimispora_94868,0.8971100449562073,0.8115726709365845,0.8543413579463959
NC_006945,GENERO_Lactococcus_1358,0.9860721230506896,0.7662056684494019,0.8761388957500458
NC_006945,taxid_1397_Bacillus_circulans,0.9921618103981018,0.7839378118515015,0.8880498111248016
NC_006945,taxid_1297750_Bacteroides_luti,0.9993768334388732,0.8048444390296936,0.9021106362342834
NC_028675,taxid_2479367_Buttiauxella_sp_3AFRM03,0.9979433417320251,0.7462140321731567,0.8720786869525909
NC_028675,taxid_33964_Leuconostoc_citreum,1.0,0.7355765700340271,0.8677882850170135
NC_028675,taxid_1590_Lactiplantibacillus_plantarum,1.0,0.7285518646240234,0.8642759323120117
NC_028675,taxid_1245_Leuconostoc_mesenteroides,1.0,0.8182044625282288,0.9091022312641144
NC_028675,taxid_1737571_Bacillus_oryzisoli,0.9999982118606568,0.866644561290741,0.9333213865756989
NC_028675,taxid_33968_Leuconostoc_pseudomesenteroides,1.0,0.8373181223869324,0.9186590611934662
NC_028675,taxid_28038_Lactobacillus_curvatus,1.0,0.7394869923591614,0.8697434961795807
NC_028675,taxid_1358_Lactococcus_lactis,0.99929678440094,0.7528983950614929,0.8760975897312164
NC_028675,taxid_185300_Paludibacter_propionicigenes,1.0,0.854742169380188,0.927371084690094
NC_028675,taxid_147709_Carnobacterium_inhibens,0.9998514652252196,0.7675454020500183,0.883698433637619
NC_028675,taxid_165096_Weissella_koreensis,0.9998815059661864,0.8313029408454895,0.915592223405838
NC_028675,GENERO_Lacrimispora_94868,0.9999997615814208,0.8568352460861206,0.9284175038337708
NC_028675,GENERO_Lactococcus_1358,1.0,0.8088515996932983,0.9044257998466492
NC_028675,taxid_293371_Lactobacillus_oligofermentans,1.0,0.8069813251495361,0.9034906625747681
NC_028675,taxid_879969_Macellibacteroides_fermentans,0.9999998807907104,0.7508257031440735,0.875412791967392
NC_028675,taxid_1397_Bacillus_circulans,0.9999986886978148,0.807944118976593,0.903971403837204
NC_028675,taxid_1129792_Weissella_oryzae,1.0,0.8269826769828796,0.9134913384914398
NC_028675,taxid_1610_Lactobacillus_coryniformis,1.0,0.7382000684738159,0.869100034236908
NC_028675,taxid_1297750_Bacteroides_luti,0.9999998807907104,0.8340228796005249,0.9170113801956177
NC_018860,taxid_1590_Lactiplantibacillus_plantarum,0.9999825954437256,0.7303506731987,0.8651666343212128
NC_018860,taxid_1245_Leuconostoc_mesenteroides,0.9999988079071044,0.7098169326782227,0.8549078702926636
NC_018860,taxid_1737571_Bacillus_oryzisoli,0.999995231628418,0.7637507915496826,0.8818730115890503
NC_018860,taxid_33968_Leuconostoc_pseudomesenteroides,0.9999990463256836,0.7521892786026001,0.8760941624641418
NC_018860,taxid_185300_Paludibacter_propionicigenes,0.9999994039535522,0.7528830766677856,0.876441240310669
NC_018860,GENERO_Lacrimispora_94868,0.9999964237213136,0.808652400970459,0.9043244123458862
NC_018860,taxid_1129792_Weissella_oryzae,0.9999197721481324,0.7316290140151978,0.865774393081665
NC_018860,taxid_1610_Lactobacillus_coryniformis,0.999963641166687,0.7115513682365417,0.8557575047016144
NC_020197,taxid_33964_Leuconostoc_citreum,1.0,0.7575471997261047,0.8787735998630524
NC_020197,taxid_1590_Lactiplantibacillus_plantarum,1.0,0.7367784976959229,0.8683892488479614
NC_020197,taxid_1245_Leuconostoc_mesenteroides,1.0,0.8479679822921753,0.9239839911460876
NC_020197,taxid_1737571_Bacillus_oryzisoli,0.9999995231628418,0.8952370285987854,0.9476182758808136
NC_020197,taxid_33968_Leuconostoc_pseudomesenteroides,1.0,0.8593598008155823,0.9296799004077911
NC_020197,taxid_28038_Lactobacillus_curvatus,1.0,0.7571336030960083,0.8785668015480042
NC_020197,taxid_1358_Lactococcus_lactis,0.9995660185813904,0.8129673004150391,0.9062666594982147
NC_020197,taxid_185300_Paludibacter_propionicigenes,1.0,0.8812829256057739,0.940641462802887
NC_020197,taxid_147709_Carnobacterium_inhibens,0.9996531009674072,0.8230496644973755,0.9113513827323914
NC_020197,taxid_165096_Weissella_koreensis,0.9986209869384766,0.8662818074226379,0.9324513971805573
NC_020197,GENERO_Lacrimispora_94868,1.0,0.8769584894180298,0.9384792447090149
NC_020197,GENERO_Lactococcus_1358,1.0,0.8449002504348755,0.9224501252174377
NC_020197,taxid_293371_Lactobacillus_oligofermentans,1.0,0.8490318655967712,0.9245159327983856
NC_020197,taxid_879969_Macellibacteroides_fermentans,0.9999998807907104,0.7688944339752197,0.8844471573829651
NC_020197,taxid_1397_Bacillus_circulans,0.9999991655349731,0.8509743213653564,0.9254867434501648
NC_020197,taxid_1129792_Weissella_oryzae,1.0,0.8531017303466797,0.9265508651733398
NC_020197,taxid_1610_Lactobacillus_coryniformis,1.0,0.7506300806999207,0.8753150403499603
NC_020197,taxid_642589_Caproiciproducens_galactitolivorans,0.9999897480010986,0.7015202641487122,0.8507550060749054
NC_020197,taxid_1297750_Bacteroides_luti,0.9999997615814208,0.8696553707122803,0.9348275661468506
NC_023863,taxid_2479367_Buttiauxella_sp_3AFRM03,0.9999994039535522,0.7756679058074951,0.8878336548805237
NC_023863,taxid_1590_Lactiplantibacillus_plantarum,1.0,0.7129137516021729,0.8564568758010864
NC_023863,GENERO_Lacrimispora_94868,1.0,0.7757743000984192,0.8878871500492096
NC_015157,taxid_2479367_Buttiauxella_sp_3AFRM03,0.9990695118904114,0.7743968963623047,0.886733204126358
NC_015157,taxid_1590_Lactiplantibacillus_plantarum,1.0,0.7007832527160645,0.8503916263580322
NC_015157,taxid_1245_Leuconostoc_mesenteroides,1.0,0.7006030082702637,0.8503015041351318
NC_015157,taxid_1737571_Bacillus_oryzisoli,1.0,0.755311906337738,0.877655953168869
NC_015157,taxid_33968_Leuconostoc_pseudomesenteroides,1.0,0.7454473972320557,0.8727236986160278
NC_015157,taxid_185300_Paludibacter_propionicigenes,1.0,0.7536031007766724,0.8768015503883362
NC_015157,GENERO_Lacrimispora_94868,1.0,0.8075087070465088,0.9037543535232544
NC_015157,taxid_1129792_Weissella_oryzae,1.0,0.7187672257423401,0.85938361287117
NC_025423,taxid_2479367_Buttiauxella_sp_3AFRM03,0.9999995231628418,0.755580484867096,0.8777900040149689
NC_025423,taxid_1245_Leuconostoc_mesenteroides,1.0,0.7321982979774475,0.8660991489887238
NC_025423,taxid_1737571_Bacillus_oryzisoli,0.9999997615814208,0.7852150797843933,0.8926074206829071
NC_025423,taxid_33968_Leuconostoc_pseudomesenteroides,1.0,0.7711253762245178,0.8855626881122589
NC_025423,taxid_185300_Paludibacter_propionicigenes,1.0,0.7829157710075378,0.8914578855037689
NC_025423,taxid_165096_Weissella_koreensis,0.999890685081482,0.7307498455047607,0.8653202652931213
NC_025423,GENERO_Lacrimispora_94868,0.9999998807907104,0.8180575966835022,0.9090287387371063
NC_025423,taxid_1129792_Weissella_oryzae,1.0,0.7440659999847412,0.8720329999923706
NC_025423,taxid_1297750_Bacteroides_luti,0.9999991655349731,0.7076233625411987,0.8538112640380859
NC_007055,taxid_1245_Leuconostoc_mesenteroides,0.9986636638641356,0.804153323173523,0.9014084935188293
NC_007055,taxid_1737571_Bacillus_oryzisoli,0.9999887943267822,0.8634803295135498,0.931734561920166
NC_007055,taxid_1358_Lactococcus_lactis,0.9928655624389648,0.7914822697639465,0.8921739161014557
NC_007055,taxid_185300_Paludibacter_propionicigenes,0.9999983310699464,0.8423450589179993,0.9211716949939728
NC_007055,taxid_147709_Carnobacterium_inhibens,0.9999722242355348,0.8042149543762207,0.9020935893058777
NC_007055,GENERO_Lacrimispora_94868,0.9999687671661376,0.8359819054603577,0.9179753363132477
NC_007055,GENERO_Lactococcus_1358,0.9999997615814208,0.8016533255577087,0.9008265435695648
NC_007055,taxid_293371_Lactobacillus_oligofermentans,0.9998886585235596,0.8175475001335144,0.908718079328537
NC_007055,taxid_1397_Bacillus_circulans,1.0,0.8302009701728821,0.915100485086441
NC_007055,taxid_1297750_Bacteroides_luti,0.9999990463256836,0.8323830366134644,0.916191041469574
NC_031040,taxid_1245_Leuconostoc_mesenteroides,1.0,0.7970258593559265,0.8985129296779633
NC_031040,taxid_2751_Carnobacterium_maltaromaticum,1.0,0.7539947032928467,0.8769973516464233
NC_031040,taxid_1737571_Bacillus_oryzisoli,1.0,0.8655279874801636,0.9327639937400818
NC_031040,taxid_33968_Leuconostoc_pseudomesenteroides,1.0,0.8096185326576233,0.9048092663288116
NC_031040,taxid_1358_Lactococcus_lactis,1.0,0.783821165561676,0.891910582780838
NC_031040,taxid_185300_Paludibacter_propionicigenes,1.0,0.8420958518981934,0.9210479259490967
NC_031040,taxid_147709_Carnobacterium_inhibens,1.0,0.796875,0.8984375
NC_031040,taxid_165096_Weissella_koreensis,0.9999992847442628,0.8298079371452332,0.9149036109447479
NC_031040,GENERO_Lacrimispora_94868,1.0,0.8367425203323364,0.9183712601661682
NC_031040,GENERO_Lactococcus_1358,1.0,0.7969367504119873,0.8984683752059937
NC_031040,taxid_293371_Lactobacillus_oligofermentans,1.0,0.8114522099494934,0.9057261049747467
NC_031040,taxid_1397_Bacillus_circulans,1.0,0.8242470026016235,0.9121235013008118
NC_031040,taxid_1129792_Weissella_oryzae,0.9999996423721312,0.803280770778656,0.9016402065753937
NC_031040,taxid_1297750_Bacteroides_luti,1.0,0.8352775573730469,0.9176387786865234
NC_023579,taxid_2479367_Buttiauxella_sp_3AFRM03,0.9957152009010316,0.7572420835494995,0.8764786422252655
NC_028856,taxid_1245_Leuconostoc_mesenteroides,0.999141812324524,0.767875075340271,0.8835084438323975
NC_028856,taxid_1737571_Bacillus_oryzisoli,0.9991706609725952,0.8202993869781494,0.9097350239753723
NC_028856,taxid_33968_Leuconostoc_pseudomesenteroides,0.9994344115257264,0.7879238724708557,0.893679141998291
NC_028856,taxid_185300_Paludibacter_propionicigenes,0.9998762607574464,0.8145443201065063,0.9072102904319763
NC_028856,GENERO_Lacrimispora_94868,0.9998630285263062,0.831691563129425,0.9157772958278656
NC_028856,GENERO_Lactococcus_1358,0.9999995231628418,0.7509137988090515,0.8754566609859467
NC_028856,taxid_293371_Lactobacillus_oligofermentans,0.9924471378326416,0.7464033961296082,0.8694252669811249
NC_028856,taxid_1397_Bacillus_circulans,0.998933970928192,0.740034818649292,0.8694843947887421
NC_028856,taxid_1297750_Bacteroides_luti,0.9882280230522156,0.7758561372756958,0.8820420801639557
NC_028855,taxid_1590_Lactiplantibacillus_plantarum,0.9986177682876588,0.7297057509422302,0.8641617596149445
NC_028855,taxid_1245_Leuconostoc_mesenteroides,0.9999994039535522,0.74979168176651,0.8748955428600311
NC_028855,taxid_1737571_Bacillus_oryzisoli,0.9999964237213136,0.7993468642234802,0.8996716439723969
NC_028855,taxid_33968_Leuconostoc_pseudomesenteroides,0.9999932050704956,0.7820433378219604,0.891018271446228
NC_028855,taxid_185300_Paludibacter_propionicigenes,1.0,0.7926670908927917,0.8963335454463959
NC_028855,GENERO_Lacrimispora_94868,0.9999990463256836,0.8298488259315491,0.9149239361286163
NC_028855,GENERO_Lactococcus_1358,0.9999998807907104,0.7269327640533447,0.8634663224220276
NC_028855,taxid_293371_Lactobacillus_oligofermentans,0.9999979734420776,0.7159003615379333,0.8579491674900055
NC_028855,taxid_879969_Macellibacteroides_fermentans,0.9999979734420776,0.7136711478233337,0.8568345606327057
NC_028855,taxid_1129792_Weissella_oryzae,0.999711573123932,0.7633468508720398,0.8815292119979858
NC_028855,taxid_1610_Lactobacillus_coryniformis,0.9994798302650452,0.7263497114181519,0.8629147708415985
NC_028855,taxid_642589_Caproiciproducens_galactitolivorans,0.9998974800109864,0.7041928768157959,0.8520451784133911
NC_028855,taxid_1297750_Bacteroides_luti,0.9999996423721312,0.7362033128738403,0.8681014776229858
NC_028826,taxid_33964_Leuconostoc_citreum,0.9998599290847778,0.7162210941314697,0.8580405116081238
NC_028826,taxid_1245_Leuconostoc_mesenteroides,1.0,0.832819938659668,0.916409969329834
NC_028826,taxid_2751_Carnobacterium_maltaromaticum,0.9999988079071044,0.7907926440238953,0.8953957259654999
NC_028826,taxid_1737571_Bacillus_oryzisoli,1.0,0.8836824297904968,0.9418412148952484
NC_028826,taxid_33968_Leuconostoc_pseudomesenteroides,0.999996542930603,0.8384603261947632,0.9192284345626831
NC_028826,taxid_28038_Lactobacillus_curvatus,0.9999984502792358,0.7144081592559814,0.8572033047676086
NC_028826,taxid_1358_Lactococcus_lactis,0.9999983310699464,0.8193379640579224,0.9096681475639343
NC_028826,taxid_185300_Paludibacter_propionicigenes,1.0,0.8649652004241943,0.9324826002120972
NC_028826,taxid_147709_Carnobacterium_inhibens,1.0,0.8319686055183411,0.9159843027591705
NC_028826,taxid_165096_Weissella_koreensis,0.9988081455230712,0.8586121201515198,0.9287101328372955
NC_028826,GENERO_Lacrimispora_94868,1.0,0.8619295954704285,0.9309647977352142
NC_028826,GENERO_Lactococcus_1358,1.0,0.8289151191711426,0.9144575595855713
NC_028826,taxid_293371_Lactobacillus_oligofermentans,1.0,0.8421891331672668,0.9210945665836334
NC_028826,taxid_879969_Macellibacteroides_fermentans,1.0,0.7256248593330383,0.8628124296665192
NC_028826,taxid_1397_Bacillus_circulans,1.0,0.858036994934082,0.929018497467041
NC_028826,taxid_1129792_Weissella_oryzae,0.9999001026153564,0.836089015007019,0.9179945588111877
NC_028826,taxid_1610_Lactobacillus_coryniformis,0.9998100399971008,0.7084795236587524,0.8541447818279266
NC_028826,taxid_1297750_Bacteroides_luti,1.0,0.8578134179115295,0.9289067089557648
NC_015283,taxid_2479367_Buttiauxella_sp_3AFRM03,0.9277594685554504,0.7790210843086243,0.8533902764320374
NC_015283,taxid_1590_Lactiplantibacillus_plantarum,0.9999992847442628,0.7250892519950867,0.8625442683696747
NC_015283,taxid_1245_Leuconostoc_mesenteroides,1.0,0.7408217787742615,0.8704108893871307
NC_015283,taxid_1737571_Bacillus_oryzisoli,0.9999984502792358,0.7892245054244995,0.8946114778518677
NC_015283,taxid_33968_Leuconostoc_pseudomesenteroides,0.9999998807907104,0.7755170464515686,0.8877584636211395
NC_015283,taxid_185300_Paludibacter_propionicigenes,0.9999998807907104,0.7834639549255371,0.8917319178581238
NC_015283,taxid_165096_Weissella_koreensis,0.9951784610748292,0.7394402623176575,0.8673093616962433
NC_015283,GENERO_Lacrimispora_94868,0.9999988079071044,0.8263320922851562,0.9131654500961304
NC_015283,GENERO_Lactococcus_1358,1.0,0.7081831097602844,0.8540915548801422
NC_015283,taxid_1129792_Weissella_oryzae,0.9999992847442628,0.7564180493354797,0.8782086670398712
NC_015283,taxid_1610_Lactobacillus_coryniformis,0.9999980926513672,0.7132746577262878,0.8566363751888275
NC_015283,taxid_1297750_Bacteroides_luti,0.9999990463256836,0.7055027484893799,0.8527508974075317
NC_002730,taxid_2479367_Buttiauxella_sp_3AFRM03,0.9999997615814208,0.7372994422912598,0.8686496019363403
NC_002730,GENERO_Lacrimispora_94868,0.9989542961120604,0.7089041471481323,0.8539292216300964
NC_003288,taxid_1245_Leuconostoc_mesenteroides,0.999962568283081,0.7813693881034851,0.8906659781932831
NC_003288,taxid_2751_Carnobacterium_maltaromaticum,0.9948461055755616,0.7457600831985474,0.8703030943870544
NC_003288,taxid_1737571_Bacillus_oryzisoli,0.999998927116394,0.8541522026062012,0.9270755648612976
NC_003288,taxid_33968_Leuconostoc_pseudomesenteroides,0.9877891540527344,0.7884063124656677,0.888097733259201
NC_003288,taxid_1358_Lactococcus_lactis,0.9993680119514464,0.7794644832611084,0.8894162476062775
NC_003288,taxid_185300_Paludibacter_propionicigenes,1.0,0.826921284198761,0.9134606420993805
NC_003288,taxid_147709_Carnobacterium_inhibens,0.9999994039535522,0.7975038290023804,0.8987516164779663
NC_003288,GENERO_Lacrimispora_94868,0.9999998807907104,0.820387065410614,0.9101934731006622
NC_003288,GENERO_Lactococcus_1358,1.0,0.782232940196991,0.8911164700984955
NC_003288,taxid_293371_Lactobacillus_oligofermentans,0.99998676776886,0.8036226630210876,0.9018047153949738
NC_003288,taxid_1397_Bacillus_circulans,1.0,0.8251224160194397,0.9125612080097198
NC_003288,taxid_1297750_Bacteroides_luti,1.0,0.825831413269043,0.9129157066345215
NC_008376,taxid_1590_Lactiplantibacillus_plantarum,0.9999997615814208,0.7108114957809448,0.8554056286811829
NC_008376,taxid_1245_Leuconostoc_mesenteroides,1.0,0.7470017075538635,0.8735008537769318
NC_008376,taxid_1737571_Bacillus_oryzisoli,0.9999920129776,0.7979981899261475,0.8989951014518738
NC_008376,taxid_33968_Leuconostoc_pseudomesenteroides,1.0,0.7839245200157166,0.8919622600078583
NC_008376,taxid_185300_Paludibacter_propionicigenes,0.9999996423721312,0.7914084196090698,0.8957040309906006
NC_008376,GENERO_Lacrimispora_94868,0.9999990463256836,0.8198541402816772,0.9099265933036804
NC_008376,GENERO_Lactococcus_1358,1.0,0.7181229591369629,0.8590614795684814
NC_008376,taxid_293371_Lactobacillus_oligofermentans,0.9999916553497314,0.7105364799499512,0.8552640676498413
NC_008376,taxid_879969_Macellibacteroides_fermentans,0.999958872795105,0.7072687745094299,0.8536138236522675
NC_008376,taxid_1129792_Weissella_oryzae,0.9999979734420776,0.7586828470230103,0.879340410232544
NC_008376,taxid_1610_Lactobacillus_coryniformis,0.9999994039535522,0.7137192487716675,0.8568593263626099
NC_008376,taxid_1297750_Bacteroides_luti,0.999843955039978,0.7232442498207092,0.8615441024303436
NC_019399,taxid_2479367_Buttiauxella_sp_3AFRM03,0.9996123909950256,0.7850566506385803,0.892334520816803
NC_019399,taxid_1590_Lactiplantibacillus_plantarum,0.9999918937683104,0.7141292691230774,0.857060581445694
NC_019399,taxid_82977_Buttiauxella_agrestis,0.997239351272583,0.7078351378440857,0.8525372445583344
NC_019399,taxid_33968_Leuconostoc_pseudomesenteroides,0.9998775720596312,0.7017074227333069,0.8507924973964691
NC_027355,taxid_1590_Lactiplantibacillus_plantarum,0.9999958276748656,0.7322419881820679,0.8661189079284668
NC_027355,taxid_1245_Leuconostoc_mesenteroides,0.9999994039535522,0.734580934047699,0.8672901690006256
NC_027355,taxid_1737571_Bacillus_oryzisoli,0.9999827146530152,0.7826400399208069,0.891311377286911
NC_027355,taxid_33968_Leuconostoc_pseudomesenteroides,0.9999997615814208,0.7710328102111816,0.8855162858963013
NC_027355,taxid_185300_Paludibacter_propionicigenes,0.9999991655349731,0.7746114134788513,0.8873052895069122
NC_027355,GENERO_Lacrimispora_94868,0.9999946355819702,0.8205636143684387,0.9102791249752045
NC_027355,GENERO_Lactococcus_1358,1.0,0.7017350196838379,0.850867509841919
NC_027355,taxid_1129792_Weissella_oryzae,0.999963402748108,0.7520982623100281,0.876030832529068
NC_027355,taxid_1610_Lactobacillus_coryniformis,0.9999788999557496,0.7240097522735596,0.8619943261146545
NC_027374,taxid_1245_Leuconostoc_mesenteroides,0.9919374585151672,0.7305116057395935,0.8612245321273804
NC_027374,taxid_33968_Leuconostoc_pseudomesenteroides,0.999360978603363,0.7616335153579712,0.8804972469806671
NC_007458,taxid_1245_Leuconostoc_mesenteroides,1.0,0.7856205701828003,0.8928102850914001
NC_007458,taxid_2751_Carnobacterium_maltaromaticum,1.0,0.7460485100746155,0.8730242550373077
NC_007458,taxid_1737571_Bacillus_oryzisoli,1.0,0.8560330867767334,0.9280165433883667
NC_007458,taxid_33968_Leuconostoc_pseudomesenteroides,0.9999998807907104,0.7931516170501709,0.8965757489204407
NC_007458,taxid_1358_Lactococcus_lactis,1.0,0.7789642810821533,0.8894821405410767
NC_007458,taxid_185300_Paludibacter_propionicigenes,1.0,0.8296881914138794,0.9148440957069397
NC_007458,taxid_147709_Carnobacterium_inhibens,1.0,0.7955120205879211,0.8977560102939606
NC_007458,taxid_165096_Weissella_koreensis,0.9999997615814208,0.821591854095459,0.9107958078384399
NC_007458,GENERO_Lacrimispora_94868,1.0,0.8267102837562561,0.913355141878128
NC_007458,GENERO_Lactococcus_1358,1.0,0.7837928533554077,0.8918964266777039
NC_007458,taxid_293371_Lactobacillus_oligofermentans,1.0,0.8036022186279297,0.9018011093139648
NC_007458,taxid_1397_Bacillus_circulans,1.0,0.8252828121185303,0.9126414060592651
NC_007458,taxid_1129792_Weissella_oryzae,0.9999995231628418,0.7888450026512146,0.8944222629070282
NC_007458,taxid_1297750_Bacteroides_luti,1.0,0.8237407803535461,0.9118703901767731
NC_031055,taxid_1245_Leuconostoc_mesenteroides,1.0,0.7629614472389221,0.8814807236194611
NC_031055,taxid_2751_Carnobacterium_maltaromaticum,1.0,0.7334015965461731,0.8667007982730865
NC_031055,taxid_1737571_Bacillus_oryzisoli,1.0,0.8424325585365295,0.9212162792682648
NC_031055,taxid_33968_Leuconostoc_pseudomesenteroides,1.0,0.7686281800270081,0.884314090013504
NC_031055,taxid_1358_Lactococcus_lactis,1.0,0.7632569670677185,0.8816284835338593
NC_031055,taxid_185300_Paludibacter_propionicigenes,1.0,0.8118259906768799,0.9059129953384399
NC_031055,taxid_147709_Carnobacterium_inhibens,1.0,0.7820302248001099,0.8910151124000549
NC_031055,taxid_165096_Weissella_koreensis,1.0,0.8058878779411316,0.9029439389705658
NC_031055,GENERO_Lacrimispora_94868,1.0,0.8069828748703003,0.9034914374351501
NC_031055,GENERO_Lactococcus_1358,1.0,0.7621626853942871,0.8810813426971436
NC_031055,taxid_293371_Lactobacillus_oligofermentans,1.0,0.7865264415740967,0.8932632207870483
NC_031055,taxid_1397_Bacillus_circulans,1.0,0.8135421276092529,0.9067710638046265
NC_031055,taxid_1129792_Weissella_oryzae,1.0,0.7661014199256897,0.8830507099628448
NC_031055,taxid_1297750_Bacteroides_luti,1.0,0.8112462162971497,0.9056231081485748
NC_010495,GENERO_Lacrimispora_94868,0.999921441078186,0.7071816325187683,0.8535515367984772
NC_012741,taxid_2479367_Buttiauxella_sp_3AFRM03,0.9999680519104004,0.7586273550987244,0.8792977035045624
NC_029010,taxid_1245_Leuconostoc_mesenteroides,0.9999768733978271,0.7824398279190063,0.8912083506584167
NC_029010,taxid_2751_Carnobacterium_maltaromaticum,0.9999985694885254,0.7552342414855957,0.8776164054870605
NC_029010,taxid_1737571_Bacillus_oryzisoli,1.0,0.8558791875839233,0.9279395937919617
NC_029010,taxid_33968_Leuconostoc_pseudomesenteroides,0.9950090646743774,0.7898699045181274,0.8924394845962524
NC_029010,taxid_1358_Lactococcus_lactis,0.999998927116394,0.7860106825828552,0.8930048048496246
NC_029010,taxid_185300_Paludibacter_propionicigenes,1.0,0.827735960483551,0.9138679802417755
NC_029010,taxid_147709_Carnobacterium_inhibens,1.0,0.8024613261222839,0.901230663061142
NC_029010,taxid_165096_Weissella_koreensis,0.917794406414032,0.8231256008148193,0.8704600036144257
NC_029010,GENERO_Lacrimispora_94868,1.0,0.8208656311035156,0.9104328155517578
NC_029010,GENERO_Lactococcus_1358,1.0,0.7839215397834778,0.8919607698917389
NC_029010,taxid_293371_Lactobacillus_oligofermentans,0.9999995231628418,0.8067480325698853,0.9033737778663635
NC_029010,taxid_1397_Bacillus_circulans,1.0,0.8301653265953064,0.9150826632976532
NC_029010,taxid_1297750_Bacteroides_luti,1.0,0.8286895751953125,0.9143447875976562
NC_007058,taxid_1245_Leuconostoc_mesenteroides,0.9987825751304626,0.7861184477806091,0.8924505114555359
NC_007058,taxid_2751_Carnobacterium_maltaromaticum,0.9999994039535522,0.7554718255996704,0.8777356147766113
NC_007058,taxid_1737571_Bacillus_oryzisoli,0.9999994039535522,0.8556055426597595,0.9278024733066559
NC_007058,taxid_1358_Lactococcus_lactis,0.999990463256836,0.7853039503097534,0.8926472067832947
NC_007058,taxid_185300_Paludibacter_propionicigenes,1.0,0.8279597163200378,0.9139798581600189
NC_007058,taxid_147709_Carnobacterium_inhibens,1.0,0.8035611510276794,0.9017805755138397
NC_007058,GENERO_Lacrimispora_94868,0.9999996423721312,0.8205540776252747,0.910276859998703
NC_007058,GENERO_Lactococcus_1358,0.9999995231628418,0.7869356274604797,0.8934675753116608
NC_007058,taxid_293371_Lactobacillus_oligofermentans,0.9999815225601196,0.8083144426345825,0.9041479825973511
NC_007058,taxid_1397_Bacillus_circulans,1.0,0.8316091895103455,0.9158045947551727
NC_007058,taxid_1297750_Bacteroides_luti,1.0,0.8297332525253296,0.9148666262626648
NC_025419,taxid_2479367_Buttiauxella_sp_3AFRM03,0.999994158744812,0.7816577553749084,0.8908259570598602
NC_025419,taxid_1590_Lactiplantibacillus_plantarum,0.9999994039535522,0.7157585024833679,0.8578789532184601
NC_025419,taxid_33968_Leuconostoc_pseudomesenteroides,0.9999901056289672,0.7121850252151489,0.8560875654220581
NC_013648,taxid_1245_Leuconostoc_mesenteroides,1.0,0.8098854422569275,0.9049427211284637
NC_013648,taxid_2751_Carnobacterium_maltaromaticum,1.0,0.7641306519508362,0.8820653259754181
NC_013648,taxid_1737571_Bacillus_oryzisoli,1.0,0.868218719959259,0.9341093599796295
NC_013648,taxid_33968_Leuconostoc_pseudomesenteroides,0.9999995231628418,0.8156885504722595,0.9078440368175507
NC_013648,taxid_1358_Lactococcus_lactis,1.0,0.7989542484283447,0.8994771242141724
NC_013648,taxid_185300_Paludibacter_propionicigenes,1.0,0.8464595675468445,0.9232297837734222
NC_013648,taxid_147709_Carnobacterium_inhibens,1.0,0.8109408617019653,0.9054704308509827
NC_013648,taxid_165096_Weissella_koreensis,0.999993085861206,0.8400170207023621,0.9200050532817841
NC_013648,GENERO_Lacrimispora_94868,1.0,0.842505156993866,0.921252578496933
NC_013648,GENERO_Lactococcus_1358,1.0,0.8075698018074036,0.9037849009037018
NC_013648,taxid_293371_Lactobacillus_oligofermentans,1.0,0.8233206272125244,0.9116603136062622
NC_013648,taxid_1397_Bacillus_circulans,1.0,0.8370028138160706,0.9185014069080353
NC_013648,taxid_1129792_Weissella_oryzae,0.9999959468841552,0.8119209408760071,0.9059584438800812
NC_013648,taxid_1297750_Bacteroides_luti,1.0,0.8364666104316711,0.9182333052158356
NC_009540,taxid_1590_Lactiplantibacillus_plantarum,0.9937204122543336,0.721562922000885,0.8576416671276093
NC_009540,taxid_33968_Leuconostoc_pseudomesenteroides,0.9998323917388916,0.7434598803520203,0.8716461360454559
NC_009540,taxid_185300_Paludibacter_propionicigenes,0.9923698902130128,0.7522140145301819,0.8722919523715973
NC_015251,taxid_2479367_Buttiauxella_sp_3AFRM03,0.998450756072998,0.7509096264839172,0.8746801912784576
NC_004348,taxid_2479367_Buttiauxella_sp_3AFRM03,0.9999823570251464,0.7293511629104614,0.864666759967804
NC_003525,taxid_2479367_Buttiauxella_sp_3AFRM03,0.9998897314071656,0.7065865993499756,0.8532381653785706
NC_021788,taxid_1737571_Bacillus_oryzisoli,0.9901074171066284,0.8635146617889404,0.9268110394477844
NC_021788,taxid_185300_Paludibacter_propionicigenes,0.9989758729934692,0.8422190546989441,0.9205974638462067
NC_021788,taxid_147709_Carnobacterium_inhibens,0.9998723268508912,0.8146236538887024,0.9072479903697968
NC_021788,GENERO_Lacrimispora_94868,0.9961761236190796,0.8356420993804932,0.9159091114997864
NC_021788,GENERO_Lactococcus_1358,0.9984909296035768,0.8042070269584656,0.9013489782810211
NC_021788,taxid_1397_Bacillus_circulans,0.9999983310699464,0.8427414298057556,0.921369880437851
NC_021788,taxid_1297750_Bacteroides_luti,0.9999964237213136,0.8393408060073853,0.9196686148643494
NC_031023,taxid_33964_Leuconostoc_citreum,0.9999996423721312,0.7089097499847412,0.8544546961784363
NC_031023,taxid_1245_Leuconostoc_mesenteroides,1.0,0.8203153014183044,0.9101576507091522
NC_031023,taxid_2751_Carnobacterium_maltaromaticum,0.9999947547912598,0.7578160166740417,0.8789053857326508
NC_031023,taxid_1737571_Bacillus_oryzisoli,1.0,0.8776936531066895,0.9388468265533447
NC_031023,taxid_33968_Leuconostoc_pseudomesenteroides,1.0,0.8316014409065247,0.9158007204532623
NC_031023,taxid_28038_Lactobacillus_curvatus,1.0,0.7051300406455994,0.8525650203227997
NC_031023,taxid_1358_Lactococcus_lactis,0.9999998807907104,0.7896823883056641,0.8948411345481873
NC_031023,taxid_185300_Paludibacter_propionicigenes,1.0,0.8592274785041809,0.9296137392520905
NC_031023,taxid_147709_Carnobacterium_inhibens,1.0,0.8007492423057556,0.9003746211528778
NC_031023,taxid_165096_Weissella_koreensis,0.999995231628418,0.8456630706787109,0.9228291511535645
NC_031023,GENERO_Lacrimispora_94868,1.0,0.8541975021362305,0.9270987510681152
NC_031023,GENERO_Lactococcus_1358,1.0,0.8173614740371704,0.9086807370185852
NC_031023,taxid_293371_Lactobacillus_oligofermentans,1.0,0.8257240056991577,0.9128620028495789
NC_031023,taxid_879969_Macellibacteroides_fermentans,1.0,0.7212206125259399,0.86061030626297
NC_031023,taxid_1397_Bacillus_circulans,1.0,0.8290069699287415,0.9145034849643707
NC_031023,taxid_1129792_Weissella_oryzae,0.9999998807907104,0.8261547088623047,0.9130772948265076
NC_031023,taxid_1297750_Bacteroides_luti,1.0,0.844069242477417,0.9220346212387085
NC_019448,taxid_1245_Leuconostoc_mesenteroides,0.9999998807907104,0.7813951969146729,0.8906975388526917
NC_019448,taxid_2751_Carnobacterium_maltaromaticum,1.0,0.7530803084373474,0.8765401542186737
NC_019448,taxid_1737571_Bacillus_oryzisoli,1.0,0.849740207195282,0.924870103597641
NC_019448,taxid_33968_Leuconostoc_pseudomesenteroides,0.9999953508377076,0.7793524265289307,0.8896738886833191
NC_019448,taxid_1358_Lactococcus_lactis,1.0,0.7799180746078491,0.8899590373039246
NC_019448,taxid_185300_Paludibacter_propionicigenes,1.0,0.8227616548538208,0.9113808274269104
NC_019448,taxid_147709_Carnobacterium_inhibens,1.0,0.7997075915336609,0.8998537957668304
NC_019448,taxid_165096_Weissella_koreensis,0.9999210834503174,0.8224299550056458,0.9111755192279816
NC_019448,GENERO_Lacrimispora_94868,1.0,0.8092285990715027,0.9046142995357513
NC_019448,GENERO_Lactococcus_1358,1.0,0.7811721563339233,0.8905860781669617
NC_019448,taxid_293371_Lactobacillus_oligofermentans,1.0,0.8036302924156189,0.9018151462078094
NC_019448,taxid_1397_Bacillus_circulans,1.0,0.8329576253890991,0.9164788126945496
NC_019448,taxid_1129792_Weissella_oryzae,0.9999439716339112,0.7818507552146912,0.8908973634243011
NC_019448,taxid_1297750_Bacteroides_luti,1.0,0.8264679312705994,0.9132339656352997
NC_028659,taxid_2479367_Buttiauxella_sp_3AFRM03,0.9999960660934448,0.7256120443344116,0.8628040552139282
NC_004302,taxid_1245_Leuconostoc_mesenteroides,0.9999994039535522,0.7960711717605591,0.8980352878570557
NC_004302,taxid_2751_Carnobacterium_maltaromaticum,0.9999833106994628,0.7541435956954956,0.8770634531974792
NC_004302,taxid_1737571_Bacillus_oryzisoli,1.0,0.8657019138336182,0.9328509569168091
NC_004302,taxid_33968_Leuconostoc_pseudomesenteroides,0.9998928308486938,0.8086958527565002,0.904294341802597
NC_004302,taxid_1358_Lactococcus_lactis,0.9999992847442628,0.7853556275367737,0.8926774561405182
NC_004302,taxid_185300_Paludibacter_propionicigenes,1.0,0.8415390849113464,0.9207695424556732
NC_004302,taxid_147709_Carnobacterium_inhibens,1.0,0.7991675734519958,0.8995837867259979
NC_004302,taxid_165096_Weissella_koreensis,0.9921465516090392,0.8305137753486633,0.9113301634788513
NC_004302,GENERO_Lacrimispora_94868,1.0,0.8357207179069519,0.917860358953476
NC_004302,GENERO_Lactococcus_1358,1.0,0.7962319850921631,0.8981159925460815
NC_004302,taxid_293371_Lactobacillus_oligofermentans,1.0,0.8122614026069641,0.9061307013034821
NC_004302,taxid_1397_Bacillus_circulans,1.0,0.8260266780853271,0.9130133390426636
NC_004302,taxid_1129792_Weissella_oryzae,0.9979612827301024,0.8022809028625488,0.9001210927963257
NC_004302,taxid_1297750_Bacteroides_luti,1.0,0.8353086709976196,0.9176543354988098
NC_000866,taxid_2479367_Buttiauxella_sp_3AFRM03,0.999849796295166,0.782780110836029,0.8913149535655975
NC_000866,taxid_1590_Lactiplantibacillus_plantarum,0.9999995231628418,0.7168099880218506,0.8584047555923462
NC_000866,taxid_82977_Buttiauxella_agrestis,0.9992367029190063,0.7022336721420288,0.8507351875305176
NC_000866,taxid_33968_Leuconostoc_pseudomesenteroides,0.999996781349182,0.7139672040939331,0.8569819927215576
NC_008562,taxid_1590_Lactiplantibacillus_plantarum,0.999996304512024,0.7211035490036011,0.8605499267578125
NC_008562,taxid_1737571_Bacillus_oryzisoli,0.99249929189682,0.7539951801300049,0.8732472360134125
NC_008562,taxid_33968_Leuconostoc_pseudomesenteroides,0.9999998807907104,0.7402387261390686,0.8701193034648895
NC_008562,taxid_185300_Paludibacter_propionicigenes,0.9999966621398926,0.7402188181877136,0.8701077401638031
NC_008562,GENERO_Lacrimispora_94868,0.9999176263809204,0.7924136519432068,0.8961656391620636
NC_008562,taxid_1129792_Weissella_oryzae,0.9999899864196776,0.7216938138008118,0.8608419001102448
NC_024146,taxid_2479367_Buttiauxella_sp_3AFRM03,0.9999996423721312,0.7440739870071411,0.8720368146896362
NC_031085,taxid_2479367_Buttiauxella_sp_3AFRM03,0.9999659061431884,0.7827600240707397,0.8913629651069641
NC_031085,taxid_1590_Lactiplantibacillus_plantarum,0.999996781349182,0.7126398682594299,0.856318324804306
NC_031085,taxid_82977_Buttiauxella_agrestis,0.9997997879981996,0.7057267427444458,0.8527632653713226
NC_031085,taxid_33968_Leuconostoc_pseudomesenteroides,0.9999570846557616,0.7028706669807434,0.8514138758182526
NC_008721,taxid_2479367_Buttiauxella_sp_3AFRM03,0.9733896851539612,0.7700569033622742,0.8717232942581177
NC_008721,taxid_33964_Leuconostoc_citreum,1.0,0.7512008547782898,0.8756004273891449
NC_008721,taxid_1590_Lactiplantibacillus_plantarum,1.0,0.7415118217468262,0.8707559108734131
NC_008721,taxid_1245_Leuconostoc_mesenteroides,1.0,0.8332021832466125,0.9166010916233063
NC_008721,taxid_2751_Carnobacterium_maltaromaticum,1.0,0.7305392622947693,0.8652696311473846
NC_008721,taxid_1737571_Bacillus_oryzisoli,1.0,0.8752102851867676,0.9376051425933838
NC_008721,taxid_33968_Leuconostoc_pseudomesenteroides,1.0,0.8518984317779541,0.925949215888977
NC_008721,taxid_28038_Lactobacillus_curvatus,1.0,0.7546591758728027,0.8773295879364014
NC_008721,taxid_1358_Lactococcus_lactis,1.0,0.7694905400276184,0.8847452700138092
NC_008721,taxid_185300_Paludibacter_propionicigenes,1.0,0.8688868284225464,0.9344434142112732
NC_008721,taxid_147709_Carnobacterium_inhibens,1.0,0.7802994847297668,0.8901497423648834
NC_008721,taxid_165096_Weissella_koreensis,1.0,0.8418474793434143,0.9209237396717072
NC_008721,GENERO_Lacrimispora_94868,1.0,0.8709973692893982,0.9354986846446991
NC_008721,GENERO_Lactococcus_1358,1.0,0.8205267190933228,0.9102633595466614
NC_008721,taxid_293371_Lactobacillus_oligofermentans,1.0,0.8175843954086304,0.9087921977043152
NC_008721,taxid_879969_Macellibacteroides_fermentans,1.0,0.7672768831253052,0.8836384415626526
NC_008721,taxid_1397_Bacillus_circulans,1.0,0.8152499198913574,0.9076249599456787
NC_008721,taxid_1129792_Weissella_oryzae,1.0,0.8396124243736267,0.9198062121868134
NC_008721,taxid_1610_Lactobacillus_coryniformis,1.0,0.7529677152633667,0.8764838576316833
NC_008721,taxid_642589_Caproiciproducens_galactitolivorans,1.0,0.7086057066917419,0.854302853345871
NC_008721,taxid_1297750_Bacteroides_luti,1.0,0.8418458104133606,0.9209229052066803
NC_025421,taxid_33964_Leuconostoc_citreum,0.9999998807907104,0.7134634852409363,0.8567316830158234
NC_025421,taxid_1590_Lactiplantibacillus_plantarum,0.9999992847442628,0.7546687722206116,0.8773340284824371
NC_025421,taxid_1245_Leuconostoc_mesenteroides,1.0,0.7910074591636658,0.8955037295818329
NC_025421,taxid_1737571_Bacillus_oryzisoli,0.9999997615814208,0.836051344871521,0.918025553226471
NC_025421,taxid_33968_Leuconostoc_pseudomesenteroides,1.0,0.8226973414421082,0.9113486707210541
NC_025421,taxid_28038_Lactobacillus_curvatus,1.0,0.7305741906166077,0.8652870953083038
NC_025421,taxid_185300_Paludibacter_propionicigenes,1.0,0.8313400149345398,0.9156700074672699
NC_025421,taxid_165096_Weissella_koreensis,0.9999758005142212,0.7931330800056458,0.8965544402599335
NC_025421,GENERO_Lacrimispora_94868,0.9999998807907104,0.8541516661643982,0.9270757734775543
NC_025421,GENERO_Lactococcus_1358,1.0,0.7664573192596436,0.8832286596298218
NC_025421,taxid_293371_Lactobacillus_oligofermentans,1.0,0.7593156695365906,0.8796578347682953
NC_025421,taxid_879969_Macellibacteroides_fermentans,0.9999998807907104,0.7496832609176636,0.874841570854187
NC_025421,taxid_1397_Bacillus_circulans,1.0,0.736936628818512,0.868468314409256
NC_025421,taxid_1129792_Weissella_oryzae,0.9999998807907104,0.8019164204597473,0.9009581506252289
NC_025421,taxid_1610_Lactobacillus_coryniformis,0.9999991655349731,0.7551807165145874,0.8775899410247803
NC_025421,taxid_642589_Caproiciproducens_galactitolivorans,0.9999853372573853,0.7246159911155701,0.8623006641864777
NC_025421,taxid_1297750_Bacteroides_luti,1.0,0.776931881904602,0.888465940952301
NC_028871,taxid_1245_Leuconostoc_mesenteroides,0.9463401436805724,0.7771691083908081,0.8617546260356903
NC_028871,taxid_1737571_Bacillus_oryzisoli,0.9999167919158936,0.8343678712844849,0.9171423316001892
NC_028871,taxid_185300_Paludibacter_propionicigenes,0.999983549118042,0.8194197416305542,0.9097016453742981
NC_028871,taxid_147709_Carnobacterium_inhibens,0.99981290102005,0.7456313371658325,0.8727221190929413
NC_028871,GENERO_Lacrimispora_94868,0.9999179840087892,0.8156958818435669,0.907806932926178
NC_028871,GENERO_Lactococcus_1358,0.9999970197677612,0.769660234451294,0.8848286271095276
NC_028871,taxid_293371_Lactobacillus_oligofermentans,0.996484875679016,0.7757137417793274,0.8860993087291718
NC_028871,taxid_1397_Bacillus_circulans,0.9999996423721312,0.775669276714325,0.8878344595432281
NC_028871,taxid_1297750_Bacteroides_luti,0.9999943971633912,0.7899382710456848,0.894966334104538
NC_031939,taxid_2479367_Buttiauxella_sp_3AFRM03,0.9999958276748656,0.7843098044395447,0.8921528160572052
NC_031939,taxid_1590_Lactiplantibacillus_plantarum,1.0,0.7262459993362427,0.8631229996681213
NC_031939,taxid_1245_Leuconostoc_mesenteroides,0.9999866485595704,0.7585147023200989,0.8792506754398346
NC_031939,taxid_33968_Leuconostoc_pseudomesenteroides,1.0,0.7947242259979248,0.8973621129989624
NC_031939,taxid_185300_Paludibacter_propionicigenes,0.9961822628974916,0.8096485137939453,0.9029153883457184
NC_031939,GENERO_Lacrimispora_94868,0.9772517681121826,0.8409014940261841,0.9090766310691833
NC_031939,GENERO_Lactococcus_1358,0.9999959468841552,0.7336762547492981,0.8668361008167267
NC_031939,taxid_293371_Lactobacillus_oligofermentans,0.9913718700408936,0.7265989780426025,0.858985424041748
NC_031939,taxid_1129792_Weissella_oryzae,0.9999719858169556,0.771000862121582,0.8854864239692688
NC_031939,taxid_1610_Lactobacillus_coryniformis,0.9999988079071044,0.7242048978805542,0.8621018528938293
NC_016562,taxid_1737571_Bacillus_oryzisoli,0.999671220779419,0.8741937279701233,0.9369324743747711
NC_016562,taxid_185300_Paludibacter_propionicigenes,0.9999797344207764,0.8536880016326904,0.9268338680267334
NC_016562,taxid_147709_Carnobacterium_inhibens,0.9999836683273317,0.8300760388374329,0.9150298535823822
NC_016562,GENERO_Lacrimispora_94868,0.9999414682388306,0.8483806252479553,0.9241610467433929
NC_016562,GENERO_Lactococcus_1358,0.9998395442962646,0.8208133578300476,0.9103264510631561
NC_016562,taxid_293371_Lactobacillus_oligofermentans,0.9236363172531128,0.8349179625511169,0.8792771399021149
NC_016562,taxid_879969_Macellibacteroides_fermentans,0.995716392993927,0.7184006571769714,0.8570585250854492
NC_016562,taxid_1397_Bacillus_circulans,1.0,0.8577367663383484,0.9288683831691742
NC_016562,taxid_1297750_Bacteroides_luti,0.9999998807907104,0.8521654009819031,0.9260826408863068
NC_024785,taxid_1590_Lactiplantibacillus_plantarum,0.9986177682876588,0.728406548500061,0.8635121583938599
NC_024785,taxid_1245_Leuconostoc_mesenteroides,0.9999994039535522,0.7466816306114197,0.873340517282486
NC_024785,taxid_1737571_Bacillus_oryzisoli,0.9999964237213136,0.7962106466293335,0.8981035351753235
NC_024785,taxid_33968_Leuconostoc_pseudomesenteroides,0.9999932050704956,0.779254674911499,0.8896239399909973
NC_024785,taxid_185300_Paludibacter_propionicigenes,1.0,0.7897740006446838,0.8948870003223419
NC_024785,GENERO_Lacrimispora_94868,0.9999990463256836,0.8275980353355408,0.9137985408306122
NC_024785,GENERO_Lactococcus_1358,0.9999998807907104,0.723131000995636,0.8615654408931732
NC_024785,taxid_293371_Lactobacillus_oligofermentans,0.9999979734420776,0.7117072939872742,0.8558526337146759
NC_024785,taxid_879969_Macellibacteroides_fermentans,0.9999979734420776,0.7116751670837402,0.8558365702629089
NC_024785,taxid_1129792_Weissella_oryzae,0.999711573123932,0.7603254914283752,0.8800185322761536
NC_024785,taxid_1610_Lactobacillus_coryniformis,0.9994798302650452,0.7249596118927002,0.8622197210788727
NC_024785,taxid_642589_Caproiciproducens_galactitolivorans,0.9998974800109864,0.7032334804534912,0.8515654802322388
NC_024785,taxid_1297750_Bacteroides_luti,0.9999996423721312,0.7318956255912781,0.8659476339817047
NC_021782,taxid_2479367_Buttiauxella_sp_3AFRM03,0.9517149925231934,0.8281683325767517,0.8899416625499725
NC_021782,taxid_1590_Lactiplantibacillus_plantarum,0.9999996423721312,0.7796612977981567,0.889830470085144
NC_021782,taxid_155866_Weissella_soli,0.9981484413146972,0.7129443883895874,0.8555464148521423
NC_021782,taxid_1245_Leuconostoc_mesenteroides,0.9999998807907104,0.7601814270019531,0.8800906538963318
NC_021782,taxid_1737571_Bacillus_oryzisoli,0.9910477995872498,0.8212099671363831,0.9061288833618164
NC_021782,taxid_33968_Leuconostoc_pseudomesenteroides,1.0,0.7989333868026733,0.8994666934013367
NC_021782,taxid_28038_Lactobacillus_curvatus,0.999998927116394,0.7125499248504639,0.856274425983429
NC_021782,taxid_185300_Paludibacter_propionicigenes,0.9999616146087646,0.8077747225761414,0.903868168592453
NC_021782,GENERO_Lacrimispora_94868,0.9994459748268129,0.852965772151947,0.9262058734893799
NC_021782,GENERO_Lactococcus_1358,0.9999992847442628,0.7348600029945374,0.8674296438694
NC_021782,taxid_293371_Lactobacillus_oligofermentans,0.9999853372573853,0.7236036658287048,0.861794501543045
NC_021782,taxid_879969_Macellibacteroides_fermentans,0.9991673231124878,0.7336000204086304,0.8663836717605591
NC_021782,taxid_1129792_Weissella_oryzae,0.999998927116394,0.7830871343612671,0.8915430307388306
NC_021782,taxid_1610_Lactobacillus_coryniformis,0.9999971389770508,0.7576509118080139,0.8788240253925323
NC_021782,taxid_1297750_Bacteroides_luti,0.9841964840888976,0.742263674736023,0.8632300794124603
NC_024359,taxid_1245_Leuconostoc_mesenteroides,1.0,0.8054903149604797,0.9027451574802399
NC_024359,taxid_2751_Carnobacterium_maltaromaticum,0.999986171722412,0.7474371194839478,0.8737116456031799
NC_024359,taxid_1737571_Bacillus_oryzisoli,1.0,0.8591515421867371,0.9295757710933685
NC_024359,taxid_33968_Leuconostoc_pseudomesenteroides,1.0,0.8132937550544739,0.9066468775272369
NC_024359,taxid_1358_Lactococcus_lactis,0.9999997615814208,0.7832248210906982,0.8916122913360596
NC_024359,taxid_185300_Paludibacter_propionicigenes,1.0,0.8422976136207581,0.921148806810379
NC_024359,taxid_147709_Carnobacterium_inhibens,1.0,0.7938798069953918,0.8969399034976959
NC_024359,taxid_165096_Weissella_koreensis,0.9999936819076538,0.8327598571777344,0.9163767695426941
NC_024359,GENERO_Lacrimispora_94868,1.0,0.8375114798545837,0.9187557399272919
NC_024359,GENERO_Lactococcus_1358,1.0,0.799919068813324,0.899959534406662
NC_024359,taxid_293371_Lactobacillus_oligofermentans,1.0,0.8138778209686279,0.906938910484314
NC_024359,taxid_1397_Bacillus_circulans,1.0,0.8228775262832642,0.9114387631416321
NC_024359,taxid_1129792_Weissella_oryzae,0.9999998807907104,0.8077219128608704,0.9038608968257904
NC_024359,taxid_1297750_Bacteroides_luti,1.0,0.8259727358818054,0.9129863679409027
NC_028982,taxid_2479367_Buttiauxella_sp_3AFRM03,0.9999998807907104,0.7536836862564087,0.8768417835235596
NC_028982,taxid_1245_Leuconostoc_mesenteroides,1.0,0.716627836227417,0.8583139181137085
NC_028982,taxid_1737571_Bacillus_oryzisoli,0.9999998807907104,0.7697739005088806,0.8848868906497955
NC_028982,taxid_33968_Leuconostoc_pseudomesenteroides,1.0,0.7589444518089294,0.8794722259044647
NC_028982,taxid_185300_Paludibacter_propionicigenes,1.0,0.768688976764679,0.8843444883823395
NC_028982,taxid_165096_Weissella_koreensis,0.999985694885254,0.7099040150642395,0.8549448549747467
NC_028982,GENERO_Lacrimispora_94868,1.0,0.8068389892578125,0.9034194946289062
NC_028982,taxid_1129792_Weissella_oryzae,1.0,0.7291590571403503,0.8645795285701752
NC_018270,taxid_33968_Leuconostoc_pseudomesenteroides,0.9999823570251464,0.717185378074646,0.8585838675498962
NC_020874,taxid_1590_Lactiplantibacillus_plantarum,0.9999988079071044,0.7031630873680115,0.851580947637558
NC_020874,taxid_1245_Leuconostoc_mesenteroides,1.0,0.723194420337677,0.8615972101688385
NC_020874,taxid_1737571_Bacillus_oryzisoli,0.999997615814209,0.7610335946083069,0.8805156052112579
NC_020874,taxid_33968_Leuconostoc_pseudomesenteroides,1.0,0.7557425498962402,0.8778712749481201
NC_020874,taxid_185300_Paludibacter_propionicigenes,1.0,0.7619718909263611,0.8809859454631805
NC_020874,taxid_165096_Weissella_koreensis,0.980946719646454,0.720034122467041,0.8504904210567474
NC_020874,GENERO_Lacrimispora_94868,1.0,0.7969068288803101,0.898453414440155
NC_020874,taxid_1129792_Weissella_oryzae,0.9999992847442628,0.732766330242157,0.8663828074932098
NC_028930,GENERO_Lacrimispora_94868,0.9985952973365784,0.747551441192627,0.8730733692646027
NC_004740,taxid_1245_Leuconostoc_mesenteroides,0.999998927116394,0.784224808216095,0.8921118676662445
NC_004740,taxid_2751_Carnobacterium_maltaromaticum,1.0,0.7589185237884521,0.8794592618942261
NC_004740,taxid_1737571_Bacillus_oryzisoli,1.0,0.8564995527267456,0.9282497763633728
NC_004740,taxid_33968_Leuconostoc_pseudomesenteroides,0.9998342990875244,0.7896668910980225,0.8947505950927734
NC_004740,taxid_1358_Lactococcus_lactis,1.0,0.7847102880477905,0.8923551440238953
NC_004740,taxid_185300_Paludibacter_propionicigenes,1.0,0.8282938599586487,0.9141469299793243
NC_004740,taxid_147709_Carnobacterium_inhibens,1.0,0.8034300208091736,0.9017150104045868
NC_004740,taxid_165096_Weissella_koreensis,0.9990856647491456,0.8247138261795044,0.911899745464325
NC_004740,GENERO_Lacrimispora_94868,1.0,0.8199953436851501,0.9099976718425751
NC_004740,GENERO_Lactococcus_1358,1.0,0.7852203845977783,0.8926101922988892
NC_004740,taxid_293371_Lactobacillus_oligofermentans,1.0,0.8075053691864014,0.9037526845932007
NC_004740,taxid_1397_Bacillus_circulans,1.0,0.8341881632804871,0.9170940816402435
NC_004740,taxid_1129792_Weissella_oryzae,0.9969497323036194,0.7876042723655701,0.8922770023345947
NC_004740,taxid_1297750_Bacteroides_luti,1.0,0.830711841583252,0.915355920791626
NC_029078,taxid_1245_Leuconostoc_mesenteroides,1.0,0.7946776151657104,0.8973388075828552
NC_029078,taxid_2751_Carnobacterium_maltaromaticum,1.0,0.7261444330215454,0.8630722165107727
NC_029078,taxid_1737571_Bacillus_oryzisoli,1.0,0.848028838634491,0.9240144193172455
NC_029078,taxid_33968_Leuconostoc_pseudomesenteroides,1.0,0.8040755987167358,0.9020377993583679
NC_029078,taxid_1358_Lactococcus_lactis,1.0,0.7599079012870789,0.8799539506435394
NC_029078,taxid_185300_Paludibacter_propionicigenes,1.0,0.833609402179718,0.916804701089859
NC_029078,taxid_147709_Carnobacterium_inhibens,1.0,0.7721377611160278,0.8860688805580139
NC_029078,taxid_165096_Weissella_koreensis,0.9999998807907104,0.8159344792366028,0.9079671800136566
NC_029078,GENERO_Lacrimispora_94868,1.0,0.826542317867279,0.9132711589336395
NC_029078,GENERO_Lactococcus_1358,1.0,0.7890652418136597,0.8945326209068298
NC_029078,taxid_293371_Lactobacillus_oligofermentans,1.0,0.796194851398468,0.898097425699234
NC_029078,taxid_1397_Bacillus_circulans,1.0,0.8019980192184448,0.9009990096092224
NC_029078,taxid_1129792_Weissella_oryzae,0.9999997615814208,0.7963732481002808,0.8981865048408508
NC_029078,taxid_1297750_Bacteroides_luti,1.0,0.8176153898239136,0.9088076949119568
NC_027356,taxid_2479367_Buttiauxella_sp_3AFRM03,0.9997017979621888,0.8094657063484192,0.904583752155304
NC_027356,taxid_82992_Buttiauxella_noackiae,0.999373495578766,0.7090070247650146,0.8541902601718903
NC_027356,taxid_1590_Lactiplantibacillus_plantarum,0.9999951124191284,0.7548366189002991,0.8774158656597137
NC_027356,taxid_82977_Buttiauxella_agrestis,0.9970411658287048,0.7130777835845947,0.8550594747066498
NC_027356,taxid_33968_Leuconostoc_pseudomesenteroides,0.9999603033065796,0.7620296478271484,0.880994975566864
NC_027356,taxid_1610_Lactobacillus_coryniformis,0.9972485899925232,0.7280401587486267,0.862644374370575
NC_009760,taxid_33968_Leuconostoc_pseudomesenteroides,0.999992847442627,0.7079107761383057,0.8539518117904663
NC_029121,taxid_1590_Lactiplantibacillus_plantarum,0.9999996423721312,0.7241548895835876,0.8620772659778595
NC_029121,taxid_1737571_Bacillus_oryzisoli,0.9736868143081664,0.7408539652824402,0.8572703897953033
NC_029121,taxid_33968_Leuconostoc_pseudomesenteroides,1.0,0.7363051176071167,0.8681525588035583
NC_029121,taxid_185300_Paludibacter_propionicigenes,0.999951958656311,0.734454870223999,0.867203414440155
NC_029121,GENERO_Lacrimispora_94868,0.9984148740768432,0.7923798561096191,0.8953973650932312
NC_029121,taxid_1129792_Weissella_oryzae,0.9999890327453612,0.7106122374534607,0.855300635099411
NC_020841,taxid_1590_Lactiplantibacillus_plantarum,1.0,0.71855628490448,0.85927814245224
NC_020841,taxid_1245_Leuconostoc_mesenteroides,1.0,0.7138323783874512,0.8569161891937256
NC_020841,taxid_1737571_Bacillus_oryzisoli,1.0,0.7675911784172058,0.8837955892086029
NC_020841,taxid_33968_Leuconostoc_pseudomesenteroides,1.0,0.7572616338729858,0.8786308169364929
NC_020841,taxid_185300_Paludibacter_propionicigenes,1.0,0.7631393671035767,0.8815696835517883
NC_020841,taxid_165096_Weissella_koreensis,0.9999998807907104,0.7104145288467407,0.8552072048187256
NC_020841,GENERO_Lacrimispora_94868,1.0,0.7983667850494385,0.8991833925247192
NC_020841,taxid_1129792_Weissella_oryzae,1.0,0.7275522947311401,0.8637761473655701
NC_028905,taxid_1245_Leuconostoc_mesenteroides,0.9856941103935242,0.79640132188797,0.8910477161407471
NC_028905,taxid_2751_Carnobacterium_maltaromaticum,0.999976396560669,0.7904129028320312,0.8951946496963501
NC_028905,taxid_1737571_Bacillus_oryzisoli,0.9999864101409912,0.8743513226509094,0.9371688663959503
NC_028905,taxid_1358_Lactococcus_lactis,0.9997546076774596,0.8056329488754272,0.9026937782764435
NC_028905,taxid_185300_Paludibacter_propionicigenes,0.9999995231628418,0.8445906639099121,0.922295093536377
NC_028905,taxid_147709_Carnobacterium_inhibens,1.0,0.825082004070282,0.912541002035141
NC_028905,GENERO_Lacrimispora_94868,0.9999982118606568,0.8358919620513916,0.9179450869560242
NC_028905,GENERO_Lactococcus_1358,0.9999923706054688,0.7984362244606018,0.8992142975330353
NC_028905,taxid_293371_Lactobacillus_oligofermentans,0.9996271133422852,0.8241545557975769,0.911890834569931
NC_028905,taxid_1397_Bacillus_circulans,1.0,0.8595844507217407,0.9297922253608704
NC_028905,taxid_1297750_Bacteroides_luti,1.0,0.8481928706169128,0.9240964353084564
NC_017984,taxid_2479367_Buttiauxella_sp_3AFRM03,0.9993993043899536,0.7689027786254883,0.884151041507721
NC_017984,taxid_1590_Lactiplantibacillus_plantarum,1.0,0.70389723777771,0.851948618888855
NC_017984,taxid_1245_Leuconostoc_mesenteroides,1.0,0.7810871601104736,0.8905435800552368
NC_017984,taxid_1737571_Bacillus_oryzisoli,0.9999972581863404,0.8251681327819824,0.9125826954841614
NC_017984,taxid_33968_Leuconostoc_pseudomesenteroides,1.0,0.8072470426559448,0.9036235213279724
NC_017984,taxid_28038_Lactobacillus_curvatus,1.0,0.7054153680801392,0.8527076840400696
NC_017984,taxid_185300_Paludibacter_propionicigenes,0.9999996423721312,0.8222405910491943,0.9111201167106628
NC_017984,taxid_165096_Weissella_koreensis,0.9892680048942566,0.7840377688407898,0.8866528868675232
NC_017984,GENERO_Lacrimispora_94868,0.9999949932098388,0.8468635082244873,0.9234292507171631
NC_017984,GENERO_Lactococcus_1358,1.0,0.7602517008781433,0.8801258504390717
NC_017984,taxid_293371_Lactobacillus_oligofermentans,0.9999998807907104,0.7553602457046509,0.8776800632476807
NC_017984,taxid_879969_Macellibacteroides_fermentans,0.9999361038208008,0.7231113314628601,0.8615237176418304
NC_017984,taxid_1397_Bacillus_circulans,0.9999780654907228,0.7459637522697449,0.8729709088802338
NC_017984,taxid_1129792_Weissella_oryzae,0.9999998807907104,0.788327157497406,0.8941635191440582
NC_017984,taxid_1610_Lactobacillus_coryniformis,0.9999997615814208,0.7156686782836914,0.8578342199325562
NC_017984,taxid_1297750_Bacteroides_luti,0.9999529123306274,0.7793769836425781,0.8896649479866028
NC_024391,taxid_1245_Leuconostoc_mesenteroides,1.0,0.7664452791213989,0.8832226395606995
NC_024391,taxid_1737571_Bacillus_oryzisoli,0.9999537467956544,0.8400295376777649,0.9199916422367096
NC_024391,taxid_33968_Leuconostoc_pseudomesenteroides,1.0,0.7728487253189087,0.8864243626594543
NC_024391,taxid_1358_Lactococcus_lactis,0.9985387325286864,0.7609549164772034,0.879746824502945
NC_024391,taxid_185300_Paludibacter_propionicigenes,0.9999998807907104,0.8123542666435242,0.9061770737171173
NC_024391,taxid_147709_Carnobacterium_inhibens,0.9999344348907472,0.7767609357833862,0.8883476853370667
NC_024391,taxid_165096_Weissella_koreensis,0.9942315816879272,0.8061436414718628,0.900187611579895
NC_024391,GENERO_Lacrimispora_94868,0.9999948740005492,0.8074291944503784,0.9037120342254639
NC_024391,GENERO_Lactococcus_1358,1.0,0.765884280204773,0.8829421401023865
NC_024391,taxid_293371_Lactobacillus_oligofermentans,0.9999998807907104,0.7867577075958252,0.8933787941932678
NC_024391,taxid_1397_Bacillus_circulans,0.9999988079071044,0.8054282665252686,0.9027135372161865
NC_024391,taxid_1129792_Weissella_oryzae,0.9999982118606568,0.7693416476249695,0.8846699297428131
NC_024391,taxid_1297750_Bacteroides_luti,0.9999995231628418,0.8056153059005737,0.9028074145317078
NC_031913,taxid_33964_Leuconostoc_citreum,0.9974998831748962,0.7026301026344299,0.8500649929046631
NC_031913,taxid_1590_Lactiplantibacillus_plantarum,0.9943040013313292,0.7240240573883057,0.8591640293598175
NC_031913,taxid_1245_Leuconostoc_mesenteroides,0.9999998807907104,0.7851210236549377,0.8925604522228241
NC_031913,taxid_1737571_Bacillus_oryzisoli,1.0,0.8260011076927185,0.9130005538463593
NC_031913,taxid_33968_Leuconostoc_pseudomesenteroides,0.9999786615371704,0.8093124628067017,0.904645562171936
NC_031913,taxid_28038_Lactobacillus_curvatus,0.9999994039535522,0.7126603126525879,0.8563298583030701
NC_031913,taxid_1358_Lactococcus_lactis,1.0,0.7014272212982178,0.8507136106491089
NC_031913,taxid_185300_Paludibacter_propionicigenes,1.0,0.8227097988128662,0.9113548994064331
NC_031913,taxid_147709_Carnobacterium_inhibens,1.0,0.7110559940338135,0.8555279970169067
NC_031913,taxid_165096_Weissella_koreensis,0.999934196472168,0.7876392006874084,0.8937866985797882
NC_031913,GENERO_Lacrimispora_94868,1.0,0.8461796641349792,0.9230898320674896
NC_031913,GENERO_Lactococcus_1358,1.0,0.7654046416282654,0.8827023208141327
NC_031913,taxid_293371_Lactobacillus_oligofermentans,1.0,0.7601590752601624,0.8800795376300812
NC_031913,taxid_879969_Macellibacteroides_fermentans,1.0,0.727864146232605,0.8639320731163025
NC_031913,taxid_1397_Bacillus_circulans,1.0,0.7481444478034973,0.8740722239017487
NC_031913,taxid_1129792_Weissella_oryzae,0.9997236132621764,0.7928001284599304,0.8962618708610535
NC_031913,taxid_1610_Lactobacillus_coryniformis,0.9983731508255004,0.7292056679725647,0.8637894093990326
NC_031913,taxid_1297750_Bacteroides_luti,1.0,0.7770795822143555,0.8885397911071777
NC_002703,taxid_1245_Leuconostoc_mesenteroides,1.0,0.8058699369430542,0.9029349684715271
NC_002703,taxid_2751_Carnobacterium_maltaromaticum,1.0,0.7646901607513428,0.8823450803756714
NC_002703,taxid_1737571_Bacillus_oryzisoli,1.0,0.8716062903404236,0.9358031451702118
NC_002703,taxid_33968_Leuconostoc_pseudomesenteroides,0.9999997615814208,0.8171274065971375,0.9085635840892792
NC_002703,taxid_1358_Lactococcus_lactis,1.0,0.7941262125968933,0.8970631062984467
NC_002703,taxid_185300_Paludibacter_propionicigenes,1.0,0.848075807094574,0.924037903547287
NC_002703,taxid_147709_Carnobacterium_inhibens,1.0,0.8074950575828552,0.9037475287914276
NC_002703,taxid_165096_Weissella_koreensis,0.9999972581863404,0.838367760181427,0.9191825091838837
NC_002703,GENERO_Lacrimispora_94868,1.0,0.8422887325286865,0.9211443662643433
NC_002703,GENERO_Lactococcus_1358,1.0,0.8057427406311035,0.9028713703155518
NC_002703,taxid_293371_Lactobacillus_oligofermentans,1.0,0.8209898471832275,0.9104949235916138
NC_002703,taxid_1397_Bacillus_circulans,1.0,0.8334486484527588,0.9167243242263794
NC_002703,taxid_1129792_Weissella_oryzae,0.9999974966049194,0.8117302060127258,0.9058638513088226
NC_002703,taxid_1297750_Bacteroides_luti,1.0,0.8423023819923401,0.92115119099617
NC_021559,taxid_1590_Lactiplantibacillus_plantarum,0.9987599849700928,0.743511974811554,0.8711359798908234
NC_021559,taxid_1245_Leuconostoc_mesenteroides,0.9999988079071044,0.771428108215332,0.8857134580612183
NC_021559,taxid_1737571_Bacillus_oryzisoli,0.9995688796043396,0.8188185691833496,0.9091937243938446
NC_021559,taxid_33968_Leuconostoc_pseudomesenteroides,0.9999831914901732,0.8017276525497437,0.9008554220199585
NC_021559,taxid_28038_Lactobacillus_curvatus,0.9999665021896362,0.7064993977546692,0.8532329499721527
NC_021559,taxid_185300_Paludibacter_propionicigenes,0.9999980926513672,0.8106651902198792,0.9053316414356232
NC_021559,GENERO_Lacrimispora_94868,0.9999388456344604,0.8487744927406311,0.9243566691875458
NC_021559,GENERO_Lactococcus_1358,0.9999995231628418,0.7445293664932251,0.8722644448280334
NC_021559,taxid_293371_Lactobacillus_oligofermentans,0.9999936819076538,0.734054684638977,0.8670241832733154
NC_021559,taxid_879969_Macellibacteroides_fermentans,0.999955415725708,0.7213801741600037,0.8606677949428558
NC_021559,taxid_1397_Bacillus_circulans,0.9997761845588684,0.7083740234375,0.8540751039981842
NC_021559,taxid_1129792_Weissella_oryzae,0.999718964099884,0.7879056930541992,0.8938123285770416
NC_021559,taxid_1610_Lactobacillus_coryniformis,0.9978952407836914,0.7413131594657898,0.8696042001247406
NC_021559,taxid_1297750_Bacteroides_luti,0.9999659061431884,0.7467294931411743,0.8733476996421814
NC_022770,taxid_33964_Leuconostoc_citreum,0.9999995231628418,0.7046247124671936,0.8523121178150177
NC_022770,taxid_1245_Leuconostoc_mesenteroides,1.0,0.8050051927566528,0.9025025963783264
NC_022770,taxid_1737571_Bacillus_oryzisoli,1.0,0.8568243980407715,0.9284121990203857
NC_022770,taxid_33968_Leuconostoc_pseudomesenteroides,1.0,0.8225587010383606,0.9112793505191803
NC_022770,taxid_28038_Lactobacillus_curvatus,1.0,0.7082420587539673,0.8541210293769836
NC_022770,taxid_1358_Lactococcus_lactis,1.0,0.7368763089179993,0.8684381544589996
NC_022770,taxid_185300_Paludibacter_propionicigenes,1.0,0.8436991572380066,0.9218495786190033
NC_022770,taxid_147709_Carnobacterium_inhibens,1.0,0.7509666085243225,0.8754833042621613
NC_022770,taxid_165096_Weissella_koreensis,0.9999997615814208,0.819542646408081,0.909771203994751
NC_022770,GENERO_Lacrimispora_94868,1.0,0.8426996469497681,0.921349823474884
NC_022770,GENERO_Lactococcus_1358,1.0,0.794438362121582,0.897219181060791
NC_022770,taxid_293371_Lactobacillus_oligofermentans,1.0,0.7929887175559998,0.8964943587779999
NC_022770,taxid_879969_Macellibacteroides_fermentans,1.0,0.7218252420425415,0.8609126210212708
NC_022770,taxid_1397_Bacillus_circulans,1.0,0.7929959893226624,0.8964979946613312
NC_022770,taxid_1129792_Weissella_oryzae,0.9999998807907104,0.81181800365448,0.9059089422225952
NC_022770,taxid_1610_Lactobacillus_coryniformis,0.9999992847442628,0.7034552693367004,0.8517272770404816
NC_022770,taxid_1297750_Bacteroides_luti,1.0,0.8196170330047607,0.9098085165023804
NC_008720,taxid_2479367_Buttiauxella_sp_3AFRM03,0.992199957370758,0.8184798955917358,0.905339926481247
NC_008720,taxid_82992_Buttiauxella_noackiae,0.978023111820221,0.7258769869804382,0.8519500494003296
NC_008720,taxid_1590_Lactiplantibacillus_plantarum,0.9999594688415528,0.7617293000221252,0.880844384431839
NC_008720,taxid_1245_Leuconostoc_mesenteroides,0.9852950572967528,0.7448129057884216,0.8650539815425873
NC_008720,taxid_33968_Leuconostoc_pseudomesenteroides,0.9999842643737792,0.7846159338951111,0.8923000991344452
NC_008720,taxid_1129792_Weissella_oryzae,0.953300416469574,0.7638109922409058,0.8585557043552399
NC_008720,taxid_1610_Lactobacillus_coryniformis,0.9958558678627014,0.7348201274871826,0.865337997674942
NC_028679,taxid_2479367_Buttiauxella_sp_3AFRM03,0.9971081614494324,0.7312998175621033,0.8642039895057678
NC_028679,taxid_1590_Lactiplantibacillus_plantarum,1.0,0.7395260334014893,0.8697630167007446
NC_028679,taxid_1245_Leuconostoc_mesenteroides,1.0,0.7452857494354248,0.8726428747177124
NC_028679,taxid_1737571_Bacillus_oryzisoli,0.9999996423721312,0.7952856421470642,0.8976426422595978
NC_028679,taxid_33968_Leuconostoc_pseudomesenteroides,1.0,0.7779802680015564,0.8889901340007782
NC_028679,taxid_185300_Paludibacter_propionicigenes,1.0,0.7882649302482605,0.8941324651241302
NC_028679,taxid_165096_Weissella_koreensis,0.9997574687004088,0.7471498847007751,0.873453676700592
NC_028679,GENERO_Lacrimispora_94868,1.0,0.8186629414558411,0.9093314707279205
NC_028679,GENERO_Lactococcus_1358,1.0,0.7205363512039185,0.8602681756019592
NC_028679,taxid_293371_Lactobacillus_oligofermentans,1.0,0.7141902446746826,0.8570951223373413
NC_028679,taxid_879969_Macellibacteroides_fermentans,1.0,0.7090944051742554,0.8545472025871277
NC_028679,taxid_1129792_Weissella_oryzae,1.0,0.7574537992477417,0.8787268996238708
NC_028679,taxid_1610_Lactobacillus_coryniformis,1.0,0.7213612198829651,0.8606806099414825
NC_028679,taxid_1297750_Bacteroides_luti,1.0,0.7285276055335999,0.8642638027667999
NC_019512,taxid_1245_Leuconostoc_mesenteroides,1.0,0.7675442695617676,0.8837721347808838
NC_019512,taxid_2751_Carnobacterium_maltaromaticum,1.0,0.7564033269882202,0.8782016634941101
NC_019512,taxid_1737571_Bacillus_oryzisoli,1.0,0.852868378162384,0.926434189081192
NC_019512,taxid_33968_Leuconostoc_pseudomesenteroides,0.9999891519546508,0.7788600921630859,0.8894246220588684
NC_019512,taxid_1358_Lactococcus_lactis,1.0,0.7745028734207153,0.8872514367103577
NC_019512,taxid_185300_Paludibacter_propionicigenes,1.0,0.8196143507957458,0.9098071753978729
NC_019512,taxid_147709_Carnobacterium_inhibens,1.0,0.7931492328643799,0.8965746164321899
NC_019512,taxid_165096_Weissella_koreensis,0.999970555305481,0.8139562606811523,0.9069634079933167
NC_019512,GENERO_Lacrimispora_94868,1.0,0.8104822635650635,0.9052411317825317
NC_019512,GENERO_Lactococcus_1358,1.0,0.7696012258529663,0.8848006129264832
NC_019512,taxid_293371_Lactobacillus_oligofermentans,1.0,0.7944567203521729,0.8972283601760864
NC_019512,taxid_1397_Bacillus_circulans,1.0,0.8318822979927063,0.9159411489963531
NC_019512,taxid_1129792_Weissella_oryzae,0.9999408721923828,0.7742456793785095,0.8870932757854462
NC_019512,taxid_1297750_Bacteroides_luti,1.0,0.8229321837425232,0.9114660918712616
NC_002747,taxid_1245_Leuconostoc_mesenteroides,1.0,0.812458336353302,0.906229168176651
NC_002747,taxid_2751_Carnobacterium_maltaromaticum,1.0,0.7794683575630188,0.8897341787815094
NC_002747,taxid_1737571_Bacillus_oryzisoli,1.0,0.8781984448432922,0.9390992224216461
NC_002747,taxid_33968_Leuconostoc_pseudomesenteroides,1.0,0.8233637809753418,0.9116818904876709
NC_002747,taxid_1358_Lactococcus_lactis,1.0,0.804843544960022,0.902421772480011
NC_002747,taxid_185300_Paludibacter_propionicigenes,1.0,0.8541179299354553,0.9270589649677277
NC_002747,taxid_147709_Carnobacterium_inhibens,1.0,0.8204120993614197,0.9102060496807098
NC_002747,taxid_165096_Weissella_koreensis,1.0,0.8458712100982666,0.9229356050491333
NC_002747,GENERO_Lacrimispora_94868,1.0,0.8485888242721558,0.9242944121360779
NC_002747,GENERO_Lactococcus_1358,1.0,0.8121790885925293,0.9060895442962646
NC_002747,taxid_293371_Lactobacillus_oligofermentans,1.0,0.8293681740760803,0.9146840870380402
NC_002747,taxid_1397_Bacillus_circulans,1.0,0.8471494913101196,0.9235747456550598
NC_002747,taxid_1129792_Weissella_oryzae,1.0,0.8179141283035278,0.9089570641517639
NC_002747,taxid_1297750_Bacteroides_luti,1.0,0.8525983691215515,0.9262991845607758
NC_028773,taxid_2479367_Buttiauxella_sp_3AFRM03,0.9996521472930908,0.7631378173828125,0.8813949823379517
NC_028684,taxid_2479367_Buttiauxella_sp_3AFRM03,0.9975624084472656,0.760034441947937,0.8787984251976013
NC_028684,taxid_33964_Leuconostoc_citreum,1.0,0.7425771951675415,0.8712885975837708
NC_028684,taxid_1590_Lactiplantibacillus_plantarum,1.0,0.7422059774398804,0.8711029887199402
NC_028684,taxid_1245_Leuconostoc_mesenteroides,1.0,0.8152183294296265,0.9076091647148132
NC_028684,taxid_1737571_Bacillus_oryzisoli,0.999998927116394,0.8604671359062195,0.9302330315113068
NC_028684,taxid_33968_Leuconostoc_pseudomesenteroides,1.0,0.8373304009437561,0.918665200471878
NC_028684,taxid_28038_Lactobacillus_curvatus,1.0,0.7490901350975037,0.8745450675487518
NC_028684,taxid_1358_Lactococcus_lactis,0.9993537068367004,0.7395948767662048,0.8694742918014526
NC_028684,taxid_185300_Paludibacter_propionicigenes,1.0,0.8519296646118164,0.9259648323059082
NC_028684,taxid_147709_Carnobacterium_inhibens,0.9998492002487184,0.7549701929092407,0.8774096965789795
NC_028684,taxid_165096_Weissella_koreensis,0.9998433589935304,0.8236213326454163,0.9117323458194733
NC_028684,GENERO_Lacrimispora_94868,0.9999998807907104,0.8581868410110474,0.9290933609008789
NC_028684,GENERO_Lactococcus_1358,1.0,0.8017561435699463,0.9008780717849731
NC_028684,taxid_293371_Lactobacillus_oligofermentans,1.0,0.7980395555496216,0.8990197777748108
NC_028684,taxid_879969_Macellibacteroides_fermentans,0.9999998807907104,0.7600463032722473,0.8800230920314789
NC_028684,taxid_1397_Bacillus_circulans,0.9999988079071044,0.7972171902656555,0.89860799908638
NC_028684,taxid_1129792_Weissella_oryzae,1.0,0.8245282173156738,0.9122641086578369
NC_028684,taxid_1610_Lactobacillus_coryniformis,1.0,0.7501350045204163,0.8750675022602081
NC_028684,taxid_642589_Caproiciproducens_galactitolivorans,0.999993085861206,0.71014404296875,0.855068564414978
NC_028684,taxid_1297750_Bacteroides_luti,0.9999998807907104,0.8250231742858887,0.9125115275382996
NC_031902,taxid_2479367_Buttiauxella_sp_3AFRM03,0.9997310042381288,0.808499276638031,0.9041151404380798
NC_031902,taxid_82992_Buttiauxella_noackiae,0.9983400106430054,0.7146585583686829,0.8564992845058441
NC_031902,taxid_1590_Lactiplantibacillus_plantarum,0.9997265934944152,0.738158643245697,0.8689426183700562
NC_031902,taxid_82977_Buttiauxella_agrestis,0.9942037463188172,0.7234979271888733,0.8588508367538452
NC_031902,taxid_33968_Leuconostoc_pseudomesenteroides,0.9940053820610046,0.7379493117332458,0.8659773468971252
NC_024071,taxid_2751_Carnobacterium_maltaromaticum,0.9999985694885254,0.7073730230331421,0.8536857962608337
NC_024071,taxid_1737571_Bacillus_oryzisoli,0.9999998807907104,0.8056293725967407,0.9028146266937256
NC_024071,taxid_1358_Lactococcus_lactis,0.999991774559021,0.7219167947769165,0.8609542846679688
NC_024071,taxid_185300_Paludibacter_propionicigenes,1.0,0.7165386080741882,0.8582693040370941
NC_024071,taxid_147709_Carnobacterium_inhibens,1.0,0.7378586530685425,0.8689293265342712
NC_024071,taxid_165096_Weissella_koreensis,0.9980812072753906,0.7665908336639404,0.8823360204696655
NC_024071,GENERO_Lactococcus_1358,1.0,0.7039275765419006,0.8519637882709503
NC_024071,taxid_293371_Lactobacillus_oligofermentans,0.9999997615814208,0.7446054816246033,0.8723026216030121
NC_024071,taxid_1397_Bacillus_circulans,1.0,0.7886068224906921,0.8943034112453461
NC_024071,taxid_1129792_Weissella_oryzae,0.9998028874397278,0.7044845223426819,0.8521437048912048
NC_024071,taxid_1297750_Bacteroides_luti,1.0,0.7479830980300903,0.8739915490150452
NC_028663,taxid_2479367_Buttiauxella_sp_3AFRM03,0.9488897919654846,0.7870664596557617,0.8679781258106232
NC_028663,taxid_1590_Lactiplantibacillus_plantarum,1.0,0.729218602180481,0.8646093010902405
NC_028663,taxid_1245_Leuconostoc_mesenteroides,1.0,0.701728343963623,0.8508641719818115
NC_028663,taxid_1737571_Bacillus_oryzisoli,0.9999960660934448,0.7563285827636719,0.8781623244285583
NC_028663,taxid_33968_Leuconostoc_pseudomesenteroides,1.0,0.7466545701026917,0.8733272850513458
NC_028663,taxid_185300_Paludibacter_propionicigenes,1.0,0.7519122958183289,0.8759561479091644
NC_028663,GENERO_Lacrimispora_94868,0.999998927116394,0.8055626749992371,0.9027808010578156
NC_028663,taxid_1129792_Weissella_oryzae,1.0,0.7231250405311584,0.8615625202655792
NC_019485,taxid_2479367_Buttiauxella_sp_3AFRM03,0.9979071617126464,0.7905092835426331,0.8942082226276398
NC_019485,taxid_33964_Leuconostoc_citreum,0.9999954700469972,0.7222049832344055,0.8611002266407013
NC_019485,taxid_1590_Lactiplantibacillus_plantarum,0.9999972581863404,0.739698588848114,0.8698479235172272
NC_019485,taxid_1245_Leuconostoc_mesenteroides,0.9999998807907104,0.8061304688453674,0.9030651748180389
NC_019485,taxid_1737571_Bacillus_oryzisoli,0.9999728202819824,0.8552771806716919,0.9276250004768372
NC_019485,taxid_33968_Leuconostoc_pseudomesenteroides,0.9999996423721312,0.8321800827980042,0.9160898625850677
NC_019485,taxid_28038_Lactobacillus_curvatus,0.9999985694885254,0.7307013273239136,0.8653499484062195
NC_019485,taxid_1358_Lactococcus_lactis,0.9895300269126892,0.7298004627227783,0.8596652448177338
NC_019485,taxid_185300_Paludibacter_propionicigenes,0.999998927116394,0.8505182862281799,0.925258606672287
NC_019485,taxid_147709_Carnobacterium_inhibens,0.986883580684662,0.7436301112174988,0.8652568459510803
NC_019485,taxid_165096_Weissella_koreensis,0.9843447804450988,0.8133710622787476,0.8988579213619232
NC_019485,GENERO_Lacrimispora_94868,0.9999855756759644,0.8650407195091248,0.9325131475925446
NC_019485,GENERO_Lactococcus_1358,0.9999998807907104,0.7903603911399841,0.8951801359653473
NC_019485,taxid_293371_Lactobacillus_oligofermentans,0.9999991655349731,0.7868581414222717,0.8934286534786224
NC_019485,taxid_879969_Macellibacteroides_fermentans,0.9999822378158568,0.7492358684539795,0.8746090531349182
NC_019485,taxid_1397_Bacillus_circulans,0.999955415725708,0.7823241949081421,0.891139805316925
NC_019485,taxid_1129792_Weissella_oryzae,0.999996781349182,0.8156057596206665,0.9078012704849243
NC_019485,taxid_1610_Lactobacillus_coryniformis,0.999991536140442,0.742816686630249,0.8714041113853455
NC_019485,taxid_642589_Caproiciproducens_galactitolivorans,0.9986718893051147,0.7052925229072571,0.8519822061061859
NC_019485,taxid_1297750_Bacteroides_luti,0.9999887943267822,0.8184833526611328,0.9092360734939575
NC_028857,taxid_2479367_Buttiauxella_sp_3AFRM03,0.9999997615814208,0.7703848481178284,0.8851923048496246
NC_028857,taxid_82977_Buttiauxella_agrestis,0.9999983310699464,0.7031762003898621,0.8515872657299042
NC_012784,taxid_1245_Leuconostoc_mesenteroides,1.0,0.7643770575523376,0.8821885287761688
NC_012784,taxid_2751_Carnobacterium_maltaromaticum,1.0,0.7291499972343445,0.8645749986171722
NC_012784,taxid_1737571_Bacillus_oryzisoli,1.0,0.8355682492256165,0.9177841246128082
NC_012784,taxid_33968_Leuconostoc_pseudomesenteroides,0.9999997615814208,0.7627524733543396,0.8813761174678802
NC_012784,taxid_1358_Lactococcus_lactis,1.0,0.761520266532898,0.880760133266449
NC_012784,taxid_185300_Paludibacter_propionicigenes,1.0,0.8063036799430847,0.9031518399715424
NC_012784,taxid_147709_Carnobacterium_inhibens,1.0,0.7822527885437012,0.8911263942718506
NC_012784,taxid_165096_Weissella_koreensis,0.999997615814209,0.8073754906654358,0.9036865532398224
NC_012784,GENERO_Lacrimispora_94868,1.0,0.7906304597854614,0.8953152298927307
NC_012784,GENERO_Lactococcus_1358,1.0,0.7643231749534607,0.8821615874767303
NC_012784,taxid_293371_Lactobacillus_oligofermentans,1.0,0.7886260151863098,0.8943130075931549
NC_012784,taxid_1397_Bacillus_circulans,1.0,0.814406156539917,0.9072030782699585
NC_012784,taxid_1129792_Weissella_oryzae,0.9999957084655762,0.7636828422546387,0.8818392753601074
NC_012784,taxid_1297750_Bacteroides_luti,1.0,0.8089615702629089,0.9044807851314545
NC_024137,taxid_1245_Leuconostoc_mesenteroides,0.9999914169311525,0.7490056753158569,0.8744985461235046
NC_024137,taxid_33968_Leuconostoc_pseudomesenteroides,0.9999998807907104,0.7766116261482239,0.8883057534694672
NC_024137,taxid_185300_Paludibacter_propionicigenes,0.982362687587738,0.7940636277198792,0.8882131576538086
NC_024137,GENERO_Lactococcus_1358,0.9999736547470092,0.7244858145713806,0.862229734659195
NC_024137,taxid_293371_Lactobacillus_oligofermentans,0.9880536198616028,0.7165788412094116,0.8523162305355072
NC_024137,taxid_1129792_Weissella_oryzae,0.999945878982544,0.7571237087249756,0.8785347938537598
NC_012756,taxid_33964_Leuconostoc_citreum,1.0,0.7414535880088806,0.8707267940044403
NC_012756,taxid_1590_Lactiplantibacillus_plantarum,1.0,0.7242567539215088,0.8621283769607544
NC_012756,taxid_1245_Leuconostoc_mesenteroides,1.0,0.8305554389953613,0.9152777194976807
NC_012756,taxid_2751_Carnobacterium_maltaromaticum,1.0,0.7397744655609131,0.8698872327804565
NC_012756,taxid_1737571_Bacillus_oryzisoli,1.0,0.8745214343070984,0.9372607171535492
NC_012756,taxid_33968_Leuconostoc_pseudomesenteroides,1.0,0.8469597697257996,0.9234798848628998
NC_012756,taxid_28038_Lactobacillus_curvatus,1.0,0.7427857518196106,0.8713928759098053
NC_012756,taxid_1358_Lactococcus_lactis,1.0,0.7757201194763184,0.8878600597381592
NC_012756,taxid_185300_Paludibacter_propionicigenes,1.0,0.8683308959007263,0.9341654479503632
NC_012756,taxid_147709_Carnobacterium_inhibens,1.0,0.786250114440918,0.893125057220459
NC_012756,taxid_165096_Weissella_koreensis,1.0,0.8418064713478088,0.9209032356739044
NC_012756,GENERO_Lacrimispora_94868,1.0,0.8682068586349487,0.9341034293174744
NC_012756,GENERO_Lactococcus_1358,1.0,0.8204936385154724,0.9102468192577362
NC_012756,taxid_293371_Lactobacillus_oligofermentans,1.0,0.8186616897583008,0.9093308448791504
NC_012756,taxid_879969_Macellibacteroides_fermentans,1.0,0.755734384059906,0.877867192029953
NC_012756,taxid_1397_Bacillus_circulans,1.0,0.8162717819213867,0.9081358909606934
NC_012756,taxid_1129792_Weissella_oryzae,1.0,0.8355051875114441,0.917752593755722
NC_012756,taxid_1610_Lactobacillus_coryniformis,1.0,0.7382233738899231,0.8691116869449615
NC_012756,taxid_1297750_Bacteroides_luti,1.0,0.8419453501701355,0.9209726750850677
NC_007056,taxid_1245_Leuconostoc_mesenteroides,0.9999997615814208,0.7813552618026733,0.8906775116920471
NC_007056,taxid_2751_Carnobacterium_maltaromaticum,1.0,0.701546311378479,0.8507731556892395
NC_007056,taxid_1737571_Bacillus_oryzisoli,1.0,0.8402090072631836,0.9201045036315918
NC_007056,taxid_33968_Leuconostoc_pseudomesenteroides,0.999971866607666,0.7908874154090881,0.8954296410083771
NC_007056,taxid_1358_Lactococcus_lactis,1.0,0.7437326908111572,0.8718663454055786
NC_007056,taxid_185300_Paludibacter_propionicigenes,1.0,0.8237277865409851,0.9118638932704926
NC_007056,taxid_147709_Carnobacterium_inhibens,1.0,0.758246660232544,0.879123330116272
NC_007056,taxid_165096_Weissella_koreensis,0.9997180104255676,0.8079613447189331,0.9038396775722504
NC_007056,GENERO_Lacrimispora_94868,1.0,0.8214048743247986,0.9107024371623993
NC_007056,GENERO_Lactococcus_1358,1.0,0.7738991379737854,0.8869495689868927
NC_007056,taxid_293371_Lactobacillus_oligofermentans,1.0,0.7845384478569031,0.8922692239284515
NC_007056,taxid_1397_Bacillus_circulans,1.0,0.7885213494300842,0.8942606747150421
NC_007056,taxid_1129792_Weissella_oryzae,0.9995114803314208,0.783676266670227,0.891593873500824
NC_007056,taxid_1297750_Bacteroides_luti,1.0,0.7985733151435852,0.8992866575717926
NC_028838,taxid_1737571_Bacillus_oryzisoli,0.9933184385299684,0.8568354845046997,0.925076961517334
NC_028838,taxid_185300_Paludibacter_propionicigenes,0.9966254234313964,0.8227116465568542,0.9096685349941254
NC_028838,taxid_147709_Carnobacterium_inhibens,0.9999208450317384,0.8105174899101257,0.905219167470932
NC_028838,GENERO_Lacrimispora_94868,0.995017945766449,0.8082647323608398,0.9016413390636444
NC_028838,GENERO_Lactococcus_1358,0.996675968170166,0.7770276069641113,0.8868517875671387
NC_028838,taxid_1397_Bacillus_circulans,0.9999990463256836,0.847141444683075,0.9235702455043793
NC_028838,taxid_1297750_Bacteroides_luti,0.9999921321868896,0.8314301371574402,0.9157111346721649
NC_031904,taxid_1245_Leuconostoc_mesenteroides,0.9999805688858032,0.8074182271957397,0.9036993980407715
NC_031904,taxid_2751_Carnobacterium_maltaromaticum,0.9999988079071044,0.7855674624443054,0.892783135175705
NC_031904,taxid_1737571_Bacillus_oryzisoli,1.0,0.8702086806297302,0.9351043403148651
NC_031904,taxid_33968_Leuconostoc_pseudomesenteroides,0.991831362247467,0.8126168251037598,0.9022240936756134
NC_031904,taxid_1358_Lactococcus_lactis,0.9999980926513672,0.8066826462745667,0.9033403694629669
NC_031904,taxid_185300_Paludibacter_propionicigenes,1.0,0.8470319509506226,0.9235159754753113
NC_031904,taxid_147709_Carnobacterium_inhibens,1.0,0.8243932127952576,0.9121966063976288
NC_031904,taxid_165096_Weissella_koreensis,0.9203494787216188,0.8429564833641052,0.8816529810428619
NC_031904,GENERO_Lacrimispora_94868,1.0,0.8374552130699158,0.9187276065349579
NC_031904,GENERO_Lactococcus_1358,1.0,0.8064014315605164,0.9032007157802582
NC_031904,taxid_293371_Lactobacillus_oligofermentans,0.9999994039535522,0.8269826769828796,0.9134910404682159
NC_031904,taxid_1397_Bacillus_circulans,1.0,0.8548125624656677,0.9274062812328339
NC_031904,taxid_1297750_Bacteroides_luti,1.0,0.8487371206283569,0.9243685603141785
NC_003907,GENERO_Lacrimispora_94868,0.9999568462371826,0.7022982835769653,0.851127564907074
NC_031926,taxid_1245_Leuconostoc_mesenteroides,0.980880618095398,0.8308092355728149,0.9058449268341064
NC_031926,taxid_2751_Carnobacterium_maltaromaticum,0.9998579025268556,0.8017327189445496,0.9007953107357025
NC_031926,taxid_1737571_Bacillus_oryzisoli,0.9999958276748656,0.8803655505180359,0.9401806890964508
NC_031926,taxid_1358_Lactococcus_lactis,0.9994469285011292,0.8220234513282776,0.9107351899147034
NC_031926,taxid_185300_Paludibacter_propionicigenes,0.9999997615814208,0.8620595335960388,0.9310296475887299
NC_031926,taxid_147709_Carnobacterium_inhibens,1.0,0.8368738293647766,0.9184369146823883
NC_031926,GENERO_Lacrimispora_94868,0.9999994039535522,0.8505493998527527,0.9252744019031525
NC_031926,GENERO_Lactococcus_1358,0.999996542930603,0.8290730118751526,0.9145347774028778
NC_031926,taxid_293371_Lactobacillus_oligofermentans,0.999308705329895,0.8436945080757141,0.9215016067028046
NC_031926,taxid_879969_Macellibacteroides_fermentans,0.999979853630066,0.7255367636680603,0.8627583086490631
NC_031926,taxid_1397_Bacillus_circulans,1.0,0.8633160591125488,0.9316580295562744
NC_031926,taxid_1297750_Bacteroides_luti,1.0,0.8609940409660339,0.930497020483017
NC_023595,taxid_33964_Leuconostoc_citreum,1.0,0.7260463237762451,0.8630231618881226
NC_023595,taxid_1245_Leuconostoc_mesenteroides,1.0,0.8328432440757751,0.9164216220378876
NC_023595,taxid_2751_Carnobacterium_maltaromaticum,1.0,0.7804950475692749,0.8902475237846375
NC_023595,taxid_1737571_Bacillus_oryzisoli,1.0,0.8810992240905762,0.9405496120452881
NC_023595,taxid_33968_Leuconostoc_pseudomesenteroides,1.0,0.8408318161964417,0.9204159080982208
NC_023595,taxid_28038_Lactobacillus_curvatus,1.0,0.7277773022651672,0.8638886511325836
NC_023595,taxid_1358_Lactococcus_lactis,1.0,0.811637818813324,0.905818909406662
NC_023595,taxid_185300_Paludibacter_propionicigenes,1.0,0.8651836514472961,0.9325918257236481
NC_023595,taxid_147709_Carnobacterium_inhibens,1.0,0.8229909539222717,0.9114954769611359
NC_023595,taxid_165096_Weissella_koreensis,1.0,0.8570218682289124,0.9285109341144562
NC_023595,GENERO_Lacrimispora_94868,1.0,0.8653327226638794,0.9326663613319397
NC_023595,GENERO_Lactococcus_1358,1.0,0.8274958729743958,0.9137479364871979
NC_023595,taxid_293371_Lactobacillus_oligofermentans,1.0,0.8401874303817749,0.9200937151908875
NC_023595,taxid_879969_Macellibacteroides_fermentans,1.0,0.7389414310455322,0.8694707155227661
NC_023595,taxid_1397_Bacillus_circulans,1.0,0.8492294549942017,0.9246147274971008
NC_023595,taxid_1129792_Weissella_oryzae,1.0,0.8367375731468201,0.91836878657341
NC_023595,taxid_1610_Lactobacillus_coryniformis,1.0,0.7273780703544617,0.8636890351772308
NC_023595,taxid_1297750_Bacteroides_luti,1.0,0.8516430258750916,0.9258215129375458
NC_031919,taxid_1245_Leuconostoc_mesenteroides,1.0,0.7296695709228516,0.8648347854614258
NC_031919,taxid_2751_Carnobacterium_maltaromaticum,0.9955756664276124,0.7269205451011658,0.861248105764389
NC_031919,taxid_1737571_Bacillus_oryzisoli,0.9999992847442628,0.824893057346344,0.9124461710453033
NC_031919,taxid_33968_Leuconostoc_pseudomesenteroides,1.0,0.7293378114700317,0.8646689057350159
NC_031919,taxid_1358_Lactococcus_lactis,0.9999499320983888,0.747755229473114,0.8738525807857513
NC_031919,taxid_185300_Paludibacter_propionicigenes,1.0,0.7864888310432434,0.8932444155216217
NC_031919,taxid_147709_Carnobacterium_inhibens,0.9999935626983644,0.7695364356040955,0.8847649991512299
NC_031919,taxid_165096_Weissella_koreensis,0.999914050102234,0.7862822413444519,0.8930981457233429
NC_031919,GENERO_Lacrimispora_94868,0.9999997615814208,0.7736581563949585,0.8868289589881897
NC_031919,GENERO_Lactococcus_1358,1.0,0.7330936789512634,0.8665468394756317
NC_031919,taxid_293371_Lactobacillus_oligofermentans,1.0,0.7668122053146362,0.8834061026573181
NC_031919,taxid_1397_Bacillus_circulans,0.9999998807907104,0.8116117715835571,0.9058058261871338
NC_031919,taxid_1129792_Weissella_oryzae,0.9999998807907104,0.7297220826148987,0.8648609817028046
NC_031919,taxid_1297750_Bacteroides_luti,1.0,0.7948607802391052,0.8974303901195526
NC_018085,taxid_1245_Leuconostoc_mesenteroides,0.9999911785125732,0.8038310408592224,0.9019111096858978
NC_018085,taxid_2751_Carnobacterium_maltaromaticum,0.9999998807907104,0.7728042602539062,0.8864020705223083
NC_018085,taxid_1737571_Bacillus_oryzisoli,1.0,0.8738685250282288,0.9369342625141144
NC_018085,taxid_33968_Leuconostoc_pseudomesenteroides,0.9992040991783142,0.8173609375953674,0.9082825183868408
NC_018085,taxid_1358_Lactococcus_lactis,0.9999997615814208,0.7964156866073608,0.8982077240943909
NC_018085,taxid_185300_Paludibacter_propionicigenes,1.0,0.84940505027771,0.924702525138855
NC_018085,taxid_147709_Carnobacterium_inhibens,1.0,0.8132168054580688,0.9066084027290344
NC_018085,taxid_165096_Weissella_koreensis,0.9845684766769408,0.8399477601051331,0.912258118391037
NC_018085,GENERO_Lacrimispora_94868,1.0,0.8452250957489014,0.9226125478744507
NC_018085,GENERO_Lactococcus_1358,1.0,0.803188681602478,0.901594340801239
NC_018085,taxid_293371_Lactobacillus_oligofermentans,0.9999997615814208,0.8217001557350159,0.9108499586582184
NC_018085,taxid_1397_Bacillus_circulans,1.0,0.8437387943267822,0.9218693971633911
NC_018085,taxid_1129792_Weissella_oryzae,0.985190212726593,0.8110231757164001,0.8981066942214966
NC_018085,taxid_1297750_Bacteroides_luti,1.0,0.8490142226219177,0.9245071113109589
NC_028890,taxid_1245_Leuconostoc_mesenteroides,1.0,0.7146384716033936,0.8573192358016968
NC_028890,taxid_1737571_Bacillus_oryzisoli,0.9999998807907104,0.7662546634674072,0.8831272721290588
NC_028890,taxid_33968_Leuconostoc_pseudomesenteroides,0.9999998807907104,0.7523464560508728,0.8761731684207916
NC_028890,taxid_185300_Paludibacter_propionicigenes,1.0,0.7634496688842773,0.8817248344421387
NC_028890,taxid_165096_Weissella_koreensis,0.9989545345306396,0.7072202563285828,0.8530873954296112
NC_028890,GENERO_Lacrimispora_94868,0.9999995231628418,0.811210036277771,0.9056047797203064
NC_028890,taxid_1129792_Weissella_oryzae,0.9999994039535522,0.7273545861244202,0.8636769950389862
NC_017732,taxid_1245_Leuconostoc_mesenteroides,1.0,0.7735480070114136,0.8867740035057068
NC_017732,taxid_2751_Carnobacterium_maltaromaticum,0.9999998807907104,0.7686236500740051,0.8843117654323578
NC_017732,taxid_1737571_Bacillus_oryzisoli,1.0,0.855633556842804,0.927816778421402
NC_017732,taxid_33968_Leuconostoc_pseudomesenteroides,0.999998927116394,0.7761497497558594,0.8880743384361267
NC_017732,taxid_1358_Lactococcus_lactis,1.0,0.7853160500526428,0.8926580250263214
NC_017732,taxid_185300_Paludibacter_propionicigenes,1.0,0.8226706385612488,0.9113353192806244
NC_017732,taxid_147709_Carnobacterium_inhibens,1.0,0.8063281178474426,0.9031640589237213
NC_017732,taxid_165096_Weissella_koreensis,0.999922513961792,0.8220658302307129,0.9109941720962524
NC_017732,GENERO_Lacrimispora_94868,1.0,0.8117861151695251,0.9058930575847626
NC_017732,GENERO_Lactococcus_1358,1.0,0.7768187522888184,0.8884093761444092
NC_017732,taxid_293371_Lactobacillus_oligofermentans,1.0,0.8045921921730042,0.9022960960865021
NC_017732,taxid_1397_Bacillus_circulans,1.0,0.8418647646903992,0.9209323823451996
NC_017732,taxid_1129792_Weissella_oryzae,0.9999827146530152,0.7754998207092285,0.8877412676811218
NC_017732,taxid_1297750_Bacteroides_luti,1.0,0.8286951780319214,0.9143475890159607
NC_007637,taxid_1590_Lactiplantibacillus_plantarum,0.999954342842102,0.7597945928573608,0.8798744678497314
NC_007637,taxid_1245_Leuconostoc_mesenteroides,0.99967360496521,0.7102679014205933,0.8549707531929016
NC_007637,taxid_33968_Leuconostoc_pseudomesenteroides,0.9999932050704956,0.760452926158905,0.8802230656147003
NC_007637,taxid_1129792_Weissella_oryzae,0.9953845143318176,0.7391506433486938,0.8672675788402557
NC_007637,taxid_1610_Lactobacillus_coryniformis,0.9992626309394836,0.7234441041946411,0.8613533675670624
NC_029067,taxid_2479367_Buttiauxella_sp_3AFRM03,0.9225904941558838,0.7821301817893982,0.852360337972641
NC_029067,taxid_1590_Lactiplantibacillus_plantarum,0.9999990463256836,0.7171565890312195,0.8585778176784515
NC_029067,taxid_33968_Leuconostoc_pseudomesenteroides,0.9999991655349731,0.7444116473197937,0.8722054064273834
NC_029067,taxid_185300_Paludibacter_propionicigenes,0.9907447695732116,0.7466495037078857,0.8686971366405487
NC_029067,taxid_1129792_Weissella_oryzae,0.99031001329422,0.7215728759765625,0.8559414446353912
NC_029067,taxid_1610_Lactobacillus_coryniformis,0.999951958656311,0.7016795873641968,0.8508157730102539
NC_031049,taxid_1245_Leuconostoc_mesenteroides,0.9999998807907104,0.7372004389762878,0.8686001598834991
NC_031049,taxid_1737571_Bacillus_oryzisoli,0.9999996423721312,0.7869306206703186,0.893465131521225
NC_031049,taxid_33968_Leuconostoc_pseudomesenteroides,0.9999995231628418,0.7706158757209778,0.8853076994419098
NC_031049,taxid_185300_Paludibacter_propionicigenes,0.9999998807907104,0.7823818325996399,0.8911908566951752
NC_031049,taxid_165096_Weissella_koreensis,0.9733997583389282,0.7325314879417419,0.8529656231403351
NC_031049,GENERO_Lacrimispora_94868,0.999998927116394,0.8235163688659668,0.9117576479911804
NC_031049,GENERO_Lactococcus_1358,1.0,0.7038239240646362,0.8519119620323181
NC_031049,taxid_1129792_Weissella_oryzae,0.9999940395355223,0.7492592930793762,0.8746266663074493
NC_031049,taxid_1297750_Bacteroides_luti,0.9999986886978148,0.7094734907150269,0.8547360897064209
NC_028958,taxid_1245_Leuconostoc_mesenteroides,0.9999983310699464,0.7596386075019836,0.879818469285965
NC_028958,taxid_2751_Carnobacterium_maltaromaticum,1.0,0.75506591796875,0.877532958984375
NC_028958,taxid_1737571_Bacillus_oryzisoli,1.0,0.8568614721298218,0.9284307360649109
NC_028958,taxid_33968_Leuconostoc_pseudomesenteroides,0.9995391368865968,0.7654581069946289,0.8824986219406128
NC_028958,taxid_1358_Lactococcus_lactis,0.9999998807907104,0.7751718759536743,0.8875858783721924
NC_028958,taxid_185300_Paludibacter_propionicigenes,1.0,0.8209238648414612,0.9104619324207306
NC_028958,taxid_147709_Carnobacterium_inhibens,1.0,0.800836443901062,0.900418221950531
NC_028958,taxid_165096_Weissella_koreensis,0.9964072108268738,0.8186671733856201,0.907537192106247
NC_028958,GENERO_Lacrimispora_94868,1.0,0.8090744614601135,0.9045372307300568
NC_028958,GENERO_Lactococcus_1358,1.0,0.762639045715332,0.881319522857666
NC_028958,taxid_293371_Lactobacillus_oligofermentans,0.9999998807907104,0.7965004444122314,0.898250162601471
NC_028958,taxid_1397_Bacillus_circulans,1.0,0.840416431427002,0.920208215713501
NC_028958,taxid_1129792_Weissella_oryzae,0.9950077533721924,0.7638823986053467,0.8794450759887695
NC_028958,taxid_1297750_Bacteroides_luti,1.0,0.8257500529289246,0.9128750264644623
NC_013645,taxid_33964_Leuconostoc_citreum,0.9999966621398926,0.7033202648162842,0.8516584634780884
NC_013645,taxid_1245_Leuconostoc_mesenteroides,1.0,0.8214527368545532,0.9107263684272766
NC_013645,taxid_1737571_Bacillus_oryzisoli,0.9999988079071044,0.883184552192688,0.9415916800498962
NC_013645,taxid_33968_Leuconostoc_pseudomesenteroides,0.9999998807907104,0.8335848450660706,0.9167923629283905
NC_013645,taxid_28038_Lactobacillus_curvatus,1.0,0.7001774907112122,0.8500887453556061
NC_013645,taxid_1358_Lactococcus_lactis,0.9988412261009216,0.8031889200210571,0.9010150730609894
NC_013645,taxid_185300_Paludibacter_propionicigenes,1.0,0.8616348505020142,0.9308174252510071
NC_013645,taxid_147709_Carnobacterium_inhibens,0.9991939663887024,0.8153014183044434,0.9072476923465729
NC_013645,taxid_165096_Weissella_koreensis,0.994201362133026,0.851519763469696,0.9228605628013611
NC_013645,GENERO_Lacrimispora_94868,0.9999990463256836,0.856114387512207,0.9280567169189453
NC_013645,GENERO_Lactococcus_1358,1.0,0.8208145499229431,0.9104072749614716
NC_013645,taxid_293371_Lactobacillus_oligofermentans,1.0,0.8336061835289001,0.9168030917644501
NC_013645,taxid_879969_Macellibacteroides_fermentans,0.999996781349182,0.7205155491828918,0.860256165266037
NC_013645,taxid_1397_Bacillus_circulans,0.9999977350234984,0.8431683778762817,0.9215830564498901
NC_013645,taxid_1129792_Weissella_oryzae,0.9999991655349731,0.8281809687614441,0.9140900671482086
NC_013645,taxid_1297750_Bacteroides_luti,0.9999990463256836,0.8540514707565308,0.9270252585411072
NC_031241,taxid_1245_Leuconostoc_mesenteroides,0.99692565202713,0.7600783705711365,0.8785020112991333
NC_031241,taxid_185300_Paludibacter_propionicigenes,0.9996576309204102,0.8084540367126465,0.9040558338165283
NC_031241,taxid_147709_Carnobacterium_inhibens,0.946372091770172,0.7872496843338013,0.8668108880519867
NC_031241,GENERO_Lacrimispora_94868,0.9742043614387512,0.7973582744598389,0.885781317949295
NC_031241,GENERO_Lactococcus_1358,0.9998840093612672,0.7625358700752258,0.8812099397182465
NC_031241,taxid_293371_Lactobacillus_oligofermentans,0.9946135878562928,0.7886732816696167,0.8916434347629547
NC_031241,taxid_1397_Bacillus_circulans,0.9992213249206544,0.8208924531936646,0.9100568890571594
NC_031241,taxid_1297750_Bacteroides_luti,0.9997096657752992,0.8130750060081482,0.9063923358917236
NC_014637,taxid_1737571_Bacillus_oryzisoli,0.9896238446235656,0.8414117097854614,0.9155177772045135
NC_014637,taxid_185300_Paludibacter_propionicigenes,0.9879224896430968,0.8079623579978943,0.8979424238204956
NC_014637,taxid_147709_Carnobacterium_inhibens,0.9991452693939208,0.7842242121696472,0.8916847407817841
NC_014637,GENERO_Lacrimispora_94868,0.9919896721839904,0.8100811839103699,0.9010354280471802
NC_014637,GENERO_Lactococcus_1358,0.994848608970642,0.7665867209434509,0.8807176649570465
NC_014637,taxid_1397_Bacillus_circulans,0.9999971389770508,0.8205274343490601,0.9102622866630554
NC_014637,taxid_1297750_Bacteroides_luti,0.999908447265625,0.8109924793243408,0.9054504632949829
NC_007409,taxid_33964_Leuconostoc_citreum,0.9999998807907104,0.7497561573982239,0.8748780190944672
NC_007409,taxid_1590_Lactiplantibacillus_plantarum,0.9999997615814208,0.713269829750061,0.856634795665741
NC_007409,taxid_1245_Leuconostoc_mesenteroides,1.0,0.8236084580421448,0.9118042290210724
NC_007409,taxid_2751_Carnobacterium_maltaromaticum,0.9999113082885742,0.7444273233413696,0.8721693158149719
NC_007409,taxid_1737571_Bacillus_oryzisoli,1.0,0.863861083984375,0.9319305419921875
NC_007409,taxid_33968_Leuconostoc_pseudomesenteroides,1.0,0.8378772735595703,0.9189386367797852
NC_007409,taxid_28038_Lactobacillus_curvatus,1.0,0.7481011748313904,0.8740505874156952
NC_007409,taxid_1358_Lactococcus_lactis,0.9999948740005492,0.7790520191192627,0.889523446559906
NC_007409,taxid_185300_Paludibacter_propionicigenes,1.0,0.8535852432250977,0.9267926216125488
NC_007409,taxid_147709_Carnobacterium_inhibens,0.9999998807907104,0.7871840596199036,0.893591970205307
NC_007409,taxid_165096_Weissella_koreensis,0.9999772310256958,0.834299623966217,0.9171384274959564
NC_007409,GENERO_Lacrimispora_94868,1.0,0.8529869318008423,0.9264934659004211
NC_007409,GENERO_Lactococcus_1358,1.0,0.8161163926124573,0.9080581963062286
NC_007409,taxid_293371_Lactobacillus_oligofermentans,1.0,0.8157178163528442,0.9078589081764221
NC_007409,taxid_879969_Macellibacteroides_fermentans,1.0,0.7530462145805359,0.8765231072902679
NC_007409,taxid_1397_Bacillus_circulans,1.0,0.8165448904037476,0.9082724452018738
NC_007409,taxid_1129792_Weissella_oryzae,0.9999998807907104,0.8307782411575317,0.9153890609741211
NC_007409,taxid_1610_Lactobacillus_coryniformis,0.9999998807907104,0.7399398684501648,0.8699698746204376
NC_007409,taxid_1297750_Bacteroides_luti,1.0,0.8304237127304077,0.9152118563652039
NC_018831,taxid_1245_Leuconostoc_mesenteroides,0.9989319443702698,0.7885709404945374,0.8937514424324036
NC_018831,taxid_33968_Leuconostoc_pseudomesenteroides,0.9935088157653807,0.8021417856216431,0.897825300693512
NC_018831,taxid_185300_Paludibacter_propionicigenes,0.9782022833824158,0.8248018622398376,0.9015020728111267
NC_018831,GENERO_Lactococcus_1358,0.9972184896469116,0.7728776931762695,0.8850480914115906
NC_018831,taxid_293371_Lactobacillus_oligofermentans,0.9678470492362976,0.7709305882453918,0.8693888187408447
NC_006557,taxid_1245_Leuconostoc_mesenteroides,0.9999992847442628,0.7893428802490234,0.8946710824966431
NC_006557,taxid_1737571_Bacillus_oryzisoli,0.9998749494552612,0.8398720622062683,0.9198735058307648
NC_006557,taxid_33968_Leuconostoc_pseudomesenteroides,0.9999914169311525,0.8126792907714844,0.9063353538513184
NC_006557,taxid_185300_Paludibacter_propionicigenes,0.9999998807907104,0.833519458770752,0.9167596697807312
NC_006557,taxid_147709_Carnobacterium_inhibens,0.9962291121482848,0.7271667122840881,0.8616979122161865
NC_006557,GENERO_Lacrimispora_94868,0.9999986886978148,0.8379060626029968,0.9189523756504059
NC_006557,GENERO_Lactococcus_1358,0.9999997615814208,0.7716768980026245,0.8858383297920227
NC_006557,taxid_293371_Lactobacillus_oligofermentans,0.9999827146530152,0.7666839361190796,0.8833333253860474
NC_006557,taxid_879969_Macellibacteroides_fermentans,0.9999984502792358,0.7092518210411072,0.8546251356601715
NC_006557,taxid_1397_Bacillus_circulans,0.9999837875366212,0.7641111612319946,0.8820474743843079
NC_006557,taxid_1129792_Weissella_oryzae,0.9988529682159424,0.7966950535774231,0.8977740108966827
NC_006557,taxid_1297750_Bacteroides_luti,0.999997854232788,0.7969826459884644,0.8984902501106262
NC_029316,taxid_1245_Leuconostoc_mesenteroides,0.9999934434890748,0.829714834690094,0.9148541390895844
NC_029316,taxid_2751_Carnobacterium_maltaromaticum,0.9984055161476136,0.7769683599472046,0.8876869380474091
NC_029316,taxid_1737571_Bacillus_oryzisoli,0.999998927116394,0.8771543502807617,0.9385766386985779
NC_029316,taxid_33968_Leuconostoc_pseudomesenteroides,0.999394416809082,0.8348082304000854,0.9171013236045837
NC_029316,taxid_28038_Lactobacillus_curvatus,0.999875783920288,0.7278836965560913,0.8638797402381897
NC_029316,taxid_1358_Lactococcus_lactis,0.9999289512634276,0.8071973323822021,0.9035631418228149
NC_029316,taxid_185300_Paludibacter_propionicigenes,0.9999998807907104,0.8593413829803467,0.9296706318855286
NC_029316,taxid_147709_Carnobacterium_inhibens,0.9999983310699464,0.8145500421524048,0.9072741866111755
NC_029316,taxid_165096_Weissella_koreensis,0.8553019165992737,0.8505556583404541,0.8529287874698639
NC_029316,GENERO_Lacrimispora_94868,0.9999994039535522,0.8523151278495789,0.9261572659015656
NC_029316,GENERO_Lactococcus_1358,0.9999998807907104,0.8264535665512085,0.9132267236709595
NC_029316,taxid_293371_Lactobacillus_oligofermentans,0.999997615814209,0.8349152207374573,0.9174564182758331
NC_029316,taxid_879969_Macellibacteroides_fermentans,0.9999972581863404,0.7385033369064331,0.8692502975463867
NC_029316,taxid_1397_Bacillus_circulans,1.0,0.8429096937179565,0.9214548468589783
NC_029316,taxid_1129792_Weissella_oryzae,0.994574248790741,0.8317865133285522,0.9131803810596466
NC_029316,taxid_1297750_Bacteroides_luti,1.0,0.8470815420150757,0.9235407710075378
NC_002321,taxid_1245_Leuconostoc_mesenteroides,0.9999954700469972,0.7575284838676453,0.8787619769573212
NC_002321,taxid_2751_Carnobacterium_maltaromaticum,1.0,0.733864426612854,0.866932213306427
NC_002321,taxid_1737571_Bacillus_oryzisoli,1.0,0.8338174819946289,0.9169087409973145
NC_002321,taxid_33968_Leuconostoc_pseudomesenteroides,0.999061644077301,0.755238950252533,0.877150297164917
NC_002321,taxid_1358_Lactococcus_lactis,0.9999998807907104,0.7620185017585754,0.8810091912746429
NC_002321,taxid_185300_Paludibacter_propionicigenes,1.0,0.801544725894928,0.900772362947464
NC_002321,taxid_147709_Carnobacterium_inhibens,1.0,0.7826517224311829,0.8913258612155914
NC_002321,taxid_165096_Weissella_koreensis,0.9937855005264282,0.803576648235321,0.8986810743808746
NC_002321,GENERO_Lacrimispora_94868,1.0,0.7848415970802307,0.8924207985401154
NC_002321,GENERO_Lactococcus_1358,1.0,0.7590175867080688,0.8795087933540344
NC_002321,taxid_293371_Lactobacillus_oligofermentans,0.9999998807907104,0.785879909992218,0.8929398953914642
NC_002321,taxid_1397_Bacillus_circulans,1.0,0.8156756162643433,0.9078378081321716
NC_002321,taxid_1129792_Weissella_oryzae,0.982907235622406,0.7575737833976746,0.8702405095100403
NC_002321,taxid_1297750_Bacteroides_luti,1.0,0.8079279065132141,0.9039639532566071
NC_017969,taxid_2479367_Buttiauxella_sp_3AFRM03,0.999991774559021,0.7996575236320496,0.8998246490955353
NC_017969,taxid_1590_Lactiplantibacillus_plantarum,0.9999998807907104,0.7271460294723511,0.8635729551315308
NC_017969,taxid_82977_Buttiauxella_agrestis,0.9999264478683472,0.7052227854728699,0.8525746166706085
NC_017969,taxid_33968_Leuconostoc_pseudomesenteroides,0.9999992847442628,0.720157265663147,0.8600782752037048
NC_024364,taxid_33964_Leuconostoc_citreum,0.9999840259552002,0.7136823534965515,0.8568331897258759
NC_024364,taxid_1590_Lactiplantibacillus_plantarum,0.999956488609314,0.7055311799049377,0.8527438342571259
NC_024364,taxid_1245_Leuconostoc_mesenteroides,1.0,0.8156752586364746,0.9078376293182373
NC_024364,taxid_2751_Carnobacterium_maltaromaticum,0.9999300241470336,0.7299672365188599,0.8649486303329468
NC_024364,taxid_1737571_Bacillus_oryzisoli,1.0,0.8599883913993835,0.9299941956996918
NC_024364,taxid_33968_Leuconostoc_pseudomesenteroides,0.9999998807907104,0.8244402408599854,0.9122200608253479
NC_024364,taxid_28038_Lactobacillus_curvatus,1.0,0.7170506119728088,0.8585253059864044
NC_024364,taxid_1358_Lactococcus_lactis,0.999998927116394,0.7690945863723755,0.8845467567443848
NC_024364,taxid_185300_Paludibacter_propionicigenes,1.0,0.8475306034088135,0.9237653017044067
NC_024364,taxid_147709_Carnobacterium_inhibens,1.0,0.7787034511566162,0.8893517255783081
NC_024364,taxid_165096_Weissella_koreensis,0.999546468257904,0.8295353055000305,0.9145408868789673
NC_024364,GENERO_Lacrimispora_94868,1.0,0.8516098260879517,0.9258049130439758
NC_024364,GENERO_Lactococcus_1358,1.0,0.8074207305908203,0.9037103652954102
NC_024364,taxid_293371_Lactobacillus_oligofermentans,1.0,0.8081576228141785,0.9040788114070892
NC_024364,taxid_879969_Macellibacteroides_fermentans,1.0,0.7317085266113281,0.8658542633056641
NC_024364,taxid_1397_Bacillus_circulans,1.0,0.8100780248641968,0.9050390124320984
NC_024364,taxid_1129792_Weissella_oryzae,0.9999972581863404,0.8180094957351685,0.9090033769607544
NC_024364,taxid_1610_Lactobacillus_coryniformis,0.9999775886535645,0.7248408794403076,0.862409234046936
NC_024364,taxid_1297750_Bacteroides_luti,1.0,0.8247320652008057,0.9123660326004028
NC_024792,taxid_1590_Lactiplantibacillus_plantarum,1.0,0.7108705639839172,0.8554352819919586
NC_024792,taxid_33968_Leuconostoc_pseudomesenteroides,1.0,0.7224940061569214,0.8612470030784607
NC_024792,taxid_185300_Paludibacter_propionicigenes,0.9988511800765992,0.72057044506073,0.8597108125686646
NC_024792,GENERO_Lacrimispora_94868,0.9945307374000548,0.7823379635810852,0.8884343504905701
NC_025467,taxid_1245_Leuconostoc_mesenteroides,0.9998061060905457,0.8139464855194092,0.9068762958049774
NC_025467,taxid_2751_Carnobacterium_maltaromaticum,0.995528757572174,0.787937581539154,0.8917331695556641
NC_025467,taxid_1737571_Bacillus_oryzisoli,0.9999899864196776,0.8710110187530518,0.9355005025863647
NC_025467,taxid_33968_Leuconostoc_pseudomesenteroides,0.94355309009552,0.8167040348052979,0.8801285624504089
NC_025467,taxid_1358_Lactococcus_lactis,0.9982931017875672,0.8093191385269165,0.9038061201572418
NC_025467,taxid_185300_Paludibacter_propionicigenes,1.0,0.848410427570343,0.9242052137851715
NC_025467,taxid_147709_Carnobacterium_inhibens,0.9999998807907104,0.826011061668396,0.9130054712295532
NC_025467,GENERO_Lacrimispora_94868,0.9999997615814208,0.8324811458587646,0.9162404537200928
NC_025467,GENERO_Lactococcus_1358,0.9999996423721312,0.8125367760658264,0.9062682092189789
NC_025467,taxid_293371_Lactobacillus_oligofermentans,0.9999566078186036,0.8312797546386719,0.9156181812286377
NC_025467,taxid_1397_Bacillus_circulans,1.0,0.855683445930481,0.9278417229652405
NC_025467,taxid_1297750_Bacteroides_luti,1.0,0.851980447769165,0.9259902238845825
NC_005083,taxid_2479367_Buttiauxella_sp_3AFRM03,0.9999997615814208,0.7779759168624878,0.8889878392219543
NC_024216,taxid_1590_Lactiplantibacillus_plantarum,0.9999986886978148,0.7101598381996155,0.8550792634487152
NC_024216,taxid_1245_Leuconostoc_mesenteroides,1.0,0.7630979418754578,0.8815489709377289
NC_024216,taxid_1737571_Bacillus_oryzisoli,1.0,0.8113285899162292,0.9056642949581146
NC_024216,taxid_33968_Leuconostoc_pseudomesenteroides,0.9999998807907104,0.7924670577049255,0.896233469247818
NC_024216,taxid_185300_Paludibacter_propionicigenes,1.0,0.8043569922447205,0.9021784961223602
NC_024216,taxid_165096_Weissella_koreensis,0.9994946718215942,0.762519896030426,0.8810072839260101
NC_024216,GENERO_Lacrimispora_94868,0.9999998807907104,0.840365469455719,0.9201826751232147
NC_024216,GENERO_Lactococcus_1358,1.0,0.7385116815567017,0.8692558407783508
NC_024216,taxid_293371_Lactobacillus_oligofermentans,1.0,0.7284539341926575,0.8642269670963287
NC_024216,taxid_879969_Macellibacteroides_fermentans,0.99999737739563,0.7013730406761169,0.8506852090358734
NC_024216,taxid_1397_Bacillus_circulans,1.0,0.7077770829200745,0.8538885414600372
NC_024216,taxid_1129792_Weissella_oryzae,0.999998927116394,0.7749724388122559,0.887485682964325
NC_024216,taxid_1610_Lactobacillus_coryniformis,0.999997854232788,0.7149551510810852,0.8574765026569366
NC_024216,taxid_1297750_Bacteroides_luti,0.9999998807907104,0.746392548084259,0.8731962144374847
NC_025440,taxid_33964_Leuconostoc_citreum,0.9999774694442748,0.7354408502578735,0.8677091598510742
NC_025440,taxid_1590_Lactiplantibacillus_plantarum,0.9999358654022216,0.7349996566772461,0.8674677610397339
NC_025440,taxid_1245_Leuconostoc_mesenteroides,1.0,0.8266286253929138,0.9133143126964569
NC_025440,taxid_2751_Carnobacterium_maltaromaticum,0.999908447265625,0.7385234236717224,0.8692159354686737
NC_025440,taxid_1737571_Bacillus_oryzisoli,1.0,0.8668511509895325,0.9334255754947662
NC_025440,taxid_33968_Leuconostoc_pseudomesenteroides,0.9999998807907104,0.8370394706726074,0.9185196757316589
NC_025440,taxid_28038_Lactobacillus_curvatus,1.0,0.7403073906898499,0.8701536953449249
NC_025440,taxid_1358_Lactococcus_lactis,0.9999985694885254,0.7769041061401367,0.888451337814331
NC_025440,taxid_185300_Paludibacter_propionicigenes,1.0,0.8573290109634399,0.92866450548172
NC_025440,taxid_147709_Carnobacterium_inhibens,1.0,0.7851995825767517,0.8925997912883759
NC_025440,taxid_165096_Weissella_koreensis,0.9993880987167358,0.8359893560409546,0.9176887273788452
NC_025440,GENERO_Lacrimispora_94868,1.0,0.8628610968589783,0.9314305484294891
NC_025440,GENERO_Lactococcus_1358,1.0,0.8171182870864868,0.9085591435432434
NC_025440,taxid_293371_Lactobacillus_oligofermentans,1.0,0.8156310319900513,0.9078155159950256
NC_025440,taxid_879969_Macellibacteroides_fermentans,1.0,0.7529207468032837,0.8764603734016418
NC_025440,taxid_1397_Bacillus_circulans,1.0,0.815517008304596,0.907758504152298
NC_025440,taxid_1129792_Weissella_oryzae,0.999996304512024,0.829775333404541,0.9148858189582825
NC_025440,taxid_1610_Lactobacillus_coryniformis,0.9999676942825316,0.7486810684204102,0.874324381351471
NC_025440,taxid_1297750_Bacteroides_luti,1.0,0.8313984274864197,0.9156992137432098
NC_027399,taxid_2479367_Buttiauxella_sp_3AFRM03,0.9853585958480836,0.7183985114097595,0.8518785536289215
NC_027399,taxid_1245_Leuconostoc_mesenteroides,0.9999997615814208,0.7627145648002625,0.8813571631908417
NC_027399,taxid_1737571_Bacillus_oryzisoli,0.999994158744812,0.8207059502601624,0.9103500545024872
NC_027399,taxid_33968_Leuconostoc_pseudomesenteroides,0.9999998807907104,0.7755540013313293,0.8877769410610199
NC_027399,taxid_185300_Paludibacter_propionicigenes,0.9999994039535522,0.8052192330360413,0.9026093184947968
NC_027399,GENERO_Lacrimispora_94868,0.999996781349182,0.8208882808685303,0.9104425311088562
NC_027399,GENERO_Lactococcus_1358,1.0,0.7501401901245117,0.8750700950622559
NC_027399,taxid_293371_Lactobacillus_oligofermentans,0.9999983310699464,0.7452635765075684,0.8726309537887573
NC_027399,taxid_1397_Bacillus_circulans,0.9999512434005736,0.7448278069496155,0.8723895251750946
NC_027399,taxid_1129792_Weissella_oryzae,0.9999916553497314,0.7694057822227478,0.8846987187862396
NC_027399,taxid_1297750_Bacteroides_luti,0.9999027252197266,0.771995484828949,0.8859491050243378
NC_005066,taxid_2479367_Buttiauxella_sp_3AFRM03,0.999996781349182,0.7536064386367798,0.876801609992981
NC_011614,taxid_1245_Leuconostoc_mesenteroides,1.0,0.73545241355896,0.86772620677948
NC_011614,taxid_1737571_Bacillus_oryzisoli,1.0,0.8170295357704163,0.9085147678852081
NC_011614,taxid_33968_Leuconostoc_pseudomesenteroides,0.9999947547912598,0.73511803150177,0.8675563931465149
NC_011614,taxid_1358_Lactococcus_lactis,1.0,0.7368772029876709,0.8684386014938354
NC_011614,taxid_185300_Paludibacter_propionicigenes,1.0,0.7848196625709534,0.8924098312854767
NC_011614,taxid_147709_Carnobacterium_inhibens,1.0,0.7547620534896851,0.8773810267448425
NC_011614,taxid_165096_Weissella_koreensis,0.9999845027923584,0.7828559875488281,0.8914202451705933
NC_011614,GENERO_Lacrimispora_94868,1.0,0.7755957841873169,0.8877978920936584
NC_011614,GENERO_Lactococcus_1358,1.0,0.7368713617324829,0.8684356808662415
NC_011614,taxid_293371_Lactobacillus_oligofermentans,1.0,0.7622048258781433,0.8811024129390717
NC_011614,taxid_1397_Bacillus_circulans,1.0,0.78493732213974,0.89246866106987
NC_011614,taxid_1129792_Weissella_oryzae,0.999907374382019,0.735590398311615,0.867748886346817
NC_011614,taxid_1297750_Bacteroides_luti,1.0,0.782009482383728,0.891004741191864
NC_005880,taxid_1245_Leuconostoc_mesenteroides,0.9999998807907104,0.7762659192085266,0.8881328999996185
NC_005880,taxid_2751_Carnobacterium_maltaromaticum,1.0,0.742814302444458,0.871407151222229
NC_005880,taxid_1737571_Bacillus_oryzisoli,1.0,0.8460363745689392,0.9230181872844696
NC_005880,taxid_33968_Leuconostoc_pseudomesenteroides,0.999987006187439,0.773472785949707,0.886729896068573
NC_005880,taxid_1358_Lactococcus_lactis,1.0,0.7720563411712646,0.8860281705856323
NC_005880,taxid_185300_Paludibacter_propionicigenes,1.0,0.8184150457382202,0.9092075228691101
NC_005880,taxid_147709_Carnobacterium_inhibens,1.0,0.7923992872238159,0.896199643611908
NC_005880,taxid_165096_Weissella_koreensis,0.9996163845062256,0.8176900744438171,0.9086532294750214
NC_005880,GENERO_Lacrimispora_94868,1.0,0.8047592639923096,0.9023796319961548
NC_005880,GENERO_Lactococcus_1358,1.0,0.7754704356193542,0.8877352178096771
NC_005880,taxid_293371_Lactobacillus_oligofermentans,1.0,0.797785222530365,0.8988926112651825
NC_005880,taxid_1397_Bacillus_circulans,1.0,0.8264726996421814,0.9132363498210907
NC_005880,taxid_1129792_Weissella_oryzae,0.9998421669006348,0.7759130001068115,0.8878775835037231
NC_005880,taxid_1297750_Bacteroides_luti,1.0,0.820334792137146,0.910167396068573
NC_009815,taxid_1245_Leuconostoc_mesenteroides,0.9999991655349731,0.8005162477493286,0.9002577066421509
NC_009815,taxid_2751_Carnobacterium_maltaromaticum,0.9998602867126464,0.7535474896430969,0.8767038881778717
NC_009815,taxid_1737571_Bacillus_oryzisoli,1.0,0.8618342876434326,0.9309171438217163
NC_009815,taxid_33968_Leuconostoc_pseudomesenteroides,0.9999016523361206,0.8080484867095947,0.9039750695228577
NC_009815,taxid_1358_Lactococcus_lactis,0.9999934434890748,0.7890511751174927,0.8945223093032837
NC_009815,taxid_185300_Paludibacter_propionicigenes,1.0,0.8394087553024292,0.9197043776512146
NC_009815,taxid_147709_Carnobacterium_inhibens,1.0,0.8029097318649292,0.9014548659324646
NC_009815,taxid_165096_Weissella_koreensis,0.972641944885254,0.8326629400253296,0.9026524424552917
NC_009815,GENERO_Lacrimispora_94868,1.0,0.8340814113616943,0.9170407056808472
NC_009815,GENERO_Lactococcus_1358,1.0,0.7977384924888611,0.8988692462444305
NC_009815,taxid_293371_Lactobacillus_oligofermentans,0.9999998807907104,0.8144319653511047,0.9072159230709076
NC_009815,taxid_1397_Bacillus_circulans,1.0,0.8296476602554321,0.9148238301277161
NC_009815,taxid_1129792_Weissella_oryzae,0.9982064962387084,0.803543746471405,0.9008751213550568
NC_009815,taxid_1297750_Bacteroides_luti,1.0,0.8305490016937256,0.9152745008468628
NC_031034,taxid_1590_Lactiplantibacillus_plantarum,0.9999997615814208,0.7079795002937317,0.8539896309375763
NC_031034,taxid_1245_Leuconostoc_mesenteroides,1.0,0.7673299908638,0.8836649954319
NC_031034,taxid_1737571_Bacillus_oryzisoli,1.0,0.8165314197540283,0.9082657098770142
NC_031034,taxid_33968_Leuconostoc_pseudomesenteroides,1.0,0.7967364192008972,0.8983682096004486
NC_031034,taxid_185300_Paludibacter_propionicigenes,1.0,0.8111379742622375,0.9055689871311188
NC_031034,taxid_165096_Weissella_koreensis,0.999638557434082,0.7692144513130188,0.8844265043735504
NC_031034,GENERO_Lacrimispora_94868,1.0,0.842803955078125,0.9214019775390625
NC_031034,GENERO_Lactococcus_1358,1.0,0.7436139583587646,0.8718069791793823
NC_031034,taxid_293371_Lactobacillus_oligofermentans,1.0,0.7346651554107666,0.8673325777053833
NC_031034,taxid_1397_Bacillus_circulans,1.0,0.7144876718521118,0.8572438359260559
NC_031034,taxid_1129792_Weissella_oryzae,0.9999998807907104,0.7789395451545715,0.889469712972641
NC_031034,taxid_1610_Lactobacillus_coryniformis,0.9999995231628418,0.7121180295944214,0.8560587763786316
NC_031034,taxid_1297750_Bacteroides_luti,1.0,0.7531313300132751,0.8765656650066376
NC_028917,taxid_1245_Leuconostoc_mesenteroides,0.999996781349182,0.8110527992248535,0.9055247902870178
NC_028917,taxid_2751_Carnobacterium_maltaromaticum,0.9999998807907104,0.733337938785553,0.8666689097881317
NC_028917,taxid_1737571_Bacillus_oryzisoli,1.0,0.8593251705169678,0.9296625852584839
NC_028917,taxid_33968_Leuconostoc_pseudomesenteroides,0.9977596998214722,0.8208164572715759,0.909288078546524
NC_028917,taxid_28038_Lactobacillus_curvatus,0.9994547963142396,0.7082172632217407,0.8538360297679901
NC_028917,taxid_1358_Lactococcus_lactis,0.999998927116394,0.7688617706298828,0.8844303488731384
NC_028917,taxid_185300_Paludibacter_propionicigenes,1.0,0.8459280133247375,0.9229640066623688
NC_028917,taxid_147709_Carnobacterium_inhibens,1.0,0.7811310291290283,0.8905655145645142
NC_028917,taxid_165096_Weissella_koreensis,0.9898920059204102,0.8286388516426086,0.9092654287815094
NC_028917,GENERO_Lacrimispora_94868,1.0,0.8479994535446167,0.9239997267723083
NC_028917,GENERO_Lactococcus_1358,1.0,0.8037387728691101,0.901869386434555
NC_028917,taxid_293371_Lactobacillus_oligofermentans,0.9999997615814208,0.8084625005722046,0.9042311310768127
NC_028917,taxid_879969_Macellibacteroides_fermentans,1.0,0.7253066897392273,0.8626533448696136
NC_028917,taxid_1397_Bacillus_circulans,1.0,0.8108503818511963,0.9054251909255981
NC_028917,taxid_1129792_Weissella_oryzae,0.9704631567001344,0.8126699328422546,0.8915665447711945
NC_028917,taxid_1297750_Bacteroides_luti,1.0,0.8266513347625732,0.9133256673812866
NC_030920,taxid_1245_Leuconostoc_mesenteroides,0.9974881410598756,0.7168429493904114,0.8571655452251434
NC_030920,taxid_33968_Leuconostoc_pseudomesenteroides,0.999976396560669,0.7510100603103638,0.8754932284355164
NC_030920,taxid_1129792_Weissella_oryzae,0.9764070510864258,0.725659191608429,0.8510331213474274
NC_029104,taxid_1245_Leuconostoc_mesenteroides,0.9999984502792358,0.7513173222541809,0.8756578862667084
NC_029104,taxid_1737571_Bacillus_oryzisoli,0.9999746084213256,0.8121007084846497,0.9060376584529877
NC_029104,taxid_33968_Leuconostoc_pseudomesenteroides,0.9999802112579346,0.7622804045677185,0.8811303079128265
NC_029104,taxid_185300_Paludibacter_propionicigenes,0.9999986886978148,0.7956936359405518,0.8978461623191833
NC_029104,GENERO_Lacrimispora_94868,0.9999288320541382,0.8014086484909058,0.900668740272522
NC_029104,GENERO_Lactococcus_1358,1.0,0.7385438084602356,0.8692719042301178
NC_029104,taxid_293371_Lactobacillus_oligofermentans,0.9999985694885254,0.7439281940460205,0.871963381767273
NC_029104,taxid_1397_Bacillus_circulans,0.9999780654907228,0.7451433539390564,0.8725607097148895
NC_029104,taxid_1129792_Weissella_oryzae,0.9997134804725648,0.7513415813446045,0.8755275309085846
NC_029104,taxid_1297750_Bacteroides_luti,0.9999573230743408,0.7589856386184692,0.879471480846405
NC_029029,taxid_1245_Leuconostoc_mesenteroides,0.9999901056289672,0.732189953327179,0.8660900294780731
NC_029029,taxid_1737571_Bacillus_oryzisoli,0.9999128580093384,0.7852135896682739,0.8925632238388062
NC_029029,taxid_33968_Leuconostoc_pseudomesenteroides,0.9998624324798584,0.7498512864112854,0.8748568594455719
NC_029029,taxid_185300_Paludibacter_propionicigenes,0.999996781349182,0.7755894064903259,0.887793093919754
NC_029029,GENERO_Lacrimispora_94868,0.9998728036880492,0.7932332158088684,0.8965530097484589
NC_029029,GENERO_Lactococcus_1358,1.0,0.7100350260734558,0.8550175130367279
NC_029029,taxid_293371_Lactobacillus_oligofermentans,0.999995231628418,0.7073497772216797,0.8536725044250488
NC_029029,taxid_1129792_Weissella_oryzae,0.9984052777290344,0.7323154211044312,0.8653603494167328
NC_029029,taxid_1297750_Bacteroides_luti,0.9999769926071168,0.7240129709243774,0.8619949817657471
NC_014662,taxid_2479367_Buttiauxella_sp_3AFRM03,0.9999936819076538,0.750845193862915,0.8754194378852844
NC_031064,taxid_1245_Leuconostoc_mesenteroides,1.0,0.8083269596099854,0.9041634798049927
NC_031064,taxid_2751_Carnobacterium_maltaromaticum,1.0,0.7257851958274841,0.8628925979137421
NC_031064,taxid_1737571_Bacillus_oryzisoli,1.0,0.8562723994255066,0.9281361997127533
NC_031064,taxid_33968_Leuconostoc_pseudomesenteroides,1.0,0.8170953392982483,0.9085476696491241
NC_031064,taxid_1358_Lactococcus_lactis,1.0,0.7635095715522766,0.8817547857761383
NC_031064,taxid_185300_Paludibacter_propionicigenes,1.0,0.8438330292701721,0.9219165146350861
NC_031064,taxid_147709_Carnobacterium_inhibens,1.0,0.7741113305091858,0.8870556652545929
NC_031064,taxid_165096_Weissella_koreensis,0.9999998807907104,0.8256092071533203,0.9128045439720154
NC_031064,GENERO_Lacrimispora_94868,1.0,0.8410773873329163,0.9205386936664581
NC_031064,GENERO_Lactococcus_1358,1.0,0.8004207015037537,0.9002103507518768
NC_031064,taxid_293371_Lactobacillus_oligofermentans,1.0,0.8028711080551147,0.9014355540275574
NC_031064,taxid_879969_Macellibacteroides_fermentans,1.0,0.7070960402488708,0.8535480201244354
NC_031064,taxid_1397_Bacillus_circulans,1.0,0.8021570444107056,0.9010785222053528
NC_031064,taxid_1129792_Weissella_oryzae,0.9999997615814208,0.8113991022109985,0.9056994318962097
NC_031064,taxid_1297750_Bacteroides_luti,1.0,0.8187216520309448,0.9093608260154724
NC_019928,taxid_1245_Leuconostoc_mesenteroides,0.999987244606018,0.7269402742385864,0.8634637594223022
NC_019928,taxid_2751_Carnobacterium_maltaromaticum,0.9999957084655762,0.7233582735061646,0.8616769909858704
NC_019928,taxid_1737571_Bacillus_oryzisoli,1.0,0.8230466246604919,0.911523312330246
NC_019928,taxid_33968_Leuconostoc_pseudomesenteroides,0.9933531284332277,0.7299925088882446,0.8616728186607361
NC_019928,taxid_1358_Lactococcus_lactis,0.9999972581863404,0.7454854846000671,0.8727413713932037
NC_019928,taxid_185300_Paludibacter_propionicigenes,1.0,0.784338116645813,0.8921690583229065
NC_019928,taxid_147709_Carnobacterium_inhibens,1.0,0.7658442258834839,0.8829221129417419
NC_019928,taxid_165096_Weissella_koreensis,0.9664312601089478,0.7833871841430664,0.8749092221260071
NC_019928,GENERO_Lacrimispora_94868,1.0,0.7722453474998474,0.8861226737499237
NC_019928,GENERO_Lactococcus_1358,1.0,0.7312195301055908,0.8656097650527954
NC_019928,taxid_293371_Lactobacillus_oligofermentans,0.9999992847442628,0.763577401638031,0.8817883431911469
NC_019928,taxid_1397_Bacillus_circulans,1.0,0.8045380115509033,0.9022690057754517
NC_019928,taxid_1297750_Bacteroides_luti,1.0,0.7897836565971375,0.8948918282985687
NC_009737,taxid_1590_Lactiplantibacillus_plantarum,0.9999834299087524,0.7174623608589172,0.8587228953838348
NC_009737,taxid_1245_Leuconostoc_mesenteroides,0.9999994039535522,0.7485830187797546,0.8742912113666534
NC_009737,taxid_1737571_Bacillus_oryzisoli,0.99999737739563,0.7999048233032227,0.8999511003494263
NC_009737,taxid_33968_Leuconostoc_pseudomesenteroides,0.9999990463256836,0.785377562046051,0.8926883041858673
NC_009737,taxid_185300_Paludibacter_propionicigenes,0.9999984502792358,0.7928357124328613,0.8964170813560486
NC_009737,GENERO_Lacrimispora_94868,0.9999971389770508,0.8198819160461426,0.9099395275115967
NC_009737,GENERO_Lactococcus_1358,1.0,0.7193458080291748,0.8596729040145874
NC_009737,taxid_293371_Lactobacillus_oligofermentans,0.99998939037323,0.710654616355896,0.855322003364563
NC_009737,taxid_879969_Macellibacteroides_fermentans,0.9999314546585084,0.7109516263008118,0.85544154047966
NC_009737,taxid_1129792_Weissella_oryzae,0.9999746084213256,0.7603759169578552,0.8801752626895905
NC_009737,taxid_1610_Lactobacillus_coryniformis,0.9999549388885498,0.717958927154541,0.8589569330215454
NC_009737,taxid_1297750_Bacteroides_luti,0.9999608993530272,0.7265707850456238,0.8632658421993256
NC_004166,taxid_33968_Leuconostoc_pseudomesenteroides,0.9999997615814208,0.7186196446418762,0.8593097031116486
NC_004166,taxid_185300_Paludibacter_propionicigenes,0.9964635968208312,0.726514995098114,0.8614892959594727
NC_028895,taxid_2479367_Buttiauxella_sp_3AFRM03,0.9532597661018372,0.8127992749214172,0.8830295205116272
NC_028895,taxid_1590_Lactiplantibacillus_plantarum,1.0,0.7619126439094543,0.8809563219547272
NC_028895,taxid_1245_Leuconostoc_mesenteroides,0.9999984502792358,0.74836665391922,0.8741825520992279
NC_028895,taxid_1737571_Bacillus_oryzisoli,0.9939223527908324,0.7974551916122437,0.8956887722015381
NC_028895,taxid_33968_Leuconostoc_pseudomesenteroides,1.0,0.783897340297699,0.8919486701488495
NC_028895,taxid_185300_Paludibacter_propionicigenes,0.9999427795410156,0.7886025905609131,0.8942726850509644
NC_028895,GENERO_Lacrimispora_94868,0.9993106126785278,0.8283458352088928,0.9138282239437103
NC_028895,GENERO_Lactococcus_1358,0.9999998807907104,0.7174316048622131,0.8587157428264618
NC_028895,taxid_293371_Lactobacillus_oligofermentans,0.9994176626205444,0.7090616822242737,0.8542396724224091
NC_028895,taxid_879969_Macellibacteroides_fermentans,0.9919131994247437,0.7133235335350037,0.8526183664798737
NC_028895,taxid_1129792_Weissella_oryzae,0.999987006187439,0.7618933320045471,0.880940169095993
NC_028895,taxid_1610_Lactobacillus_coryniformis,0.9999979734420776,0.7362163662910461,0.8681071698665619
NC_003313,GENERO_Lacrimispora_94868,0.9999935626983644,0.7286691069602966,0.8643313348293304
NC_004167,taxid_185300_Paludibacter_propionicigenes,0.99993634223938,0.7489636540412903,0.8744499981403351
NC_004167,GENERO_Lacrimispora_94868,0.9990899562835692,0.7803657054901123,0.8897278308868408
NC_027329,taxid_2479367_Buttiauxella_sp_3AFRM03,0.999948501586914,0.7763829231262207,0.8881657123565674
NC_027329,taxid_1590_Lactiplantibacillus_plantarum,0.9999997615814208,0.7152400016784668,0.8576198816299438
NC_027329,taxid_1245_Leuconostoc_mesenteroides,0.9995046854019164,0.7450870871543884,0.8722958862781525
NC_027329,taxid_33968_Leuconostoc_pseudomesenteroides,0.9999995231628418,0.7823761105537415,0.8911878168582916
NC_027329,GENERO_Lactococcus_1358,0.9986857771873474,0.7184744477272034,0.8585801124572754
NC_027329,taxid_1129792_Weissella_oryzae,0.999158263206482,0.7568807601928711,0.8780195116996765
NC_027329,taxid_1610_Lactobacillus_coryniformis,0.9999651908874512,0.712111234664917,0.8560382127761841
NC_004066,taxid_1245_Leuconostoc_mesenteroides,0.9997681975364684,0.8102601766586304,0.9050141870975494
NC_004066,taxid_2751_Carnobacterium_maltaromaticum,0.99997079372406,0.7260119915008545,0.8629913926124573
NC_004066,taxid_1737571_Bacillus_oryzisoli,0.9999992847442628,0.8562746644020081,0.9281369745731354
NC_004066,taxid_33968_Leuconostoc_pseudomesenteroides,0.9621705412864684,0.819585919380188,0.8908782303333282
NC_004066,taxid_1358_Lactococcus_lactis,0.9999889135360718,0.7663189172744751,0.8831539154052734
NC_004066,taxid_185300_Paludibacter_propionicigenes,0.9999998807907104,0.8435520529747009,0.9217759668827057
NC_004066,taxid_147709_Carnobacterium_inhibens,1.0,0.7768429517745972,0.8884214758872986
NC_004066,GENERO_Lacrimispora_94868,0.99999737739563,0.8442317843437195,0.9221145808696747
NC_004066,GENERO_Lactococcus_1358,1.0,0.8005516529083252,0.9002758264541626
NC_004066,taxid_293371_Lactobacillus_oligofermentans,0.9999959468841552,0.8056793808937073,0.9028376638889313
NC_004066,taxid_879969_Macellibacteroides_fermentans,0.9999514818191528,0.7128490209579468,0.8564002513885498
NC_004066,taxid_1397_Bacillus_circulans,1.0,0.8058831095695496,0.9029415547847748
NC_004066,taxid_1297750_Bacteroides_luti,1.0,0.8187421560287476,0.9093710780143738
NC_023500,taxid_1245_Leuconostoc_mesenteroides,0.9999998807907104,0.7758494019508362,0.8879246413707733
NC_023500,taxid_2751_Carnobacterium_maltaromaticum,1.0,0.7443068027496338,0.8721534013748169
NC_023500,taxid_1737571_Bacillus_oryzisoli,1.0,0.845633327960968,0.922816663980484
NC_023500,taxid_33968_Leuconostoc_pseudomesenteroides,0.9999499320983888,0.7777275443077087,0.8888387382030487
NC_023500,taxid_1358_Lactococcus_lactis,1.0,0.7756463289260864,0.8878231644630432
NC_023500,taxid_185300_Paludibacter_propionicigenes,1.0,0.8170396089553833,0.9085198044776917
NC_023500,taxid_147709_Carnobacterium_inhibens,1.0,0.7936994433403015,0.8968497216701508
NC_023500,taxid_165096_Weissella_koreensis,0.9994581341743468,0.8156624436378479,0.9075602889060974
NC_023500,GENERO_Lacrimispora_94868,1.0,0.8074157238006592,0.9037078619003296
NC_023500,GENERO_Lactococcus_1358,1.0,0.7766674160957336,0.8883337080478668
NC_023500,taxid_293371_Lactobacillus_oligofermentans,1.0,0.7988885045051575,0.8994442522525787
NC_023500,taxid_1397_Bacillus_circulans,1.0,0.823599636554718,0.911799818277359
NC_023500,taxid_1129792_Weissella_oryzae,0.999157190322876,0.7769882082939148,0.8880726993083954
NC_023500,taxid_1297750_Bacteroides_luti,1.0,0.8193832635879517,0.9096916317939758
NC_021802,taxid_1245_Leuconostoc_mesenteroides,0.9995334148406982,0.7490440011024475,0.8742887079715729
NC_021802,taxid_2751_Carnobacterium_maltaromaticum,0.999997854232788,0.7092941999435425,0.8546460270881653
NC_021802,taxid_1737571_Bacillus_oryzisoli,0.999997854232788,0.826206624507904,0.9131022393703461
NC_021802,taxid_1358_Lactococcus_lactis,0.9999605417251588,0.748197078704834,0.8740788102149963
NC_021802,taxid_185300_Paludibacter_propionicigenes,1.0,0.7958390712738037,0.8979195356369019
NC_021802,taxid_147709_Carnobacterium_inhibens,1.0,0.7708472609519958,0.8854236304759979
NC_021802,GENERO_Lacrimispora_94868,0.9999998807907104,0.7759172916412354,0.8879585862159729
NC_021802,GENERO_Lactococcus_1358,0.9999988079071044,0.749366044998169,0.8746824264526367
NC_021802,taxid_293371_Lactobacillus_oligofermentans,0.999980330467224,0.7757164835929871,0.8878484070301056
NC_021802,taxid_1397_Bacillus_circulans,1.0,0.8057230114936829,0.9028615057468414
NC_021802,taxid_1297750_Bacteroides_luti,1.0,0.7983405590057373,0.8991702795028687
NC_015254,taxid_1245_Leuconostoc_mesenteroides,0.9999849796295166,0.8042722940444946,0.9021286368370056
NC_015254,taxid_2751_Carnobacterium_maltaromaticum,0.9999949932098388,0.7172494530677795,0.8586222231388092
NC_015254,taxid_1737571_Bacillus_oryzisoli,1.0,0.8588173389434814,0.9294086694717407
NC_015254,taxid_33968_Leuconostoc_pseudomesenteroides,0.9975342750549316,0.8172593116760254,0.9073967933654785
NC_015254,taxid_1358_Lactococcus_lactis,0.9999986886978148,0.7557411193847656,0.8778699040412903
NC_015254,taxid_185300_Paludibacter_propionicigenes,1.0,0.8462648391723633,0.9231324195861816
NC_015254,taxid_147709_Carnobacterium_inhibens,1.0,0.767792284488678,0.883896142244339
NC_015254,taxid_165096_Weissella_koreensis,0.9794799089431764,0.8231474161148071,0.9013136625289917
NC_015254,GENERO_Lacrimispora_94868,0.9999998807907104,0.8460608720779419,0.9230303764343262
NC_015254,GENERO_Lactococcus_1358,1.0,0.7961394786834717,0.8980697393417358
NC_015254,taxid_293371_Lactobacillus_oligofermentans,0.9999997615814208,0.7993907332420349,0.8996952474117279
NC_015254,taxid_879969_Macellibacteroides_fermentans,0.9999927282333374,0.7039321064949036,0.8519624173641205
NC_015254,taxid_1397_Bacillus_circulans,1.0,0.7986475229263306,0.8993237614631653
NC_015254,taxid_1129792_Weissella_oryzae,0.9611647725105286,0.8085729479789734,0.884868860244751
NC_015254,taxid_1297750_Bacteroides_luti,1.0,0.8212614059448242,0.9106307029724121
NC_005884,taxid_1590_Lactiplantibacillus_plantarum,0.9999932050704956,0.7561406493186951,0.8780669271945953
NC_005884,taxid_1245_Leuconostoc_mesenteroides,0.9999992847442628,0.7602529525756836,0.8801261186599731
NC_005884,taxid_1737571_Bacillus_oryzisoli,0.9925498962402344,0.8068122863769531,0.8996810913085938
NC_005884,taxid_33968_Leuconostoc_pseudomesenteroides,0.9999997615814208,0.7938936948776245,0.8969467282295227
NC_005884,taxid_28038_Lactobacillus_curvatus,0.9999794960021972,0.7066563963890076,0.8533179461956024
NC_005884,taxid_185300_Paludibacter_propionicigenes,0.9999980926513672,0.7992202639579773,0.8996091783046722
NC_005884,GENERO_Lacrimispora_94868,0.999983549118042,0.825435996055603,0.9127097725868225
NC_005884,GENERO_Lactococcus_1358,0.9999986886978148,0.7320950031280518,0.8660468459129333
NC_005884,taxid_293371_Lactobacillus_oligofermentans,0.9998501539230348,0.724895715713501,0.8623729348182678
NC_005884,taxid_879969_Macellibacteroides_fermentans,0.9999885559082032,0.7242043614387512,0.8620964586734772
NC_005884,taxid_1129792_Weissella_oryzae,0.9998867511749268,0.7725471258163452,0.886216938495636
NC_005884,taxid_1610_Lactobacillus_coryniformis,0.9999831914901732,0.7354329824447632,0.8677080869674683
NC_005884,taxid_642589_Caproiciproducens_galactitolivorans,0.998612642288208,0.7279596328735352,0.8632861375808716
NC_005884,taxid_1297750_Bacteroides_luti,0.9998288154602052,0.7371044754981995,0.8684666454792023
NC_020477,taxid_1590_Lactiplantibacillus_plantarum,0.9999947547912598,0.7111606597900391,0.8555777072906494
NC_020477,taxid_1245_Leuconostoc_mesenteroides,0.999980092048645,0.7697020173072815,0.8848410546779633
NC_020477,taxid_33968_Leuconostoc_pseudomesenteroides,0.9999990463256836,0.7996468544006348,0.8998229503631592
NC_020477,taxid_185300_Paludibacter_propionicigenes,0.9448723793029784,0.807843804359436,0.8763580918312073
NC_020477,GENERO_Lactococcus_1358,0.9997159838676452,0.7426586747169495,0.8711873292922974
NC_020477,taxid_1129792_Weissella_oryzae,0.9998769760131836,0.7778970003128052,0.8888869881629944
NC_020477,taxid_1610_Lactobacillus_coryniformis,0.9998644590377808,0.7166663408279419,0.8582653999328613
NC_016568,taxid_1245_Leuconostoc_mesenteroides,0.9999982118606568,0.7677657008171082,0.8838819563388824
NC_016568,taxid_2751_Carnobacterium_maltaromaticum,0.9993717074394226,0.7462174296379089,0.8727945685386658
NC_016568,taxid_1737571_Bacillus_oryzisoli,0.9999998807907104,0.8495403528213501,0.9247701168060303
NC_016568,taxid_33968_Leuconostoc_pseudomesenteroides,0.9994077682495116,0.7794646620750427,0.8894362151622772
NC_016568,taxid_1358_Lactococcus_lactis,0.9999709129333496,0.7682189345359802,0.8840949237346649
NC_016568,taxid_185300_Paludibacter_propionicigenes,1.0,0.8171069025993347,0.9085534512996674
NC_016568,taxid_147709_Carnobacterium_inhibens,0.9999997615814208,0.7850229740142822,0.8925113677978516
NC_016568,taxid_165096_Weissella_koreensis,0.9462669491767884,0.8104525804519653,0.8783597648143768
NC_016568,GENERO_Lacrimispora_94868,0.9999998807907104,0.8087307214736938,0.9043653011322021
NC_016568,GENERO_Lactococcus_1358,1.0,0.7682339549064636,0.8841169774532318
NC_016568,taxid_293371_Lactobacillus_oligofermentans,0.9999995231628418,0.7910890579223633,0.8955442905426025
NC_016568,taxid_1397_Bacillus_circulans,1.0,0.8222401738166809,0.9111200869083405
NC_016568,taxid_1129792_Weissella_oryzae,0.9911903142929076,0.7748836278915405,0.8830369710922241
NC_016568,taxid_1297750_Bacteroides_luti,1.0,0.8197785019874573,0.9098892509937286
NC_029026,taxid_33964_Leuconostoc_citreum,0.9999852180480956,0.7084295749664307,0.8542073965072632
NC_029026,taxid_1590_Lactiplantibacillus_plantarum,0.999946117401123,0.7272220849990845,0.8635841012001038
NC_029026,taxid_1245_Leuconostoc_mesenteroides,1.0,0.8009096384048462,0.9004548192024231
NC_029026,taxid_1737571_Bacillus_oryzisoli,1.0,0.842428982257843,0.9212144911289215
NC_029026,taxid_33968_Leuconostoc_pseudomesenteroides,0.9999997615814208,0.8195731043815613,0.9097864329814911
NC_029026,taxid_28038_Lactobacillus_curvatus,1.0,0.7188930511474609,0.8594465255737305
NC_029026,taxid_1358_Lactococcus_lactis,0.9999998807907104,0.7268175482749939,0.8634087145328522
NC_029026,taxid_185300_Paludibacter_propionicigenes,1.0,0.8349217772483826,0.9174608886241913
NC_029026,taxid_147709_Carnobacterium_inhibens,1.0,0.7349699139595032,0.8674849569797516
NC_029026,taxid_165096_Weissella_koreensis,0.9999001026153564,0.8039126396179199,0.9019063711166382
NC_029026,GENERO_Lacrimispora_94868,1.0,0.8524847030639648,0.9262423515319824
NC_029026,GENERO_Lactococcus_1358,1.0,0.7838526964187622,0.8919263482093811
NC_029026,taxid_293371_Lactobacillus_oligofermentans,1.0,0.7792779803276062,0.8896389901638031
NC_029026,taxid_879969_Macellibacteroides_fermentans,1.0,0.7334398627281189,0.8667199313640594
NC_029026,taxid_1397_Bacillus_circulans,1.0,0.7711394429206848,0.8855697214603424
NC_029026,taxid_1129792_Weissella_oryzae,0.9999972581863404,0.8091665506362915,0.9045819044113159
NC_029026,taxid_1610_Lactobacillus_coryniformis,0.9999818801879884,0.735552191734314,0.8677670359611511
NC_029026,taxid_1297750_Bacteroides_luti,1.0,0.7943788170814514,0.8971894085407257
NC_012753,taxid_33964_Leuconostoc_citreum,1.0,0.734040379524231,0.8670201897621155
NC_012753,taxid_1590_Lactiplantibacillus_plantarum,1.0,0.7033179998397827,0.8516589999198914
NC_012753,taxid_1245_Leuconostoc_mesenteroides,1.0,0.834520697593689,0.9172603487968445
NC_012753,taxid_2751_Carnobacterium_maltaromaticum,1.0,0.7762826085090637,0.8881413042545319
NC_012753,taxid_1737571_Bacillus_oryzisoli,1.0,0.8874439001083374,0.9437219500541687
NC_012753,taxid_33968_Leuconostoc_pseudomesenteroides,1.0,0.8447932004928589,0.9223966002464294
NC_012753,taxid_28038_Lactobacillus_curvatus,1.0,0.7324415445327759,0.8662207722663879
NC_012753,taxid_1358_Lactococcus_lactis,1.0,0.8049219250679016,0.9024609625339508
NC_012753,taxid_185300_Paludibacter_propionicigenes,1.0,0.8700518012046814,0.9350259006023407
NC_012753,taxid_147709_Carnobacterium_inhibens,1.0,0.814812421798706,0.907406210899353
NC_012753,taxid_165096_Weissella_koreensis,1.0,0.8565260767936707,0.9282630383968353
NC_012753,GENERO_Lacrimispora_94868,1.0,0.8655714988708496,0.9327857494354248
NC_012753,GENERO_Lactococcus_1358,1.0,0.831957221031189,0.9159786105155945
NC_012753,taxid_293371_Lactobacillus_oligofermentans,1.0,0.8388500809669495,0.9194250404834747
NC_012753,taxid_879969_Macellibacteroides_fermentans,1.0,0.7447014451026917,0.8723507225513458
NC_012753,taxid_1397_Bacillus_circulans,1.0,0.8432973027229309,0.9216486513614655
NC_012753,taxid_1129792_Weissella_oryzae,1.0,0.8399667143821716,0.9199833571910858
NC_012753,taxid_1610_Lactobacillus_coryniformis,1.0,0.7242396473884583,0.8621198236942291
NC_012753,taxid_1297750_Bacteroides_luti,1.0,0.8586191534996033,0.9293095767498016
NC_027991,taxid_2479367_Buttiauxella_sp_3AFRM03,1.0,0.786912739276886,0.893456369638443
NC_027991,taxid_1590_Lactiplantibacillus_plantarum,1.0,0.702702522277832,0.851351261138916
NC_027991,taxid_82977_Buttiauxella_agrestis,1.0,0.703538715839386,0.851769357919693
NC_027991,taxid_1737571_Bacillus_oryzisoli,1.0,0.712945282459259,0.8564726412296295
NC_027991,GENERO_Lacrimispora_94868,1.0,0.7732897996902466,0.8866448998451233
NC_028669,taxid_1245_Leuconostoc_mesenteroides,0.9988182187080384,0.7756040096282959,0.8872111141681671
NC_028669,taxid_2751_Carnobacterium_maltaromaticum,0.9999905824661256,0.7452815175056458,0.8726360499858856
NC_028669,taxid_1737571_Bacillus_oryzisoli,0.9999977350234984,0.8483119010925293,0.9241548180580139
NC_028669,taxid_1358_Lactococcus_lactis,0.9998878240585328,0.7765596508979797,0.8882237374782562
NC_028669,taxid_185300_Paludibacter_propionicigenes,1.0,0.818851888179779,0.9094259440898895
NC_028669,taxid_147709_Carnobacterium_inhibens,1.0,0.7954203486442566,0.8977101743221283
NC_028669,GENERO_Lacrimispora_94868,0.9999998807907104,0.8106768727302551,0.9053383767604828
NC_028669,GENERO_Lactococcus_1358,0.9999988079071044,0.7767597436904907,0.8883792757987976
NC_028669,taxid_293371_Lactobacillus_oligofermentans,0.9999409914016724,0.7998623847961426,0.8999016880989075
NC_028669,taxid_1397_Bacillus_circulans,1.0,0.8249732851982117,0.9124866425991058
NC_028669,taxid_1297750_Bacteroides_luti,1.0,0.8215933442115784,0.9107966721057892
NC_027352,taxid_1590_Lactiplantibacillus_plantarum,0.9999998807907104,0.7329791188240051,0.8664894998073578
NC_027352,taxid_1245_Leuconostoc_mesenteroides,1.0,0.7370728254318237,0.8685364127159119
NC_027352,taxid_1737571_Bacillus_oryzisoli,1.0,0.7882531881332397,0.8941265940666199
NC_027352,taxid_33968_Leuconostoc_pseudomesenteroides,1.0,0.7739683985710144,0.8869841992855072
NC_027352,taxid_185300_Paludibacter_propionicigenes,1.0,0.7785853743553162,0.8892926871776581
NC_027352,taxid_165096_Weissella_koreensis,0.9824939370155334,0.7315243482589722,0.8570091426372528
NC_027352,GENERO_Lacrimispora_94868,1.0,0.8249894380569458,0.9124947190284729
NC_027352,GENERO_Lactococcus_1358,1.0,0.7063831686973572,0.8531915843486786
NC_027352,taxid_879969_Macellibacteroides_fermentans,0.9999986886978148,0.7006595730781555,0.8503291308879852
NC_027352,taxid_1129792_Weissella_oryzae,0.9999997615814208,0.7559798955917358,0.8779898285865784
NC_027352,taxid_1610_Lactobacillus_coryniformis,0.9999997615814208,0.7260957956314087,0.8630477786064148
NC_027352,taxid_642589_Caproiciproducens_galactitolivorans,0.9999128580093384,0.7040660977363586,0.8519894778728485
NC_027352,taxid_1297750_Bacteroides_luti,0.9999997615814208,0.700657069683075,0.8503284156322479
NC_028749,taxid_2479367_Buttiauxella_sp_3AFRM03,0.938358724117279,0.765854001045227,0.852106362581253
NC_028749,taxid_1590_Lactiplantibacillus_plantarum,0.9999997615814208,0.7043964862823486,0.8521981239318848
NC_028749,taxid_1245_Leuconostoc_mesenteroides,1.0,0.7476000785827637,0.8738000392913818
NC_028749,taxid_1737571_Bacillus_oryzisoli,1.0,0.7969164848327637,0.8984582424163818
NC_028749,taxid_33968_Leuconostoc_pseudomesenteroides,1.0,0.779112696647644,0.889556348323822
NC_028749,taxid_185300_Paludibacter_propionicigenes,1.0,0.7919260263442993,0.8959630131721497
NC_028749,taxid_165096_Weissella_koreensis,0.9996337890625,0.74705970287323,0.873346745967865
NC_028749,GENERO_Lacrimispora_94868,1.0,0.826810359954834,0.913405179977417
NC_028749,GENERO_Lactococcus_1358,1.0,0.7238035202026367,0.8619017601013184
NC_028749,taxid_293371_Lactobacillus_oligofermentans,1.0,0.7118314504623413,0.8559157252311707
NC_028749,taxid_1129792_Weissella_oryzae,0.9999998807907104,0.7596532106399536,0.879826545715332
NC_028749,taxid_1610_Lactobacillus_coryniformis,0.9999996423721312,0.7056196928024292,0.8528096675872803
NC_028749,taxid_1297750_Bacteroides_luti,1.0,0.7337095737457275,0.8668547868728638
NC_019401,taxid_2479367_Buttiauxella_sp_3AFRM03,0.99998676776886,0.7678729295730591,0.8839298486709595
NC_019401,taxid_1245_Leuconostoc_mesenteroides,0.9999979734420776,0.7050372362136841,0.8525176048278809
NC_019401,taxid_1737571_Bacillus_oryzisoli,0.9932656288146972,0.766856849193573,0.8800612390041351
NC_019401,taxid_33968_Leuconostoc_pseudomesenteroides,0.9999998807907104,0.74856036901474,0.8742801249027252
NC_019401,taxid_185300_Paludibacter_propionicigenes,0.9995594620704652,0.759506344795227,0.8795329034328461
NC_019401,GENERO_Lacrimispora_94868,0.9986538887023926,0.8121047616004944,0.9053793251514435
NC_019401,taxid_1129792_Weissella_oryzae,0.999985933303833,0.724884033203125,0.862434983253479
NC_030919,taxid_2479367_Buttiauxella_sp_3AFRM03,0.9996795654296876,0.7525109648704529,0.8760952651500702
NC_020847,taxid_1245_Leuconostoc_mesenteroides,1.0,0.8018693923950195,0.9009346961975098
NC_020847,taxid_1737571_Bacillus_oryzisoli,0.9999852180480956,0.8449563384056091,0.9224707782268524
NC_020847,taxid_33968_Leuconostoc_pseudomesenteroides,0.9999998807907104,0.8104511499404907,0.9052255153656006
NC_020847,taxid_1358_Lactococcus_lactis,0.9774358868598938,0.7524899840354919,0.8649629354476929
NC_020847,taxid_185300_Paludibacter_propionicigenes,1.0,0.8362687230110168,0.9181343615055084
NC_020847,taxid_147709_Carnobacterium_inhibens,0.9995046854019164,0.7634699940681458,0.8814873397350311
NC_020847,GENERO_Lacrimispora_94868,0.9999998807907104,0.8392605185508728,0.9196301996707916
NC_020847,GENERO_Lactococcus_1358,1.0,0.792048990726471,0.8960244953632355
NC_020847,taxid_293371_Lactobacillus_oligofermentans,0.9999990463256836,0.792597234249115,0.8962981402873993
NC_020847,taxid_879969_Macellibacteroides_fermentans,0.9999998807907104,0.7054049968719482,0.8527024388313293
NC_020847,taxid_1397_Bacillus_circulans,0.9999974966049194,0.7934543490409851,0.8967259228229523
NC_020847,taxid_1129792_Weissella_oryzae,0.9999842643737792,0.8045438528060913,0.9022640585899353
NC_020847,taxid_1297750_Bacteroides_luti,0.9999997615814208,0.8101584911346436,0.9050791263580322
NC_022763,taxid_1590_Lactiplantibacillus_plantarum,0.9998217225074768,0.7212018966674805,0.8605118095874786
NC_022763,taxid_1245_Leuconostoc_mesenteroides,0.9999990463256836,0.7894682884216309,0.8947336673736572
NC_022763,taxid_1737571_Bacillus_oryzisoli,0.9999996423721312,0.8383969068527222,0.9191982746124268
NC_022763,taxid_33968_Leuconostoc_pseudomesenteroides,0.999993085861206,0.8135539889335632,0.9067735373973846
NC_022763,taxid_28038_Lactobacillus_curvatus,0.9999994039535522,0.7068761587142944,0.8534377813339233
NC_022763,taxid_1358_Lactococcus_lactis,0.9997374415397644,0.7061233520507812,0.8529303967952728
NC_022763,taxid_185300_Paludibacter_propionicigenes,0.9999998807907104,0.8288403749465942,0.9144201278686523
NC_022763,taxid_147709_Carnobacterium_inhibens,0.9997819066047668,0.7150665521621704,0.8574242293834686
NC_022763,taxid_165096_Weissella_koreensis,0.9257529973983764,0.7928946614265442,0.8593238294124603
NC_022763,GENERO_Lacrimispora_94868,0.9999983310699464,0.8563967943191528,0.9281975626945496
NC_022763,GENERO_Lactococcus_1358,1.0,0.7720790505409241,0.886039525270462
NC_022763,taxid_293371_Lactobacillus_oligofermentans,0.9999996423721312,0.7649436593055725,0.8824716508388519
NC_022763,taxid_879969_Macellibacteroides_fermentans,0.9998934268951416,0.7220785617828369,0.8609859943389893
NC_022763,taxid_1397_Bacillus_circulans,0.9999997615814208,0.7536142468452454,0.8768070042133331
NC_022763,taxid_1129792_Weissella_oryzae,0.9998658895492554,0.8010423183441162,0.9004541039466858
NC_022763,taxid_1610_Lactobacillus_coryniformis,0.9997010231018066,0.7289188504219055,0.8643099367618561
NC_022763,taxid_1297750_Bacteroides_luti,0.999997615814209,0.7844806909561157,0.8922391533851624
NC_028764,taxid_1245_Leuconostoc_mesenteroides,0.9993488192558287,0.7601604461669922,0.8797546327114105
NC_028764,taxid_2751_Carnobacterium_maltaromaticum,0.9999991655349731,0.7587026953697205,0.8793509304523468
NC_028764,taxid_1737571_Bacillus_oryzisoli,1.0,0.8507643342018127,0.9253821671009064
NC_028764,taxid_33968_Leuconostoc_pseudomesenteroides,0.942459523677826,0.7592530250549316,0.8508562743663788
NC_028764,taxid_1358_Lactococcus_lactis,0.9999957084655762,0.7785615921020508,0.8892786502838135
NC_028764,taxid_185300_Paludibacter_propionicigenes,1.0,0.814528226852417,0.9072641134262085
NC_028764,taxid_147709_Carnobacterium_inhibens,1.0,0.8030511140823364,0.9015255570411682
NC_028764,GENERO_Lacrimispora_94868,1.0,0.7995402216911316,0.8997701108455658
NC_028764,GENERO_Lactococcus_1358,1.0,0.7646434307098389,0.8823217153549194
NC_028764,taxid_293371_Lactobacillus_oligofermentans,0.9999886751174928,0.7984201908111572,0.899204432964325
NC_028764,taxid_1397_Bacillus_circulans,1.0,0.8408852219581604,0.9204426109790802
NC_028764,taxid_1297750_Bacteroides_luti,1.0,0.8236203789710999,0.9118101894855499
NC_027379,taxid_33964_Leuconostoc_citreum,0.9999998807907104,0.7465867400169373,0.8732933104038239
NC_027379,taxid_1590_Lactiplantibacillus_plantarum,0.9999997615814208,0.7421459555625916,0.8710728585720062
NC_027379,taxid_1245_Leuconostoc_mesenteroides,1.0,0.8261709213256836,0.9130854606628418
NC_027379,taxid_1737571_Bacillus_oryzisoli,0.9999996423721312,0.8696895837783813,0.9348446130752563
NC_027379,taxid_33968_Leuconostoc_pseudomesenteroides,1.0,0.8470240831375122,0.9235120415687561
NC_027379,taxid_28038_Lactobacillus_curvatus,1.0,0.7509234547615051,0.8754617273807526
NC_027379,taxid_1358_Lactococcus_lactis,0.9998449087142944,0.7551040053367615,0.877474457025528
NC_027379,taxid_185300_Paludibacter_propionicigenes,1.0,0.8625758290290833,0.9312879145145416
NC_027379,taxid_147709_Carnobacterium_inhibens,0.9999833106994628,0.7683899998664856,0.8841866552829742
NC_027379,taxid_165096_Weissella_koreensis,0.9993273019790648,0.8341507911682129,0.9167390465736389
NC_027379,GENERO_Lacrimispora_94868,1.0,0.8676033020019531,0.9338016510009766
NC_027379,GENERO_Lactococcus_1358,1.0,0.8126094341278076,0.9063047170639038
NC_027379,taxid_293371_Lactobacillus_oligofermentans,1.0,0.8091155290603638,0.9045577645301819
NC_027379,taxid_879969_Macellibacteroides_fermentans,1.0,0.76419597864151,0.882097989320755
NC_027379,taxid_1397_Bacillus_circulans,0.9999998807907104,0.8076274991035461,0.9038136899471283
NC_027379,taxid_1129792_Weissella_oryzae,0.9999998807907104,0.8343714475631714,0.9171856641769409
NC_027379,taxid_1610_Lactobacillus_coryniformis,0.9999996423721312,0.7510650753974915,0.8755323588848114
NC_027379,taxid_642589_Caproiciproducens_galactitolivorans,0.999997854232788,0.7098006010055542,0.8548992276191711
NC_027379,taxid_1297750_Bacteroides_luti,1.0,0.8363632559776306,0.9181816279888153
NC_027983,taxid_2479367_Buttiauxella_sp_3AFRM03,0.9997257590293884,0.7859694361686707,0.8928475975990295
NC_027983,taxid_1590_Lactiplantibacillus_plantarum,0.99998939037323,0.7193832397460938,0.8596863150596619
NC_027983,taxid_82977_Buttiauxella_agrestis,0.9981446266174316,0.7072777152061462,0.8527111709117889
NC_027983,taxid_33968_Leuconostoc_pseudomesenteroides,0.9998620748519896,0.7140559554100037,0.8569590151309967
NC_026607,taxid_2479367_Buttiauxella_sp_3AFRM03,0.9999948740005492,0.7734430432319641,0.8867189586162567
NC_020081,taxid_2479367_Buttiauxella_sp_3AFRM03,0.9836621880531312,0.7807356119155884,0.8821988999843597
NC_020081,taxid_1590_Lactiplantibacillus_plantarum,1.0,0.7258124351501465,0.8629062175750732
NC_020081,taxid_1245_Leuconostoc_mesenteroides,1.0,0.712434709072113,0.8562173545360565
NC_020081,taxid_1737571_Bacillus_oryzisoli,0.9999997615814208,0.7602663040161133,0.8801330327987671
NC_020081,taxid_33968_Leuconostoc_pseudomesenteroides,1.0,0.7514464855194092,0.8757232427597046
NC_020081,taxid_185300_Paludibacter_propionicigenes,1.0,0.7528205513954163,0.8764102756977081
NC_020081,taxid_165096_Weissella_koreensis,0.9986398816108704,0.7041426301002502,0.8513912558555603
NC_020081,GENERO_Lacrimispora_94868,0.9999998807907104,0.8029820322990417,0.9014909565448761
NC_020081,taxid_1129792_Weissella_oryzae,1.0,0.7283701300621033,0.8641850650310516
NC_020081,taxid_1610_Lactobacillus_coryniformis,1.0,0.7087922096252441,0.8543961048126221
NC_024791,taxid_2479367_Buttiauxella_sp_3AFRM03,0.9459118247032166,0.7925180196762085,0.8692149221897125
NC_024791,taxid_1590_Lactiplantibacillus_plantarum,0.9999271631240844,0.7116601467132568,0.8557936549186707
NC_024791,taxid_33968_Leuconostoc_pseudomesenteroides,0.999990701675415,0.7032821178436279,0.8516364097595215
NC_006883,taxid_1245_Leuconostoc_mesenteroides,1.0,0.7098294496536255,0.8549147248268127
NC_006883,taxid_1737571_Bacillus_oryzisoli,0.9999992847442628,0.7634181380271912,0.8817087113857269
NC_006883,taxid_33968_Leuconostoc_pseudomesenteroides,1.0,0.7450731992721558,0.8725365996360779
NC_006883,taxid_185300_Paludibacter_propionicigenes,0.9999998807907104,0.7559643387794495,0.87798210978508
NC_006883,taxid_165096_Weissella_koreensis,0.9990506768226624,0.7113997340202332,0.8552252054214478
NC_006883,GENERO_Lacrimispora_94868,0.9999994039535522,0.8080961108207703,0.9040477573871613
NC_006883,taxid_1129792_Weissella_oryzae,0.9999996423721312,0.7281432747840881,0.8640714585781097
NC_021792,taxid_1397_Bacillus_circulans,0.9967746138572692,0.8545703887939453,0.9256725013256073
NC_021792,taxid_1297750_Bacteroides_luti,0.9607349038124084,0.8521481156349182,0.9064415097236633
NC_014635,taxid_2479367_Buttiauxella_sp_3AFRM03,0.9975488781929016,0.7432760000228882,0.8704124391078949
NC_018855,taxid_2479367_Buttiauxella_sp_3AFRM03,0.9999831914901732,0.7918127179145813,0.8958979547023773
NC_018855,taxid_1590_Lactiplantibacillus_plantarum,0.9999997615814208,0.7248680591583252,0.862433910369873
NC_018855,taxid_1245_Leuconostoc_mesenteroides,0.9999997615814208,0.7026408314704895,0.8513202965259552
NC_018855,taxid_1737571_Bacillus_oryzisoli,0.9994799494743348,0.7665535807609558,0.8830167651176453
NC_018855,taxid_33968_Leuconostoc_pseudomesenteroides,0.9999998807907104,0.7508562207221985,0.8754280507564545
NC_018855,taxid_185300_Paludibacter_propionicigenes,0.999990463256836,0.7576141357421875,0.8788022994995117
NC_018855,GENERO_Lacrimispora_94868,0.9999326467514038,0.8165242671966553,0.9082284569740295
NC_018855,taxid_1129792_Weissella_oryzae,0.999997615814209,0.72591233253479,0.8629549741744995
NC_018855,taxid_1610_Lactobacillus_coryniformis,0.9999990463256836,0.7110351920127869,0.8555171191692352
NC_010179,taxid_33964_Leuconostoc_citreum,0.9928809404373168,0.7390104532241821,0.8659456968307495
NC_010179,taxid_1245_Leuconostoc_mesenteroides,0.9999998807907104,0.8377547264099121,0.9188773036003113
NC_010179,taxid_2751_Carnobacterium_maltaromaticum,1.0,0.7724204659461975,0.8862102329730988
NC_010179,taxid_1737571_Bacillus_oryzisoli,1.0,0.8851433396339417,0.9425716698169708
NC_010179,taxid_33968_Leuconostoc_pseudomesenteroides,0.999968409538269,0.8466961979866028,0.9233323037624359
NC_010179,taxid_28038_Lactobacillus_curvatus,0.9999986886978148,0.7372150421142578,0.8686068654060364
NC_010179,taxid_1358_Lactococcus_lactis,1.0,0.8028427362442017,0.9014213681221008
NC_010179,taxid_185300_Paludibacter_propionicigenes,1.0,0.8714737892150879,0.935736894607544
NC_010179,taxid_147709_Carnobacterium_inhibens,1.0,0.8126608729362488,0.9063304364681244
NC_010179,taxid_165096_Weissella_koreensis,0.9999144077301024,0.8560703992843628,0.9279924035072327
NC_010179,GENERO_Lacrimispora_94868,1.0,0.8702409267425537,0.9351204633712769
NC_010179,GENERO_Lactococcus_1358,1.0,0.832578182220459,0.9162890911102295
NC_010179,taxid_293371_Lactobacillus_oligofermentans,1.0,0.8378947973251343,0.9189473986625671
NC_010179,taxid_879969_Macellibacteroides_fermentans,1.0,0.7484774589538574,0.8742387294769287
NC_010179,taxid_1397_Bacillus_circulans,1.0,0.8390666842460632,0.9195333421230316
NC_010179,taxid_1129792_Weissella_oryzae,0.9993919134140016,0.8414788246154785,0.92043536901474
NC_010179,taxid_1610_Lactobacillus_coryniformis,0.992883801460266,0.7308899164199829,0.8618868589401245
NC_010179,taxid_1297750_Bacteroides_luti,1.0,0.8542537093162537,0.9271268546581268
NC_031070,taxid_1590_Lactiplantibacillus_plantarum,0.999996781349182,0.7129428386688232,0.8564698100090027
NC_031070,taxid_1245_Leuconostoc_mesenteroides,1.0,0.7492879033088684,0.8746439516544342
NC_031070,taxid_1737571_Bacillus_oryzisoli,0.9999998807907104,0.7987813353538513,0.8993906080722809
NC_031070,taxid_33968_Leuconostoc_pseudomesenteroides,0.9999997615814208,0.782633900642395,0.891316831111908
NC_031070,taxid_185300_Paludibacter_propionicigenes,1.0,0.7929677963256836,0.8964838981628418
NC_031070,taxid_165096_Weissella_koreensis,0.9936542510986328,0.7451659440994263,0.8694100975990295
NC_031070,GENERO_Lacrimispora_94868,0.9999996423721312,0.8344528675079346,0.917226254940033
NC_031070,GENERO_Lactococcus_1358,1.0,0.718813955783844,0.859406977891922
NC_031070,taxid_293371_Lactobacillus_oligofermentans,1.0,0.7068052291870117,0.8534026145935059
NC_031070,taxid_1129792_Weissella_oryzae,0.99999737739563,0.762588381767273,0.8812928795814514
NC_031070,taxid_1610_Lactobacillus_coryniformis,0.9999932050704956,0.7109158039093018,0.8554545044898987
NC_031070,taxid_1297750_Bacteroides_luti,0.9999997615814208,0.7239161133766174,0.8619579374790192
NC_016567,GENERO_Lacrimispora_94868,0.9999130964279176,0.7444521188735962,0.8721826076507568
NC_028898,taxid_33964_Leuconostoc_citreum,0.9999997615814208,0.7151557207107544,0.8575777411460876
NC_028898,taxid_1590_Lactiplantibacillus_plantarum,0.9999995231628418,0.7231764197349548,0.8615879714488983
NC_028898,taxid_1245_Leuconostoc_mesenteroides,1.0,0.7892131209373474,0.8946065604686737
NC_028898,taxid_1737571_Bacillus_oryzisoli,1.0,0.836142361164093,0.9180711805820465
NC_028898,taxid_33968_Leuconostoc_pseudomesenteroides,1.0,0.8172847032546997,0.9086423516273499
NC_028898,taxid_28038_Lactobacillus_curvatus,1.0,0.7254462838172913,0.8627231419086456
NC_028898,taxid_1358_Lactococcus_lactis,1.0,0.7067341804504395,0.8533670902252197
NC_028898,taxid_185300_Paludibacter_propionicigenes,1.0,0.8299732804298401,0.91498664021492
NC_028898,taxid_147709_Carnobacterium_inhibens,1.0,0.7171887159347534,0.8585943579673767
NC_028898,taxid_165096_Weissella_koreensis,0.9999997615814208,0.7938314080238342,0.8969155848026276
NC_028898,GENERO_Lacrimispora_94868,1.0,0.8457421660423279,0.9228710830211639
NC_028898,GENERO_Lactococcus_1358,1.0,0.7690826058387756,0.8845413029193878
NC_028898,taxid_293371_Lactobacillus_oligofermentans,1.0,0.7649882435798645,0.8824941217899323
NC_028898,taxid_879969_Macellibacteroides_fermentans,1.0,0.7440178394317627,0.8720089197158813
NC_028898,taxid_1397_Bacillus_circulans,1.0,0.7559869289398193,0.8779934644699097
NC_028898,taxid_1129792_Weissella_oryzae,1.0,0.7994458675384521,0.8997229337692261
NC_028898,taxid_1610_Lactobacillus_coryniformis,0.9999997615814208,0.7336150407791138,0.8668074011802673
NC_028898,taxid_1297750_Bacteroides_luti,1.0,0.7883542776107788,0.8941771388053894
NC_028916,taxid_2479367_Buttiauxella_sp_3AFRM03,0.9723414182662964,0.7717489004135132,0.8720451593399048
NC_028916,taxid_33964_Leuconostoc_citreum,1.0,0.7360690236091614,0.8680345118045807
NC_028916,taxid_1590_Lactiplantibacillus_plantarum,1.0,0.7372794151306152,0.8686397075653076
NC_028916,taxid_1245_Leuconostoc_mesenteroides,1.0,0.8155234456062317,0.9077617228031158
NC_028916,taxid_1737571_Bacillus_oryzisoli,1.0,0.8611822724342346,0.9305911362171173
NC_028916,taxid_33968_Leuconostoc_pseudomesenteroides,1.0,0.8390357494354248,0.9195178747177124
NC_028916,taxid_28038_Lactobacillus_curvatus,1.0,0.7432568669319153,0.8716284334659576
NC_028916,taxid_1358_Lactococcus_lactis,0.9999977350234984,0.7365040183067322,0.8682508766651154
NC_028916,taxid_185300_Paludibacter_propionicigenes,1.0,0.8546329736709595,0.9273164868354797
NC_028916,taxid_147709_Carnobacterium_inhibens,0.9999997615814208,0.751778244972229,0.875889003276825
NC_028916,taxid_165096_Weissella_koreensis,0.9999850988388062,0.8228293657302856,0.9114072322845459
NC_028916,GENERO_Lacrimispora_94868,1.0,0.8619961738586426,0.9309980869293213
NC_028916,GENERO_Lactococcus_1358,1.0,0.8001792430877686,0.9000896215438843
NC_028916,taxid_293371_Lactobacillus_oligofermentans,1.0,0.795799732208252,0.897899866104126
NC_028916,taxid_879969_Macellibacteroides_fermentans,1.0,0.7572543621063232,0.8786271810531616
NC_028916,taxid_1397_Bacillus_circulans,1.0,0.7946563959121704,0.8973281979560852
NC_028916,taxid_1129792_Weissella_oryzae,1.0,0.824670672416687,0.9123353362083435
NC_028916,taxid_1610_Lactobacillus_coryniformis,1.0,0.744551956653595,0.8722759783267975
NC_028916,taxid_642589_Caproiciproducens_galactitolivorans,0.9999997615814208,0.704925000667572,0.8524623811244965
NC_028916,taxid_1297750_Bacteroides_luti,1.0,0.826444685459137,0.9132223427295685
NC_021337,taxid_1245_Leuconostoc_mesenteroides,1.0,0.7436854243278503,0.8718427121639252
NC_021337,taxid_1737571_Bacillus_oryzisoli,0.9999902248382568,0.801802396774292,0.9008963108062744
NC_021337,taxid_33968_Leuconostoc_pseudomesenteroides,1.0,0.7772632241249084,0.8886316120624542
NC_021337,taxid_185300_Paludibacter_propionicigenes,1.0,0.7924587726593018,0.8962293863296509
NC_021337,taxid_165096_Weissella_koreensis,0.9933119416236876,0.7513436079025269,0.8723277747631073
NC_021337,GENERO_Lacrimispora_94868,0.9999998807907104,0.8106367588043213,0.9053183197975159
NC_021337,GENERO_Lactococcus_1358,1.0,0.7223911285400391,0.8611955642700195
NC_021337,taxid_293371_Lactobacillus_oligofermentans,0.9999997615814208,0.7157835960388184,0.8578916788101196
NC_021337,taxid_1397_Bacillus_circulans,0.9999901056289672,0.7049974203109741,0.8524937629699707
NC_021337,taxid_1129792_Weissella_oryzae,0.9999998807907104,0.7545082569122314,0.877254068851471
NC_021337,taxid_1297750_Bacteroides_luti,0.9999994039535522,0.7456710338592529,0.8728352189064026
NC_021790,taxid_1245_Leuconostoc_mesenteroides,0.9997480511665344,0.8146399855613708,0.9071940183639526
NC_021790,taxid_2751_Carnobacterium_maltaromaticum,0.9999985694885254,0.7890605330467224,0.8945295512676239
NC_021790,taxid_1737571_Bacillus_oryzisoli,0.9999994039535522,0.8711217641830444,0.9355605840682983
NC_021790,taxid_1358_Lactococcus_lactis,0.9999912977218628,0.8114328384399414,0.9057120680809021
NC_021790,taxid_185300_Paludibacter_propionicigenes,1.0,0.8480712175369263,0.9240356087684631
NC_021790,taxid_147709_Carnobacterium_inhibens,1.0,0.825640857219696,0.912820428609848
NC_021790,GENERO_Lacrimispora_94868,0.9999998807907104,0.837738573551178,0.9188692271709442
NC_021790,GENERO_Lactococcus_1358,0.9999996423721312,0.8141813278198242,0.9070904850959778
NC_021790,taxid_293371_Lactobacillus_oligofermentans,0.9999922513961792,0.8311448693275452,0.9155685603618622
NC_021790,taxid_1397_Bacillus_circulans,1.0,0.8533777594566345,0.9266888797283173
NC_021790,taxid_1297750_Bacteroides_luti,1.0,0.8491011261940002,0.9245505630970001
NC_027297,taxid_2479367_Buttiauxella_sp_3AFRM03,0.999384880065918,0.814579963684082,0.906982421875
NC_027297,taxid_82992_Buttiauxella_noackiae,0.9961200952529908,0.7233699560165405,0.8597450256347656
NC_027297,taxid_1590_Lactiplantibacillus_plantarum,0.9996945858001708,0.7427876591682434,0.8712411224842072
NC_027297,GENERO_Buttiauxella_82991,0.9923386573791504,0.7079610824584961,0.8501498699188232
NC_027297,taxid_82977_Buttiauxella_agrestis,0.9866907596588136,0.7335183024406433,0.8601045310497284
NC_027297,taxid_33968_Leuconostoc_pseudomesenteroides,0.9939913153648376,0.7410614490509033,0.8675263822078705
NC_021776,taxid_2479367_Buttiauxella_sp_3AFRM03,0.9990013241767884,0.8125255703926086,0.9057634472846985
NC_021776,taxid_82992_Buttiauxella_noackiae,0.999006450176239,0.7054579854011536,0.8522322177886963
NC_021776,taxid_1590_Lactiplantibacillus_plantarum,0.9999998807907104,0.7637216448783875,0.881860762834549
NC_021776,taxid_1245_Leuconostoc_mesenteroides,0.9999991655349731,0.7405497431755066,0.8702744543552399
NC_021776,taxid_33968_Leuconostoc_pseudomesenteroides,1.0,0.7809364199638367,0.8904682099819183
NC_021776,taxid_185300_Paludibacter_propionicigenes,0.9999237060546876,0.7813900113105774,0.8906568586826324
NC_021776,GENERO_Lacrimispora_94868,0.999087691307068,0.8232479095458984,0.9111678004264832
NC_021776,GENERO_Lactococcus_1358,0.999996781349182,0.7035701870918274,0.8517834842205048
NC_021776,taxid_879969_Macellibacteroides_fermentans,0.9991115927696228,0.703527569770813,0.8513195812702179
NC_021776,taxid_1129792_Weissella_oryzae,0.9999879598617554,0.7555466890335083,0.8777673244476318
NC_021776,taxid_1610_Lactobacillus_coryniformis,0.9999990463256836,0.7299349308013916,0.8649669885635376
NC_005859,taxid_2479367_Buttiauxella_sp_3AFRM03,0.9975663423538208,0.7987235188484192,0.89814493060112
NC_005859,taxid_1590_Lactiplantibacillus_plantarum,0.9999656677246094,0.7369325160980225,0.8684490919113159
NC_005859,taxid_33968_Leuconostoc_pseudomesenteroides,0.9996994733810424,0.7427520751953125,0.8712257742881775
NC_031012,taxid_1245_Leuconostoc_mesenteroides,0.9999998807907104,0.7387101650238037,0.8693550229072571
NC_031012,taxid_1737571_Bacillus_oryzisoli,0.9999992847442628,0.7889213562011719,0.8944603204727173
NC_031012,taxid_33968_Leuconostoc_pseudomesenteroides,0.9999996423721312,0.7718842625617981,0.8859419524669647
NC_031012,taxid_185300_Paludibacter_propionicigenes,0.9999998807907104,0.7838142514228821,0.8919070661067963
NC_031012,taxid_165096_Weissella_koreensis,0.9667112827301024,0.7345780730247498,0.8506446778774261
NC_031012,GENERO_Lacrimispora_94868,0.9999983310699464,0.825066328048706,0.9125323295593262
NC_031012,GENERO_Lactococcus_1358,1.0,0.7058735489845276,0.8529367744922638
NC_031012,taxid_1129792_Weissella_oryzae,0.999995231628418,0.7509567737579346,0.8754760026931763
NC_031012,taxid_1297750_Bacteroides_luti,0.9999966621398926,0.7121697664260864,0.8560832142829895
NC_002661,taxid_1245_Leuconostoc_mesenteroides,0.999998927116394,0.7651297450065613,0.8825643360614777
NC_002661,taxid_2751_Carnobacterium_maltaromaticum,1.0,0.7433662414550781,0.8716831207275391
NC_002661,taxid_1737571_Bacillus_oryzisoli,1.0,0.8393949866294861,0.919697493314743
NC_002661,taxid_33968_Leuconostoc_pseudomesenteroides,0.9998916387557985,0.7624278664588928,0.8811597526073456
NC_002661,taxid_1358_Lactococcus_lactis,0.9999998807907104,0.7705553770065308,0.8852776288986206
NC_002661,taxid_185300_Paludibacter_propionicigenes,1.0,0.8079859018325806,0.9039929509162903
NC_002661,taxid_147709_Carnobacterium_inhibens,1.0,0.7906811237335205,0.8953405618667603
NC_002661,taxid_165096_Weissella_koreensis,0.9967201352119446,0.8106600642204285,0.9036900997161865
NC_002661,GENERO_Lacrimispora_94868,1.0,0.790553629398346,0.895276814699173
NC_002661,GENERO_Lactococcus_1358,1.0,0.7665100693702698,0.8832550346851349
NC_002661,taxid_293371_Lactobacillus_oligofermentans,1.0,0.7931920289993286,0.8965960144996643
NC_002661,taxid_1397_Bacillus_circulans,1.0,0.8237065076828003,0.9118532538414001
NC_002661,taxid_1129792_Weissella_oryzae,0.9975786805152892,0.7643812894821167,0.880979984998703
NC_002661,taxid_1297750_Bacteroides_luti,1.0,0.8148604035377502,0.9074302017688751
NC_019525,taxid_2479367_Buttiauxella_sp_3AFRM03,0.9949146509170532,0.7513329982757568,0.873123824596405
NC_019525,taxid_1590_Lactiplantibacillus_plantarum,0.9996492862701416,0.7109500765800476,0.8552996814250946
NC_019525,taxid_1245_Leuconostoc_mesenteroides,0.9779154658317566,0.7817672491073608,0.8798413574695587
NC_019525,taxid_33968_Leuconostoc_pseudomesenteroides,0.999849796295166,0.8124046921730042,0.9061272442340851
NC_019525,taxid_1610_Lactobacillus_coryniformis,0.9865976572036744,0.7210807800292969,0.8538392186164856
NC_014661,taxid_2479367_Buttiauxella_sp_3AFRM03,0.9983837604522704,0.7646177411079407,0.8815007507801056
NC_013597,taxid_1590_Lactiplantibacillus_plantarum,0.9998632669448853,0.725703239440918,0.8627832531929016
NC_013597,taxid_1245_Leuconostoc_mesenteroides,1.0,0.733579695224762,0.866789847612381
NC_013597,taxid_1737571_Bacillus_oryzisoli,0.9999998807907104,0.7838909029960632,0.8919453918933868
NC_013597,taxid_33968_Leuconostoc_pseudomesenteroides,0.999998927116394,0.7703905701637268,0.8851947486400604
NC_013597,taxid_185300_Paludibacter_propionicigenes,1.0,0.7779081463813782,0.8889540731906891
NC_013597,taxid_165096_Weissella_koreensis,0.9999771118164062,0.7329745888710022,0.8664758503437042
NC_013597,GENERO_Lacrimispora_94868,0.9999996423721312,0.808515191078186,0.9042574167251587
NC_013597,GENERO_Lactococcus_1358,1.0,0.7036569118499756,0.8518284559249878
NC_013597,taxid_1129792_Weissella_oryzae,0.9999932050704956,0.7454271912574768,0.8727101981639862
NC_013597,taxid_1610_Lactobacillus_coryniformis,0.9999396800994872,0.7072007060050964,0.8535701930522919
NC_013597,taxid_1297750_Bacteroides_luti,1.0,0.7109354734420776,0.8554677367210388
NC_021778,taxid_33964_Leuconostoc_citreum,0.9999988079071044,0.7172003388404846,0.8585995733737946
NC_021778,taxid_1590_Lactiplantibacillus_plantarum,0.9999980926513672,0.7136102914810181,0.8568041920661926
NC_021778,taxid_1245_Leuconostoc_mesenteroides,1.0,0.7926107048988342,0.8963053524494171
NC_021778,taxid_1737571_Bacillus_oryzisoli,1.0,0.8385090231895447,0.9192545115947723
NC_021778,taxid_33968_Leuconostoc_pseudomesenteroides,1.0,0.8174653053283691,0.9087326526641846
NC_021778,taxid_28038_Lactobacillus_curvatus,1.0,0.7241203188896179,0.862060159444809
NC_021778,taxid_1358_Lactococcus_lactis,1.0,0.7192438244819641,0.8596219122409821
NC_021778,taxid_185300_Paludibacter_propionicigenes,1.0,0.8326327204704285,0.9163163602352142
NC_021778,taxid_147709_Carnobacterium_inhibens,1.0,0.7292883396148682,0.8646441698074341
NC_021778,taxid_165096_Weissella_koreensis,0.999998927116394,0.7978830933570862,0.8989410102367401
NC_021778,GENERO_Lacrimispora_94868,1.0,0.8460026979446411,0.9230013489723206
NC_021778,GENERO_Lactococcus_1358,1.0,0.7745472192764282,0.8872736096382141
NC_021778,taxid_293371_Lactobacillus_oligofermentans,1.0,0.7713255286216736,0.8856627643108368
NC_021778,taxid_879969_Macellibacteroides_fermentans,1.0,0.7389988899230957,0.8694994449615479
NC_021778,taxid_1397_Bacillus_circulans,1.0,0.764651358127594,0.882325679063797
NC_021778,taxid_1129792_Weissella_oryzae,0.9999997615814208,0.8012869358062744,0.9006433486938477
NC_021778,taxid_1610_Lactobacillus_coryniformis,0.999998927116394,0.7264484167098999,0.863223671913147
NC_021778,taxid_1297750_Bacteroides_luti,1.0,0.7941714525222778,0.8970857262611389
NC_007048,taxid_1245_Leuconostoc_mesenteroides,0.9998277425765992,0.779175341129303,0.889501541852951
NC_007048,taxid_2751_Carnobacterium_maltaromaticum,0.998653769493103,0.7615854740142822,0.8801196217536926
NC_007048,taxid_1737571_Bacillus_oryzisoli,0.9999986886978148,0.8540067076683044,0.9270026981830597
NC_007048,taxid_1358_Lactococcus_lactis,0.9995741248130798,0.7858109474182129,0.8926925361156464
NC_007048,taxid_185300_Paludibacter_propionicigenes,1.0,0.8230193257331848,0.9115096628665924
NC_007048,taxid_147709_Carnobacterium_inhibens,0.9999998807907104,0.8045403361320496,0.90227010846138
NC_007048,GENERO_Lacrimispora_94868,0.9999998807907104,0.813603937625885,0.9068019092082977
NC_007048,GENERO_Lactococcus_1358,0.9999997615814208,0.7812328934669495,0.8906163275241852
NC_007048,taxid_293371_Lactobacillus_oligofermentans,0.999975323677063,0.805649995803833,0.902812659740448
NC_007048,taxid_1397_Bacillus_circulans,1.0,0.8356805443763733,0.9178402721881866
NC_007048,taxid_1297750_Bacteroides_luti,1.0,0.8284421563148499,0.9142210781574249
NC_005841,taxid_2479367_Buttiauxella_sp_3AFRM03,0.999643087387085,0.753619909286499,0.876631498336792
NC_022090,taxid_1245_Leuconostoc_mesenteroides,1.0,0.7874578833580017,0.8937289416790009
NC_022090,taxid_2751_Carnobacterium_maltaromaticum,1.0,0.7648694515228271,0.8824347257614136
NC_022090,taxid_1737571_Bacillus_oryzisoli,1.0,0.852703332901001,0.9263516664505005
NC_022090,taxid_33968_Leuconostoc_pseudomesenteroides,1.0,0.7869488000869751,0.8934744000434875
NC_022090,taxid_1358_Lactococcus_lactis,1.0,0.7892460823059082,0.8946230411529541
NC_022090,taxid_185300_Paludibacter_propionicigenes,1.0,0.8272489309310913,0.9136244654655457
NC_022090,taxid_147709_Carnobacterium_inhibens,1.0,0.8077790141105652,0.9038895070552826
NC_022090,taxid_165096_Weissella_koreensis,0.9999980926513672,0.8265584111213684,0.9132782518863678
NC_022090,GENERO_Lacrimispora_94868,1.0,0.8106613159179688,0.9053306579589844
NC_022090,GENERO_Lactococcus_1358,1.0,0.7873995900154114,0.8936997950077057
NC_022090,taxid_293371_Lactobacillus_oligofermentans,1.0,0.8100115060806274,0.9050057530403137
NC_022090,taxid_1397_Bacillus_circulans,1.0,0.8394424319267273,0.9197212159633636
NC_022090,taxid_1129792_Weissella_oryzae,0.9999998807907104,0.7872453927993774,0.893622636795044
NC_022090,taxid_1297750_Bacteroides_luti,1.0,0.8319215774536133,0.9159607887268066
NC_024134,taxid_2479367_Buttiauxella_sp_3AFRM03,0.999991536140442,0.759166955947876,0.8795792460441589
NC_009813,taxid_1245_Leuconostoc_mesenteroides,0.9999996423721312,0.7476443648338318,0.8738220036029816
NC_009813,taxid_1737571_Bacillus_oryzisoli,1.0,0.8123511672019958,0.9061755836009979
NC_009813,taxid_33968_Leuconostoc_pseudomesenteroides,0.9999380111694336,0.74921053647995,0.8745742738246918
NC_009813,taxid_1358_Lactococcus_lactis,1.0,0.7216804623603821,0.860840231180191
NC_009813,taxid_185300_Paludibacter_propionicigenes,1.0,0.7891855239868164,0.8945927619934082
NC_009813,taxid_147709_Carnobacterium_inhibens,1.0,0.7325710654258728,0.8662855327129364
NC_009813,taxid_165096_Weissella_koreensis,0.9996065497398376,0.7789978981018066,0.8893022239208221
NC_009813,GENERO_Lacrimispora_94868,1.0,0.7825019359588623,0.8912509679794312
NC_009813,GENERO_Lactococcus_1358,1.0,0.7449677586555481,0.872483879327774
NC_009813,taxid_293371_Lactobacillus_oligofermentans,1.0,0.7572544813156128,0.8786272406578064
NC_009813,taxid_1397_Bacillus_circulans,1.0,0.761684238910675,0.8808421194553375
NC_009813,taxid_1129792_Weissella_oryzae,0.999055564403534,0.7465505599975586,0.8728030622005463
NC_009813,taxid_1297750_Bacteroides_luti,1.0,0.7686243653297424,0.8843121826648712
NC_008722,taxid_1245_Leuconostoc_mesenteroides,0.9999971389770508,0.7775759100914001,0.8887865245342255
NC_008722,taxid_1737571_Bacillus_oryzisoli,0.9992597699165344,0.8499935269355774,0.9246266484260559
NC_008722,taxid_33968_Leuconostoc_pseudomesenteroides,0.9998857975006104,0.781290590763092,0.8905881941318512
NC_008722,taxid_1358_Lactococcus_lactis,0.988283634185791,0.7792914509773254,0.8837875425815582
NC_008722,taxid_185300_Paludibacter_propionicigenes,0.9999980926513672,0.8204053044319153,0.9102016985416412
NC_008722,taxid_147709_Carnobacterium_inhibens,0.999913454055786,0.7976296544075012,0.8987715542316437
NC_008722,GENERO_Lacrimispora_94868,0.9999343156814576,0.8098533153533936,0.9048938155174255
NC_008722,GENERO_Lactococcus_1358,0.9999995231628418,0.7780762910842896,0.8890379071235657
NC_008722,taxid_293371_Lactobacillus_oligofermentans,0.9999959468841552,0.801205575466156,0.9006007611751556
NC_008722,taxid_1397_Bacillus_circulans,0.9999983310699464,0.8276914358139038,0.913844883441925
NC_008722,taxid_1129792_Weissella_oryzae,0.9837985038757324,0.7800096869468689,0.8819040954113007
NC_008722,taxid_1297750_Bacteroides_luti,0.9999986886978148,0.822770357131958,0.9113845229148865
NC_031011,taxid_2479367_Buttiauxella_sp_3AFRM03,0.999959111213684,0.7774512767791748,0.8887051939964294
NC_031011,taxid_1590_Lactiplantibacillus_plantarum,0.9999920129776,0.707546055316925,0.8537690341472626
NC_023593,taxid_2479367_Buttiauxella_sp_3AFRM03,0.9999169111251832,0.7527678608894348,0.876342386007309
NC_022765,taxid_1590_Lactiplantibacillus_plantarum,0.999997854232788,0.7017532587051392,0.8508755564689636
NC_022765,taxid_1245_Leuconostoc_mesenteroides,0.9999986886978148,0.7663206458091736,0.8831596672534943
NC_022765,taxid_33968_Leuconostoc_pseudomesenteroides,0.9999996423721312,0.7958131432533264,0.8979063928127289
NC_022765,taxid_185300_Paludibacter_propionicigenes,0.9995787739753724,0.8033939599990845,0.9014863669872284
NC_022765,GENERO_Lacrimispora_94868,0.9962800145149232,0.8293898105621338,0.9128349125385284
NC_022765,GENERO_Lactococcus_1358,0.9999955892562866,0.7389762997627258,0.8694859445095062
NC_022765,taxid_293371_Lactobacillus_oligofermentans,0.9993215799331664,0.731958270072937,0.8656399250030518
NC_022765,taxid_1129792_Weissella_oryzae,0.9999910593032836,0.7738701105117798,0.8869305849075317
NC_022765,taxid_1610_Lactobacillus_coryniformis,0.9999765157699584,0.708913266658783,0.8544448912143707
NC_031024,taxid_1245_Leuconostoc_mesenteroides,0.9999459981918336,0.7302079200744629,0.8650769591331482
NC_031024,taxid_1737571_Bacillus_oryzisoli,0.9999444484710692,0.7811516523361206,0.890548050403595
NC_031024,taxid_33968_Leuconostoc_pseudomesenteroides,0.9995098114013672,0.7670688629150391,0.8832893371582031
NC_031024,taxid_185300_Paludibacter_propionicigenes,0.9999957084655762,0.7767295241355896,0.8883626163005829
NC_031024,GENERO_Lacrimispora_94868,0.9999488592147828,0.8225968480110168,0.9112728536128998
NC_031024,taxid_1129792_Weissella_oryzae,0.9898888468742372,0.7440681457519531,0.8669784963130951
NC_027997,taxid_1245_Leuconostoc_mesenteroides,0.9999979734420776,0.8036879301071167,0.9018429517745972
NC_027997,taxid_2751_Carnobacterium_maltaromaticum,0.9999991655349731,0.7824215292930603,0.8912103474140167
NC_027997,taxid_1737571_Bacillus_oryzisoli,1.0,0.861882746219635,0.9309413731098175
NC_027997,taxid_33968_Leuconostoc_pseudomesenteroides,0.9999216794967652,0.8053621649742126,0.9026419222354889
NC_027997,taxid_1358_Lactococcus_lactis,0.9999994039535522,0.8039252758026123,0.9019623398780823
NC_027997,taxid_185300_Paludibacter_propionicigenes,1.0,0.8389205932617188,0.9194602966308594
NC_027997,taxid_147709_Carnobacterium_inhibens,1.0,0.8196943998336792,0.9098471999168396
NC_027997,taxid_165096_Weissella_koreensis,0.9887004494667052,0.8371867537498474,0.9129436016082764
NC_027997,GENERO_Lacrimispora_94868,1.0,0.8281770944595337,0.9140885472297668
NC_027997,GENERO_Lactococcus_1358,1.0,0.8040639758110046,0.9020319879055023
NC_027997,taxid_293371_Lactobacillus_oligofermentans,0.9999998807907104,0.8228587508201599,0.9114293158054352
NC_027997,taxid_1397_Bacillus_circulans,1.0,0.848773717880249,0.9243868589401245
NC_027997,taxid_1129792_Weissella_oryzae,0.9990007281303406,0.8043215274810791,0.9016611278057098
NC_027997,taxid_1297750_Bacteroides_luti,1.0,0.8423556685447693,0.9211778342723846
NC_010147,taxid_1245_Leuconostoc_mesenteroides,1.0,0.7497266530990601,0.87486332654953
NC_010147,taxid_1737571_Bacillus_oryzisoli,0.9999167919158936,0.832790732383728,0.9163537621498108
NC_010147,taxid_33968_Leuconostoc_pseudomesenteroides,1.0,0.7521140575408936,0.8760570287704468
NC_010147,taxid_1358_Lactococcus_lactis,0.9970144033432008,0.7559040188789368,0.8764592111110687
NC_010147,taxid_185300_Paludibacter_propionicigenes,0.9999997615814208,0.7989056706428528,0.8994527161121368
NC_010147,taxid_147709_Carnobacterium_inhibens,0.999630093574524,0.7762171030044556,0.8879235982894897
NC_010147,taxid_165096_Weissella_koreensis,0.999051868915558,0.7972674369812012,0.8981596529483795
NC_010147,GENERO_Lacrimispora_94868,0.9999902248382568,0.7892714142799377,0.8946308195590973
NC_010147,GENERO_Lactococcus_1358,1.0,0.7526871562004089,0.8763435781002045
NC_010147,taxid_293371_Lactobacillus_oligofermentans,1.0,0.7790836691856384,0.8895418345928192
NC_010147,taxid_1397_Bacillus_circulans,0.9999949932098388,0.8075355887413025,0.9037652909755707
NC_010147,taxid_1129792_Weissella_oryzae,0.9999997615814208,0.7514957785606384,0.8757477700710297
NC_010147,taxid_1297750_Bacteroides_luti,0.9999985694885254,0.803412139415741,0.9017053544521332
NC_021312,taxid_1245_Leuconostoc_mesenteroides,0.9995591044425964,0.7159563899040222,0.8577577471733093
NC_021312,taxid_1737571_Bacillus_oryzisoli,0.9999666213989258,0.7710278630256653,0.8854972422122955
NC_021312,taxid_33968_Leuconostoc_pseudomesenteroides,0.9926119446754456,0.7375343441963196,0.8650731444358826
NC_021312,taxid_185300_Paludibacter_propionicigenes,0.9999966621398926,0.7602401971817017,0.8801184296607971
NC_021312,GENERO_Lacrimispora_94868,0.9999871253967284,0.789905846118927,0.8949464857578278
NC_021312,taxid_1297750_Bacteroides_luti,0.99998939037323,0.7122129201889038,0.8561011552810669
NC_025424,taxid_1245_Leuconostoc_mesenteroides,0.9999616146087646,0.8214525580406189,0.9107070863246918
NC_025424,taxid_1737571_Bacillus_oryzisoli,0.9999866485595704,0.8612184524536133,0.9306025505065918
NC_025424,taxid_33968_Leuconostoc_pseudomesenteroides,0.9968944787979126,0.8415530920028687,0.9192237854003906
NC_025424,taxid_28038_Lactobacillus_curvatus,0.9992294311523438,0.7537078857421875,0.8764686584472656
NC_025424,taxid_1358_Lactococcus_lactis,0.992643415927887,0.7613770961761475,0.8770102560520172
NC_025424,taxid_185300_Paludibacter_propionicigenes,1.0,0.8565807342529297,0.9282903671264648
NC_025424,taxid_147709_Carnobacterium_inhibens,0.9998903274536132,0.7709080576896667,0.88539919257164
NC_025424,GENERO_Lacrimispora_94868,0.9999996423721312,0.8719388246536255,0.9359692335128784
NC_025424,GENERO_Lactococcus_1358,0.9999998807907104,0.8083503246307373,0.9041751027107239
NC_025424,taxid_293371_Lactobacillus_oligofermentans,0.9999456405639648,0.8055399060249329,0.9027427732944489
NC_025424,taxid_879969_Macellibacteroides_fermentans,0.9999982118606568,0.7663096785545349,0.8831539452075958
NC_025424,taxid_1397_Bacillus_circulans,0.9999997615814208,0.8017661571502686,0.9008829593658447
NC_025424,taxid_1129792_Weissella_oryzae,0.890134871006012,0.8285117149353027,0.8593232929706573
NC_025424,taxid_642589_Caproiciproducens_galactitolivorans,0.9996572732925416,0.7277518510818481,0.8637045621871948
NC_025424,taxid_1297750_Bacteroides_luti,0.9999998807907104,0.8248791694641113,0.9124395251274109
NC_007054,taxid_1245_Leuconostoc_mesenteroides,0.9654395580291748,0.7876293659210205,0.8765344619750977
NC_007054,taxid_2751_Carnobacterium_maltaromaticum,0.9995817542076112,0.7715554237365723,0.8855685889720917
NC_007054,taxid_1737571_Bacillus_oryzisoli,0.9999964237213136,0.862978458404541,0.9314874410629272
NC_007054,taxid_1358_Lactococcus_lactis,0.9988929629325868,0.7926493287086487,0.8957711458206177
NC_007054,taxid_185300_Paludibacter_propionicigenes,0.9999949932098388,0.8337897062301636,0.9168923497200012
NC_007054,taxid_147709_Carnobacterium_inhibens,0.9999997615814208,0.8107580542564392,0.90537890791893
NC_007054,GENERO_Lacrimispora_94868,0.9999971389770508,0.8254759311676025,0.9127365350723267
NC_007054,GENERO_Lactococcus_1358,0.9999980926513672,0.7887068390846252,0.8943524658679962
NC_007054,taxid_293371_Lactobacillus_oligofermentans,0.999113142490387,0.8122819662094116,0.9056975543498993
NC_007054,taxid_1397_Bacillus_circulans,1.0,0.8428882956504822,0.9214441478252411
NC_007054,taxid_1297750_Bacteroides_luti,1.0,0.8368483185768127,0.9184241592884064
NC_011104,taxid_1590_Lactiplantibacillus_plantarum,0.9999995231628418,0.7161891460418701,0.858094334602356
NC_011104,taxid_1737571_Bacillus_oryzisoli,0.9999969005584716,0.730137050151825,0.8650669753551483
NC_011104,taxid_33968_Leuconostoc_pseudomesenteroides,1.0,0.7275223135948181,0.8637611567974091
NC_011104,taxid_185300_Paludibacter_propionicigenes,1.0,0.7236770391464233,0.8618385195732117
NC_011104,GENERO_Lacrimispora_94868,0.9999996423721312,0.7711249589920044,0.8855623006820679
NC_011398,taxid_1245_Leuconostoc_mesenteroides,1.0,0.7661808729171753,0.8830904364585876
NC_011398,taxid_2751_Carnobacterium_maltaromaticum,1.0,0.763083815574646,0.881541907787323
NC_011398,taxid_1737571_Bacillus_oryzisoli,1.0,0.8551403880119324,0.9275701940059662
NC_011398,taxid_33968_Leuconostoc_pseudomesenteroides,0.9999997615814208,0.768112301826477,0.884056031703949
NC_011398,taxid_1358_Lactococcus_lactis,1.0,0.7813313603401184,0.8906656801700592
NC_011398,taxid_185300_Paludibacter_propionicigenes,1.0,0.820982038974762,0.910491019487381
NC_011398,taxid_147709_Carnobacterium_inhibens,1.0,0.8040921688079834,0.9020460844039917
NC_011398,taxid_165096_Weissella_koreensis,0.9999961853027344,0.8193171620368958,0.9096566736698151
NC_011398,GENERO_Lacrimispora_94868,1.0,0.8109096884727478,0.9054548442363739
NC_011398,GENERO_Lactococcus_1358,1.0,0.7701639533042908,0.8850819766521454
NC_011398,taxid_293371_Lactobacillus_oligofermentans,1.0,0.8016124367713928,0.9008062183856964
NC_011398,taxid_1397_Bacillus_circulans,1.0,0.8420761227607727,0.9210380613803864
NC_011398,taxid_1129792_Weissella_oryzae,0.999997854232788,0.7680357694625854,0.8840168118476868
NC_011398,taxid_1297750_Bacteroides_luti,1.0,0.8267571330070496,0.9133785665035248
NC_023741,taxid_667306_Aciditerrimonas_ferrireducens,1.0,0.7002984285354614,0.8501492142677307
NC_025465,taxid_33964_Leuconostoc_citreum,0.9999958276748656,0.742953896522522,0.8714748620986938
NC_025465,taxid_1590_Lactiplantibacillus_plantarum,0.999992847442627,0.723250150680542,0.8616214990615845
NC_025465,taxid_1245_Leuconostoc_mesenteroides,1.0,0.841046929359436,0.920523464679718
NC_025465,taxid_2751_Carnobacterium_maltaromaticum,0.9999992847442628,0.7884350419044495,0.8942171633243561
NC_025465,taxid_1737571_Bacillus_oryzisoli,1.0,0.887625515460968,0.943812757730484
NC_025465,taxid_33968_Leuconostoc_pseudomesenteroides,1.0,0.8501344919204712,0.9250672459602356
NC_025465,taxid_28038_Lactobacillus_curvatus,1.0,0.7455899715423584,0.8727949857711792
NC_025465,taxid_1358_Lactococcus_lactis,1.0,0.8169724941253662,0.9084862470626831
NC_025465,taxid_185300_Paludibacter_propionicigenes,1.0,0.8723760843276978,0.9361880421638489
NC_025465,taxid_147709_Carnobacterium_inhibens,1.0,0.8285858631134033,0.9142929315567017
NC_025465,taxid_165096_Weissella_koreensis,0.9999690055847168,0.8636568188667297,0.9318129122257233
NC_025465,GENERO_Lacrimispora_94868,1.0,0.8741706609725952,0.9370853304862976
NC_025465,GENERO_Lactococcus_1358,1.0,0.8356610536575317,0.9178305268287659
NC_025465,taxid_293371_Lactobacillus_oligofermentans,1.0,0.8469904661178589,0.9234952330589294
NC_025465,taxid_879969_Macellibacteroides_fermentans,1.0,0.75593501329422,0.87796750664711
NC_025465,taxid_1397_Bacillus_circulans,1.0,0.8547865748405457,0.9273932874202728
NC_025465,taxid_1129792_Weissella_oryzae,0.9999994039535522,0.8456571102142334,0.9228282570838928
NC_025465,taxid_1610_Lactobacillus_coryniformis,0.9999971389770508,0.748832106590271,0.8744146227836609
NC_025465,taxid_1297750_Bacteroides_luti,1.0,0.8584935069084167,0.9292467534542084
NC_031087,taxid_2479367_Buttiauxella_sp_3AFRM03,0.9999990463256836,0.7634257674217224,0.881712406873703
NC_005282,taxid_2479367_Buttiauxella_sp_3AFRM03,0.9999979734420776,0.7821401357650757,0.8910690546035767
NC_005282,taxid_1590_Lactiplantibacillus_plantarum,1.0,0.7244027256965637,0.8622013628482819
NC_005282,taxid_1245_Leuconostoc_mesenteroides,1.0,0.7681864500045776,0.8840932250022888
NC_005282,taxid_1737571_Bacillus_oryzisoli,0.9999961853027344,0.8222312331199646,0.9111137092113495
NC_005282,taxid_33968_Leuconostoc_pseudomesenteroides,1.0,0.803117036819458,0.901558518409729
NC_005282,taxid_28038_Lactobacillus_curvatus,1.0,0.7014607787132263,0.8507303893566132
NC_005282,taxid_185300_Paludibacter_propionicigenes,0.9999998807907104,0.818267285823822,0.9091335833072662
NC_005282,taxid_165096_Weissella_koreensis,0.9496783018112184,0.7717003226280212,0.8606893122196198
NC_005282,GENERO_Lacrimispora_94868,0.9999991655349731,0.8455390334129333,0.9227690994739532
NC_005282,GENERO_Lactococcus_1358,1.0,0.7449179887771606,0.8724589943885803
NC_005282,taxid_293371_Lactobacillus_oligofermentans,0.9999996423721312,0.7389277815818787,0.869463711977005
NC_005282,taxid_879969_Macellibacteroides_fermentans,0.9999898672103882,0.7258086204528809,0.8628992438316345
NC_005282,taxid_1397_Bacillus_circulans,0.99989116191864,0.7262095212936401,0.8630503416061401
NC_005282,taxid_1129792_Weissella_oryzae,1.0,0.7801693081855774,0.8900846540927887
NC_005282,taxid_1610_Lactobacillus_coryniformis,1.0,0.726503312587738,0.863251656293869
NC_005282,taxid_1297750_Bacteroides_luti,0.9999374151229858,0.7708436250686646,0.8853905200958252
NC_000871,taxid_2479367_Buttiauxella_sp_3AFRM03,0.9979006052017212,0.7405713796615601,0.8692359924316406
NC_000871,taxid_33964_Leuconostoc_citreum,0.9999998807907104,0.7539238929748535,0.876961886882782
NC_000871,taxid_1590_Lactiplantibacillus_plantarum,1.0,0.733479917049408,0.866739958524704
NC_000871,taxid_1245_Leuconostoc_mesenteroides,1.0,0.8501607775688171,0.9250803887844086
NC_000871,taxid_1737571_Bacillus_oryzisoli,0.9999376535415648,0.9023664593696594,0.9511520564556122
NC_000871,taxid_33968_Leuconostoc_pseudomesenteroides,1.0,0.8610319495201111,0.9305159747600555
NC_000871,taxid_28038_Lactobacillus_curvatus,0.9999998807907104,0.7548078298568726,0.8774038553237915
NC_000871,taxid_1358_Lactococcus_lactis,0.9587993025779724,0.8288763761520386,0.8938378393650055
NC_000871,taxid_185300_Paludibacter_propionicigenes,0.9999996423721312,0.884033203125,0.9420164227485657
NC_000871,taxid_147709_Carnobacterium_inhibens,0.9712149500846864,0.8402870297431946,0.9057509899139404
NC_000871,taxid_165096_Weissella_koreensis,0.9950355291366576,0.8740537166595459,0.9345446228981018
NC_000871,GENERO_Lacrimispora_94868,0.9999927282333374,0.8797392845153809,0.9398660063743591
NC_000871,GENERO_Lactococcus_1358,1.0,0.8488706946372986,0.9244353473186493
NC_000871,taxid_293371_Lactobacillus_oligofermentans,0.9999997615814208,0.8587815165519714,0.9293906390666962
NC_000871,taxid_879969_Macellibacteroides_fermentans,0.999993085861206,0.7680907845497131,0.8840419352054596
NC_000871,taxid_1397_Bacillus_circulans,0.9998737573623656,0.8681731820106506,0.9340234696865082
NC_000871,taxid_1129792_Weissella_oryzae,0.9999998807907104,0.8561515808105469,0.9280757308006287
NC_000871,taxid_1610_Lactobacillus_coryniformis,0.9999998807907104,0.7491388916969299,0.8745693862438202
NC_000871,taxid_1297750_Bacteroides_luti,0.9999810457229614,0.8795078992843628,0.9397444725036621
NC_005822,taxid_1245_Leuconostoc_mesenteroides,1.0,0.8027408123016357,0.9013704061508179
NC_005822,taxid_2751_Carnobacterium_maltaromaticum,1.0,0.7616766691207886,0.8808383345603943
NC_005822,taxid_1737571_Bacillus_oryzisoli,1.0,0.8702201247215271,0.9351100623607635
NC_005822,taxid_33968_Leuconostoc_pseudomesenteroides,1.0,0.81517493724823,0.907587468624115
NC_005822,taxid_1358_Lactococcus_lactis,1.0,0.7895753383636475,0.8947876691818237
NC_005822,taxid_185300_Paludibacter_propionicigenes,1.0,0.8467121720314026,0.9233560860157013
NC_005822,taxid_147709_Carnobacterium_inhibens,1.0,0.8030926585197449,0.9015463292598724
NC_005822,taxid_165096_Weissella_koreensis,0.9999997615814208,0.8348477482795715,0.9174237549304962
NC_005822,GENERO_Lacrimispora_94868,1.0,0.8415054082870483,0.9207527041435242
NC_005822,GENERO_Lactococcus_1358,1.0,0.8023282885551453,0.9011641442775726
NC_005822,taxid_293371_Lactobacillus_oligofermentans,1.0,0.8170452117919922,0.9085226058959961
NC_005822,taxid_1397_Bacillus_circulans,1.0,0.8304455876350403,0.9152227938175201
NC_005822,taxid_1129792_Weissella_oryzae,1.0,0.8091067671775818,0.9045533835887909
NC_005822,taxid_1297750_Bacteroides_luti,1.0,0.841275155544281,0.9206375777721405
NC_028697,taxid_33964_Leuconostoc_citreum,1.0,0.7464258074760437,0.8732129037380219
NC_028697,taxid_1590_Lactiplantibacillus_plantarum,0.9999998807907104,0.7274125814437866,0.8637062311172485
NC_028697,taxid_1245_Leuconostoc_mesenteroides,1.0,0.8383916616439819,0.919195830821991
NC_028697,taxid_2751_Carnobacterium_maltaromaticum,1.0,0.7716007232666016,0.8858003616333008
NC_028697,taxid_1737571_Bacillus_oryzisoli,1.0,0.8891035318374634,0.9445517659187317
NC_028697,taxid_33968_Leuconostoc_pseudomesenteroides,1.0,0.8519874811172485,0.9259937405586243
NC_028697,taxid_28038_Lactobacillus_curvatus,1.0,0.7466293573379517,0.8733146786689758
NC_028697,taxid_1358_Lactococcus_lactis,1.0,0.8012417554855347,0.9006208777427673
NC_028697,taxid_185300_Paludibacter_propionicigenes,1.0,0.8738727569580078,0.9369363784790039
NC_028697,taxid_147709_Carnobacterium_inhibens,1.0,0.8111016750335693,0.9055508375167847
NC_028697,taxid_165096_Weissella_koreensis,1.0,0.8579584360122681,0.928979218006134
NC_028697,GENERO_Lacrimispora_94868,1.0,0.8705306053161621,0.935265302658081
NC_028697,GENERO_Lactococcus_1358,1.0,0.8353757858276367,0.9176878929138184
NC_028697,taxid_293371_Lactobacillus_oligofermentans,1.0,0.8392345905303955,0.9196172952651978
NC_028697,taxid_879969_Macellibacteroides_fermentans,1.0,0.7598690390586853,0.8799345195293427
NC_028697,taxid_1397_Bacillus_circulans,1.0,0.8415086269378662,0.9207543134689331
NC_028697,taxid_1129792_Weissella_oryzae,1.0,0.8442527651786804,0.9221263825893402
NC_028697,taxid_1610_Lactobacillus_coryniformis,1.0,0.7414636015892029,0.8707318007946014
NC_028697,taxid_1297750_Bacteroides_luti,1.0,0.8615328073501587,0.9307664036750793
NC_028983,taxid_2479367_Buttiauxella_sp_3AFRM03,0.9999998807907104,0.7557423114776611,0.8778710961341858
NC_028983,taxid_1245_Leuconostoc_mesenteroides,1.0,0.7032492756843567,0.8516246378421783
NC_028983,taxid_1737571_Bacillus_oryzisoli,1.0,0.7557769417762756,0.8778884708881378
NC_028983,taxid_33968_Leuconostoc_pseudomesenteroides,1.0,0.7477670907974243,0.8738835453987122
NC_028983,taxid_185300_Paludibacter_propionicigenes,1.0,0.7547985315322876,0.8773992657661438
NC_028983,GENERO_Lacrimispora_94868,1.0,0.7989990711212158,0.8994995355606079
NC_028983,taxid_1129792_Weissella_oryzae,1.0,0.716732919216156,0.858366459608078
NC_002666,taxid_1245_Leuconostoc_mesenteroides,1.0,0.7961439490318298,0.8980719745159149
NC_002666,taxid_2751_Carnobacterium_maltaromaticum,1.0,0.7361218929290771,0.8680609464645386
NC_002666,taxid_1737571_Bacillus_oryzisoli,1.0,0.8547235131263733,0.9273617565631866
NC_002666,taxid_33968_Leuconostoc_pseudomesenteroides,1.0,0.8034825921058655,0.9017412960529327
NC_002666,taxid_1358_Lactococcus_lactis,1.0,0.771524965763092,0.885762482881546
NC_002666,taxid_185300_Paludibacter_propionicigenes,1.0,0.835789680480957,0.9178948402404785
NC_002666,taxid_147709_Carnobacterium_inhibens,1.0,0.7842061519622803,0.8921030759811401
NC_002666,taxid_165096_Weissella_koreensis,1.0,0.8241047263145447,0.9120523631572723
NC_002666,GENERO_Lacrimispora_94868,1.0,0.8303673267364502,0.9151836633682251
NC_002666,GENERO_Lactococcus_1358,1.0,0.7939605712890625,0.8969802856445312
NC_002666,taxid_293371_Lactobacillus_oligofermentans,1.0,0.8049331307411194,0.9024665653705597
NC_002666,taxid_1397_Bacillus_circulans,1.0,0.8110862970352173,0.9055431485176086
NC_002666,taxid_1129792_Weissella_oryzae,1.0,0.7983419299125671,0.8991709649562836
NC_002666,taxid_1297750_Bacteroides_luti,1.0,0.8185815811157227,0.9092907905578613
NC_031026,taxid_1590_Lactiplantibacillus_plantarum,0.9986311793327332,0.7299191951751709,0.864275187253952
NC_031026,taxid_33968_Leuconostoc_pseudomesenteroides,0.9999403953552246,0.7324446439743042,0.8661925196647644
NC_002072,taxid_2479367_Buttiauxella_sp_3AFRM03,0.962106466293335,0.7628649473190308,0.8624857068061829
NC_002072,taxid_33964_Leuconostoc_citreum,0.9999997615814208,0.7478955388069153,0.8739476501941681
NC_002072,taxid_1590_Lactiplantibacillus_plantarum,0.9999996423721312,0.7348982691764832,0.8674489557743073
NC_002072,taxid_1245_Leuconostoc_mesenteroides,1.0,0.8360855579376221,0.918042778968811
NC_002072,taxid_2751_Carnobacterium_maltaromaticum,0.998354434967041,0.7394076585769653,0.8688810467720032
NC_002072,taxid_1737571_Bacillus_oryzisoli,0.9999998807907104,0.8793467879295349,0.9396733343601227
NC_002072,taxid_33968_Leuconostoc_pseudomesenteroides,1.0,0.8520352840423584,0.9260176420211792
NC_002072,taxid_28038_Lactobacillus_curvatus,1.0,0.749805748462677,0.8749028742313385
NC_002072,taxid_1358_Lactococcus_lactis,0.999976396560669,0.7764326930046082,0.8882045447826385
NC_002072,taxid_185300_Paludibacter_propionicigenes,1.0,0.8717001676559448,0.9358500838279724
NC_002072,taxid_147709_Carnobacterium_inhibens,0.9999954700469972,0.7869139909744263,0.8934547305107117
NC_002072,taxid_165096_Weissella_koreensis,0.9999436140060424,0.846871554851532,0.9234075844287872
NC_002072,GENERO_Lacrimispora_94868,0.9999997615814208,0.8707426190376282,0.9353711903095245
NC_002072,GENERO_Lactococcus_1358,1.0,0.8256278038024902,0.9128139019012451
NC_002072,taxid_293371_Lactobacillus_oligofermentans,1.0,0.8233546614646912,0.9116773307323456
NC_002072,taxid_879969_Macellibacteroides_fermentans,0.9999995231628418,0.7633937001228333,0.8816966116428375
NC_002072,taxid_1397_Bacillus_circulans,0.9999998807907104,0.8213129639625549,0.9106564223766327
NC_002072,taxid_1129792_Weissella_oryzae,0.9999998807907104,0.8416818380355835,0.920840859413147
NC_002072,taxid_1610_Lactobacillus_coryniformis,0.9999995231628418,0.7470786571502686,0.8735390901565552
NC_002072,taxid_642589_Caproiciproducens_galactitolivorans,0.9999819993972778,0.7033425569534302,0.851662278175354
NC_002072,taxid_1297750_Bacteroides_luti,0.9999998807907104,0.8472220301628113,0.9236109554767609
NC_009819,taxid_33964_Leuconostoc_citreum,0.999699592590332,0.7574979066848755,0.8785987496376038
NC_009819,taxid_1590_Lactiplantibacillus_plantarum,0.9963628649711608,0.7283852100372314,0.8623740375041962
NC_009819,taxid_1245_Leuconostoc_mesenteroides,1.0,0.8360138535499573,0.9180069267749786
NC_009819,taxid_2751_Carnobacterium_maltaromaticum,0.9990671277046204,0.7540650963783264,0.8765661120414734
NC_009819,taxid_1737571_Bacillus_oryzisoli,0.9999998807907104,0.8759042620658875,0.937952071428299
NC_009819,taxid_33968_Leuconostoc_pseudomesenteroides,0.9999949932098388,0.8509440422058105,0.9254695177078247
NC_009819,taxid_28038_Lactobacillus_curvatus,0.9999970197677612,0.7551820874214172,0.8775895535945892
NC_009819,taxid_1358_Lactococcus_lactis,0.9999123811721802,0.7891669273376465,0.8945396542549133
NC_009819,taxid_185300_Paludibacter_propionicigenes,1.0,0.8685191869735718,0.9342595934867859
NC_009819,taxid_147709_Carnobacterium_inhibens,0.9999997615814208,0.797315239906311,0.898657500743866
NC_009819,taxid_165096_Weissella_koreensis,0.9705188870429992,0.8461188673973083,0.9083188772201538
NC_009819,GENERO_Lacrimispora_94868,1.0,0.8689690232276917,0.9344845116138458
NC_009819,GENERO_Lactococcus_1358,1.0,0.8268595337867737,0.9134297668933868
NC_009819,taxid_293371_Lactobacillus_oligofermentans,0.9999998807907104,0.8260608315467834,0.913030356168747
NC_009819,taxid_879969_Macellibacteroides_fermentans,1.0,0.7623277902603149,0.8811638951301575
NC_009819,taxid_1397_Bacillus_circulans,1.0,0.8247189521789551,0.9123594760894775
NC_009819,taxid_1129792_Weissella_oryzae,0.9997711777687072,0.8425890803337097,0.9211801290512085
NC_009819,taxid_1610_Lactobacillus_coryniformis,0.9992951154708862,0.7472970485687256,0.8732960820198059
NC_009819,taxid_1297750_Bacteroides_luti,1.0,0.8420432209968567,0.9210216104984283
NC_004821,taxid_1245_Leuconostoc_mesenteroides,0.9999997615814208,0.7774859666824341,0.8887428641319275
NC_004821,taxid_2751_Carnobacterium_maltaromaticum,1.0,0.7279466986656189,0.8639733493328094
NC_004821,taxid_1737571_Bacillus_oryzisoli,1.0,0.8410900235176086,0.9205450117588043
NC_004821,taxid_33968_Leuconostoc_pseudomesenteroides,0.9999303817749025,0.7786425352096558,0.889286458492279
NC_004821,taxid_1358_Lactococcus_lactis,1.0,0.7659522294998169,0.8829761147499084
NC_004821,taxid_185300_Paludibacter_propionicigenes,1.0,0.8158450126647949,0.9079225063323975
NC_004821,taxid_147709_Carnobacterium_inhibens,1.0,0.778203010559082,0.889101505279541
NC_004821,taxid_165096_Weissella_koreensis,0.9998077750205994,0.8123816847801208,0.9060947299003601
NC_004821,GENERO_Lacrimispora_94868,1.0,0.8059130311012268,0.9029565155506134
NC_004821,GENERO_Lactococcus_1358,1.0,0.7753735780715942,0.8876867890357971
NC_004821,taxid_293371_Lactobacillus_oligofermentans,1.0,0.7937141060829163,0.8968570530414581
NC_004821,taxid_1397_Bacillus_circulans,1.0,0.8086282014846802,0.9043141007423401
NC_004821,taxid_1129792_Weissella_oryzae,0.9992881417274476,0.7774727940559387,0.8883804678916931
NC_004821,taxid_1297750_Bacteroides_luti,1.0,0.8063751459121704,0.9031875729560852
NC_030934,taxid_2479367_Buttiauxella_sp_3AFRM03,0.9999983310699464,0.7691226005554199,0.8845604658126831
NC_023499,taxid_1245_Leuconostoc_mesenteroides,1.0,0.7492120265960693,0.8746060132980347
NC_023499,taxid_2751_Carnobacterium_maltaromaticum,1.0,0.7387524843215942,0.8693762421607971
NC_023499,taxid_1737571_Bacillus_oryzisoli,1.0,0.8397575616836548,0.9198787808418274
NC_023499,taxid_33968_Leuconostoc_pseudomesenteroides,0.999998927116394,0.7517076134681702,0.8758532702922821
NC_023499,taxid_1358_Lactococcus_lactis,1.0,0.7628920078277588,0.8814460039138794
NC_023499,taxid_185300_Paludibacter_propionicigenes,1.0,0.8039799928665161,0.9019899964332581
NC_023499,taxid_147709_Carnobacterium_inhibens,1.0,0.7842233180999756,0.8921116590499878
NC_023499,taxid_165096_Weissella_koreensis,0.9999923706054688,0.8025248050689697,0.9012585878372192
NC_023499,GENERO_Lacrimispora_94868,1.0,0.7957488298416138,0.8978744149208069
NC_023499,GENERO_Lactococcus_1358,1.0,0.7525072693824768,0.8762536346912384
NC_023499,taxid_293371_Lactobacillus_oligofermentans,1.0,0.7830361127853394,0.8915180563926697
NC_023499,taxid_1397_Bacillus_circulans,1.0,0.8203879594802856,0.9101939797401428
NC_023499,taxid_1129792_Weissella_oryzae,0.9999821186065674,0.7519075274467468,0.8759448230266571
NC_023499,taxid_1297750_Bacteroides_luti,1.0,0.8096455335617065,0.9048227667808533
NC_028841,taxid_1245_Leuconostoc_mesenteroides,1.0,0.7412465214729309,0.8706232607364655
NC_028841,taxid_1737571_Bacillus_oryzisoli,1.0,0.7912410497665405,0.8956205248832703
NC_028841,taxid_33968_Leuconostoc_pseudomesenteroides,1.0,0.7781063318252563,0.8890531659126282
NC_028841,taxid_185300_Paludibacter_propionicigenes,1.0,0.7867130041122437,0.8933565020561218
NC_028841,taxid_165096_Weissella_koreensis,0.9999996423721312,0.741645097732544,0.8708223700523376
NC_028841,GENERO_Lacrimispora_94868,0.9999998807907104,0.8147450089454651,0.9073724448680878
NC_028841,GENERO_Lactococcus_1358,1.0,0.7121133804321289,0.8560566902160645
NC_028841,taxid_293371_Lactobacillus_oligofermentans,1.0,0.7048011422157288,0.8524005711078644
NC_028841,taxid_1129792_Weissella_oryzae,1.0,0.7528395056724548,0.8764197528362274
NC_028841,taxid_1610_Lactobacillus_coryniformis,0.9999991655349731,0.7012825608253479,0.8506408631801605
NC_028841,taxid_1297750_Bacteroides_luti,1.0,0.7170820832252502,0.8585410416126251
NC_020481,taxid_1245_Leuconostoc_mesenteroides,0.9964132905006408,0.7858218550682068,0.8911175727844238
NC_020481,taxid_2751_Carnobacterium_maltaromaticum,0.9999966621398926,0.7623311281204224,0.8811638951301575
NC_020481,taxid_1737571_Bacillus_oryzisoli,0.9999951124191284,0.8512861728668213,0.9256406426429749
NC_020481,taxid_1358_Lactococcus_lactis,0.99989914894104,0.7880330085754395,0.8939660787582397
NC_020481,taxid_185300_Paludibacter_propionicigenes,0.9999998807907104,0.8237026929855347,0.9118512868881226
NC_020481,taxid_147709_Carnobacterium_inhibens,1.0,0.8064436912536621,0.903221845626831
NC_020481,GENERO_Lacrimispora_94868,0.9999996423721312,0.8057248592376709,0.9028622508049011
NC_020481,GENERO_Lactococcus_1358,0.999995231628418,0.7865208387374878,0.8932580351829529
NC_020481,taxid_293371_Lactobacillus_oligofermentans,0.9999206066131592,0.8100688457489014,0.9049947261810303
NC_020481,taxid_1397_Bacillus_circulans,1.0,0.8377062678337097,0.9188531339168549
NC_020481,taxid_1297750_Bacteroides_luti,1.0,0.8288524746894836,0.9144262373447418
NC_031013,taxid_1245_Leuconostoc_mesenteroides,0.9999997615814208,0.8066266775131226,0.9033132195472717
NC_031013,taxid_1737571_Bacillus_oryzisoli,0.966130554676056,0.8619158267974854,0.9140231907367706
NC_031013,taxid_33968_Leuconostoc_pseudomesenteroides,0.9999997615814208,0.8150942921638489,0.9075470268726349
NC_031013,taxid_185300_Paludibacter_propionicigenes,0.999988317489624,0.8444783687591553,0.9222333431243896
NC_031013,GENERO_Lacrimispora_94868,0.9991617202758788,0.8385601043701172,0.918860912322998
NC_031013,GENERO_Lactococcus_1358,0.9999986886978148,0.8038739562034607,0.9019363224506378
NC_031013,taxid_293371_Lactobacillus_oligofermentans,0.999977707862854,0.8112508654594421,0.9056142866611481
NC_031013,taxid_1397_Bacillus_circulans,0.9959975481033324,0.8125048279762268,0.9042511880397797
NC_031013,taxid_1129792_Weissella_oryzae,0.9999171495437622,0.8104459047317505,0.9051815271377563
NC_031013,taxid_1297750_Bacteroides_luti,0.999362289905548,0.8269026279449463,0.9131324589252472
NC_025422,taxid_2479367_Buttiauxella_sp_3AFRM03,1.0,0.7810881733894348,0.8905440866947174
NC_025422,taxid_82977_Buttiauxella_agrestis,1.0,0.706569254398346,0.853284627199173
NC_025422,GENERO_Lacrimispora_94868,0.9986088871955872,0.7494665384292603,0.8740377128124237
NC_025461,taxid_2479367_Buttiauxella_sp_3AFRM03,0.999996781349182,0.7494151592254639,0.874705970287323
MH576968,taxid_2479367_Buttiauxella_sp_3AFRM03,0.9984825253486632,0.7145487666130066,0.856515645980835
NC_023599,taxid_1245_Leuconostoc_mesenteroides,1.0,0.7994509339332581,0.899725466966629
NC_023599,taxid_2751_Carnobacterium_maltaromaticum,1.0,0.7729046940803528,0.8864523470401764
NC_023599,taxid_1737571_Bacillus_oryzisoli,1.0,0.8724285364151001,0.93621426820755
NC_023599,taxid_33968_Leuconostoc_pseudomesenteroides,1.0,0.8115512728691101,0.905775636434555
NC_023599,taxid_1358_Lactococcus_lactis,1.0,0.7952221632003784,0.8976110816001892
NC_023599,taxid_185300_Paludibacter_propionicigenes,1.0,0.845869243144989,0.9229346215724945
NC_023599,taxid_147709_Carnobacterium_inhibens,1.0,0.8122986555099487,0.9061493277549744
NC_023599,taxid_165096_Weissella_koreensis,1.0,0.8374014496803284,0.9187007248401642
NC_023599,GENERO_Lacrimispora_94868,1.0,0.8396792411804199,0.91983962059021
NC_023599,GENERO_Lactococcus_1358,1.0,0.7988662719726562,0.8994331359863281
NC_023599,taxid_293371_Lactobacillus_oligofermentans,1.0,0.8188579678535461,0.9094289839267731
NC_023599,taxid_1397_Bacillus_circulans,1.0,0.8450976014137268,0.9225488007068634
NC_023599,taxid_1129792_Weissella_oryzae,1.0,0.8068107962608337,0.9034053981304169
NC_023599,taxid_1297750_Bacteroides_luti,1.0,0.8467645645141602,0.9233822822570801
NC_011222,taxid_1245_Leuconostoc_mesenteroides,1.0,0.7911989092826843,0.8955994546413422
NC_011222,taxid_2751_Carnobacterium_maltaromaticum,1.0,0.730423092842102,0.865211546421051
NC_011222,taxid_1737571_Bacillus_oryzisoli,1.0,0.8611931800842285,0.9305965900421143
NC_011222,taxid_33968_Leuconostoc_pseudomesenteroides,0.9999997615814208,0.805931806564331,0.902965784072876
NC_011222,taxid_1358_Lactococcus_lactis,1.0,0.7653963565826416,0.8826981782913208
NC_011222,taxid_185300_Paludibacter_propionicigenes,1.0,0.838340163230896,0.919170081615448
NC_011222,taxid_147709_Carnobacterium_inhibens,1.0,0.7790313959121704,0.8895156979560852
NC_011222,taxid_165096_Weissella_koreensis,0.9999957084655762,0.8242104053497314,0.9121030569076538
NC_011222,GENERO_Lacrimispora_94868,1.0,0.8334094882011414,0.9167047441005707
NC_011222,GENERO_Lactococcus_1358,1.0,0.789888858795166,0.894944429397583
NC_011222,taxid_293371_Lactobacillus_oligofermentans,1.0,0.801044762134552,0.900522381067276
NC_011222,taxid_1397_Bacillus_circulans,1.0,0.8117411732673645,0.9058705866336823
NC_011222,taxid_1129792_Weissella_oryzae,0.999997854232788,0.799082338809967,0.8995400965213776
NC_011222,taxid_1297750_Bacteroides_luti,1.0,0.8263135552406311,0.9131567776203156
NC_015938,taxid_2479367_Buttiauxella_sp_3AFRM03,0.9999972581863404,0.7269129753112793,0.8634551167488098
NC_019507,taxid_1245_Leuconostoc_mesenteroides,0.9998372793197632,0.7975968718528748,0.898717075586319
NC_019507,taxid_2751_Carnobacterium_maltaromaticum,0.999242663383484,0.7574527859687805,0.8783477246761322
NC_019507,taxid_1737571_Bacillus_oryzisoli,0.9999997615814208,0.8591387867927551,0.929569274187088
NC_019507,taxid_33968_Leuconostoc_pseudomesenteroides,0.9955963492393494,0.8038225173950195,0.8997094333171844
NC_019507,taxid_1358_Lactococcus_lactis,0.9999439716339112,0.7858022451400757,0.8928731083869934
NC_019507,taxid_185300_Paludibacter_propionicigenes,0.9999998807907104,0.8360731601715088,0.9180365204811096
NC_019507,taxid_147709_Carnobacterium_inhibens,0.9999995231628418,0.8032177090644836,0.9016086161136627
NC_019507,GENERO_Lacrimispora_94868,0.9999996423721312,0.8369940519332886,0.91849684715271
NC_019507,GENERO_Lactococcus_1358,1.0,0.7959954142570496,0.8979977071285248
NC_019507,taxid_293371_Lactobacillus_oligofermentans,0.999992847442627,0.8091175556182861,0.9045552015304565
NC_019507,taxid_1397_Bacillus_circulans,1.0,0.8344513773918152,0.9172256886959076
NC_019507,taxid_1129792_Weissella_oryzae,0.8992623686790466,0.8044718503952026,0.8518671095371246
NC_019507,taxid_1297750_Bacteroides_luti,1.0,0.8296997547149658,0.9148498773574829
NC_019505,taxid_2479367_Buttiauxella_sp_3AFRM03,0.9967567324638368,0.7847469449043274,0.890751838684082
NC_019505,taxid_1590_Lactiplantibacillus_plantarum,0.9999531507492064,0.7148991227149963,0.8574261367321014
NC_019505,taxid_33968_Leuconostoc_pseudomesenteroides,0.99962317943573,0.7048028111457825,0.8522129952907562
NC_020849,taxid_2479367_Buttiauxella_sp_3AFRM03,0.9987825751304626,0.8090463280677795,0.9039144515991211
NC_020849,taxid_33964_Leuconostoc_citreum,0.9999994039535522,0.7320492267608643,0.8660243153572083
NC_020849,taxid_1590_Lactiplantibacillus_plantarum,0.9999998807907104,0.7574031949043274,0.8787015378475189
NC_020849,taxid_1245_Leuconostoc_mesenteroides,1.0,0.8061360120773315,0.9030680060386658
NC_020849,taxid_1737571_Bacillus_oryzisoli,0.9999983310699464,0.8503211736679077,0.925159752368927
NC_020849,taxid_33968_Leuconostoc_pseudomesenteroides,1.0,0.83253413438797,0.916267067193985
NC_020849,taxid_28038_Lactobacillus_curvatus,1.0,0.7430182695388794,0.8715091347694397
NC_020849,taxid_1358_Lactococcus_lactis,0.9993346333503724,0.7206993699073792,0.8600170016288757
NC_020849,taxid_185300_Paludibacter_propionicigenes,0.9999997615814208,0.8470785617828369,0.9235391616821289
NC_020849,taxid_147709_Carnobacterium_inhibens,0.997767448425293,0.7330000400543213,0.8653837442398071
NC_020849,taxid_165096_Weissella_koreensis,0.9986855387687684,0.808901846408844,0.9037936925888062
NC_020849,GENERO_Lacrimispora_94868,0.9999977350234984,0.8712791800498962,0.9356384575366974
NC_020849,GENERO_Lactococcus_1358,1.0,0.786668062210083,0.8933340311050415
NC_020849,taxid_293371_Lactobacillus_oligofermentans,1.0,0.7822141051292419,0.891107052564621
NC_020849,taxid_879969_Macellibacteroides_fermentans,0.9999912977218628,0.7594234347343445,0.8797073662281036
NC_020849,taxid_1397_Bacillus_circulans,0.9999957084655762,0.7690106630325317,0.884503185749054
NC_020849,taxid_1129792_Weissella_oryzae,0.9999997615814208,0.8148621320724487,0.9074309468269348
NC_020849,taxid_1610_Lactobacillus_coryniformis,0.9999994039535522,0.7603163719177246,0.8801578879356384
NC_020849,taxid_642589_Caproiciproducens_galactitolivorans,0.9996052384376526,0.7244782447814941,0.8620417416095734
NC_020849,taxid_1297750_Bacteroides_luti,0.9999966621398926,0.8056243062019348,0.9028104841709137
NC_002670,taxid_1245_Leuconostoc_mesenteroides,1.0,0.7829568982124329,0.8914784491062164
NC_002670,taxid_2751_Carnobacterium_maltaromaticum,1.0,0.7673802375793457,0.8836901187896729
NC_002670,taxid_1737571_Bacillus_oryzisoli,1.0,0.8641554713249207,0.9320777356624603
NC_002670,taxid_33968_Leuconostoc_pseudomesenteroides,1.0,0.7929060459136963,0.8964530229568481
NC_002670,taxid_1358_Lactococcus_lactis,1.0,0.7850781083106995,0.8925390541553497
NC_002670,taxid_185300_Paludibacter_propionicigenes,1.0,0.8335798978805542,0.9167899489402771
NC_002670,taxid_147709_Carnobacterium_inhibens,1.0,0.8057286739349365,0.9028643369674683
NC_002670,taxid_165096_Weissella_koreensis,1.0,0.8266364932060242,0.9133182466030121
NC_002670,GENERO_Lacrimispora_94868,1.0,0.8252028822898865,0.9126014411449432
NC_002670,GENERO_Lactococcus_1358,1.0,0.7823659777641296,0.8911829888820648
NC_002670,taxid_293371_Lactobacillus_oligofermentans,1.0,0.8077489137649536,0.9038744568824768
NC_002670,taxid_1397_Bacillus_circulans,1.0,0.8418395519256592,0.9209197759628296
NC_002670,taxid_1129792_Weissella_oryzae,1.0,0.7876355051994324,0.8938177525997162
NC_002670,taxid_1297750_Bacteroides_luti,1.0,0.8362509608268738,0.9181254804134369
NC_019489,taxid_33964_Leuconostoc_citreum,0.9990059733390808,0.7154706120491028,0.8572382926940918
NC_019489,taxid_1590_Lactiplantibacillus_plantarum,0.9998563528060912,0.7533462047576904,0.8766012787818909
NC_019489,taxid_1245_Leuconostoc_mesenteroides,0.999998927116394,0.7860249280929565,0.8930119276046753
NC_019489,taxid_1737571_Bacillus_oryzisoli,0.9999985694885254,0.8296348452568054,0.9148167073726654
NC_019489,taxid_33968_Leuconostoc_pseudomesenteroides,0.9999974966049194,0.8164434432983398,0.9082204699516296
NC_019489,taxid_28038_Lactobacillus_curvatus,0.9999995231628418,0.730964183807373,0.8654818534851074
NC_019489,taxid_185300_Paludibacter_propionicigenes,0.9999988079071044,0.8259923458099365,0.9129955768585205
NC_019489,GENERO_Lacrimispora_94868,0.999996542930603,0.8482285737991333,0.9241125583648682
NC_019489,GENERO_Lactococcus_1358,1.0,0.7622126340866089,0.8811063170433044
NC_019489,taxid_293371_Lactobacillus_oligofermentans,0.9999990463256836,0.7568880319595337,0.8784435391426086
NC_019489,taxid_879969_Macellibacteroides_fermentans,0.9995236396789552,0.7517213821411133,0.8756225109100342
NC_019489,taxid_1397_Bacillus_circulans,0.9999982118606568,0.734406590461731,0.8672024011611938
NC_019489,taxid_1129792_Weissella_oryzae,0.9998749494552612,0.7960752844810486,0.8979751169681549
NC_019489,taxid_1610_Lactobacillus_coryniformis,0.9998167157173156,0.7554450035095215,0.8776308596134186
NC_019489,taxid_642589_Caproiciproducens_galactitolivorans,0.9885348677635192,0.7212459444999695,0.8548904061317444
NC_019489,taxid_1297750_Bacteroides_luti,0.9999808073043824,0.7724795341491699,0.8862301707267761
NC_031117,taxid_33964_Leuconostoc_citreum,0.9999189376831056,0.7055567502975464,0.8527378439903259
NC_031117,taxid_1245_Leuconostoc_mesenteroides,0.9999979734420776,0.790810227394104,0.8954041004180908
NC_031117,taxid_1737571_Bacillus_oryzisoli,0.8800308704376221,0.8362778425216675,0.8581543564796448
NC_031117,taxid_33968_Leuconostoc_pseudomesenteroides,0.999998927116394,0.8122446537017822,0.9061217904090881
NC_031117,taxid_28038_Lactobacillus_curvatus,0.9999884366989136,0.7078059911727905,0.853897213935852
NC_031117,taxid_185300_Paludibacter_propionicigenes,0.9998921155929564,0.831275999546051,0.9155840575695038
NC_031117,GENERO_Lacrimispora_94868,0.9934667944908142,0.8466631174087524,0.9200649559497833
NC_031117,GENERO_Lactococcus_1358,0.9999972581863404,0.7752271890640259,0.8876122236251831
NC_031117,taxid_293371_Lactobacillus_oligofermentans,0.9996610879898072,0.7719720005989075,0.8858165442943573
NC_031117,taxid_879969_Macellibacteroides_fermentans,0.9925901889801024,0.7231098413467407,0.8578500151634216
NC_031117,taxid_1129792_Weissella_oryzae,0.9998711347579956,0.7967123985290527,0.8982917666435242
NC_031117,taxid_1610_Lactobacillus_coryniformis,0.999948263168335,0.712022602558136,0.8559854328632355
NC_031117,taxid_1297750_Bacteroides_luti,0.9464558959007264,0.7967612743377686,0.8716085851192474
NC_009812,taxid_1245_Leuconostoc_mesenteroides,0.9969538450241088,0.8113805055618286,0.9041671752929688
NC_009812,taxid_2751_Carnobacterium_maltaromaticum,0.9693893790245056,0.7752735018730164,0.872331440448761
NC_009812,taxid_1737571_Bacillus_oryzisoli,0.999995231628418,0.8712285757064819,0.93561190366745
NC_009812,taxid_1358_Lactococcus_lactis,0.9930821657180786,0.8026354312896729,0.8978587985038757
NC_009812,taxid_185300_Paludibacter_propionicigenes,0.9999982118606568,0.8484006524085999,0.9241994321346283
NC_009812,taxid_147709_Carnobacterium_inhibens,0.9999890327453612,0.8142544627189636,0.9071217477321625
NC_009812,GENERO_Lacrimispora_94868,0.9999940395355223,0.8425079584121704,0.9212509989738464
NC_009812,GENERO_Lactococcus_1358,0.9999994039535522,0.8113735914230347,0.9056864976882935
NC_009812,taxid_293371_Lactobacillus_oligofermentans,0.9996381998062134,0.8258548378944397,0.9127465188503265
NC_009812,taxid_1397_Bacillus_circulans,0.9999998807907104,0.8395162224769592,0.9197580516338348
NC_009812,taxid_1297750_Bacteroides_luti,0.9999997615814208,0.8441644906997681,0.9220821261405945
NC_008152,taxid_2479367_Buttiauxella_sp_3AFRM03,0.970696210861206,0.8029206395149231,0.8868084251880646
NC_008152,taxid_1590_Lactiplantibacillus_plantarum,0.9999849796295166,0.7350612282752991,0.8675231039524078
NC_008152,taxid_33968_Leuconostoc_pseudomesenteroides,0.999997854232788,0.7452465295791626,0.8726221919059753
NC_008152,taxid_185300_Paludibacter_propionicigenes,0.9818751215934752,0.74566251039505,0.8637688159942627
NC_008152,taxid_1129792_Weissella_oryzae,0.9978982210159302,0.7200379967689514,0.8589681088924408
NC_031908,taxid_2479367_Buttiauxella_sp_3AFRM03,0.9999961853027344,0.8008951544761658,0.9004456698894501
NC_031908,taxid_33964_Leuconostoc_citreum,0.9999998807907104,0.7004051208496094,0.8502025008201599
NC_031908,taxid_1590_Lactiplantibacillus_plantarum,1.0,0.767453134059906,0.883726567029953
NC_031908,taxid_155866_Weissella_soli,0.998684823513031,0.7119194269180298,0.8553021252155304
NC_031908,taxid_1245_Leuconostoc_mesenteroides,0.9999998807907104,0.7702623009681702,0.8851310908794403
NC_031908,taxid_1737571_Bacillus_oryzisoli,0.992866039276123,0.8185746669769287,0.9057203531265259
NC_031908,taxid_33968_Leuconostoc_pseudomesenteroides,1.0,0.8043115735054016,0.9021557867527008
NC_031908,taxid_28038_Lactobacillus_curvatus,0.9999997615814208,0.7173076272010803,0.8586536943912506
NC_031908,taxid_185300_Paludibacter_propionicigenes,0.9999946355819702,0.8114672899246216,0.9057309627532959
NC_031908,GENERO_Lacrimispora_94868,0.999955415725708,0.8397822976112366,0.9198688566684723
NC_031908,GENERO_Lactococcus_1358,0.9999998807907104,0.7450880408287048,0.8725439608097076
NC_031908,taxid_293371_Lactobacillus_oligofermentans,0.9999816417694092,0.7377611398696899,0.8688713908195496
NC_031908,taxid_879969_Macellibacteroides_fermentans,0.9999171495437622,0.7391150593757629,0.8695161044597626
NC_031908,taxid_1129792_Weissella_oryzae,0.999998927116394,0.7827469110488892,0.8913729190826416
NC_031908,taxid_1610_Lactobacillus_coryniformis,0.9999998807907104,0.749093234539032,0.8745465576648712
NC_031908,taxid_642589_Caproiciproducens_galactitolivorans,0.997381865978241,0.737515926361084,0.8674488961696625
NC_031908,taxid_1297750_Bacteroides_luti,0.99761700630188,0.7548033595085144,0.8762101829051971
NC_028854,taxid_1245_Leuconostoc_mesenteroides,1.0,0.7384753227233887,0.8692376613616943
NC_028854,taxid_1737571_Bacillus_oryzisoli,1.0,0.7940689325332642,0.8970344662666321
NC_028854,taxid_33968_Leuconostoc_pseudomesenteroides,0.9999998807907104,0.7721922397613525,0.8860960602760315
NC_028854,taxid_185300_Paludibacter_propionicigenes,1.0,0.7895476222038269,0.8947738111019135
NC_028854,taxid_165096_Weissella_koreensis,0.9999986886978148,0.7427085638046265,0.8713536262512207
NC_028854,GENERO_Lacrimispora_94868,1.0,0.8093783259391785,0.9046891629695892
NC_028854,GENERO_Lactococcus_1358,1.0,0.7154704332351685,0.8577352166175842
NC_028854,taxid_293371_Lactobacillus_oligofermentans,1.0,0.7095766067504883,0.8547883033752441
NC_028854,taxid_1129792_Weissella_oryzae,0.9999994039535522,0.7491552829742432,0.8745773434638977
NC_028854,taxid_1297750_Bacteroides_luti,1.0,0.7344151139259338,0.8672075569629669
NC_007917,taxid_1245_Leuconostoc_mesenteroides,0.9993901252746582,0.7590269446372986,0.8792085349559784
NC_007917,taxid_2751_Carnobacterium_maltaromaticum,0.9999988079071044,0.7549651861190796,0.877481997013092
NC_007917,taxid_1737571_Bacillus_oryzisoli,1.0,0.8454654812812805,0.9227327406406403
NC_007917,taxid_33968_Leuconostoc_pseudomesenteroides,0.9541602730751038,0.7540505528450012,0.8541054129600525
NC_007917,taxid_1358_Lactococcus_lactis,0.9999945163726808,0.7764801979064941,0.8882373571395874
NC_007917,taxid_185300_Paludibacter_propionicigenes,1.0,0.809390664100647,0.9046953320503235
NC_007917,taxid_147709_Carnobacterium_inhibens,1.0,0.7997869849205017,0.8998934924602509
NC_007917,GENERO_Lacrimispora_94868,1.0,0.7921596765518188,0.8960798382759094
NC_007917,GENERO_Lactococcus_1358,1.0,0.7637879848480225,0.8818939924240112
NC_007917,taxid_293371_Lactobacillus_oligofermentans,0.9999873638153076,0.7961879968643188,0.8980876803398132
NC_007917,taxid_1397_Bacillus_circulans,1.0,0.8369428515434265,0.9184714257717133
NC_007917,taxid_1297750_Bacteroides_luti,1.0,0.8201760649681091,0.9100880324840546
NC_028767,taxid_1245_Leuconostoc_mesenteroides,0.9999984502792358,0.7190812826156616,0.8595398664474487
NC_028767,taxid_1737571_Bacillus_oryzisoli,0.999503254890442,0.7760054469108582,0.88775435090065
NC_028767,taxid_33968_Leuconostoc_pseudomesenteroides,0.999996304512024,0.7597949504852295,0.8798956274986267
NC_028767,taxid_185300_Paludibacter_propionicigenes,0.9999933242797852,0.7725465893745422,0.8862699568271637
NC_028767,GENERO_Lacrimispora_94868,0.9999059438705444,0.8068781495094299,0.9033920466899872
NC_028767,taxid_1129792_Weissella_oryzae,0.9999212026596068,0.7313384413719177,0.8656298220157623
NC_019490,taxid_33964_Leuconostoc_citreum,0.999998927116394,0.7333846092224121,0.8666917681694031
NC_019490,taxid_1245_Leuconostoc_mesenteroides,1.0,0.8311245441436768,0.9155622720718384
NC_019490,taxid_2751_Carnobacterium_maltaromaticum,1.0,0.777433454990387,0.8887167274951935
NC_019490,taxid_1737571_Bacillus_oryzisoli,1.0,0.8777329325675964,0.9388664662837982
NC_019490,taxid_33968_Leuconostoc_pseudomesenteroides,1.0,0.8382731676101685,0.9191365838050842
NC_019490,taxid_28038_Lactobacillus_curvatus,1.0,0.7317773103713989,0.8658886551856995
NC_019490,taxid_1358_Lactococcus_lactis,1.0,0.8052513003349304,0.9026256501674652
NC_019490,taxid_185300_Paludibacter_propionicigenes,1.0,0.8621063828468323,0.9310531914234161
NC_019490,taxid_147709_Carnobacterium_inhibens,1.0,0.8164429664611816,0.9082214832305908
NC_019490,taxid_165096_Weissella_koreensis,0.9999995231628418,0.8515529632568359,0.9257762432098389
NC_019490,GENERO_Lacrimispora_94868,1.0,0.8603905439376831,0.9301952719688416
NC_019490,GENERO_Lactococcus_1358,1.0,0.8264177441596985,0.9132088720798492
NC_019490,taxid_293371_Lactobacillus_oligofermentans,1.0,0.8349880576133728,0.9174940288066864
NC_019490,taxid_879969_Macellibacteroides_fermentans,1.0,0.7434371113777161,0.871718555688858
NC_019490,taxid_1397_Bacillus_circulans,1.0,0.842483401298523,0.9212417006492615
NC_019490,taxid_1129792_Weissella_oryzae,0.9999996423721312,0.8334788680076599,0.9167392551898956
NC_019490,taxid_1610_Lactobacillus_coryniformis,0.9999878406524658,0.7264724373817444,0.8632301390171051
NC_019490,taxid_1297750_Bacteroides_luti,1.0,0.8511801958084106,0.9255900979042053
NC_000896,taxid_33964_Leuconostoc_citreum,1.0,0.7304907441139221,0.8652453720569611
NC_000896,taxid_1590_Lactiplantibacillus_plantarum,1.0,0.7014238238334656,0.8507119119167328
NC_000896,taxid_1245_Leuconostoc_mesenteroides,1.0,0.8276795744895935,0.9138397872447968
NC_000896,taxid_2751_Carnobacterium_maltaromaticum,1.0,0.7454361915588379,0.872718095779419
NC_000896,taxid_1737571_Bacillus_oryzisoli,1.0,0.8704718351364136,0.9352359175682068
NC_000896,taxid_33968_Leuconostoc_pseudomesenteroides,1.0,0.8387698531150818,0.9193849265575409
NC_000896,taxid_28038_Lactobacillus_curvatus,1.0,0.7291940450668335,0.8645970225334167
NC_000896,taxid_1358_Lactococcus_lactis,1.0,0.7803502082824707,0.8901751041412354
NC_000896,taxid_185300_Paludibacter_propionicigenes,1.0,0.8622507452964783,0.9311253726482391
NC_000896,taxid_147709_Carnobacterium_inhibens,1.0,0.7907910346984863,0.8953955173492432
NC_000896,taxid_165096_Weissella_koreensis,1.0,0.8392159342765808,0.9196079671382904
NC_000896,GENERO_Lacrimispora_94868,1.0,0.8620260953903198,0.9310130476951599
NC_000896,GENERO_Lactococcus_1358,1.0,0.8179720044136047,0.9089860022068024
NC_000896,taxid_293371_Lactobacillus_oligofermentans,1.0,0.8182345628738403,0.9091172814369202
NC_000896,taxid_879969_Macellibacteroides_fermentans,1.0,0.7401748895645142,0.8700874447822571
NC_000896,taxid_1397_Bacillus_circulans,1.0,0.8181464672088623,0.9090732336044312
NC_000896,taxid_1129792_Weissella_oryzae,1.0,0.8321391940116882,0.9160695970058441
NC_000896,taxid_1610_Lactobacillus_coryniformis,1.0,0.7242923378944397,0.8621461689472198
NC_000896,taxid_1297750_Bacteroides_luti,1.0,0.8398001790046692,0.9199000895023346
NC_031037,taxid_1590_Lactiplantibacillus_plantarum,0.9999939203262328,0.7015029788017273,0.8507484495639801
NC_031037,taxid_1245_Leuconostoc_mesenteroides,1.0,0.7406991720199585,0.8703495860099792
NC_031037,taxid_1737571_Bacillus_oryzisoli,1.0,0.7903376817703247,0.8951688408851624
NC_031037,taxid_33968_Leuconostoc_pseudomesenteroides,0.9999996423721312,0.7747579216957092,0.8873787820339203
NC_031037,taxid_185300_Paludibacter_propionicigenes,1.0,0.7852899432182312,0.8926449716091156
NC_031037,taxid_165096_Weissella_koreensis,0.9988682270050048,0.7353792786598206,0.8671237528324127
NC_031037,GENERO_Lacrimispora_94868,0.9999998807907104,0.8274495005607605,0.9137246906757355
NC_031037,GENERO_Lactococcus_1358,1.0,0.7075325846672058,0.8537662923336029
NC_031037,taxid_1129792_Weissella_oryzae,0.999996542930603,0.7536160945892334,0.8768063187599182
NC_031037,taxid_1297750_Bacteroides_luti,1.0,0.7120856046676636,0.8560428023338318
NC_022769,taxid_1590_Lactiplantibacillus_plantarum,0.9995273351669312,0.7049595713615417,0.8522434532642365
NC_022769,taxid_1245_Leuconostoc_mesenteroides,0.9999991655349731,0.771298885345459,0.8856490254402161
NC_022769,taxid_1737571_Bacillus_oryzisoli,0.9999998807907104,0.8224822282791138,0.9112410545349121
NC_022769,taxid_33968_Leuconostoc_pseudomesenteroides,0.9999885559082032,0.7972591519355774,0.8986238539218903
NC_022769,taxid_185300_Paludibacter_propionicigenes,1.0,0.8115026354789734,0.9057513177394867
NC_022769,taxid_165096_Weissella_koreensis,0.9644933938980104,0.7721462845802307,0.8683198392391205
NC_022769,GENERO_Lacrimispora_94868,0.9999994039535522,0.8458278775215149,0.9229136407375336
NC_022769,GENERO_Lactococcus_1358,1.0,0.7498371601104736,0.8749185800552368
NC_022769,taxid_293371_Lactobacillus_oligofermentans,0.9999998807907104,0.739927351474762,0.8699636161327362
NC_022769,taxid_879969_Macellibacteroides_fermentans,0.9999701976776124,0.7032743096351624,0.8516222536563873
NC_022769,taxid_1397_Bacillus_circulans,1.0,0.7251453995704651,0.8625726997852325
NC_022769,taxid_1129792_Weissella_oryzae,0.9997749924659728,0.7838865518569946,0.8918307721614838
NC_022769,taxid_1610_Lactobacillus_coryniformis,0.9993749260902404,0.7126327753067017,0.8560038506984711
NC_022769,taxid_1297750_Bacteroides_luti,0.9999996423721312,0.7590425610542297,0.8795211017131805
NC_007808,taxid_2479367_Buttiauxella_sp_3AFRM03,1.0,0.8129736185073853,0.9064868092536926
NC_007808,taxid_82992_Buttiauxella_noackiae,1.0,0.7226482629776001,0.8613241314888
NC_007808,taxid_1590_Lactiplantibacillus_plantarum,1.0,0.7349492907524109,0.8674746453762054
NC_007808,GENERO_Buttiauxella_82991,1.0,0.7062705755233765,0.8531352877616882
NC_007808,taxid_82977_Buttiauxella_agrestis,0.9999998807907104,0.7326830625534058,0.8663414716720581
NC_007808,taxid_33968_Leuconostoc_pseudomesenteroides,1.0,0.7400330901145935,0.8700165450572968
NC_007808,taxid_1129792_Weissella_oryzae,0.9999833106994628,0.7127796411514282,0.8563814759254456
NC_019496,taxid_185300_Paludibacter_propionicigenes,0.9969050288200378,0.8045629858970642,0.900734007358551
NC_019496,taxid_147709_Carnobacterium_inhibens,0.9999470710754396,0.7923212051391602,0.8961341381072998
NC_019496,GENERO_Lacrimispora_94868,0.9865459203720092,0.7879899144172668,0.8872679173946381
NC_019496,taxid_1397_Bacillus_circulans,0.9999986886978148,0.8293729424476624,0.9146858155727386
NC_019496,taxid_1297750_Bacteroides_luti,0.9999977350234984,0.8141917586326599,0.9070947468280792
NC_028762,taxid_2479367_Buttiauxella_sp_3AFRM03,0.9759880900382996,0.7651441097259521,0.8705660998821259
NC_028762,taxid_1590_Lactiplantibacillus_plantarum,0.9999996423721312,0.720036506652832,0.8600180745124817
NC_028762,taxid_1245_Leuconostoc_mesenteroides,0.999997854232788,0.765239953994751,0.8826189041137695
NC_028762,taxid_1737571_Bacillus_oryzisoli,0.9989584684371948,0.8185474872589111,0.908752977848053
NC_028762,taxid_33968_Leuconostoc_pseudomesenteroides,0.9999997615814208,0.7948741912841797,0.8974369764328003
NC_028762,taxid_28038_Lactobacillus_curvatus,0.9999991655349731,0.7000307440757751,0.8500149548053741
NC_028762,taxid_185300_Paludibacter_propionicigenes,0.999983549118042,0.8073431849479675,0.9036633670330048
NC_028762,GENERO_Lacrimispora_94868,0.99979168176651,0.8391128778457642,0.9194522798061371
NC_028762,GENERO_Lactococcus_1358,0.9999998807907104,0.7495431303977966,0.8747715055942535
NC_028762,taxid_293371_Lactobacillus_oligofermentans,0.9997710585594176,0.7340437769889832,0.8669074177742004
NC_028762,taxid_879969_Macellibacteroides_fermentans,0.9964556694030762,0.7147590517997742,0.8556073606014252
NC_028762,taxid_1397_Bacillus_circulans,0.9916576743125916,0.7252209782600403,0.8584393262863159
NC_028762,taxid_1129792_Weissella_oryzae,0.9999217987060548,0.7825687527656555,0.8912452757358551
NC_028762,taxid_1610_Lactobacillus_coryniformis,0.999997854232788,0.7254223227500916,0.8627100884914398
NC_028762,taxid_1297750_Bacteroides_luti,0.9924943447113036,0.7592692375183105,0.8758817911148071
NC_020482,taxid_1245_Leuconostoc_mesenteroides,0.9999997615814208,0.7598300576210022,0.8799149096012115
NC_020482,taxid_2751_Carnobacterium_maltaromaticum,1.0,0.7551937103271484,0.8775968551635742
NC_020482,taxid_1737571_Bacillus_oryzisoli,1.0,0.8409627079963684,0.9204813539981842
NC_020482,taxid_33968_Leuconostoc_pseudomesenteroides,0.9999089241027832,0.759475827217102,0.8796923756599426
NC_020482,taxid_1358_Lactococcus_lactis,0.9999998807907104,0.7746990323066711,0.8873494565486908
NC_020482,taxid_185300_Paludibacter_propionicigenes,1.0,0.8063361048698425,0.9031680524349213
NC_020482,taxid_147709_Carnobacterium_inhibens,1.0,0.7944508194923401,0.89722540974617
NC_020482,taxid_165096_Weissella_koreensis,0.9985772371292114,0.8100513219833374,0.9043142795562744
NC_020482,GENERO_Lacrimispora_94868,1.0,0.7915363907814026,0.8957681953907013
NC_020482,GENERO_Lactococcus_1358,1.0,0.7642892003059387,0.8821446001529694
NC_020482,taxid_293371_Lactobacillus_oligofermentans,1.0,0.7929467558860779,0.8964733779430389
NC_020482,taxid_1397_Bacillus_circulans,1.0,0.8292487859725952,0.9146243929862976
NC_020482,taxid_1129792_Weissella_oryzae,0.9989383816719056,0.7609393000602722,0.8799388408660889
NC_020482,taxid_1297750_Bacteroides_luti,1.0,0.8139000535011292,0.9069500267505646
NC_005260,taxid_2479367_Buttiauxella_sp_3AFRM03,0.9999932050704956,0.7135212421417236,0.8567572236061096
NC_029022,taxid_1737571_Bacillus_oryzisoli,0.988200068473816,0.8316878080368042,0.9099439382553101
NC_029022,taxid_185300_Paludibacter_propionicigenes,0.99993097782135,0.7938249111175537,0.8968779444694519
NC_029022,taxid_147709_Carnobacterium_inhibens,0.9998722076416016,0.7847067713737488,0.8922894895076752
NC_029022,GENERO_Lacrimispora_94868,0.999659776687622,0.7666370272636414,0.8831484019756317
NC_029022,GENERO_Lactococcus_1358,0.999528169631958,0.7468410730361938,0.8731846213340759
NC_029022,taxid_293371_Lactobacillus_oligofermentans,0.9892877340316772,0.7812820076942444,0.8852848708629608
NC_029022,taxid_1397_Bacillus_circulans,0.9999923706054688,0.8220738768577576,0.9110331237316132
NC_029022,taxid_1297750_Bacteroides_luti,0.9999953508377076,0.806165874004364,0.9030806124210358
NC_003524,taxid_1737571_Bacillus_oryzisoli,0.9255311489105223,0.7896456718444824,0.8575884103775024
NC_003524,taxid_185300_Paludibacter_propionicigenes,0.9770342707633972,0.7283210158348083,0.8526776432991028
NC_003524,taxid_147709_Carnobacterium_inhibens,0.9996148347854614,0.7294781804084778,0.8645465075969696
NC_003524,taxid_1397_Bacillus_circulans,0.9999958276748656,0.7844880819320679,0.8922419548034668
NC_003524,taxid_1297750_Bacteroides_luti,0.9999790191650392,0.7495361566543579,0.8747575879096985
NC_007807,taxid_33964_Leuconostoc_citreum,0.999980330467224,0.7103403210639954,0.8551603257656097
NC_007807,taxid_1590_Lactiplantibacillus_plantarum,0.9999897480010986,0.7617161273956299,0.8808529376983643
NC_007807,taxid_1245_Leuconostoc_mesenteroides,0.9999992847442628,0.7774604558944702,0.8887298703193665
NC_007807,taxid_1737571_Bacillus_oryzisoli,0.9960954785346984,0.821570098400116,0.9088327884674072
NC_007807,taxid_33968_Leuconostoc_pseudomesenteroides,0.9999996423721312,0.8080927729606628,0.9040462076663971
NC_007807,taxid_28038_Lactobacillus_curvatus,0.99998140335083,0.7250874638557434,0.8625344336032867
NC_007807,taxid_185300_Paludibacter_propionicigenes,0.9999990463256836,0.815247654914856,0.9076233506202698
NC_007807,GENERO_Lacrimispora_94868,0.999993085861206,0.837608814239502,0.918800950050354
NC_007807,GENERO_Lactococcus_1358,0.9999991655349731,0.7531358003616333,0.8765674829483032
NC_007807,taxid_293371_Lactobacillus_oligofermentans,0.9998730421066284,0.747232973575592,0.8735530078411102
NC_007807,taxid_879969_Macellibacteroides_fermentans,0.9999940395355223,0.7430631518363953,0.8715285956859589
NC_007807,taxid_1397_Bacillus_circulans,0.9985670447349548,0.7234159111976624,0.8609914779663086
NC_007807,taxid_1129792_Weissella_oryzae,0.9998667240142822,0.7880368232727051,0.8939517736434937
NC_007807,taxid_1610_Lactobacillus_coryniformis,0.9999818801879884,0.7501813769340515,0.8750816285610199
NC_007807,taxid_642589_Caproiciproducens_galactitolivorans,0.9995332956314088,0.7330244183540344,0.8662788569927216
NC_007807,taxid_1297750_Bacteroides_luti,0.9999321699142456,0.7604769468307495,0.8802045583724976
NC_018277,taxid_1245_Leuconostoc_mesenteroides,0.9998284578323364,0.8176000714302063,0.9087142646312714
NC_018277,taxid_2751_Carnobacterium_maltaromaticum,0.9999927282333374,0.7778021097183228,0.8888974189758301
NC_018277,taxid_1737571_Bacillus_oryzisoli,0.9999995231628418,0.8815897107124329,0.9407946169376373
NC_018277,taxid_33968_Leuconostoc_pseudomesenteroides,0.9561623334884644,0.8303419947624207,0.8932521641254425
NC_018277,taxid_1358_Lactococcus_lactis,0.9999889135360718,0.8046051263809204,0.9022970199584961
NC_018277,taxid_185300_Paludibacter_propionicigenes,1.0,0.8598152995109558,0.9299076497554779
NC_018277,taxid_147709_Carnobacterium_inhibens,1.0,0.8200916647911072,0.9100458323955536
NC_018277,GENERO_Lacrimispora_94868,0.9999996423721312,0.8562574982643127,0.928128570318222
NC_018277,GENERO_Lactococcus_1358,0.9999998807907104,0.8165005445480347,0.9082502126693726
NC_018277,taxid_293371_Lactobacillus_oligofermentans,0.9999932050704956,0.8321996331214905,0.916096419095993
NC_018277,taxid_879969_Macellibacteroides_fermentans,0.9999971389770508,0.7097108364105225,0.8548539876937866
NC_018277,taxid_1397_Bacillus_circulans,1.0,0.8483468294143677,0.9241734147071838
NC_018277,taxid_1297750_Bacteroides_luti,1.0,0.8564338088035583,0.9282169044017792
NC_007061,taxid_1245_Leuconostoc_mesenteroides,0.9999785423278807,0.7879102230072021,0.8939443826675415
NC_007061,taxid_2751_Carnobacterium_maltaromaticum,0.9913499355316162,0.7597039937973022,0.8755269646644592
NC_007061,taxid_1737571_Bacillus_oryzisoli,0.999998927116394,0.860516369342804,0.930257648229599
NC_007061,taxid_33968_Leuconostoc_pseudomesenteroides,0.9924139380455016,0.7957325577735901,0.8940732479095459
NC_007061,taxid_1358_Lactococcus_lactis,0.9994103908538818,0.7896764874458313,0.8945434391498566
NC_007061,taxid_185300_Paludibacter_propionicigenes,1.0,0.8327994346618652,0.9163997173309326
NC_007061,taxid_147709_Carnobacterium_inhibens,0.9999995231628418,0.8062235116958618,0.9031115174293518
NC_007061,GENERO_Lacrimispora_94868,0.9999996423721312,0.8261157870292664,0.9130577147006989
NC_007061,GENERO_Lactococcus_1358,1.0,0.7892253398895264,0.8946126699447632
NC_007061,taxid_293371_Lactobacillus_oligofermentans,0.9999969005584716,0.8110779523849487,0.9055374264717102
NC_007061,taxid_1397_Bacillus_circulans,1.0,0.8338654637336731,0.9169327318668365
NC_007061,taxid_1297750_Bacteroides_luti,1.0,0.833349347114563,0.9166746735572815
NC_015274,taxid_2479367_Buttiauxella_sp_3AFRM03,0.9999831914901732,0.7619031071662903,0.8809431493282318
NC_015274,taxid_33964_Leuconostoc_citreum,1.0,0.7307437658309937,0.8653718829154968
NC_015274,taxid_1590_Lactiplantibacillus_plantarum,1.0,0.7306991219520569,0.8653495609760284
NC_015274,taxid_1245_Leuconostoc_mesenteroides,1.0,0.8093647360801697,0.9046823680400848
NC_015274,taxid_1737571_Bacillus_oryzisoli,0.9999979734420776,0.853725790977478,0.9268618822097778
NC_015274,taxid_33968_Leuconostoc_pseudomesenteroides,1.0,0.8349453806877136,0.9174726903438568
NC_015274,taxid_28038_Lactobacillus_curvatus,1.0,0.7394753694534302,0.8697376847267151
NC_015274,taxid_1358_Lactococcus_lactis,0.9972092509269714,0.7357143759727478,0.8664618134498596
NC_015274,taxid_185300_Paludibacter_propionicigenes,0.9999997615814208,0.8484172224998474,0.9242084920406342
NC_015274,taxid_147709_Carnobacterium_inhibens,0.994343876838684,0.7461279630661011,0.8702359199523926
NC_015274,taxid_165096_Weissella_koreensis,0.9997267127037048,0.8151411414146423,0.9074339270591736
NC_015274,GENERO_Lacrimispora_94868,0.999998927116394,0.85837721824646,0.929188072681427
NC_015274,GENERO_Lactococcus_1358,1.0,0.7924234867095947,0.8962117433547974
NC_015274,taxid_293371_Lactobacillus_oligofermentans,1.0,0.7882797122001648,0.8941398561000824
NC_015274,taxid_879969_Macellibacteroides_fermentans,0.9999959468841552,0.7535860538482666,0.8767910003662109
NC_015274,taxid_1397_Bacillus_circulans,0.999992609024048,0.7824344635009766,0.8912135362625122
NC_015274,taxid_1129792_Weissella_oryzae,1.0,0.8187418580055237,0.9093709290027618
NC_015274,taxid_1610_Lactobacillus_coryniformis,1.0,0.7396544814109802,0.8698272407054901
NC_015274,taxid_642589_Caproiciproducens_galactitolivorans,0.9997509121894836,0.7011669278144836,0.8504589200019836
NC_015274,taxid_1297750_Bacteroides_luti,0.9999935626983644,0.8126562237739563,0.9063248932361603
NC_029011,taxid_33964_Leuconostoc_citreum,0.9996213912963868,0.7007854580879211,0.8502034246921539
NC_029011,taxid_1245_Leuconostoc_mesenteroides,0.9999997615814208,0.8107147216796875,0.9053572416305542
NC_029011,taxid_2751_Carnobacterium_maltaromaticum,0.9997825026512146,0.7443428635597229,0.8720626831054688
NC_029011,taxid_1737571_Bacillus_oryzisoli,0.9999997615814208,0.8599162697792053,0.9299580156803131
NC_029011,taxid_33968_Leuconostoc_pseudomesenteroides,0.9999892711639404,0.8149086833000183,0.9074489772319794
NC_029011,taxid_1358_Lactococcus_lactis,0.9999585151672364,0.7822633385658264,0.8911109268665314
NC_029011,taxid_185300_Paludibacter_propionicigenes,1.0,0.8410277962684631,0.9205138981342316
NC_029011,taxid_147709_Carnobacterium_inhibens,0.9999998807907104,0.7893622517585754,0.8946810662746429
NC_029011,taxid_165096_Weissella_koreensis,0.9884821176528932,0.8332556486129761,0.9108688831329346
NC_029011,GENERO_Lacrimispora_94868,1.0,0.8303670287132263,0.9151835143566132
NC_029011,GENERO_Lactococcus_1358,1.0,0.807162344455719,0.9035811722278595
NC_029011,taxid_293371_Lactobacillus_oligofermentans,0.9999997615814208,0.8148454427719116,0.9074226021766663
NC_029011,taxid_879969_Macellibacteroides_fermentans,1.0,0.7037592530250549,0.8518796265125275
NC_029011,taxid_1397_Bacillus_circulans,1.0,0.819326639175415,0.9096633195877075
NC_029011,taxid_1129792_Weissella_oryzae,0.9997684359550476,0.8133286237716675,0.9065485298633575
NC_029011,taxid_1297750_Bacteroides_luti,1.0,0.8243032097816467,0.9121516048908234
NC_006268,taxid_1245_Leuconostoc_mesenteroides,0.9999998807907104,0.8144228458404541,0.9072113633155823
NC_006268,taxid_2751_Carnobacterium_maltaromaticum,0.9983891248703004,0.7863764762878418,0.892382800579071
NC_006268,taxid_1737571_Bacillus_oryzisoli,0.9999998807907104,0.8708027005195618,0.9354012906551361
NC_006268,taxid_33968_Leuconostoc_pseudomesenteroides,0.999997615814209,0.8174348473548889,0.908716231584549
NC_006268,taxid_1358_Lactococcus_lactis,0.9999760389328004,0.8066620826721191,0.9033190608024597
NC_006268,taxid_185300_Paludibacter_propionicigenes,1.0,0.8459808230400085,0.9229904115200043
NC_006268,taxid_147709_Carnobacterium_inhibens,0.9999979734420776,0.8178731203079224,0.908935546875
NC_006268,taxid_165096_Weissella_koreensis,0.9949477910995485,0.8443684577941895,0.9196581244468689
NC_006268,GENERO_Lacrimispora_94868,0.9999998807907104,0.8353731036186218,0.9176864922046661
NC_006268,GENERO_Lactococcus_1358,1.0,0.8137025833129883,0.9068512916564941
NC_006268,taxid_293371_Lactobacillus_oligofermentans,0.9999998807907104,0.8293367028236389,0.9146682918071747
NC_006268,taxid_1397_Bacillus_circulans,1.0,0.8486436009407043,0.9243218004703522
NC_006268,taxid_1129792_Weissella_oryzae,0.9999630451202391,0.8168438076972961,0.9084034264087677
NC_006268,taxid_1297750_Bacteroides_luti,1.0,0.8476142883300781,0.9238071441650391
NC_016163,taxid_2479367_Buttiauxella_sp_3AFRM03,0.9999433755874634,0.7768000960350037,0.8883717358112335
NC_016163,taxid_1590_Lactiplantibacillus_plantarum,1.0,0.7100110650062561,0.855005532503128
NC_016163,taxid_1245_Leuconostoc_mesenteroides,0.9999994039535522,0.7831404805183411,0.8915699422359467
NC_016163,taxid_1737571_Bacillus_oryzisoli,0.9998594522476196,0.8325105905532837,0.9161850214004517
NC_016163,taxid_33968_Leuconostoc_pseudomesenteroides,1.0,0.8070231676101685,0.9035115838050842
NC_016163,taxid_28038_Lactobacillus_curvatus,0.9999998807907104,0.7072855234146118,0.8536427021026611
NC_016163,taxid_185300_Paludibacter_propionicigenes,0.9999971389770508,0.8256298899650574,0.9128135144710541
NC_016163,GENERO_Lacrimispora_94868,0.99998676776886,0.8472071290016174,0.9235969483852386
NC_016163,GENERO_Lactococcus_1358,1.0,0.7704925537109375,0.8852462768554688
NC_016163,taxid_293371_Lactobacillus_oligofermentans,0.9999630451202391,0.7648029923439026,0.8823830187320709
NC_016163,taxid_879969_Macellibacteroides_fermentans,0.9995734095573424,0.722049355506897,0.8608113825321198
NC_016163,taxid_1397_Bacillus_circulans,0.9959449172019958,0.7623092532157898,0.8791270852088928
NC_016163,taxid_1129792_Weissella_oryzae,0.9999955892562866,0.7930010557174683,0.8964983224868774
NC_016163,taxid_1610_Lactobacillus_coryniformis,0.9999997615814208,0.7232378125190735,0.8616187870502472
NC_016163,taxid_1297750_Bacteroides_luti,0.9948846697807312,0.7902296185493469,0.8925571441650391
NC_023601,taxid_2479367_Buttiauxella_sp_3AFRM03,1.0,0.7238786220550537,0.8619393110275269
NC_024697,taxid_1245_Leuconostoc_mesenteroides,1.0,0.7280988097190857,0.8640494048595428
NC_024697,taxid_1737571_Bacillus_oryzisoli,1.0,0.8007463216781616,0.9003731608390808
NC_024697,taxid_33968_Leuconostoc_pseudomesenteroides,1.0,0.7502530813217163,0.8751265406608582
NC_024697,taxid_185300_Paludibacter_propionicigenes,1.0,0.7771416306495667,0.8885708153247833
NC_024697,taxid_165096_Weissella_koreensis,0.9911800026893616,0.7500494122505188,0.8706147074699402
NC_024697,GENERO_Lacrimispora_94868,1.0,0.8117517232894897,0.9058758616447449
NC_024697,GENERO_Lactococcus_1358,1.0,0.7184268832206726,0.8592134416103363
NC_024697,taxid_293371_Lactobacillus_oligofermentans,1.0,0.7145695090293884,0.8572847545146942
NC_024697,taxid_1397_Bacillus_circulans,1.0,0.7225038409233093,0.8612519204616547
NC_024697,taxid_1129792_Weissella_oryzae,0.9999991655349731,0.7484136819839478,0.8742064237594604
NC_024697,taxid_1297750_Bacteroides_luti,1.0,0.7421848177909851,0.8710924088954926
NC_018861,taxid_1245_Leuconostoc_mesenteroides,0.967526078224182,0.8255640864372253,0.8965450823307037
NC_018861,taxid_2751_Carnobacterium_maltaromaticum,0.9991680383682252,0.7991889715194702,0.8991785049438477
NC_018861,taxid_1737571_Bacillus_oryzisoli,0.9999942779541016,0.8759962320327759,0.9379952549934387
NC_018861,taxid_1358_Lactococcus_lactis,0.998354196548462,0.820048451423645,0.9092013239860535
NC_018861,taxid_185300_Paludibacter_propionicigenes,0.9999995231628418,0.856730580329895,0.9283650517463684
NC_018861,taxid_147709_Carnobacterium_inhibens,0.9999998807907104,0.8342870473861694,0.9171434640884399
NC_018861,GENERO_Lacrimispora_94868,0.9999983310699464,0.8486215472221375,0.9243099391460419
NC_018861,GENERO_Lactococcus_1358,0.9999958276748656,0.824406623840332,0.9122012257575989
NC_018861,taxid_293371_Lactobacillus_oligofermentans,0.9986611604690552,0.8391293287277222,0.9188952445983887
NC_018861,taxid_879969_Macellibacteroides_fermentans,0.9998952150344848,0.7208639979362488,0.8603796064853668
NC_018861,taxid_1397_Bacillus_circulans,1.0,0.8615236878395081,0.930761843919754
NC_018861,taxid_1297750_Bacteroides_luti,1.0,0.8562313318252563,0.9281156659126282
NC_027394,taxid_33964_Leuconostoc_citreum,0.999998927116394,0.7031300067901611,0.8515644669532776
NC_027394,taxid_1245_Leuconostoc_mesenteroides,1.0,0.8083646893501282,0.9041823446750641
NC_027394,taxid_2751_Carnobacterium_maltaromaticum,0.9999995231628418,0.7061498761177063,0.853074699640274
NC_027394,taxid_1737571_Bacillus_oryzisoli,1.0,0.8610539436340332,0.9305269718170166
NC_027394,taxid_33968_Leuconostoc_pseudomesenteroides,1.0,0.8247579336166382,0.9123789668083191
NC_027394,taxid_28038_Lactobacillus_curvatus,1.0,0.7059961557388306,0.8529980778694153
NC_027394,taxid_1358_Lactococcus_lactis,1.0,0.7461813688278198,0.8730906844139099
NC_027394,taxid_185300_Paludibacter_propionicigenes,1.0,0.8471335768699646,0.9235667884349823
NC_027394,taxid_147709_Carnobacterium_inhibens,1.0,0.7589287757873535,0.8794643878936768
NC_027394,taxid_165096_Weissella_koreensis,0.9999974966049194,0.824887752532959,0.9124426245689392
NC_027394,GENERO_Lacrimispora_94868,1.0,0.8445316553115845,0.9222658276557922
NC_027394,GENERO_Lactococcus_1358,1.0,0.7986993193626404,0.8993496596813202
NC_027394,taxid_293371_Lactobacillus_oligofermentans,1.0,0.7995487451553345,0.8997743725776672
NC_027394,taxid_879969_Macellibacteroides_fermentans,1.0,0.7206748127937317,0.8603374063968658
NC_027394,taxid_1397_Bacillus_circulans,1.0,0.7996667623519897,0.8998333811759949
NC_027394,taxid_1129792_Weissella_oryzae,0.9999997615814208,0.814481258392334,0.9072405099868774
NC_027394,taxid_1610_Lactobacillus_coryniformis,0.9999988079071044,0.7004709839820862,0.8502348959445953
NC_027394,taxid_1297750_Bacteroides_luti,1.0,0.8248975872993469,0.9124487936496735
NC_019515,taxid_2479367_Buttiauxella_sp_3AFRM03,0.999914288520813,0.7093735933303833,0.8546439409255981
NC_019515,taxid_1737571_Bacillus_oryzisoli,0.9999169111251832,0.7068954110145569,0.85340616106987
NC_019515,taxid_33968_Leuconostoc_pseudomesenteroides,1.0,0.7031159400939941,0.8515579700469971
NC_019515,taxid_185300_Paludibacter_propionicigenes,0.9999986886978148,0.7066842317581177,0.8533414602279663
NC_019515,GENERO_Lacrimispora_94868,0.999974250793457,0.7633246183395386,0.8816494345664978
NC_025456,taxid_2479367_Buttiauxella_sp_3AFRM03,0.998857855796814,0.7674556374549866,0.8831567466259003
NC_025426,taxid_1245_Leuconostoc_mesenteroides,0.9999998807907104,0.7773451805114746,0.8886725306510925
NC_025426,taxid_2751_Carnobacterium_maltaromaticum,1.0,0.7434927821159363,0.8717463910579681
NC_025426,taxid_1737571_Bacillus_oryzisoli,1.0,0.8461783528327942,0.9230891764163971
NC_025426,taxid_33968_Leuconostoc_pseudomesenteroides,0.999996542930603,0.7758185863494873,0.8879075646400452
NC_025426,taxid_1358_Lactococcus_lactis,1.0,0.7725173234939575,0.8862586617469788
NC_025426,taxid_185300_Paludibacter_propionicigenes,1.0,0.8194654583930969,0.9097327291965485
NC_025426,taxid_147709_Carnobacterium_inhibens,1.0,0.7928451895713806,0.8964225947856903
NC_025426,taxid_165096_Weissella_koreensis,0.9999033212661744,0.8180854916572571,0.9089944064617157
NC_025426,GENERO_Lacrimispora_94868,1.0,0.8071566820144653,0.9035783410072327
NC_025426,GENERO_Lactococcus_1358,1.0,0.7761205434799194,0.8880602717399597
NC_025426,taxid_293371_Lactobacillus_oligofermentans,1.0,0.7982730865478516,0.8991365432739258
NC_025426,taxid_1397_Bacillus_circulans,1.0,0.8262710571289062,0.9131355285644531
NC_025426,taxid_1129792_Weissella_oryzae,0.999957799911499,0.7779013514518738,0.8889295756816864
NC_025426,taxid_1297750_Bacteroides_luti,1.0,0.8208190202713013,0.9104095101356506
NC_024392,taxid_1245_Leuconostoc_mesenteroides,0.9998549222946168,0.7820766568183899,0.8909657895565033
NC_024392,taxid_33968_Leuconostoc_pseudomesenteroides,0.999148726463318,0.8004863858222961,0.899817556142807
NC_024392,taxid_185300_Paludibacter_propionicigenes,0.9983793497085572,0.8205839395523071,0.9094816446304321
NC_024392,GENERO_Lacrimispora_94868,0.8886681795120239,0.8355445265769958,0.8621063530445099
NC_024392,GENERO_Lactococcus_1358,0.9998140931129456,0.762946367263794,0.8813802301883698
NC_024392,taxid_293371_Lactobacillus_oligofermentans,0.9973421692848206,0.7578854560852051,0.8776138126850128
NC_024392,taxid_1129792_Weissella_oryzae,0.9689207673072816,0.7857357263565063,0.8773282468318939
NC_024392,taxid_1297750_Bacteroides_luti,0.973058819770813,0.7775890231132507,0.8753239214420319
NC_028848,taxid_2479367_Buttiauxella_sp_3AFRM03,0.947319269180298,0.7733678221702576,0.8603435456752777
NC_028848,taxid_33964_Leuconostoc_citreum,1.0,0.7368014454841614,0.8684007227420807
NC_028848,taxid_1590_Lactiplantibacillus_plantarum,0.9999998807907104,0.7451490759849548,0.8725744783878326
NC_028848,taxid_1245_Leuconostoc_mesenteroides,1.0,0.8106583952903748,0.9053291976451874
NC_028848,taxid_1737571_Bacillus_oryzisoli,0.9999603033065796,0.8549882769584656,0.9274742901325226
NC_028848,taxid_33968_Leuconostoc_pseudomesenteroides,1.0,0.8366825580596924,0.9183412790298462
NC_028848,taxid_28038_Lactobacillus_curvatus,0.9999998807907104,0.7491321563720703,0.8745660185813904
NC_028848,taxid_185300_Paludibacter_propionicigenes,0.9999998807907104,0.8486823439598083,0.9243411123752594
NC_028848,taxid_147709_Carnobacterium_inhibens,0.9919202327728271,0.7401970028877258,0.8660586178302765
NC_028848,taxid_165096_Weissella_koreensis,0.99518084526062,0.8157496452331543,0.9054652452468872
NC_028848,GENERO_Lacrimispora_94868,0.9999983310699464,0.8610010147094727,0.9304996728897095
NC_028848,GENERO_Lactococcus_1358,1.0,0.7926331758499146,0.8963165879249573
NC_028848,taxid_293371_Lactobacillus_oligofermentans,0.9999997615814208,0.7880030870437622,0.8940014243125916
NC_028848,taxid_879969_Macellibacteroides_fermentans,0.999998927116394,0.7628511786460876,0.8814250528812408
NC_028848,taxid_1397_Bacillus_circulans,0.999951720237732,0.7834232449531555,0.8916874825954437
NC_028848,taxid_1129792_Weissella_oryzae,0.9999998807907104,0.8205767869949341,0.9102883338928223
NC_028848,taxid_1610_Lactobacillus_coryniformis,0.9999997615814208,0.7529856562614441,0.8764927089214325
NC_028848,taxid_642589_Caproiciproducens_galactitolivorans,0.9999253749847412,0.7130342125892639,0.8564797937870026
NC_028848,taxid_1297750_Bacteroides_luti,0.9999957084655762,0.8155432939529419,0.907769501209259
NC_007021,taxid_1245_Leuconostoc_mesenteroides,0.9975314140319824,0.7838087677955627,0.8906700909137726
NC_007021,taxid_2751_Carnobacterium_maltaromaticum,0.999924898147583,0.7571258544921875,0.8785253763198853
NC_007021,taxid_1737571_Bacillus_oryzisoli,0.999998927116394,0.8500224351882935,0.9250106811523438
NC_007021,taxid_1358_Lactococcus_lactis,0.9999189376831056,0.7826637625694275,0.8912913501262665
NC_007021,taxid_185300_Paludibacter_propionicigenes,0.9999996423721312,0.8236141204833984,0.9118068814277649
NC_007021,taxid_147709_Carnobacterium_inhibens,0.9999998807907104,0.8021272420883179,0.9010635614395142
NC_007021,GENERO_Lacrimispora_94868,0.9999983310699464,0.8054991960525513,0.9027487635612488
NC_007021,GENERO_Lactococcus_1358,0.9999997615814208,0.7834532856941223,0.8917265236377716
NC_007021,taxid_293371_Lactobacillus_oligofermentans,0.9999442100524902,0.8060332536697388,0.9029887318611145
NC_007021,taxid_1397_Bacillus_circulans,1.0,0.8349649310112,0.9174824655056
NC_007021,taxid_1297750_Bacteroides_luti,1.0,0.8279059529304504,0.9139529764652252
NC_019508,taxid_1245_Leuconostoc_mesenteroides,0.9937419295310974,0.7500750422477722,0.8719084858894348
NC_019508,taxid_2751_Carnobacterium_maltaromaticum,0.9999784231185912,0.7381926774978638,0.8690855503082275
NC_019508,taxid_1737571_Bacillus_oryzisoli,0.99999737739563,0.8367530107498169,0.9183751940727234
NC_019508,taxid_1358_Lactococcus_lactis,0.9998589754104614,0.7643992304801941,0.8821291029453278
NC_019508,taxid_185300_Paludibacter_propionicigenes,0.9999998807907104,0.8000379204750061,0.9000189006328583
NC_019508,taxid_147709_Carnobacterium_inhibens,1.0,0.7872645854949951,0.8936322927474976
NC_019508,GENERO_Lacrimispora_94868,0.9999996423721312,0.7830260396003723,0.8915128409862518
NC_019508,GENERO_Lactococcus_1358,0.999998927116394,0.7547402381896973,0.8773695826530457
NC_019508,taxid_293371_Lactobacillus_oligofermentans,0.9998000264167786,0.7858010530471802,0.8928005397319794
NC_019508,taxid_1397_Bacillus_circulans,1.0,0.8240951299667358,0.9120475649833679
NC_019508,taxid_1297750_Bacteroides_luti,1.0,0.809564471244812,0.904782235622406
NC_007063,taxid_1245_Leuconostoc_mesenteroides,0.9993116855621338,0.7712461948394775,0.8852789402008057
NC_007063,taxid_2751_Carnobacterium_maltaromaticum,0.9999980926513672,0.748955488204956,0.8744767904281616
NC_007063,taxid_1737571_Bacillus_oryzisoli,0.999998927116394,0.8483912944793701,0.9241951107978821
NC_007063,taxid_1358_Lactococcus_lactis,0.9999889135360718,0.7770655155181885,0.8885272145271301
NC_007063,taxid_185300_Paludibacter_propionicigenes,0.9999998807907104,0.8173093199729919,0.9086546003818512
NC_007063,taxid_147709_Carnobacterium_inhibens,1.0,0.7948794960975647,0.8974397480487823
NC_007063,GENERO_Lacrimispora_94868,0.999998927116394,0.8092528581619263,0.9046258926391602
NC_007063,GENERO_Lactococcus_1358,0.9999995231628418,0.7730746865272522,0.886537104845047
NC_007063,taxid_293371_Lactobacillus_oligofermentans,0.9999891519546508,0.7970362901687622,0.8985127210617065
NC_007063,taxid_1397_Bacillus_circulans,1.0,0.8249688148498535,0.9124844074249268
NC_007063,taxid_1297750_Bacteroides_luti,1.0,0.8206362128257751,0.9103181064128876
NC_011523,taxid_1245_Leuconostoc_mesenteroides,0.9819931983947754,0.8121044635772705,0.897048830986023
NC_011523,taxid_185300_Paludibacter_propionicigenes,0.9991108775138856,0.8533366322517395,0.9262237548828125
NC_011523,GENERO_Lacrimispora_94868,0.909302532672882,0.847113311290741,0.8782079219818115
NC_011523,GENERO_Lactococcus_1358,0.9912368059158324,0.8086413741111755,0.899939090013504
NC_011523,taxid_1397_Bacillus_circulans,0.8903456330299377,0.819351851940155,0.8548487424850464
NC_011523,taxid_1297750_Bacteroides_luti,0.9919874668121338,0.8376328349113464,0.9148101508617401
NC_028951,taxid_1737571_Bacillus_oryzisoli,0.9840831160545348,0.8653853535652161,0.9247342348098755
NC_028951,taxid_185300_Paludibacter_propionicigenes,0.9934521913528442,0.8320403695106506,0.9127462804317474
NC_028951,taxid_147709_Carnobacterium_inhibens,0.99983811378479,0.8152962327003479,0.907567173242569
NC_028951,GENERO_Lacrimispora_94868,0.9885544180870056,0.8218452334403992,0.9051998257637024
NC_028951,GENERO_Lactococcus_1358,0.9921926856040956,0.7817660570144653,0.8869793713092804
NC_028951,taxid_1397_Bacillus_circulans,0.9999980926513672,0.8520427346229553,0.9260204136371613
NC_028951,taxid_1297750_Bacteroides_luti,0.9999853372573853,0.8375498056411743,0.9187675714492798
NC_020480,taxid_1245_Leuconostoc_mesenteroides,0.9999908208847046,0.7697191834449768,0.8848550021648407
NC_020480,taxid_33968_Leuconostoc_pseudomesenteroides,0.9999990463256836,0.797694742679596,0.8988468945026398
NC_020480,taxid_185300_Paludibacter_propionicigenes,0.9886941313743592,0.8079997897148132,0.8983469605445862
NC_020480,GENERO_Lacrimispora_94868,0.9101753830909728,0.8308377861976624,0.8705065846443176
NC_020480,GENERO_Lactococcus_1358,0.9999128580093384,0.7442153692245483,0.8720641136169434
NC_020480,taxid_293371_Lactobacillus_oligofermentans,0.9843012690544128,0.738356351852417,0.8613288104534149
NC_020480,taxid_1129792_Weissella_oryzae,0.9999301433563232,0.7769893407821655,0.8884597420692444
NC_019423,taxid_2479367_Buttiauxella_sp_3AFRM03,0.9567275047302246,0.8023800849914551,0.8795537948608398
NC_019423,taxid_1590_Lactiplantibacillus_plantarum,1.0,0.7166527509689331,0.8583263754844666
NC_007603,taxid_2479367_Buttiauxella_sp_3AFRM03,0.999890685081482,0.7831506133079529,0.8915206491947174
NC_007603,taxid_1590_Lactiplantibacillus_plantarum,1.0,0.7138792276382446,0.8569396138191223
NC_007603,taxid_1737571_Bacillus_oryzisoli,0.9985163807868958,0.7284982800483704,0.8635073304176331
NC_007603,taxid_33968_Leuconostoc_pseudomesenteroides,1.0,0.7198324799537659,0.8599162399768829
NC_007603,taxid_185300_Paludibacter_propionicigenes,0.9999994039535522,0.7217365503311157,0.860867977142334
NC_007603,GENERO_Lacrimispora_94868,0.9999940395355223,0.7890273332595825,0.8945106863975525
NC_021332,taxid_1245_Leuconostoc_mesenteroides,0.9999953508377076,0.7583388090133667,0.8791670799255371
NC_021332,taxid_2751_Carnobacterium_maltaromaticum,1.0,0.7249696254730225,0.8624848127365112
NC_021332,taxid_1737571_Bacillus_oryzisoli,1.0,0.8390530943870544,0.9195265471935272
NC_021332,taxid_33968_Leuconostoc_pseudomesenteroides,0.9977543950080872,0.7628132700920105,0.8802838325500488
NC_021332,taxid_1358_Lactococcus_lactis,0.9999998807907104,0.760491669178009,0.8802457749843597
NC_021332,taxid_185300_Paludibacter_propionicigenes,1.0,0.8068258762359619,0.903412938117981
NC_021332,taxid_147709_Carnobacterium_inhibens,1.0,0.7802838087081909,0.8901419043540955
NC_021332,taxid_165096_Weissella_koreensis,0.994936466217041,0.803985059261322,0.8994607627391815
NC_021332,GENERO_Lacrimispora_94868,1.0,0.7985908389091492,0.8992954194545746
NC_021332,GENERO_Lactococcus_1358,1.0,0.7600558400154114,0.8800279200077057
NC_021332,taxid_293371_Lactobacillus_oligofermentans,0.9999998807907104,0.7849117517471313,0.8924558162689209
NC_021332,taxid_1397_Bacillus_circulans,1.0,0.8107012510299683,0.9053506255149841
NC_021332,taxid_1129792_Weissella_oryzae,0.96298348903656,0.7612448930740356,0.8621141910552979
NC_021332,taxid_1297750_Bacteroides_luti,1.0,0.8085460662841797,0.9042730331420898
NC_031036,taxid_2479367_Buttiauxella_sp_3AFRM03,0.9956467747688292,0.7594332695007324,0.8775400221347809
NC_031036,taxid_1590_Lactiplantibacillus_plantarum,0.9999998807907104,0.7195850610733032,0.8597924709320068
NC_031036,taxid_33968_Leuconostoc_pseudomesenteroides,0.9999998807907104,0.7399253845214844,0.8699626326560974
NC_031036,taxid_185300_Paludibacter_propionicigenes,0.9945770502090454,0.7390322685241699,0.8668046593666077
NC_031036,taxid_1129792_Weissella_oryzae,0.9999933242797852,0.7088378071784973,0.8544155657291412
NC_023734,taxid_1590_Lactiplantibacillus_plantarum,0.9999986886978148,0.7051398754119873,0.8525692820549011
NC_023734,taxid_1737571_Bacillus_oryzisoli,0.9999996423721312,0.7345181107521057,0.8672588765621185
NC_023734,taxid_33968_Leuconostoc_pseudomesenteroides,0.9999998807907104,0.7284839153289795,0.864241898059845
NC_023734,taxid_185300_Paludibacter_propionicigenes,1.0,0.730143666267395,0.8650718331336975
NC_023734,GENERO_Lacrimispora_94868,0.9999995231628418,0.7724258303642273,0.8862126767635345
NC_030945,taxid_1590_Lactiplantibacillus_plantarum,0.9999971389770508,0.716467559337616,0.8582323491573334
NC_030945,taxid_1245_Leuconostoc_mesenteroides,1.0,0.779328465461731,0.8896642327308655
NC_030945,taxid_1737571_Bacillus_oryzisoli,0.9996826648712158,0.8273415565490723,0.913512110710144
NC_030945,taxid_33968_Leuconostoc_pseudomesenteroides,1.0,0.8106715083122253,0.9053357541561127
NC_030945,taxid_28038_Lactobacillus_curvatus,0.9999992847442628,0.7139511108398438,0.8569751977920532
NC_030945,taxid_185300_Paludibacter_propionicigenes,0.9999995231628418,0.821686863899231,0.9108431935310364
NC_030945,taxid_165096_Weissella_koreensis,0.9261716604232788,0.783425509929657,0.8547985851764679
NC_030945,GENERO_Lacrimispora_94868,0.999988317489624,0.8384590148925781,0.9192236661911011
NC_030945,GENERO_Lactococcus_1358,1.0,0.7564494013786316,0.8782247006893158
NC_030945,taxid_293371_Lactobacillus_oligofermentans,0.9999992847442628,0.7501397728919983,0.8750695288181305
NC_030945,taxid_879969_Macellibacteroides_fermentans,0.9999918937683104,0.7289526462554932,0.8644722700119019
NC_030945,taxid_1397_Bacillus_circulans,0.9998335838317872,0.7363990545272827,0.8681163191795349
NC_030945,taxid_1129792_Weissella_oryzae,0.9999986886978148,0.7898816466331482,0.8949401676654816
NC_030945,taxid_1610_Lactobacillus_coryniformis,0.9999877214431764,0.7238744497299194,0.8619310855865479
NC_030945,taxid_1297750_Bacteroides_luti,0.999962568283081,0.7734190821647644,0.8866908252239227
NC_020857,taxid_33964_Leuconostoc_citreum,1.0,0.7005059719085693,0.8502529859542847
NC_020857,taxid_1590_Lactiplantibacillus_plantarum,0.9999998807907104,0.7343323826789856,0.867166131734848
NC_020857,taxid_1245_Leuconostoc_mesenteroides,1.0,0.771249532699585,0.8856247663497925
NC_020857,taxid_1737571_Bacillus_oryzisoli,1.0,0.810819685459137,0.9054098427295685
NC_020857,taxid_33968_Leuconostoc_pseudomesenteroides,1.0,0.7978290915489197,0.8989145457744598
NC_020857,taxid_28038_Lactobacillus_curvatus,1.0,0.7146939039230347,0.8573469519615173
NC_020857,taxid_185300_Paludibacter_propionicigenes,1.0,0.8083284497261047,0.9041642248630524
NC_020857,taxid_165096_Weissella_koreensis,1.0,0.7730017900466919,0.886500895023346
NC_020857,GENERO_Lacrimispora_94868,1.0,0.840998113155365,0.9204990565776825
NC_020857,GENERO_Lactococcus_1358,1.0,0.7492995262145996,0.8746497631072998
NC_020857,taxid_293371_Lactobacillus_oligofermentans,1.0,0.7428005933761597,0.8714002966880798
NC_020857,taxid_879969_Macellibacteroides_fermentans,1.0,0.7270956039428711,0.8635478019714355
NC_020857,taxid_1397_Bacillus_circulans,1.0,0.722133994102478,0.861066997051239
NC_020857,taxid_1129792_Weissella_oryzae,1.0,0.7817646265029907,0.8908823132514954
NC_020857,taxid_1610_Lactobacillus_coryniformis,0.9999998807907104,0.7389062643051147,0.8694530725479126
NC_020857,taxid_1297750_Bacteroides_luti,1.0,0.7553939819335938,0.8776969909667969
NC_002667,taxid_1245_Leuconostoc_mesenteroides,1.0,0.808785080909729,0.9043925404548645
NC_002667,taxid_2751_Carnobacterium_maltaromaticum,0.9999998807907104,0.7539334297180176,0.876966655254364
NC_002667,taxid_1737571_Bacillus_oryzisoli,1.0,0.8676454424858093,0.9338227212429047
NC_002667,taxid_33968_Leuconostoc_pseudomesenteroides,0.9999997615814208,0.8177193999290466,0.9088595807552338
NC_002667,taxid_1358_Lactococcus_lactis,1.0,0.785999596118927,0.8929997980594635
NC_002667,taxid_185300_Paludibacter_propionicigenes,1.0,0.8474228382110596,0.9237114191055298
NC_002667,taxid_147709_Carnobacterium_inhibens,1.0,0.7963246703147888,0.8981623351573944
NC_002667,taxid_165096_Weissella_koreensis,0.9999895095825196,0.8356144428253174,0.9178019762039185
NC_002667,GENERO_Lacrimispora_94868,1.0,0.8419856429100037,0.9209928214550018
NC_002667,GENERO_Lactococcus_1358,1.0,0.8058567643165588,0.9029283821582794
NC_002667,taxid_293371_Lactobacillus_oligofermentans,1.0,0.8168408274650574,0.9084204137325287
NC_002667,taxid_1397_Bacillus_circulans,1.0,0.8233781456947327,0.9116890728473663
NC_002667,taxid_1129792_Weissella_oryzae,0.9999966621398926,0.8129738569259644,0.9064852595329285
NC_002667,taxid_1297750_Bacteroides_luti,1.0,0.8355545401573181,0.9177772700786591
NC_025420,taxid_1590_Lactiplantibacillus_plantarum,0.9999996423721312,0.7184521555900574,0.8592258989810944
NC_025420,taxid_1245_Leuconostoc_mesenteroides,1.0,0.7629178166389465,0.8814589083194733
NC_025420,taxid_1737571_Bacillus_oryzisoli,0.9999985694885254,0.812394380569458,0.9061964750289917
NC_025420,taxid_33968_Leuconostoc_pseudomesenteroides,1.0,0.7985972166061401,0.8992986083030701
NC_025420,taxid_185300_Paludibacter_propionicigenes,1.0,0.8079234957695007,0.9039617478847504
NC_025420,taxid_165096_Weissella_koreensis,0.9998719692230223,0.7642368674278259,0.8820544183254242
NC_025420,GENERO_Lacrimispora_94868,0.9999996423721312,0.8335212469100952,0.9167604446411133
NC_025420,GENERO_Lactococcus_1358,1.0,0.7343639135360718,0.8671819567680359
NC_025420,taxid_293371_Lactobacillus_oligofermentans,1.0,0.726762592792511,0.8633812963962555
NC_025420,taxid_879969_Macellibacteroides_fermentans,0.9999997615814208,0.7131476402282715,0.8565737009048462
NC_025420,taxid_1129792_Weissella_oryzae,1.0,0.7748335003852844,0.8874167501926422
NC_025420,taxid_1610_Lactobacillus_coryniformis,0.9999995231628418,0.7201216816902161,0.8600606024265289
NC_025420,taxid_1297750_Bacteroides_luti,0.9999997615814208,0.7444257736206055,0.8722127676010132
NC_020488,GENERO_Lacrimispora_94868,1.0,0.7292927503585815,0.8646463751792908
NC_015253,taxid_33968_Leuconostoc_pseudomesenteroides,0.9998445510864258,0.7644027471542358,0.8821236491203308
NC_023581,taxid_2479367_Buttiauxella_sp_3AFRM03,0.9997319579124452,0.8042023181915283,0.9019671380519867
NC_023581,taxid_33964_Leuconostoc_citreum,1.0,0.7261372804641724,0.8630686402320862
NC_023581,taxid_1590_Lactiplantibacillus_plantarum,1.0,0.7636948823928833,0.8818474411964417
NC_023581,taxid_1245_Leuconostoc_mesenteroides,1.0,0.7961909174919128,0.8980954587459564
NC_023581,taxid_1737571_Bacillus_oryzisoli,1.0,0.8421812653541565,0.9210906326770782
NC_023581,taxid_33968_Leuconostoc_pseudomesenteroides,1.0,0.8253675103187561,0.912683755159378
NC_023581,taxid_28038_Lactobacillus_curvatus,1.0,0.7400792837142944,0.8700396418571472
NC_023581,taxid_1358_Lactococcus_lactis,0.9999998807907104,0.7018167972564697,0.8509083390235901
NC_023581,taxid_185300_Paludibacter_propionicigenes,1.0,0.8392160534858704,0.9196080267429352
NC_023581,taxid_147709_Carnobacterium_inhibens,1.0,0.7164929509162903,0.8582464754581451
NC_023581,taxid_165096_Weissella_koreensis,0.9999998807907104,0.79948890209198,0.8997443914413452
NC_023581,GENERO_Lacrimispora_94868,1.0,0.8608048558235168,0.9304024279117584
NC_023581,GENERO_Lactococcus_1358,1.0,0.7758702039718628,0.8879351019859314
NC_023581,taxid_293371_Lactobacillus_oligofermentans,1.0,0.7705889344215393,0.8852944672107697
NC_023581,taxid_879969_Macellibacteroides_fermentans,1.0,0.7630611062049866,0.8815305531024933
NC_023581,taxid_1397_Bacillus_circulans,1.0,0.7590067386627197,0.8795033693313599
NC_023581,taxid_1129792_Weissella_oryzae,1.0,0.8066860437393188,0.9033430218696594
NC_023581,taxid_1610_Lactobacillus_coryniformis,1.0,0.7612951993942261,0.880647599697113
NC_023581,taxid_642589_Caproiciproducens_galactitolivorans,0.9999995231628418,0.7323965430259705,0.8661980330944061
NC_023581,taxid_1297750_Bacteroides_luti,1.0,0.7983465194702148,0.8991732597351074
NC_023719,taxid_1245_Leuconostoc_mesenteroides,1.0,0.779247522354126,0.889623761177063
NC_023719,taxid_2751_Carnobacterium_maltaromaticum,1.0,0.7355859875679016,0.8677929937839508
NC_023719,taxid_1737571_Bacillus_oryzisoli,1.0,0.8452354073524475,0.9226177036762238
NC_023719,taxid_33968_Leuconostoc_pseudomesenteroides,1.0,0.7830555438995361,0.8915277719497681
NC_023719,taxid_1358_Lactococcus_lactis,1.0,0.7685636878013611,0.8842818439006805
NC_023719,taxid_185300_Paludibacter_propionicigenes,1.0,0.8197886347770691,0.9098943173885345
NC_023719,taxid_147709_Carnobacterium_inhibens,1.0,0.783923327922821,0.8919616639614105
NC_023719,taxid_165096_Weissella_koreensis,0.9999996423721312,0.8130581378936768,0.906528890132904
NC_023719,GENERO_Lacrimispora_94868,1.0,0.8205068707466125,0.9102534353733063
NC_023719,GENERO_Lactococcus_1358,1.0,0.7777599692344666,0.8888799846172333
NC_023719,taxid_293371_Lactobacillus_oligofermentans,1.0,0.7933535575866699,0.896676778793335
NC_023719,taxid_1397_Bacillus_circulans,1.0,0.8156750202178955,0.9078375101089478
NC_023719,taxid_1129792_Weissella_oryzae,1.0,0.7819923162460327,0.8909961581230164
NC_023719,taxid_1297750_Bacteroides_luti,1.0,0.8132326602935791,0.9066163301467896
NC_028748,taxid_1245_Leuconostoc_mesenteroides,0.9999943971633912,0.8198681473731995,0.9099312722682953
NC_028748,taxid_2751_Carnobacterium_maltaromaticum,0.9999984502792358,0.7769177556037903,0.8884581029415131
NC_028748,taxid_1737571_Bacillus_oryzisoli,1.0,0.8807186484336853,0.9403593242168427
NC_028748,taxid_33968_Leuconostoc_pseudomesenteroides,0.9993256330490112,0.8315481543540955,0.9154368937015533
NC_028748,taxid_1358_Lactococcus_lactis,0.9999986886978148,0.803625226020813,0.901811957359314
NC_028748,taxid_185300_Paludibacter_propionicigenes,1.0,0.8605133891105652,0.9302566945552826
NC_028748,taxid_147709_Carnobacterium_inhibens,1.0,0.8186890482902527,0.9093445241451263
NC_028748,taxid_165096_Weissella_koreensis,0.965364158153534,0.8498991131782532,0.9076316356658936
NC_028748,GENERO_Lacrimispora_94868,1.0,0.8574562072753906,0.9287281036376953
NC_028748,GENERO_Lactococcus_1358,1.0,0.8175597786903381,0.9087798893451691
NC_028748,taxid_293371_Lactobacillus_oligofermentans,0.9999995231628418,0.8317660093307495,0.9158827662467957
NC_028748,taxid_879969_Macellibacteroides_fermentans,0.9999996423721312,0.7157644629478455,0.8578820526599884
NC_028748,taxid_1397_Bacillus_circulans,1.0,0.845654308795929,0.9228271543979645
NC_028748,taxid_1129792_Weissella_oryzae,0.9914844632148744,0.8261699080467224,0.9088271856307983
NC_028748,taxid_1297750_Bacteroides_luti,1.0,0.8544403910636902,0.9272201955318451
NC_025449,taxid_2479367_Buttiauxella_sp_3AFRM03,0.9997209906578064,0.7854874134063721,0.8926042020320892
NC_025449,taxid_1590_Lactiplantibacillus_plantarum,0.9999948740005492,0.7154064774513245,0.8577006757259369
NC_025449,taxid_82977_Buttiauxella_agrestis,0.9980645775794984,0.7074267864227295,0.8527456820011139
NC_025449,taxid_33968_Leuconostoc_pseudomesenteroides,0.999947190284729,0.7045637369155884,0.8522554636001587
NC_008193,taxid_1245_Leuconostoc_mesenteroides,0.9999997615814208,0.7817946672439575,0.8908972144126892
NC_008193,taxid_1737571_Bacillus_oryzisoli,0.9923696517944336,0.8364951014518738,0.9144323766231537
NC_008193,taxid_33968_Leuconostoc_pseudomesenteroides,0.9999998807907104,0.800243616104126,0.9001217484474182
NC_008193,taxid_185300_Paludibacter_propionicigenes,0.9999980926513672,0.8257877826690674,0.9128929376602173
NC_008193,GENERO_Lacrimispora_94868,0.9999408721923828,0.8239050507545471,0.911922961473465
NC_008193,GENERO_Lactococcus_1358,0.9999992847442628,0.7704500555992126,0.8852246701717377
NC_008193,taxid_293371_Lactobacillus_oligofermentans,0.9999361038208008,0.7682414054870605,0.8840887546539307
NC_008193,taxid_1397_Bacillus_circulans,0.9933197498321532,0.765964925289154,0.8796423375606537
NC_008193,taxid_1129792_Weissella_oryzae,0.9999531507492064,0.7886402010917664,0.8942966759204865
NC_008193,taxid_1297750_Bacteroides_luti,0.9992764592170716,0.7938785552978516,0.8965775072574615
NC_028700,taxid_33964_Leuconostoc_citreum,1.0,0.7163386940956116,0.8581693470478058
NC_028700,taxid_1245_Leuconostoc_mesenteroides,1.0,0.8185356855392456,0.9092678427696228
NC_028700,taxid_2751_Carnobacterium_maltaromaticum,1.0,0.7469182014465332,0.8734591007232666
NC_028700,taxid_1737571_Bacillus_oryzisoli,1.0,0.870555579662323,0.9352777898311615
NC_028700,taxid_33968_Leuconostoc_pseudomesenteroides,1.0,0.8296540379524231,0.9148270189762115
NC_028700,taxid_28038_Lactobacillus_curvatus,1.0,0.7104806303977966,0.8552403151988983
NC_028700,taxid_1358_Lactococcus_lactis,1.0,0.7804313898086548,0.8902156949043274
NC_028700,taxid_185300_Paludibacter_propionicigenes,1.0,0.8569286465644836,0.9284643232822418
NC_028700,taxid_147709_Carnobacterium_inhibens,1.0,0.7903814911842346,0.8951907455921173
NC_028700,taxid_165096_Weissella_koreensis,1.0,0.8385404944419861,0.919270247220993
NC_028700,GENERO_Lacrimispora_94868,1.0,0.8518650531768799,0.9259325265884399
NC_028700,GENERO_Lactococcus_1358,1.0,0.8148119449615479,0.9074059724807739
NC_028700,taxid_293371_Lactobacillus_oligofermentans,1.0,0.8180142641067505,0.9090071320533752
NC_028700,taxid_879969_Macellibacteroides_fermentans,1.0,0.7214584350585938,0.8607292175292969
NC_028700,taxid_1397_Bacillus_circulans,1.0,0.8178086876869202,0.9089043438434601
NC_028700,taxid_1129792_Weissella_oryzae,1.0,0.8227325081825256,0.9113662540912628
NC_028700,taxid_1297750_Bacteroides_luti,1.0,0.8366044163703918,0.9183022081851959
NC_019422,taxid_1245_Leuconostoc_mesenteroides,1.0,0.7864717245101929,0.8932358622550964
NC_019422,taxid_2751_Carnobacterium_maltaromaticum,1.0,0.78451007604599,0.892255038022995
NC_019422,taxid_1737571_Bacillus_oryzisoli,1.0,0.8688525557518005,0.9344262778759003
NC_019422,taxid_33968_Leuconostoc_pseudomesenteroides,0.9999991655349731,0.7892522215843201,0.8946256935596466
NC_019422,taxid_1358_Lactococcus_lactis,1.0,0.8017659187316895,0.9008829593658447
NC_019422,taxid_185300_Paludibacter_propionicigenes,1.0,0.8365959525108337,0.9182979762554169
NC_019422,taxid_147709_Carnobacterium_inhibens,1.0,0.821861743927002,0.910930871963501
NC_019422,taxid_165096_Weissella_koreensis,0.9999977350234984,0.8366889357566833,0.9183433353900909
NC_019422,GENERO_Lacrimispora_94868,1.0,0.8255745768547058,0.9127872884273529
NC_019422,GENERO_Lactococcus_1358,1.0,0.7893528938293457,0.8946764469146729
NC_019422,taxid_293371_Lactobacillus_oligofermentans,1.0,0.8191884756088257,0.9095942378044128
NC_019422,taxid_1397_Bacillus_circulans,1.0,0.8569565415382385,0.9284782707691193
NC_019422,taxid_1129792_Weissella_oryzae,0.9999934434890748,0.7887353897094727,0.8943644165992737
NC_019422,taxid_1297750_Bacteroides_luti,1.0,0.8427678942680359,0.9213839471340179
NC_031065,taxid_2479367_Buttiauxella_sp_3AFRM03,0.998988926410675,0.7654137015342712,0.8822013139724731
NC_018264,taxid_33964_Leuconostoc_citreum,0.9994698166847228,0.7574235200881958,0.8784466683864594
NC_018264,taxid_1590_Lactiplantibacillus_plantarum,0.994365930557251,0.7368112802505493,0.8655886054039001
NC_018264,taxid_1245_Leuconostoc_mesenteroides,1.0,0.8366121649742126,0.9183060824871063
NC_018264,taxid_2751_Carnobacterium_maltaromaticum,1.0,0.7609406113624573,0.8804703056812286
NC_018264,taxid_1737571_Bacillus_oryzisoli,1.0,0.8730744123458862,0.9365372061729431
NC_018264,taxid_33968_Leuconostoc_pseudomesenteroides,0.9999945163726808,0.8485255837440491,0.9242600500583649
NC_018264,taxid_28038_Lactobacillus_curvatus,0.9999991655349731,0.7577111721038818,0.8788551688194275
NC_018264,taxid_1358_Lactococcus_lactis,1.0,0.7925410270690918,0.8962705135345459
NC_018264,taxid_185300_Paludibacter_propionicigenes,1.0,0.8668906688690186,0.9334453344345093
NC_018264,taxid_147709_Carnobacterium_inhibens,1.0,0.8010239005088806,0.9005119502544403
NC_018264,taxid_165096_Weissella_koreensis,0.9998865127563475,0.8461683392524719,0.9230274260044098
NC_018264,GENERO_Lacrimispora_94868,1.0,0.8671479225158691,0.9335739612579346
NC_018264,GENERO_Lactococcus_1358,1.0,0.8285272717475891,0.9142636358737946
NC_018264,taxid_293371_Lactobacillus_oligofermentans,1.0,0.8281239867210388,0.9140619933605194
NC_018264,taxid_879969_Macellibacteroides_fermentans,1.0,0.7684037089347839,0.884201854467392
NC_018264,taxid_1397_Bacillus_circulans,1.0,0.8284979462623596,0.9142489731311798
NC_018264,taxid_1129792_Weissella_oryzae,0.9999443292617798,0.8397262096405029,0.9198352694511414
NC_018264,taxid_1610_Lactobacillus_coryniformis,0.998372495174408,0.7560622096061707,0.8772173523902893
NC_018264,taxid_1297750_Bacteroides_luti,1.0,0.8457736372947693,0.9228868186473846
NC_018086,taxid_33964_Leuconostoc_citreum,0.9978271126747132,0.7306229472160339,0.8642250299453735
NC_018086,taxid_1590_Lactiplantibacillus_plantarum,0.9983304142951964,0.7563999891281128,0.8773652017116547
NC_018086,taxid_1245_Leuconostoc_mesenteroides,0.999993085861206,0.8023362159729004,0.9011646509170532
NC_018086,taxid_1737571_Bacillus_oryzisoli,0.987723469734192,0.8460724949836731,0.9168979823589325
NC_018086,taxid_33968_Leuconostoc_pseudomesenteroides,0.9999837875366212,0.8305250406265259,0.9152544140815735
NC_018086,taxid_28038_Lactobacillus_curvatus,0.9999208450317384,0.7418428659439087,0.8708818554878235
NC_018086,taxid_185300_Paludibacter_propionicigenes,0.9995187520980836,0.8415856957435608,0.9205522239208221
NC_018086,GENERO_Lacrimispora_94868,0.997187077999115,0.8643579483032227,0.9307725131511688
NC_018086,GENERO_Lactococcus_1358,0.9999969005584716,0.7809147834777832,0.8904558420181274
NC_018086,taxid_293371_Lactobacillus_oligofermentans,0.9998782873153688,0.7763317823410034,0.888105034828186
NC_018086,taxid_879969_Macellibacteroides_fermentans,0.983245611190796,0.7567989826202393,0.8700222969055176
NC_018086,taxid_1397_Bacillus_circulans,0.9919083714485168,0.7584840059280396,0.8751961886882782
NC_018086,taxid_1129792_Weissella_oryzae,0.9995612502098083,0.8117138147354126,0.9056375324726105
NC_018086,taxid_1610_Lactobacillus_coryniformis,0.995677411556244,0.757847785949707,0.8767625987529755
NC_018086,taxid_1297750_Bacteroides_luti,0.9732460379600524,0.7931337356567383,0.8831898868083954
NC_018284,taxid_1245_Leuconostoc_mesenteroides,1.0,0.7970922589302063,0.8985461294651031
NC_018284,taxid_2751_Carnobacterium_maltaromaticum,1.0,0.7585644721984863,0.8792822360992432
NC_018284,taxid_1737571_Bacillus_oryzisoli,1.0,0.8660671710968018,0.9330335855484009
NC_018284,taxid_33968_Leuconostoc_pseudomesenteroides,0.999994158744812,0.8054612278938293,0.9027276933193207
NC_018284,taxid_1358_Lactococcus_lactis,1.0,0.7907748222351074,0.8953874111175537
NC_018284,taxid_185300_Paludibacter_propionicigenes,1.0,0.8407410979270935,0.9203705489635468
NC_018284,taxid_147709_Carnobacterium_inhibens,1.0,0.8077701926231384,0.9038850963115692
NC_018284,taxid_165096_Weissella_koreensis,0.9999622106552124,0.8338674902915955,0.9169148504734039
NC_018284,GENERO_Lacrimispora_94868,1.0,0.833597719669342,0.916798859834671
NC_018284,GENERO_Lactococcus_1358,1.0,0.7957643270492554,0.8978821635246277
NC_018284,taxid_293371_Lactobacillus_oligofermentans,1.0,0.816000759601593,0.9080003798007965
NC_018284,taxid_1397_Bacillus_circulans,1.0,0.8350383043289185,0.9175191521644592
NC_018284,taxid_1129792_Weissella_oryzae,0.9999393224716188,0.8017338514328003,0.9008365869522095
NC_018284,taxid_1297750_Bacteroides_luti,1.0,0.8375880122184753,0.9187940061092377
NC_005893,taxid_2479367_Buttiauxella_sp_3AFRM03,0.9999998807907104,0.771880030632019,0.8859399557113647
NC_005893,taxid_1590_Lactiplantibacillus_plantarum,1.0,0.7117106914520264,0.8558553457260132
NC_005893,taxid_1737571_Bacillus_oryzisoli,0.9999922513961792,0.7297263741493225,0.8648593127727509
NC_005893,taxid_33968_Leuconostoc_pseudomesenteroides,1.0,0.7270914316177368,0.8635457158088684
NC_005893,taxid_185300_Paludibacter_propionicigenes,0.9999998807907104,0.7259556651115417,0.8629777729511261
NC_005893,GENERO_Lacrimispora_94868,0.9999971389770508,0.7739163637161255,0.8869567513465881
NC_011045,taxid_2479367_Buttiauxella_sp_3AFRM03,0.996820330619812,0.7437202334403992,0.8702702820301056
NC_029048,taxid_2751_Carnobacterium_maltaromaticum,0.9875998497009276,0.790365993976593,0.8889829218387604
NC_029048,taxid_1737571_Bacillus_oryzisoli,0.999987244606018,0.8707075119018555,0.9353473782539368
NC_029048,taxid_1358_Lactococcus_lactis,0.992588996887207,0.8093408346176147,0.9009649157524109
NC_029048,taxid_185300_Paludibacter_propionicigenes,0.9999845027923584,0.842319130897522,0.9211518168449402
NC_029048,taxid_147709_Carnobacterium_inhibens,0.9999945163726808,0.8280141353607178,0.9140043258666992
NC_029048,GENERO_Lacrimispora_94868,0.9999922513961792,0.830860435962677,0.9154263436794281
NC_029048,GENERO_Lactococcus_1358,0.9999949932098388,0.8069186210632324,0.9034568071365356
NC_029048,taxid_293371_Lactobacillus_oligofermentans,0.995378851890564,0.8286117911338806,0.9119953215122223
NC_029048,taxid_1397_Bacillus_circulans,1.0,0.8595516681671143,0.9297758340835571
NC_029048,taxid_1297750_Bacteroides_luti,0.9999998807907104,0.8497324585914612,0.9248661696910858
NC_031917,taxid_2479367_Buttiauxella_sp_3AFRM03,0.99999737739563,0.7519633173942566,0.8759803473949432
NC_031917,taxid_1245_Leuconostoc_mesenteroides,1.0,0.7054533362388611,0.8527266681194305
NC_031917,taxid_1737571_Bacillus_oryzisoli,1.0,0.7572132349014282,0.8786066174507141
NC_031917,taxid_33968_Leuconostoc_pseudomesenteroides,1.0,0.7454022765159607,0.8727011382579803
NC_031917,taxid_185300_Paludibacter_propionicigenes,1.0,0.755194902420044,0.877597451210022
NC_031917,GENERO_Lacrimispora_94868,1.0,0.8054654002189636,0.9027327001094818
NC_031917,taxid_1129792_Weissella_oryzae,1.0,0.7183486223220825,0.8591743111610413
NC_007053,taxid_1245_Leuconostoc_mesenteroides,0.9961547255516052,0.7984716892242432,0.8973132073879242
NC_007053,taxid_2751_Carnobacterium_maltaromaticum,0.9986966252326964,0.7823085188865662,0.8905025720596313
NC_007053,taxid_1737571_Bacillus_oryzisoli,0.9999970197677612,0.867716908454895,0.9338569641113281
NC_007053,taxid_1358_Lactococcus_lactis,0.9996169805526732,0.802950918674469,0.9012839496135712
NC_007053,taxid_185300_Paludibacter_propionicigenes,0.999996781349182,0.8400644659996033,0.9200306236743927
NC_007053,taxid_147709_Carnobacterium_inhibens,0.9999992847442628,0.820239245891571,0.9101192653179169
NC_007053,GENERO_Lacrimispora_94868,0.9999954700469972,0.8311942219734192,0.9155948460102081
NC_007053,GENERO_Lactococcus_1358,0.9999996423721312,0.7999266386032104,0.8999631404876709
NC_007053,taxid_293371_Lactobacillus_oligofermentans,0.9998793601989746,0.8218809962272644,0.9108801782131195
NC_007053,taxid_1397_Bacillus_circulans,1.0,0.8504102230072021,0.9252051115036011
NC_007053,taxid_1297750_Bacteroides_luti,0.9999998807907104,0.8437044024467468,0.9218521416187286
NC_015290,taxid_1590_Lactiplantibacillus_plantarum,0.9999933242797852,0.727247953414917,0.8636206388473511
NC_015290,taxid_1245_Leuconostoc_mesenteroides,0.9999994039535522,0.7211089134216309,0.8605541586875916
NC_015290,taxid_1737571_Bacillus_oryzisoli,0.9995526671409608,0.77286297082901,0.8862078189849854
NC_015290,taxid_33968_Leuconostoc_pseudomesenteroides,0.9999994039535522,0.7607908844947815,0.8803951442241669
NC_015290,taxid_185300_Paludibacter_propionicigenes,0.9999969005584716,0.7698377370834351,0.8849173188209534
NC_015290,GENERO_Lacrimispora_94868,0.9999723434448242,0.8176454305648804,0.9088088870048523
NC_015290,taxid_1129792_Weissella_oryzae,0.9999606609344482,0.7404349446296692,0.8701978027820587
NC_015290,taxid_1610_Lactobacillus_coryniformis,0.9999594688415528,0.7041191458702087,0.8520393073558807
NC_027341,taxid_1245_Leuconostoc_mesenteroides,1.0,0.8178508877754211,0.9089254438877106
NC_027341,taxid_2751_Carnobacterium_maltaromaticum,1.0,0.7671176791191101,0.883558839559555
NC_027341,taxid_1737571_Bacillus_oryzisoli,1.0,0.8718411326408386,0.9359205663204193
NC_027341,taxid_33968_Leuconostoc_pseudomesenteroides,1.0,0.8253432512283325,0.9126716256141663
NC_027341,taxid_28038_Lactobacillus_curvatus,1.0,0.701863169670105,0.8509315848350525
NC_027341,taxid_1358_Lactococcus_lactis,1.0,0.7988937497138977,0.8994468748569489
NC_027341,taxid_185300_Paludibacter_propionicigenes,1.0,0.8536696434020996,0.9268348217010498
NC_027341,taxid_147709_Carnobacterium_inhibens,1.0,0.8100212216377258,0.9050106108188629
NC_027341,taxid_165096_Weissella_koreensis,0.9999970197677612,0.8436159491539001,0.9218064844608307
NC_027341,GENERO_Lacrimispora_94868,1.0,0.8544734120368958,0.9272367060184479
NC_027341,GENERO_Lactococcus_1358,1.0,0.8132719993591309,0.9066359996795654
NC_027341,taxid_293371_Lactobacillus_oligofermentans,1.0,0.825844407081604,0.912922203540802
NC_027341,taxid_879969_Macellibacteroides_fermentans,1.0,0.7192547917366028,0.8596273958683014
NC_027341,taxid_1397_Bacillus_circulans,1.0,0.8388857841491699,0.919442892074585
NC_027341,taxid_1129792_Weissella_oryzae,0.9999998807907104,0.8212475180625916,0.910623699426651
NC_027341,taxid_1610_Lactobacillus_coryniformis,0.9999996423721312,0.7047524452209473,0.8523760437965393
NC_027341,taxid_1297750_Bacteroides_luti,1.0,0.8397327661514282,0.9198663830757141
NC_028830,taxid_1590_Lactiplantibacillus_plantarum,0.9999984502792358,0.7208715081214905,0.8604349792003632
NC_028830,taxid_1245_Leuconostoc_mesenteroides,0.9999998807907104,0.7018566727638245,0.8509282767772675
NC_028830,taxid_1737571_Bacillus_oryzisoli,0.9998488426208496,0.753773033618927,0.8768109381198883
NC_028830,taxid_33968_Leuconostoc_pseudomesenteroides,0.9999998807907104,0.7475093007087708,0.8737545907497406
NC_028830,taxid_185300_Paludibacter_propionicigenes,0.9999983310699464,0.7477447390556335,0.8738715350627899
NC_028830,GENERO_Lacrimispora_94868,0.999964952468872,0.785992443561554,0.892978698015213
NC_028830,taxid_1129792_Weissella_oryzae,0.9999990463256836,0.7165299654006958,0.8582645058631897
NC_031920,taxid_33964_Leuconostoc_citreum,1.0,0.7163269519805908,0.8581634759902954
NC_031920,taxid_1590_Lactiplantibacillus_plantarum,0.9999998807907104,0.746585488319397,0.8732926845550537
NC_031920,taxid_1245_Leuconostoc_mesenteroides,1.0,0.7904532551765442,0.8952266275882721
NC_031920,taxid_1737571_Bacillus_oryzisoli,1.0,0.830093264579773,0.9150466322898865
NC_031920,taxid_33968_Leuconostoc_pseudomesenteroides,1.0,0.8169832825660706,0.9084916412830353
NC_031920,taxid_28038_Lactobacillus_curvatus,1.0,0.7292709946632385,0.8646354973316193
NC_031920,taxid_185300_Paludibacter_propionicigenes,1.0,0.8259469270706177,0.9129734635353088
NC_031920,taxid_147709_Carnobacterium_inhibens,1.0,0.7060686349868774,0.8530343174934387
NC_031920,taxid_165096_Weissella_koreensis,1.0,0.7906963229179382,0.8953481614589691
NC_031920,GENERO_Lacrimispora_94868,1.0,0.8539521098136902,0.9269760549068451
NC_031920,GENERO_Lactococcus_1358,1.0,0.768505871295929,0.8842529356479645
NC_031920,taxid_293371_Lactobacillus_oligofermentans,1.0,0.7630345225334167,0.8815172612667084
NC_031920,taxid_879969_Macellibacteroides_fermentans,1.0,0.7420381903648376,0.8710190951824188
NC_031920,taxid_1397_Bacillus_circulans,1.0,0.7423017621040344,0.8711508810520172
NC_031920,taxid_1129792_Weissella_oryzae,1.0,0.8004324436187744,0.9002162218093872
NC_031920,taxid_1610_Lactobacillus_coryniformis,1.0,0.7486570477485657,0.8743285238742828
NC_031920,taxid_642589_Caproiciproducens_galactitolivorans,1.0,0.718064546585083,0.8590322732925415
NC_031920,taxid_1297750_Bacteroides_luti,1.0,0.7729856371879578,0.8864928185939789
NC_028837,taxid_1245_Leuconostoc_mesenteroides,1.0,0.7410163283348083,0.8705081641674042
NC_028837,taxid_1737571_Bacillus_oryzisoli,0.9999990463256836,0.7936913967132568,0.8968452215194702
NC_028837,taxid_33968_Leuconostoc_pseudomesenteroides,0.9999997615814208,0.7703635692596436,0.8851816654205322
NC_028837,taxid_185300_Paludibacter_propionicigenes,0.9999997615814208,0.789421558380127,0.8947106599807739
NC_028837,taxid_165096_Weissella_koreensis,0.9999858140945436,0.744783341884613,0.8723845779895782
NC_028837,GENERO_Lacrimispora_94868,0.9999951124191284,0.8091806769371033,0.9045878946781158
NC_028837,GENERO_Lactococcus_1358,1.0,0.7182455658912659,0.8591227829456329
NC_028837,taxid_293371_Lactobacillus_oligofermentans,1.0,0.7122381329536438,0.8561190664768219
NC_028837,taxid_1129792_Weissella_oryzae,0.9999990463256836,0.748306155204773,0.8741526007652283
NC_028837,taxid_1297750_Bacteroides_luti,0.9999998807907104,0.7346192598342896,0.8673095703125
NC_031912,taxid_1245_Leuconostoc_mesenteroides,0.999995231628418,0.809887707233429,0.9049414694309235
NC_031912,taxid_2751_Carnobacterium_maltaromaticum,0.9999996423721312,0.7873080968856812,0.8936538696289062
NC_031912,taxid_1737571_Bacillus_oryzisoli,1.0,0.8712165355682373,0.9356082677841187
NC_031912,taxid_33968_Leuconostoc_pseudomesenteroides,0.997703492641449,0.8147849440574646,0.9062442183494568
NC_031912,taxid_1358_Lactococcus_lactis,0.9999994039535522,0.8086998462677002,0.9043496251106262
NC_031912,taxid_185300_Paludibacter_propionicigenes,1.0,0.8486018776893616,0.9243009388446808
NC_031912,taxid_147709_Carnobacterium_inhibens,1.0,0.8260178565979004,0.9130089282989502
NC_031912,taxid_165096_Weissella_koreensis,0.979861855506897,0.8447037935256958,0.9122828245162964
NC_031912,GENERO_Lacrimispora_94868,1.0,0.8384491205215454,0.9192245602607727
NC_031912,GENERO_Lactococcus_1358,1.0,0.8086954355239868,0.9043477177619934
NC_031912,taxid_293371_Lactobacillus_oligofermentans,0.9999998807907104,0.8288160562515259,0.9144079685211182
NC_031912,taxid_1397_Bacillus_circulans,1.0,0.8560422658920288,0.9280211329460144
NC_031912,taxid_1129792_Weissella_oryzae,0.9448035359382628,0.8123179078102112,0.8785607218742371
NC_031912,taxid_1297750_Bacteroides_luti,1.0,0.8502889275550842,0.9251444637775421
NC_031907,taxid_33964_Leuconostoc_citreum,0.9999105930328368,0.7156818509101868,0.8577962219715118
NC_031907,taxid_1590_Lactiplantibacillus_plantarum,0.9994459748268129,0.7365840673446655,0.8680150210857391
NC_031907,taxid_1245_Leuconostoc_mesenteroides,1.0,0.7901076674461365,0.8950538337230682
NC_031907,taxid_1737571_Bacillus_oryzisoli,1.0,0.8271768689155579,0.9135884344577789
NC_031907,taxid_33968_Leuconostoc_pseudomesenteroides,0.9999996423721312,0.815365731716156,0.9076826870441437
NC_031907,taxid_28038_Lactobacillus_curvatus,1.0,0.7252733111381531,0.8626366555690765
NC_031907,taxid_1358_Lactococcus_lactis,1.0,0.7062268853187561,0.853113442659378
NC_031907,taxid_185300_Paludibacter_propionicigenes,1.0,0.8248380422592163,0.9124190211296082
NC_031907,taxid_147709_Carnobacterium_inhibens,1.0,0.7143596410751343,0.8571798205375671
NC_031907,taxid_165096_Weissella_koreensis,0.9999984502792358,0.7918906211853027,0.8959445357322693
NC_031907,GENERO_Lacrimispora_94868,1.0,0.847371518611908,0.923685759305954
NC_031907,GENERO_Lactococcus_1358,1.0,0.7700595855712891,0.8850297927856445
NC_031907,taxid_293371_Lactobacillus_oligofermentans,1.0,0.764979898929596,0.882489949464798
NC_031907,taxid_879969_Macellibacteroides_fermentans,1.0,0.7391354441642761,0.8695677220821381
NC_031907,taxid_1397_Bacillus_circulans,1.0,0.7488074898719788,0.8744037449359894
NC_031907,taxid_1129792_Weissella_oryzae,0.9999922513961792,0.7977830171585083,0.8988876342773438
NC_031907,taxid_1610_Lactobacillus_coryniformis,0.999861478805542,0.7408998012542725,0.8703806400299072
NC_031907,taxid_642589_Caproiciproducens_galactitolivorans,0.9999997615814208,0.7077643275260925,0.8538820445537567
NC_031907,taxid_1297750_Bacteroides_luti,1.0,0.7759835720062256,0.8879917860031128
NC_019418,taxid_1245_Leuconostoc_mesenteroides,0.9995299577713012,0.7654496431350708,0.882489800453186
NC_019418,taxid_1737571_Bacillus_oryzisoli,0.9999687671661376,0.800837516784668,0.9004031419754028
NC_019418,taxid_185300_Paludibacter_propionicigenes,0.9999996423721312,0.8000444769859314,0.9000220596790314
NC_019418,GENERO_Lacrimispora_94868,0.9999788999557496,0.827759861946106,0.9138693809509277
NC_019418,GENERO_Lactococcus_1358,0.9999991655349731,0.738621175289154,0.8693101704120636
NC_019418,taxid_293371_Lactobacillus_oligofermentans,0.9999611377716064,0.7322248816490173,0.8660930097103119
NC_019418,taxid_879969_Macellibacteroides_fermentans,0.9998447895050048,0.7291194796562195,0.8644821345806122
NC_019418,taxid_1397_Bacillus_circulans,1.0,0.7023721933364868,0.8511860966682434
NC_019418,taxid_1297750_Bacteroides_luti,1.0,0.7372531890869141,0.868626594543457
NC_031921,taxid_1245_Leuconostoc_mesenteroides,1.0,0.7296695709228516,0.8648347854614258
NC_031921,taxid_2751_Carnobacterium_maltaromaticum,0.9955756664276124,0.7269205451011658,0.861248105764389
NC_031921,taxid_1737571_Bacillus_oryzisoli,0.9999992847442628,0.824893057346344,0.9124461710453033
NC_031921,taxid_33968_Leuconostoc_pseudomesenteroides,1.0,0.7293378114700317,0.8646689057350159
NC_031921,taxid_1358_Lactococcus_lactis,0.9999499320983888,0.747755229473114,0.8738525807857513
NC_031921,taxid_185300_Paludibacter_propionicigenes,1.0,0.7864888310432434,0.8932444155216217
NC_031921,taxid_147709_Carnobacterium_inhibens,0.9999935626983644,0.7695364356040955,0.8847649991512299
NC_031921,taxid_165096_Weissella_koreensis,0.999914050102234,0.7862822413444519,0.8930981457233429
NC_031921,GENERO_Lacrimispora_94868,0.9999997615814208,0.7736581563949585,0.8868289589881897
NC_031921,GENERO_Lactococcus_1358,1.0,0.7330936789512634,0.8665468394756317
NC_031921,taxid_293371_Lactobacillus_oligofermentans,1.0,0.7668122053146362,0.8834061026573181
NC_031921,taxid_1397_Bacillus_circulans,0.9999998807907104,0.8116117715835571,0.9058058261871338
NC_031921,taxid_1129792_Weissella_oryzae,0.9999998807907104,0.7297220826148987,0.8648609817028046
NC_031921,taxid_1297750_Bacteroides_luti,1.0,0.7948607802391052,0.8974303901195526
NC_031098,taxid_33964_Leuconostoc_citreum,0.9999997615814208,0.7014104723930359,0.8507051169872284
NC_031098,taxid_1590_Lactiplantibacillus_plantarum,0.9999998807907104,0.7198077440261841,0.8599038124084473
NC_031098,taxid_1245_Leuconostoc_mesenteroides,1.0,0.7808778882026672,0.8904389441013336
NC_031098,taxid_1737571_Bacillus_oryzisoli,1.0,0.8290150761604309,0.9145075380802155
NC_031098,taxid_33968_Leuconostoc_pseudomesenteroides,1.0,0.8118764758110046,0.9059382379055023
NC_031098,taxid_28038_Lactobacillus_curvatus,1.0,0.7139968276023865,0.8569984138011932
NC_031098,taxid_185300_Paludibacter_propionicigenes,1.0,0.8249431848526001,0.9124715924263
NC_031098,taxid_147709_Carnobacterium_inhibens,1.0,0.7027416825294495,0.8513708412647247
NC_031098,taxid_165096_Weissella_koreensis,0.9999995231628418,0.7847501039505005,0.8923748135566711
NC_031098,GENERO_Lacrimispora_94868,1.0,0.8440790772438049,0.9220395386219025
NC_031098,GENERO_Lactococcus_1358,1.0,0.7586790323257446,0.8793395161628723
NC_031098,taxid_293371_Lactobacillus_oligofermentans,1.0,0.7537899613380432,0.8768949806690216
NC_031098,taxid_879969_Macellibacteroides_fermentans,1.0,0.7355327606201172,0.8677663803100586
NC_031098,taxid_1397_Bacillus_circulans,1.0,0.741531252861023,0.8707656264305115
NC_031098,taxid_1129792_Weissella_oryzae,1.0,0.791233479976654,0.895616739988327
NC_031098,taxid_1610_Lactobacillus_coryniformis,0.9999998807907104,0.7280093431472778,0.8640046119689941
NC_031098,taxid_1297750_Bacteroides_luti,1.0,0.7796028852462769,0.8898014426231384
NC_022756,taxid_2479367_Buttiauxella_sp_3AFRM03,0.9999960660934448,0.7848078012466431,0.892401933670044
NC_022756,taxid_1590_Lactiplantibacillus_plantarum,1.0,0.7403902411460876,0.8701951205730438
NC_022756,taxid_1245_Leuconostoc_mesenteroides,1.0,0.7157739996910095,0.8578869998455048
NC_022756,taxid_1737571_Bacillus_oryzisoli,1.0,0.763923168182373,0.8819615840911865
NC_022756,taxid_33968_Leuconostoc_pseudomesenteroides,1.0,0.7592741250991821,0.8796370625495911
NC_022756,taxid_185300_Paludibacter_propionicigenes,1.0,0.7578542828559875,0.8789271414279938
NC_022756,taxid_165096_Weissella_koreensis,1.0,0.7095009088516235,0.8547504544258118
NC_022756,GENERO_Lacrimispora_94868,1.0,0.7962377071380615,0.8981188535690308
NC_022756,taxid_1129792_Weissella_oryzae,1.0,0.7314813733100891,0.8657406866550446
NC_022756,taxid_1610_Lactobacillus_coryniformis,1.0,0.7010687589645386,0.8505343794822693
NC_022756,taxid_642589_Caproiciproducens_galactitolivorans,1.0,0.7010940313339233,0.8505470156669617
NC_031094,taxid_33964_Leuconostoc_citreum,0.9999998807907104,0.7076898217201233,0.8538448512554169
NC_031094,taxid_1245_Leuconostoc_mesenteroides,1.0,0.8175190687179565,0.9087595343589783
NC_031094,taxid_1737571_Bacillus_oryzisoli,0.9998960494995116,0.8717926144599915,0.9358443319797516
NC_031094,taxid_33968_Leuconostoc_pseudomesenteroides,1.0,0.8298519849777222,0.9149259924888611
NC_031094,taxid_28038_Lactobacillus_curvatus,1.0,0.7049373388290405,0.8524686694145203
NC_031094,taxid_1358_Lactococcus_lactis,0.9738472104072572,0.7783357501029968,0.876091480255127
NC_031094,taxid_185300_Paludibacter_propionicigenes,0.9999998807907104,0.857160210609436,0.9285800457000732
NC_031094,taxid_147709_Carnobacterium_inhibens,0.9933087825775146,0.7888448238372803,0.8910768032073975
NC_031094,taxid_165096_Weissella_koreensis,0.9937511086463928,0.8399783968925476,0.9168647527694702
NC_031094,GENERO_Lacrimispora_94868,0.9999938011169434,0.8518990874290466,0.925946444272995
NC_031094,GENERO_Lactococcus_1358,1.0,0.8117308020591736,0.9058654010295868
NC_031094,taxid_293371_Lactobacillus_oligofermentans,1.0,0.8180651068687439,0.909032553434372
NC_031094,taxid_879969_Macellibacteroides_fermentans,0.9999934434890748,0.7207448482513428,0.8603691458702087
NC_031094,taxid_1397_Bacillus_circulans,0.9999290704727172,0.818317174911499,0.9091231226921082
NC_031094,taxid_1129792_Weissella_oryzae,0.9999998807907104,0.8232749104499817,0.9116373956203461
NC_031094,taxid_1297750_Bacteroides_luti,0.9999864101409912,0.8372052907943726,0.9185958504676819
NC_031271,taxid_2479367_Buttiauxella_sp_3AFRM03,0.957550287246704,0.7845553755760193,0.8710528314113617
NC_031271,GENERO_Lacrimispora_94868,0.9999982118606568,0.7446812987327576,0.8723397552967072
NC_025829,taxid_2479367_Buttiauxella_sp_3AFRM03,0.9986451268196106,0.7787657976150513,0.8887054622173309
NC_025829,taxid_1590_Lactiplantibacillus_plantarum,0.9999450445175172,0.7054863572120667,0.8527157008647919
NC_004585,taxid_33964_Leuconostoc_citreum,0.9994829893112184,0.7099088430404663,0.8546959161758423
NC_004585,taxid_1245_Leuconostoc_mesenteroides,0.9999998807907104,0.8158079385757446,0.9079039096832275
NC_004585,taxid_2751_Carnobacterium_maltaromaticum,1.0,0.7693179249763489,0.8846589624881744
NC_004585,taxid_1737571_Bacillus_oryzisoli,1.0,0.877788245677948,0.938894122838974
NC_004585,taxid_33968_Leuconostoc_pseudomesenteroides,0.9999927282333374,0.8300163149833679,0.9150045216083527
NC_004585,taxid_28038_Lactobacillus_curvatus,0.9999997615814208,0.7054800391197205,0.8527399003505707
NC_004585,taxid_1358_Lactococcus_lactis,1.0,0.7972367405891418,0.8986183702945709
NC_004585,taxid_185300_Paludibacter_propionicigenes,1.0,0.8579086065292358,0.9289543032646179
NC_004585,taxid_147709_Carnobacterium_inhibens,1.0,0.8078664541244507,0.9039332270622253
NC_004585,taxid_165096_Weissella_koreensis,0.999977707862854,0.8439991474151611,0.9219884276390076
NC_004585,GENERO_Lacrimispora_94868,1.0,0.8535031676292419,0.926751583814621
NC_004585,GENERO_Lactococcus_1358,1.0,0.815511167049408,0.907755583524704
NC_004585,taxid_293371_Lactobacillus_oligofermentans,1.0,0.8264949321746826,0.9132474660873413
NC_004585,taxid_879969_Macellibacteroides_fermentans,0.9999998807907104,0.7211649417877197,0.8605824112892151
NC_004585,taxid_1397_Bacillus_circulans,1.0,0.8356810212135315,0.9178405106067657
NC_004585,taxid_1129792_Weissella_oryzae,0.99994695186615,0.8222808241844177,0.9111138880252838
NC_004585,taxid_1297750_Bacteroides_luti,1.0,0.8508933782577515,0.9254466891288757
NC_031042,taxid_2479367_Buttiauxella_sp_3AFRM03,0.999779999256134,0.7884740233421326,0.8941270112991333
NC_031042,taxid_1590_Lactiplantibacillus_plantarum,0.9999996423721312,0.731150209903717,0.8655749261379242
NC_031042,taxid_1245_Leuconostoc_mesenteroides,0.996060311794281,0.711006224155426,0.8535332679748535
NC_031042,taxid_33968_Leuconostoc_pseudomesenteroides,0.9999980926513672,0.7543737888336182,0.8771859407424927
NC_031042,taxid_1129792_Weissella_oryzae,0.9929271340370178,0.7327474355697632,0.8628372848033905
NC_031042,taxid_1610_Lactobacillus_coryniformis,0.9998792409896852,0.7126109004020691,0.8562450706958771
NC_010275,GENERO_Lacrimispora_94868,0.9999935626983644,0.7289993166923523,0.8644964396953583
NC_016657,taxid_1590_Lactiplantibacillus_plantarum,0.9999997615814208,0.7245457172393799,0.8622727394104004
NC_016657,taxid_1737571_Bacillus_oryzisoli,1.0,0.7366384863853455,0.8683192431926727
NC_016657,taxid_33968_Leuconostoc_pseudomesenteroides,1.0,0.7311127185821533,0.8655563592910767
NC_016657,taxid_185300_Paludibacter_propionicigenes,1.0,0.7267686128616333,0.8633843064308167
NC_016657,GENERO_Lacrimispora_94868,1.0,0.7916214466094971,0.8958107233047485
NC_016657,taxid_1129792_Weissella_oryzae,0.9999998807907104,0.7092635631561279,0.8546317219734192
NC_028782,taxid_33964_Leuconostoc_citreum,1.0,0.7123502492904663,0.8561751246452332
NC_028782,taxid_1245_Leuconostoc_mesenteroides,1.0,0.8075962662696838,0.9037981331348419
NC_028782,taxid_2751_Carnobacterium_maltaromaticum,1.0,0.7012019753456116,0.8506009876728058
NC_028782,taxid_1737571_Bacillus_oryzisoli,1.0,0.8593294024467468,0.9296647012233734
NC_028782,taxid_33968_Leuconostoc_pseudomesenteroides,1.0,0.8254337310791016,0.9127168655395508
NC_028782,taxid_28038_Lactobacillus_curvatus,1.0,0.7158131003379822,0.8579065501689911
NC_028782,taxid_1358_Lactococcus_lactis,1.0,0.74184250831604,0.87092125415802
NC_028782,taxid_185300_Paludibacter_propionicigenes,1.0,0.845652163028717,0.9228260815143585
NC_028782,taxid_147709_Carnobacterium_inhibens,1.0,0.7562481164932251,0.8781240582466125
NC_028782,taxid_165096_Weissella_koreensis,1.0,0.8223504424095154,0.9111752212047577
NC_028782,GENERO_Lacrimispora_94868,1.0,0.8451655507087708,0.9225827753543854
NC_028782,GENERO_Lactococcus_1358,1.0,0.7979483008384705,0.8989741504192352
NC_028782,taxid_293371_Lactobacillus_oligofermentans,1.0,0.7968117594718933,0.8984058797359467
NC_028782,taxid_879969_Macellibacteroides_fermentans,1.0,0.7280190587043762,0.8640095293521881
NC_028782,taxid_1397_Bacillus_circulans,1.0,0.797472357749939,0.8987361788749695
NC_028782,taxid_1129792_Weissella_oryzae,1.0,0.8152399659156799,0.90761998295784
NC_028782,taxid_1610_Lactobacillus_coryniformis,1.0,0.7112741470336914,0.8556370735168457
NC_028782,taxid_1297750_Bacteroides_luti,1.0,0.8234225511550903,0.9117112755775452
NC_024387,taxid_1245_Leuconostoc_mesenteroides,0.9590428471565248,0.816271960735321,0.8876574039459229
NC_024387,taxid_2751_Carnobacterium_maltaromaticum,0.9996963739395142,0.7717005610466003,0.8856984674930573
NC_024387,taxid_1737571_Bacillus_oryzisoli,0.9999887943267822,0.874012291431427,0.9370005428791046
NC_024387,taxid_1358_Lactococcus_lactis,0.9988991022109984,0.8010722398757935,0.899985671043396
NC_024387,taxid_185300_Paludibacter_propionicigenes,0.9999959468841552,0.8539056777954102,0.9269508123397827
NC_024387,taxid_147709_Carnobacterium_inhibens,0.9999998807907104,0.812019407749176,0.9060096442699432
NC_024387,GENERO_Lacrimispora_94868,0.9999895095825196,0.8495734930038452,0.9247815012931824
NC_024387,GENERO_Lactococcus_1358,0.999993085861206,0.815608561038971,0.9078008234500885
NC_024387,taxid_293371_Lactobacillus_oligofermentans,0.998884379863739,0.8268035054206848,0.9128439426422119
NC_024387,taxid_879969_Macellibacteroides_fermentans,0.999491572380066,0.7075977325439453,0.8535446524620056
NC_024387,taxid_1397_Bacillus_circulans,1.0,0.8368553519248962,0.9184276759624481
NC_024387,taxid_1297750_Bacteroides_luti,1.0,0.8456014394760132,0.9228007197380066
MF668286,taxid_2479367_Buttiauxella_sp_3AFRM03,0.9904200434684752,0.7577958703041077,0.8741079568862915
NC_002671,taxid_1245_Leuconostoc_mesenteroides,1.0,0.825452983379364,0.912726491689682
NC_002671,taxid_2751_Carnobacterium_maltaromaticum,0.9999998807907104,0.7937384843826294,0.8968691825866699
NC_002671,taxid_1737571_Bacillus_oryzisoli,1.0,0.8875042796134949,0.9437521398067474
NC_002671,taxid_33968_Leuconostoc_pseudomesenteroides,0.9999897480010986,0.8350340127944946,0.9175118803977966
NC_002671,taxid_1358_Lactococcus_lactis,0.9999998807907104,0.8169910311698914,0.9084954559803009
NC_002671,taxid_185300_Paludibacter_propionicigenes,1.0,0.8641206622123718,0.9320603311061859
NC_002671,taxid_147709_Carnobacterium_inhibens,1.0,0.8326632976531982,0.9163316488265991
NC_002671,taxid_165096_Weissella_koreensis,0.9996647834777832,0.8570237159729004,0.9283442497253418
NC_002671,GENERO_Lacrimispora_94868,1.0,0.8588737845420837,0.9294368922710419
NC_002671,GENERO_Lactococcus_1358,1.0,0.8246402740478516,0.9123201370239258
NC_002671,taxid_293371_Lactobacillus_oligofermentans,1.0,0.841352641582489,0.9206763207912445
NC_002671,taxid_879969_Macellibacteroides_fermentans,1.0,0.7108944058418274,0.8554472029209137
NC_002671,taxid_1397_Bacillus_circulans,1.0,0.8594909906387329,0.9297454953193665
NC_002671,taxid_1129792_Weissella_oryzae,0.999778926372528,0.8301559686660767,0.9149674475193024
NC_002671,taxid_1297750_Bacteroides_luti,1.0,0.8635918498039246,0.9317959249019623
NC_007581,taxid_1737571_Bacillus_oryzisoli,0.8702742457389832,0.8342275023460388,0.852250874042511
NC_007581,taxid_185300_Paludibacter_propionicigenes,0.9743854403495787,0.8012308478355408,0.8878081440925598
NC_007581,taxid_147709_Carnobacterium_inhibens,0.9990949630737304,0.7902805209159851,0.8946877419948578
NC_007581,GENERO_Lacrimispora_94868,0.9599518179893494,0.7740781903266907,0.86701500415802
NC_007581,taxid_1397_Bacillus_circulans,0.9999873638153076,0.8274663686752319,0.9137268662452698
NC_007581,taxid_1297750_Bacteroides_luti,0.9999626874923706,0.8126856088638306,0.9063241481781006
NC_029006,taxid_1737571_Bacillus_oryzisoli,1.0,0.8119396567344666,0.9059698283672333
NC_029006,taxid_1358_Lactococcus_lactis,0.9999997615814208,0.7175614237785339,0.8587805926799774
NC_029006,taxid_185300_Paludibacter_propionicigenes,1.0,0.756335973739624,0.878167986869812
NC_029006,taxid_147709_Carnobacterium_inhibens,1.0,0.7529560327529907,0.8764780163764954
NC_029006,taxid_165096_Weissella_koreensis,0.9958327412605286,0.7701509594917297,0.8829918503761292
NC_029006,GENERO_Lacrimispora_94868,1.0,0.7325441837310791,0.8662720918655396
NC_029006,taxid_293371_Lactobacillus_oligofermentans,0.9999998807907104,0.7436627745628357,0.8718313276767731
NC_029006,taxid_1397_Bacillus_circulans,1.0,0.8043132424354553,0.9021566212177277
NC_029006,taxid_1297750_Bacteroides_luti,1.0,0.7747822999954224,0.8873911499977112
NC_005294,taxid_2479367_Buttiauxella_sp_3AFRM03,0.9995940327644348,0.7622379064559937,0.8809159696102142
NC_005294,taxid_33964_Leuconostoc_citreum,1.0,0.7312151193618774,0.8656075596809387
NC_005294,taxid_1590_Lactiplantibacillus_plantarum,1.0,0.7130514979362488,0.8565257489681244
NC_005294,taxid_1245_Leuconostoc_mesenteroides,1.0,0.8249434232711792,0.9124717116355896
NC_005294,taxid_2751_Carnobacterium_maltaromaticum,1.0,0.7290820479393005,0.8645410239696503
NC_005294,taxid_1737571_Bacillus_oryzisoli,1.0,0.8685652017593384,0.9342826008796692
NC_005294,taxid_33968_Leuconostoc_pseudomesenteroides,1.0,0.8402805924415588,0.9201402962207794
NC_005294,taxid_28038_Lactobacillus_curvatus,1.0,0.7339732646942139,0.8669866323471069
NC_005294,taxid_1358_Lactococcus_lactis,1.0,0.7674656510353088,0.8837328255176544
NC_005294,taxid_185300_Paludibacter_propionicigenes,1.0,0.8607978224754333,0.9303989112377167
NC_005294,taxid_147709_Carnobacterium_inhibens,1.0,0.7783817648887634,0.8891908824443817
NC_005294,taxid_165096_Weissella_koreensis,1.0,0.8345131278038025,0.9172565639019012
NC_005294,GENERO_Lacrimispora_94868,1.0,0.8652852177619934,0.9326426088809967
NC_005294,GENERO_Lactococcus_1358,1.0,0.8125884532928467,0.9062942266464233
NC_005294,taxid_293371_Lactobacillus_oligofermentans,1.0,0.8110651969909668,0.9055325984954834
NC_005294,taxid_879969_Macellibacteroides_fermentans,1.0,0.7469111680984497,0.8734555840492249
NC_005294,taxid_1397_Bacillus_circulans,1.0,0.808569610118866,0.904284805059433
NC_005294,taxid_1129792_Weissella_oryzae,1.0,0.8287233710289001,0.9143616855144501
NC_005294,taxid_1610_Lactobacillus_coryniformis,1.0,0.7298346161842346,0.8649173080921173
NC_005294,taxid_1297750_Bacteroides_luti,1.0,0.8317436575889587,0.9158718287944794
NC_020879,taxid_2479367_Buttiauxella_sp_3AFRM03,0.9997486472129822,0.7119849920272827,0.8558668196201324
NC_006565,taxid_1590_Lactiplantibacillus_plantarum,0.9999943971633912,0.7484426498413086,0.8742185235023499
NC_006565,taxid_1245_Leuconostoc_mesenteroides,1.0,0.7513290643692017,0.8756645321846008
NC_006565,taxid_1737571_Bacillus_oryzisoli,0.9999996423721312,0.7917044758796692,0.8958520591259003
NC_006565,taxid_33968_Leuconostoc_pseudomesenteroides,0.9999998807907104,0.7851654291152954,0.8925826549530029
NC_006565,taxid_28038_Lactobacillus_curvatus,1.0,0.7016621232032776,0.8508310616016388
NC_006565,taxid_185300_Paludibacter_propionicigenes,1.0,0.7884814739227295,0.8942407369613647
NC_006565,GENERO_Lacrimispora_94868,0.9999998807907104,0.8259578347206116,0.912978857755661
NC_006565,GENERO_Lactococcus_1358,1.0,0.7210246920585632,0.8605123460292816
NC_006565,taxid_293371_Lactobacillus_oligofermentans,0.9999996423721312,0.7114278674125671,0.8557137548923492
NC_006565,taxid_879969_Macellibacteroides_fermentans,0.9999927282333374,0.716385543346405,0.8581891357898712
NC_006565,taxid_1129792_Weissella_oryzae,0.9999895095825196,0.7643237113952637,0.8821566104888916
NC_006565,taxid_1610_Lactobacillus_coryniformis,0.9999938011169434,0.7397832274436951,0.8698885142803192
NC_006565,taxid_642589_Caproiciproducens_galactitolivorans,0.9997543692588806,0.723391592502594,0.8615729808807373
NC_006565,taxid_1297750_Bacteroides_luti,0.9999986886978148,0.7174414992332458,0.8587200939655304
NC_027372,taxid_33964_Leuconostoc_citreum,0.999970316886902,0.7135995626449585,0.8567849397659302
NC_027372,taxid_1245_Leuconostoc_mesenteroides,1.0,0.8144720196723938,0.9072360098361969
NC_027372,taxid_2751_Carnobacterium_maltaromaticum,0.9999991655349731,0.7220465540885925,0.8610228598117828
NC_027372,taxid_1737571_Bacillus_oryzisoli,1.0,0.8654648661613464,0.9327324330806732
NC_027372,taxid_33968_Leuconostoc_pseudomesenteroides,0.9999997615814208,0.8303225040435791,0.9151611328125
NC_027372,taxid_28038_Lactobacillus_curvatus,1.0,0.7158067226409912,0.8579033613204956
NC_027372,taxid_1358_Lactococcus_lactis,0.9999998807907104,0.7590567469596863,0.8795283138751984
NC_027372,taxid_185300_Paludibacter_propionicigenes,1.0,0.8527151942253113,0.9263575971126556
NC_027372,taxid_147709_Carnobacterium_inhibens,1.0,0.7704599499702454,0.8852299749851227
NC_027372,taxid_165096_Weissella_koreensis,0.9999514818191528,0.8302462697029114,0.9150988757610321
NC_027372,GENERO_Lacrimispora_94868,1.0,0.8489686250686646,0.9244843125343323
NC_027372,GENERO_Lactococcus_1358,1.0,0.8062987327575684,0.9031493663787842
NC_027372,taxid_293371_Lactobacillus_oligofermentans,1.0,0.8065063953399658,0.9032531976699829
NC_027372,taxid_879969_Macellibacteroides_fermentans,1.0,0.72959303855896,0.86479651927948
NC_027372,taxid_1397_Bacillus_circulans,1.0,0.8082213997840881,0.9041106998920441
NC_027372,taxid_1129792_Weissella_oryzae,0.9999966621398926,0.8218324184417725,0.9109145402908325
NC_027372,taxid_1610_Lactobacillus_coryniformis,0.9999533891677856,0.7101321816444397,0.8550427854061127
NC_027372,taxid_1297750_Bacteroides_luti,1.0,0.8327687382698059,0.916384369134903
NC_005069,taxid_33968_Leuconostoc_pseudomesenteroides,0.9989417195320128,0.7300677299499512,0.8645047247409821
NC_015937,taxid_33964_Leuconostoc_citreum,0.9999570846557616,0.7037635445594788,0.8518603146076202
NC_015937,taxid_1245_Leuconostoc_mesenteroides,1.0,0.8145862817764282,0.9072931408882141
NC_015937,taxid_2751_Carnobacterium_maltaromaticum,0.9909681677818298,0.776482880115509,0.8837255239486694
NC_015937,taxid_1737571_Bacillus_oryzisoli,1.0,0.8665684461593628,0.9332842230796814
NC_015937,taxid_33968_Leuconostoc_pseudomesenteroides,0.9999996423721312,0.8182891607284546,0.909144401550293
NC_015937,taxid_1358_Lactococcus_lactis,0.9999582767486572,0.8033910989761353,0.9016746878623962
NC_015937,taxid_185300_Paludibacter_propionicigenes,1.0,0.8472092151641846,0.9236046075820923
NC_015937,taxid_147709_Carnobacterium_inhibens,0.9999877214431764,0.815035343170166,0.9075115323066711
NC_015937,taxid_165096_Weissella_koreensis,0.9863268136978148,0.842285692691803,0.914306253194809
NC_015937,GENERO_Lacrimispora_94868,1.0,0.8363997936248779,0.918199896812439
NC_015937,GENERO_Lactococcus_1358,1.0,0.8118722438812256,0.9059361219406128
NC_015937,taxid_293371_Lactobacillus_oligofermentans,0.9999998807907104,0.8258728981018066,0.9129363894462585
NC_015937,taxid_879969_Macellibacteroides_fermentans,0.9999996423721312,0.7121701240539551,0.8560848832130432
NC_015937,taxid_1397_Bacillus_circulans,1.0,0.8430249094963074,0.9215124547481537
NC_015937,taxid_1129792_Weissella_oryzae,0.9999938011169434,0.8154432773590088,0.9077185392379761
NC_015937,taxid_1297750_Bacteroides_luti,1.0,0.8411922454833984,0.9205961227416992
NC_011802,taxid_2479367_Buttiauxella_sp_3AFRM03,0.9995900988578796,0.75487220287323,0.8772311508655548
NC_021868,taxid_33964_Leuconostoc_citreum,0.9998131394386292,0.7323629856109619,0.8660880625247955
NC_021868,taxid_1590_Lactiplantibacillus_plantarum,0.9997926354408264,0.7664636373519897,0.8831281363964081
NC_021868,taxid_1245_Leuconostoc_mesenteroides,0.999991536140442,0.8014397621154785,0.9007156491279602
NC_021868,taxid_33968_Leuconostoc_pseudomesenteroides,0.9999933242797852,0.8282211422920227,0.9141072332859039
NC_021868,taxid_28038_Lactobacillus_curvatus,0.9993652701377868,0.744716227054596,0.8720407485961914
NC_021868,taxid_185300_Paludibacter_propionicigenes,0.9980053305625916,0.8361283540725708,0.9170668423175812
NC_021868,GENERO_Lacrimispora_94868,0.9198827147483826,0.8639917373657227,0.8919372260570526
NC_021868,GENERO_Lactococcus_1358,0.9998879432678224,0.7786585688591003,0.8892732560634613
NC_021868,taxid_293371_Lactobacillus_oligofermentans,0.9948016405105592,0.7732957005500793,0.8840486705303192
NC_021868,taxid_879969_Macellibacteroides_fermentans,0.9787604212760924,0.7547670602798462,0.8667637407779694
NC_021868,taxid_1129792_Weissella_oryzae,0.9996789693832396,0.8112347722053528,0.9054568707942963
NC_021868,taxid_1610_Lactobacillus_coryniformis,0.9981922507286072,0.766951858997345,0.8825720548629761
NC_031016,taxid_1590_Lactiplantibacillus_plantarum,0.9999773502349854,0.7180319428443909,0.8590046465396881
NC_031016,taxid_1245_Leuconostoc_mesenteroides,1.0,0.7666786313056946,0.8833393156528473
NC_031016,taxid_1737571_Bacillus_oryzisoli,1.0,0.8091664910316467,0.9045832455158234
NC_031016,taxid_33968_Leuconostoc_pseudomesenteroides,1.0,0.7956642508506775,0.8978321254253387
NC_031016,taxid_28038_Lactobacillus_curvatus,1.0,0.7033206224441528,0.8516603112220764
NC_031016,taxid_185300_Paludibacter_propionicigenes,1.0,0.8038078546524048,0.9019039273262024
NC_031016,taxid_165096_Weissella_koreensis,0.9999998807907104,0.7656508088111877,0.8828253448009491
NC_031016,GENERO_Lacrimispora_94868,1.0,0.8337386250495911,0.9168693125247955
NC_031016,GENERO_Lactococcus_1358,1.0,0.7429543137550354,0.8714771568775177
NC_031016,taxid_293371_Lactobacillus_oligofermentans,1.0,0.7327613234519958,0.8663806617259979
NC_031016,taxid_879969_Macellibacteroides_fermentans,1.0,0.7094031572341919,0.854701578617096
NC_031016,taxid_1397_Bacillus_circulans,1.0,0.7094219326972961,0.8547109663486481
NC_031016,taxid_1129792_Weissella_oryzae,0.9999997615814208,0.7798423171043396,0.8899210393428802
NC_031016,taxid_1610_Lactobacillus_coryniformis,0.9999947547912598,0.7260007262229919,0.8629977405071259
NC_031016,taxid_1297750_Bacteroides_luti,1.0,0.7415586709976196,0.8707793354988098
NC_031039,taxid_1245_Leuconostoc_mesenteroides,0.9999412298202516,0.788470447063446,0.8942058384418488
NC_031039,taxid_2751_Carnobacterium_maltaromaticum,0.9998008608818054,0.7607367634773254,0.8802688121795654
NC_031039,taxid_1737571_Bacillus_oryzisoli,1.0,0.8528674244880676,0.9264337122440338
NC_031039,taxid_33968_Leuconostoc_pseudomesenteroides,0.9970307350158693,0.7880584001541138,0.8925445675849915
NC_031039,taxid_1358_Lactococcus_lactis,0.9999788999557496,0.7857458591461182,0.8928623795509338
NC_031039,taxid_185300_Paludibacter_propionicigenes,1.0,0.8277479410171509,0.9138739705085754
NC_031039,taxid_147709_Carnobacterium_inhibens,0.9999998807907104,0.8039869666099548,0.9019934237003326
NC_031039,GENERO_Lacrimispora_94868,1.0,0.8186217546463013,0.9093108773231506
NC_031039,GENERO_Lactococcus_1358,1.0,0.7878908514976501,0.8939454257488251
NC_031039,taxid_293371_Lactobacillus_oligofermentans,0.9999957084655762,0.8084251880645752,0.9042104482650757
NC_031039,taxid_1397_Bacillus_circulans,1.0,0.8356928825378418,0.9178464412689209
NC_031039,taxid_1129792_Weissella_oryzae,0.9300203919410706,0.7890573143959045,0.8595388531684875
NC_031039,taxid_1297750_Bacteroides_luti,1.0,0.8290632367134094,0.9145316183567047
