Source,Target,Weight
NC_018083,taxid_398037_Segetibacter_koreensis,0.8515959978103638
NC_018083,taxid_1428_Bacillus_thuringiensis,0.857185959815979
NC_018083,taxid_1737571_Bacillus_oryzisoli,0.8525742888450623
NC_018083,taxid_1396_Bacillus_cereus,0.8500034809112549
NC_018083,GENERO_Segetibacter_670293,0.8515959978103638
NC_018083,taxid_1837343_Paenibacillus_qinlingensis,0.93308025598526
NC_011142,taxid_1837343_Paenibacillus_qinlingensis,0.8888348937034607
NC_021532,GENERO_Tumebacillus_1229157,0.8506881594657898
NC_021532,GENERO_Tumebacillus_1157490,0.8506881594657898
NC_021532,GENERO_Tumebacillus_363888,0.8506881594657898
NC_021532,taxid_1837343_Paenibacillus_qinlingensis,0.935227394104004
NC_019549,taxid_1837343_Paenibacillus_qinlingensis,0.923457145690918
NC_027335,taxid_1492898_Flavisolibacter_tropicus,0.8632178902626038
NC_027335,taxid_1837343_Paenibacillus_qinlingensis,0.9519851803779602
NC_027335,taxid_688867_Ohtaekwangia_koreensis,0.8579412698745728
NC_020880,taxid_1492898_Flavisolibacter_tropicus,0.8649265766143799
NC_020880,taxid_1837343_Paenibacillus_qinlingensis,0.9425584673881532
NC_020880,taxid_688867_Ohtaekwangia_koreensis,0.8603267073631287
NC_003216,taxid_398037_Segetibacter_koreensis,0.8669676184654236
NC_003216,taxid_1737571_Bacillus_oryzisoli,0.8594298958778381
NC_003216,GENERO_Segetibacter_670293,0.8669676184654236
NC_003216,taxid_1837343_Paenibacillus_qinlingensis,0.945137858390808
NC_000867,taxid_1492898_Flavisolibacter_tropicus,0.8573620915412903
NC_000867,taxid_1837343_Paenibacillus_qinlingensis,0.940972626209259
NC_000867,taxid_688867_Ohtaekwangia_koreensis,0.8510702252388
NC_001902,taxid_1492898_Flavisolibacter_tropicus,0.8505361676216125
NC_001902,taxid_1837343_Paenibacillus_qinlingensis,0.9324082136154176
NC_022754,taxid_1837343_Paenibacillus_qinlingensis,0.874407172203064
NC_031280,GENERO_Tumebacillus_1229157,0.85936039686203
NC_031280,GENERO_Tumebacillus_1157490,0.85936039686203
NC_031280,GENERO_Tumebacillus_363888,0.85936039686203
NC_031280,taxid_1837343_Paenibacillus_qinlingensis,0.9423542022705078
NC_031918,taxid_1837343_Paenibacillus_qinlingensis,0.8853397965431213
NC_001706,taxid_398037_Segetibacter_koreensis,0.8832646608352661
NC_001706,taxid_1428_Bacillus_thuringiensis,0.8717312812805176
NC_001706,taxid_1737571_Bacillus_oryzisoli,0.8774979114532471
NC_001706,GENERO_Ferruginibacter_1310417,0.8509289026260376
NC_001706,taxid_1396_Bacillus_cereus,0.8673931956291199
NC_001706,taxid_1813871_Panacibacter_ginsenosidivorans,0.8530420064926147
NC_001706,taxid_1492898_Flavisolibacter_tropicus,0.8674001097679138
NC_001706,GENERO_Segetibacter_670293,0.8832646608352661
NC_001706,taxid_960_Bacteriovorax_stolpii,0.8680734038352966
NC_001706,taxid_1837343_Paenibacillus_qinlingensis,0.9535791277885436
NC_001706,taxid_688867_Ohtaekwangia_koreensis,0.8653856515884399
NC_001706,taxid_1478_Peribacillus_simplex,0.8563632965087891
NC_018279,taxid_1837343_Paenibacillus_qinlingensis,0.8745418190956116
NC_007821,taxid_1837343_Paenibacillus_qinlingensis,0.9068028330802916
NC_021558,taxid_1837343_Paenibacillus_qinlingensis,0.9293471574783324
KX774321,GENERO_Tumebacillus_1229157,0.859002411365509
KX774321,GENERO_Tumebacillus_1157490,0.859002411365509
KX774321,GENERO_Tumebacillus_363888,0.859002411365509
KX774321,taxid_1837343_Paenibacillus_qinlingensis,0.9253268837928772
NC_019931,taxid_1837343_Paenibacillus_qinlingensis,0.9243199229240416
NC_029024,taxid_398037_Segetibacter_koreensis,0.8562459945678711
NC_029024,GENERO_Segetibacter_670293,0.8562459945678711
NC_029024,taxid_1837343_Paenibacillus_qinlingensis,0.9468111991882324
NC_031054,taxid_1837343_Paenibacillus_qinlingensis,0.9440146684646606
NC_019501,taxid_1837343_Paenibacillus_qinlingensis,0.9010825157165528
NC_011534,taxid_1837343_Paenibacillus_qinlingensis,0.8983643054962158
NC_006936,taxid_1492898_Flavisolibacter_tropicus,0.8606120944023132
NC_006936,taxid_1837343_Paenibacillus_qinlingensis,0.9407921433448792
NC_006936,taxid_688867_Ohtaekwangia_koreensis,0.8547973036766052
NC_028956,taxid_1492898_Flavisolibacter_tropicus,0.8553606867790222
NC_028956,taxid_1837343_Paenibacillus_qinlingensis,0.94303959608078
NC_020835,taxid_1837343_Paenibacillus_qinlingensis,0.9262614250183104
NC_009552,taxid_1837343_Paenibacillus_qinlingensis,0.931322693824768
NC_023585,taxid_398037_Segetibacter_koreensis,0.8640170693397522
NC_023585,taxid_1428_Bacillus_thuringiensis,0.8536707758903503
NC_023585,taxid_1737571_Bacillus_oryzisoli,0.8594708442687988
NC_023585,GENERO_Segetibacter_670293,0.8640170693397522
NC_023585,taxid_1837343_Paenibacillus_qinlingensis,0.9402523636817932
NC_018087,taxid_1837343_Paenibacillus_qinlingensis,0.9261184930801392
NC_025453,taxid_398037_Segetibacter_koreensis,0.8822523355484009
NC_025453,taxid_1428_Bacillus_thuringiensis,0.8665629029273987
NC_025453,taxid_1737571_Bacillus_oryzisoli,0.8748736381530762
NC_025453,taxid_1396_Bacillus_cereus,0.8628095388412476
NC_025453,taxid_1813871_Panacibacter_ginsenosidivorans,0.8502800464630127
NC_025453,taxid_1492898_Flavisolibacter_tropicus,0.863354504108429
NC_025453,GENERO_Segetibacter_670293,0.8822523355484009
NC_025453,taxid_960_Bacteriovorax_stolpii,0.8629239797592163
NC_025453,taxid_1837343_Paenibacillus_qinlingensis,0.9502325057983398
NC_025453,taxid_688867_Ohtaekwangia_koreensis,0.8616852164268494
NC_025453,taxid_1478_Peribacillus_simplex,0.8513928055763245
NC_009816,taxid_1837343_Paenibacillus_qinlingensis,0.850888192653656
NC_019933,taxid_1837343_Paenibacillus_qinlingensis,0.8522366285324097
NC_021773,taxid_398037_Segetibacter_koreensis,0.8519973158836365
NC_021773,taxid_1428_Bacillus_thuringiensis,0.8502511978149414
NC_021773,GENERO_Segetibacter_670293,0.8519973158836365
NC_021773,taxid_1837343_Paenibacillus_qinlingensis,0.940823495388031
NC_031086,GENERO_Flavitalea_708199,0.8535184264183044
NC_031086,taxid_398037_Segetibacter_koreensis,0.8666011095046997
NC_031086,GENERO_Flavitalea_796384,0.8535184264183044
NC_031086,taxid_1737571_Bacillus_oryzisoli,0.8597642779350281
NC_031086,GENERO_Ferruginibacter_1310417,0.8520015478134155
NC_031086,taxid_398045_Flavisolibacter_ginsengiterrae,0.8530711531639099
NC_031086,GENERO_Flavitalea_1892851,0.8535184264183044
NC_031086,taxid_1492898_Flavisolibacter_tropicus,0.8724236488342285
NC_031086,GENERO_Segetibacter_670293,0.8666011095046997
NC_031086,taxid_960_Bacteriovorax_stolpii,0.8551479578018188
NC_031086,taxid_1837343_Paenibacillus_qinlingensis,0.9456610083580016
NC_031086,taxid_688867_Ohtaekwangia_koreensis,0.8684835433959961
NC_026609,taxid_1492898_Flavisolibacter_tropicus,0.8532050251960754
NC_026609,taxid_1837343_Paenibacillus_qinlingensis,0.9428584575653076
NC_016763,taxid_1837343_Paenibacillus_qinlingensis,0.8568999767303467
NC_002362,taxid_1837343_Paenibacillus_qinlingensis,0.9320545196533204
NC_022774,taxid_1837343_Paenibacillus_qinlingensis,0.9441291093826294
NC_002166,taxid_1837343_Paenibacillus_qinlingensis,0.8775426149368286
NC_011318,taxid_1837343_Paenibacillus_qinlingensis,0.9403859972953796
NC_019918,taxid_1837343_Paenibacillus_qinlingensis,0.8539149761199951
NC_023574,taxid_398037_Segetibacter_koreensis,0.875966489315033
NC_023574,taxid_1428_Bacillus_thuringiensis,0.8610016107559204
NC_023574,taxid_1737571_Bacillus_oryzisoli,0.8729283809661865
NC_023574,taxid_1396_Bacillus_cereus,0.8571706414222717
NC_023574,taxid_1492898_Flavisolibacter_tropicus,0.8669695258140564
NC_023574,GENERO_Segetibacter_670293,0.875966489315033
NC_023574,taxid_960_Bacteriovorax_stolpii,0.8628756403923035
NC_023574,taxid_1837343_Paenibacillus_qinlingensis,0.9563722610473632
NC_023574,taxid_688867_Ohtaekwangia_koreensis,0.8638724088668823
NC_023574,taxid_1478_Peribacillus_simplex,0.852651834487915
NC_023570,GENERO_Tumebacillus_1229157,0.8562061786651611
NC_023570,GENERO_Tumebacillus_1157490,0.8562061786651611
NC_023570,GENERO_Tumebacillus_363888,0.8562061786651611
NC_023570,taxid_1492898_Flavisolibacter_tropicus,0.8575577735900879
NC_023570,taxid_1837343_Paenibacillus_qinlingensis,0.942121684551239
NC_023570,taxid_688867_Ohtaekwangia_koreensis,0.8514610528945923
NC_024386,taxid_1837343_Paenibacillus_qinlingensis,0.9432074427604676
NC_024383,taxid_398037_Segetibacter_koreensis,0.8631716966629028
NC_024383,taxid_1428_Bacillus_thuringiensis,0.8501771092414856
NC_024383,taxid_1737571_Bacillus_oryzisoli,0.8565585017204285
NC_024383,GENERO_Segetibacter_670293,0.8631716966629028
NC_024383,taxid_1837343_Paenibacillus_qinlingensis,0.946912169456482
NC_024711,GENERO_Flavitalea_708199,0.8589178919792175
NC_024711,taxid_398037_Segetibacter_koreensis,0.8810791373252869
NC_024711,GENERO_Flavitalea_796384,0.8589178919792175
NC_024711,taxid_1428_Bacillus_thuringiensis,0.8562822937965393
NC_024711,taxid_1737571_Bacillus_oryzisoli,0.8743007779121399
NC_024711,GENERO_Ferruginibacter_1310417,0.8590413331985474
NC_024711,taxid_398045_Flavisolibacter_ginsengiterrae,0.8585851788520813
NC_024711,taxid_1396_Bacillus_cereus,0.8543692827224731
NC_024711,taxid_1813871_Panacibacter_ginsenosidivorans,0.8559292554855347
NC_024711,GENERO_Flavitalea_1892851,0.8589178919792175
NC_024711,taxid_1492898_Flavisolibacter_tropicus,0.8790048360824585
NC_024711,GENERO_Segetibacter_670293,0.8810791373252869
NC_024711,taxid_960_Bacteriovorax_stolpii,0.867650032043457
NC_024711,taxid_1837343_Paenibacillus_qinlingensis,0.9576494693756104
NC_024711,taxid_688867_Ohtaekwangia_koreensis,0.8761125802993774
NC_024711,taxid_1478_Peribacillus_simplex,0.8620395660400391
NC_020864,taxid_1837343_Paenibacillus_qinlingensis,0.885528028011322
NC_020416,taxid_1837343_Paenibacillus_qinlingensis,0.9163901805877686
NC_024214,taxid_352858_Bacillus_sp_Y1,0.8504406809806824
NC_024214,taxid_398037_Segetibacter_koreensis,0.8897836804389954
NC_024214,taxid_1428_Bacillus_thuringiensis,0.8779610395431519
NC_024214,taxid_1737571_Bacillus_oryzisoli,0.8840806484222412
NC_024214,GENERO_Ferruginibacter_1310417,0.8545326590538025
NC_024214,taxid_1404_Bacillus_megaterium,0.8536376357078552
NC_024214,taxid_398045_Flavisolibacter_ginsengiterrae,0.850565493106842
NC_024214,taxid_1396_Bacillus_cereus,0.8740606904029846
NC_024214,taxid_1813871_Panacibacter_ginsenosidivorans,0.8582552075386047
NC_024214,taxid_1492898_Flavisolibacter_tropicus,0.8711192011833191
NC_024214,GENERO_Segetibacter_670293,0.8897836804389954
NC_024214,taxid_1397_Bacillus_circulans,0.8556942939758301
NC_024214,taxid_960_Bacteriovorax_stolpii,0.870583176612854
NC_024214,taxid_1837343_Paenibacillus_qinlingensis,0.954276978969574
NC_024214,taxid_688867_Ohtaekwangia_koreensis,0.8694402575492859
NC_024214,taxid_1478_Peribacillus_simplex,0.8599690794944763
NC_014636,taxid_1837343_Paenibacillus_qinlingensis,0.8569447994232178
NC_031923,GENERO_Tumebacillus_1229157,0.8543866872787476
NC_031923,GENERO_Tumebacillus_1157490,0.8543866872787476
NC_031923,GENERO_Tumebacillus_363888,0.8543866872787476
NC_031923,taxid_1492898_Flavisolibacter_tropicus,0.8679375052452087
NC_031923,taxid_1837343_Paenibacillus_qinlingensis,0.9507437348365784
NC_031923,taxid_688867_Ohtaekwangia_koreensis,0.8623439073562622
NC_024379,taxid_1837343_Paenibacillus_qinlingensis,0.8527302742004395
KU160642,taxid_1837343_Paenibacillus_qinlingensis,0.8845570087432861
NC_021529,GENERO_Tumebacillus_1229157,0.8517007231712341
NC_021529,GENERO_Tumebacillus_1157490,0.8517007231712341
NC_021529,GENERO_Tumebacillus_363888,0.8517007231712341
NC_021529,taxid_1837343_Paenibacillus_qinlingensis,0.9250755310058594
NC_023561,taxid_1837343_Paenibacillus_qinlingensis,0.892970621585846
NC_007045,taxid_1837343_Paenibacillus_qinlingensis,0.9301548600196838
NC_023568,taxid_1837343_Paenibacillus_qinlingensis,0.9265058636665344
NC_031941,taxid_1492898_Flavisolibacter_tropicus,0.8557337522506714
NC_031941,taxid_1837343_Paenibacillus_qinlingensis,0.9451388120651244
NC_023582,taxid_398037_Segetibacter_koreensis,0.8814256191253662
NC_023582,taxid_1428_Bacillus_thuringiensis,0.8766884803771973
NC_023582,taxid_1737571_Bacillus_oryzisoli,0.876909077167511
NC_023582,taxid_1396_Bacillus_cereus,0.8712764382362366
NC_023582,taxid_1813871_Panacibacter_ginsenosidivorans,0.8504770994186401
NC_023582,taxid_1492898_Flavisolibacter_tropicus,0.860874593257904
NC_023582,GENERO_Segetibacter_670293,0.8814256191253662
NC_023582,taxid_1397_Bacillus_circulans,0.857363224029541
NC_023582,taxid_960_Bacteriovorax_stolpii,0.8641291260719299
NC_023582,taxid_1837343_Paenibacillus_qinlingensis,0.9548733234405518
NC_023582,taxid_688867_Ohtaekwangia_koreensis,0.8582590222358704
NC_023582,taxid_1478_Peribacillus_simplex,0.8538120985031128
NC_019500,GENERO_Tumebacillus_1229157,0.8504367470741272
NC_019500,GENERO_Tumebacillus_1157490,0.8504367470741272
NC_019500,GENERO_Tumebacillus_363888,0.8504367470741272
NC_019500,taxid_1837343_Paenibacillus_qinlingensis,0.9249143600463868
NC_011048,taxid_398037_Segetibacter_koreensis,0.8594338297843933
NC_011048,taxid_1737571_Bacillus_oryzisoli,0.8510021567344666
NC_011048,taxid_1492898_Flavisolibacter_tropicus,0.8682708740234375
NC_011048,GENERO_Segetibacter_670293,0.8594338297843933
NC_011048,taxid_1837343_Paenibacillus_qinlingensis,0.9439632892608644
NC_011048,taxid_688867_Ohtaekwangia_koreensis,0.864769458770752
NC_027987,taxid_1837343_Paenibacillus_qinlingensis,0.943733274936676
NC_020843,taxid_1837343_Paenibacillus_qinlingensis,0.9426063299179076
NC_028955,taxid_1837343_Paenibacillus_qinlingensis,0.9463220834732056
NC_023589,GENERO_Tumebacillus_1229157,0.865155816078186
NC_023589,GENERO_Tumebacillus_1157490,0.865155816078186
NC_023589,GENERO_Tumebacillus_363888,0.865155816078186
NC_023589,taxid_1837343_Paenibacillus_qinlingensis,0.927339255809784
NC_022766,taxid_1837343_Paenibacillus_qinlingensis,0.9414680004119872
NC_025417,taxid_1837343_Paenibacillus_qinlingensis,0.9425879716873168
NC_007064,taxid_398037_Segetibacter_koreensis,0.8594002723693848
NC_007064,taxid_1428_Bacillus_thuringiensis,0.8515995144844055
NC_007064,taxid_1737571_Bacillus_oryzisoli,0.8531065583229065
NC_007064,GENERO_Segetibacter_670293,0.8594002723693848
NC_007064,taxid_1837343_Paenibacillus_qinlingensis,0.9390142560005188
NC_007456,taxid_1837343_Paenibacillus_qinlingensis,0.8777850270271301
NC_028693,taxid_398037_Segetibacter_koreensis,0.8729621767997742
NC_028693,taxid_1428_Bacillus_thuringiensis,0.8719432950019836
NC_028693,taxid_1737571_Bacillus_oryzisoli,0.8674288988113403
NC_028693,taxid_1396_Bacillus_cereus,0.866607666015625
NC_028693,GENERO_Segetibacter_670293,0.8729621767997742
NC_028693,taxid_1397_Bacillus_circulans,0.851041316986084
NC_028693,taxid_960_Bacteriovorax_stolpii,0.8508738875389099
NC_028693,taxid_1837343_Paenibacillus_qinlingensis,0.9465904831886292
NC_031116,taxid_1837343_Paenibacillus_qinlingensis,0.9426552653312684
NC_023571,GENERO_Flavitalea_708199,0.8509916067123413
NC_023571,taxid_398037_Segetibacter_koreensis,0.8718804717063904
NC_023571,GENERO_Flavitalea_796384,0.8509916067123413
NC_023571,taxid_1737571_Bacillus_oryzisoli,0.8637794256210327
NC_023571,GENERO_Ferruginibacter_1310417,0.8544776439666748
NC_023571,taxid_398045_Flavisolibacter_ginsengiterrae,0.8528222441673279
NC_023571,GENERO_Flavitalea_1892851,0.8509916067123413
NC_023571,taxid_1492898_Flavisolibacter_tropicus,0.8701298832893372
NC_023571,GENERO_Segetibacter_670293,0.8718804717063904
NC_023571,taxid_960_Bacteriovorax_stolpii,0.8605443835258484
NC_023571,taxid_1837343_Paenibacillus_qinlingensis,0.9458502531051636
NC_023571,taxid_688867_Ohtaekwangia_koreensis,0.867103099822998
NC_023571,taxid_1478_Peribacillus_simplex,0.8522958755493164
NC_005948,taxid_1492898_Flavisolibacter_tropicus,0.8514936566352844
NC_005948,taxid_1837343_Paenibacillus_qinlingensis,0.9336901903152466
NC_015250,taxid_1837343_Paenibacillus_qinlingensis,0.9115574955940248
NC_027331,taxid_1837343_Paenibacillus_qinlingensis,0.9007580876350404
NC_016565,taxid_398037_Segetibacter_koreensis,0.8546541333198547
NC_016565,taxid_1428_Bacillus_thuringiensis,0.8595896363258362
NC_016565,taxid_1396_Bacillus_cereus,0.8518614768981934
NC_016565,GENERO_Segetibacter_670293,0.8546541333198547
NC_016565,taxid_1837343_Paenibacillus_qinlingensis,0.932147741317749
NC_018854,GENERO_Tumebacillus_1229157,0.8645167350769043
NC_018854,GENERO_Tumebacillus_1157490,0.8645167350769043
NC_018854,GENERO_Tumebacillus_363888,0.8645167350769043
NC_018854,taxid_1837343_Paenibacillus_qinlingensis,0.9364797472953796
NC_024384,taxid_398037_Segetibacter_koreensis,0.859935998916626
NC_024384,taxid_1737571_Bacillus_oryzisoli,0.854345977306366
NC_024384,taxid_1492898_Flavisolibacter_tropicus,0.8601230382919312
NC_024384,GENERO_Segetibacter_670293,0.859935998916626
NC_024384,taxid_1837343_Paenibacillus_qinlingensis,0.9492692351341248
NC_024384,taxid_688867_Ohtaekwangia_koreensis,0.8577882647514343
NC_027390,GENERO_Flavitalea_708199,0.8510727286338806
NC_027390,taxid_398037_Segetibacter_koreensis,0.8672192096710205
NC_027390,GENERO_Flavitalea_796384,0.8510727286338806
NC_027390,taxid_1737571_Bacillus_oryzisoli,0.8584059476852417
NC_027390,GENERO_Ferruginibacter_1310417,0.8519721627235413
NC_027390,taxid_398045_Flavisolibacter_ginsengiterrae,0.852083146572113
NC_027390,GENERO_Flavitalea_1892851,0.8510727286338806
NC_027390,taxid_1492898_Flavisolibacter_tropicus,0.870347261428833
NC_027390,GENERO_Segetibacter_670293,0.8672192096710205
NC_027390,taxid_960_Bacteriovorax_stolpii,0.8558705449104309
NC_027390,taxid_1837343_Paenibacillus_qinlingensis,0.9489343166351318
NC_027390,taxid_688867_Ohtaekwangia_koreensis,0.8667569160461426
NC_013696,taxid_398037_Segetibacter_koreensis,0.859501302242279
NC_013696,taxid_1428_Bacillus_thuringiensis,0.8551387190818787
NC_013696,taxid_1737571_Bacillus_oryzisoli,0.8525364398956299
NC_013696,GENERO_Segetibacter_670293,0.859501302242279
NC_013696,taxid_1837343_Paenibacillus_qinlingensis,0.9412946701049804
NC_029009,taxid_1492898_Flavisolibacter_tropicus,0.860916018486023
NC_029009,taxid_1837343_Paenibacillus_qinlingensis,0.9482951760292052
NC_029009,taxid_688867_Ohtaekwangia_koreensis,0.8579383492469788
NC_001884,taxid_1837343_Paenibacillus_qinlingensis,0.935890793800354
NC_001609,taxid_1837343_Paenibacillus_qinlingensis,0.888582706451416
NC_004827,taxid_1837343_Paenibacillus_qinlingensis,0.9329503178596495
NC_019911,taxid_1837343_Paenibacillus_qinlingensis,0.9072004556655884
NC_001332,taxid_1837343_Paenibacillus_qinlingensis,0.9060445427894592
NC_014036,taxid_1837343_Paenibacillus_qinlingensis,0.8743193745613098
MH153812,GENERO_Tumebacillus_1229157,0.8809858560562134
MH153812,GENERO_Tumebacillus_1157490,0.8809858560562134
MH153812,GENERO_Tumebacillus_363888,0.8809858560562134
MH153812,taxid_1837343_Paenibacillus_qinlingensis,0.936160147190094
NC_027377,taxid_398037_Segetibacter_koreensis,0.8564531207084656
NC_027377,taxid_1492898_Flavisolibacter_tropicus,0.8606273531913757
NC_027377,GENERO_Segetibacter_670293,0.8564531207084656
NC_027377,taxid_1837343_Paenibacillus_qinlingensis,0.9472231268882751
NC_027377,taxid_688867_Ohtaekwangia_koreensis,0.8581745624542236
NC_016071,taxid_1837343_Paenibacillus_qinlingensis,0.8590788841247559
NC_025425,taxid_1837343_Paenibacillus_qinlingensis,0.8879384994506836
NC_009875,taxid_398037_Segetibacter_koreensis,0.8502169847488403
NC_009875,taxid_1428_Bacillus_thuringiensis,0.857512891292572
NC_009875,taxid_1396_Bacillus_cereus,0.8502299785614014
NC_009875,GENERO_Segetibacter_670293,0.8502169847488403
NC_009875,taxid_1837343_Paenibacillus_qinlingensis,0.9323726296424866
NC_023009,taxid_398037_Segetibacter_koreensis,0.8590393662452698
NC_023009,taxid_1428_Bacillus_thuringiensis,0.8560580611228943
NC_023009,taxid_1737571_Bacillus_oryzisoli,0.8528879880905151
NC_023009,GENERO_Segetibacter_670293,0.8590393662452698
NC_023009,taxid_1837343_Paenibacillus_qinlingensis,0.9461761116981506
NC_027293,GENERO_Tumebacillus_1229157,0.8610765933990479
NC_027293,GENERO_Tumebacillus_1157490,0.8610765933990479
NC_027293,GENERO_Tumebacillus_363888,0.8610765933990479
NC_027293,taxid_1837343_Paenibacillus_qinlingensis,0.9364299774169922
KU998254,taxid_1837343_Paenibacillus_qinlingensis,0.8601020574569702
NC_009231,taxid_398037_Segetibacter_koreensis,0.8591551780700684
NC_009231,taxid_1428_Bacillus_thuringiensis,0.8669418096542358
NC_009231,taxid_1737571_Bacillus_oryzisoli,0.8534461259841919
NC_009231,taxid_1396_Bacillus_cereus,0.859598696231842
NC_009231,GENERO_Segetibacter_670293,0.8591551780700684
NC_009231,taxid_1837343_Paenibacillus_qinlingensis,0.9476102590560912
NC_019517,taxid_1837343_Paenibacillus_qinlingensis,0.9024670124053956
NC_021534,taxid_1837343_Paenibacillus_qinlingensis,0.8876881003379822
NC_030933,taxid_398037_Segetibacter_koreensis,0.8529268503189087
NC_030933,taxid_1428_Bacillus_thuringiensis,0.8532514572143555
NC_030933,GENERO_Segetibacter_670293,0.8529268503189087
NC_030933,taxid_1837343_Paenibacillus_qinlingensis,0.9431018233299256
NC_021798,taxid_398037_Segetibacter_koreensis,0.8677309155464172
NC_021798,taxid_1428_Bacillus_thuringiensis,0.8608449101448059
NC_021798,taxid_1737571_Bacillus_oryzisoli,0.8605777621269226
NC_021798,taxid_1396_Bacillus_cereus,0.8546311259269714
NC_021798,GENERO_Segetibacter_670293,0.8677309155464172
NC_021798,taxid_1837343_Paenibacillus_qinlingensis,0.9490979313850404
NC_025464,GENERO_Tumebacillus_1229157,0.850439727306366
NC_025464,GENERO_Tumebacillus_1157490,0.850439727306366
NC_025464,GENERO_Tumebacillus_363888,0.850439727306366
NC_025464,taxid_1837343_Paenibacillus_qinlingensis,0.9238314032554626
NC_011308,taxid_398037_Segetibacter_koreensis,0.8640861511230469
NC_011308,taxid_1737571_Bacillus_oryzisoli,0.8579584360122681
NC_011308,taxid_1492898_Flavisolibacter_tropicus,0.8630825877189636
NC_011308,GENERO_Segetibacter_670293,0.8640861511230469
NC_011308,taxid_960_Bacteriovorax_stolpii,0.8530651926994324
NC_011308,taxid_1837343_Paenibacillus_qinlingensis,0.9456019401550292
NC_011308,taxid_688867_Ohtaekwangia_koreensis,0.8607472777366638
NC_028750,taxid_1837343_Paenibacillus_qinlingensis,0.8731781840324402
NC_031092,taxid_1837343_Paenibacillus_qinlingensis,0.8591185808181763
NC_015280,taxid_1837343_Paenibacillus_qinlingensis,0.9416809678077698
NC_021794,taxid_398037_Segetibacter_koreensis,0.8764476180076599
NC_021794,taxid_1428_Bacillus_thuringiensis,0.8695422410964966
NC_021794,taxid_1737571_Bacillus_oryzisoli,0.8699330687522888
NC_021794,taxid_1396_Bacillus_cereus,0.8637456297874451
NC_021794,taxid_1492898_Flavisolibacter_tropicus,0.8549603223800659
NC_021794,GENERO_Segetibacter_670293,0.8764476180076599
NC_021794,taxid_960_Bacteriovorax_stolpii,0.8575267791748047
NC_021794,taxid_1837343_Paenibacillus_qinlingensis,0.953557550907135
NC_021794,taxid_688867_Ohtaekwangia_koreensis,0.853167712688446
NC_016571,taxid_1837343_Paenibacillus_qinlingensis,0.8841075897216797
NC_028887,GENERO_Tumebacillus_1229157,0.8521000742912292
NC_028887,GENERO_Tumebacillus_1157490,0.8521000742912292
NC_028887,GENERO_Tumebacillus_363888,0.8521000742912292
NC_028887,taxid_1492898_Flavisolibacter_tropicus,0.8505225777626038
NC_028887,taxid_1837343_Paenibacillus_qinlingensis,0.9502949714660645
NC_031260,taxid_352858_Bacillus_sp_Y1,0.8592569828033447
NC_031260,GENERO_Flavitalea_708199,0.8531458973884583
NC_031260,taxid_398037_Segetibacter_koreensis,0.8927803635597229
NC_031260,GENERO_Flavitalea_796384,0.8531458973884583
NC_031260,taxid_1428_Bacillus_thuringiensis,0.8848446011543274
NC_031260,taxid_1737571_Bacillus_oryzisoli,0.8878788948059082
NC_031260,GENERO_Ferruginibacter_1310417,0.8595494627952576
NC_031260,taxid_1404_Bacillus_megaterium,0.8610469698905945
NC_031260,taxid_398045_Flavisolibacter_ginsengiterrae,0.8557834625244141
NC_031260,taxid_228899_Peribacillus_asahii,0.8552585244178772
NC_031260,taxid_1396_Bacillus_cereus,0.8799630999565125
NC_031260,taxid_1813871_Panacibacter_ginsenosidivorans,0.8630207180976868
NC_031260,GENERO_Flavitalea_1892851,0.8531458973884583
NC_031260,taxid_1492898_Flavisolibacter_tropicus,0.8757713437080383
NC_031260,GENERO_Segetibacter_670293,0.8927803635597229
NC_031260,taxid_1397_Bacillus_circulans,0.8641171455383301
NC_031260,taxid_960_Bacteriovorax_stolpii,0.8770160675048828
NC_031260,taxid_1837343_Paenibacillus_qinlingensis,0.9584354162216188
NC_031260,taxid_688867_Ohtaekwangia_koreensis,0.8735660910606384
NC_031260,taxid_1478_Peribacillus_simplex,0.8656956553459167
NC_028799,GENERO_Tumebacillus_1229157,0.8577513098716736
NC_028799,taxid_352858_Bacillus_sp_Y1,0.8624979257583618
NC_028799,GENERO_Flavitalea_708199,0.8687026500701904
NC_028799,taxid_398037_Segetibacter_koreensis,0.8979119658470154
NC_028799,taxid_462367_Flavisolibacter_ginsengisoli,0.8584735989570618
NC_028799,GENERO_Flavitalea_796384,0.8687026500701904
NC_028799,GENERO_Tumebacillus_1157490,0.8577513098716736
NC_028799,taxid_1428_Bacillus_thuringiensis,0.8755791783332825
NC_028799,taxid_1737571_Bacillus_oryzisoli,0.8916764259338379
NC_028799,GENERO_Ferruginibacter_1310417,0.8719856142997742
NC_028799,taxid_1404_Bacillus_megaterium,0.8626419305801392
NC_028799,taxid_398045_Flavisolibacter_ginsengiterrae,0.8689720034599304
NC_028799,taxid_228899_Peribacillus_asahii,0.8569281697273254
NC_028799,GENERO_Tumebacillus_363888,0.8577513098716736
NC_028799,taxid_1396_Bacillus_cereus,0.8738299012184143
NC_028799,taxid_1813871_Panacibacter_ginsenosidivorans,0.87160325050354
NC_028799,GENERO_Flavitalea_1892851,0.8687026500701904
NC_028799,taxid_1492898_Flavisolibacter_tropicus,0.8883718848228455
NC_028799,GENERO_Segetibacter_670293,0.8979119658470154
NC_028799,GENERO_Daejeonella_990371,0.8551473617553711
NC_028799,taxid_1397_Bacillus_circulans,0.8501214385032654
NC_028799,taxid_960_Bacteriovorax_stolpii,0.8832511305809021
NC_028799,taxid_1837343_Paenibacillus_qinlingensis,0.9615262746810912
NC_028799,taxid_688867_Ohtaekwangia_koreensis,0.8859167098999023
NC_028799,taxid_1478_Peribacillus_simplex,0.8742177486419678
NC_004746,taxid_352858_Bacillus_sp_Y1,0.8507178425788879
NC_004746,GENERO_Flavitalea_708199,0.852139949798584
NC_004746,taxid_398037_Segetibacter_koreensis,0.8880681395530701
NC_004746,GENERO_Flavitalea_796384,0.852139949798584
NC_004746,taxid_1428_Bacillus_thuringiensis,0.8673251867294312
NC_004746,taxid_1737571_Bacillus_oryzisoli,0.8823886513710022
NC_004746,GENERO_Ferruginibacter_1310417,0.857020914554596
NC_004746,taxid_1404_Bacillus_megaterium,0.8518633246421814
NC_004746,taxid_398045_Flavisolibacter_ginsengiterrae,0.853970468044281
NC_004746,taxid_1396_Bacillus_cereus,0.8648616671562195
NC_004746,taxid_1813871_Panacibacter_ginsenosidivorans,0.858507513999939
NC_004746,GENERO_Flavitalea_1892851,0.852139949798584
NC_004746,taxid_1492898_Flavisolibacter_tropicus,0.8735918402671814
NC_004746,GENERO_Segetibacter_670293,0.8880681395530701
NC_004746,taxid_960_Bacteriovorax_stolpii,0.8716253042221069
NC_004746,taxid_1837343_Paenibacillus_qinlingensis,0.9532329440116882
NC_004746,taxid_688867_Ohtaekwangia_koreensis,0.8714817762374878
NC_004746,taxid_1478_Peribacillus_simplex,0.8616518378257751
NC_023614,taxid_398037_Segetibacter_koreensis,0.8514577150344849
NC_023614,GENERO_Segetibacter_670293,0.8514577150344849
NC_023614,taxid_1837343_Paenibacillus_qinlingensis,0.9281919598579408
NC_018863,GENERO_Tumebacillus_1229157,0.8641577363014221
NC_018863,GENERO_Tumebacillus_1157490,0.8641577363014221
NC_018863,GENERO_Tumebacillus_363888,0.8641577363014221
NC_018863,taxid_1837343_Paenibacillus_qinlingensis,0.9445735216140748
NC_005135,taxid_1837343_Paenibacillus_qinlingensis,0.8504504561424255
NC_028835,taxid_1837343_Paenibacillus_qinlingensis,0.9257166981697084
NC_002371,taxid_1837343_Paenibacillus_qinlingensis,0.9072532653808594
NC_029100,GENERO_Flavitalea_708199,0.8515453934669495
NC_029100,taxid_398037_Segetibacter_koreensis,0.8510808944702148
NC_029100,GENERO_Flavitalea_796384,0.8515453934669495
NC_029100,GENERO_Flavitalea_1892851,0.8515453934669495
NC_029100,taxid_1492898_Flavisolibacter_tropicus,0.8716983795166016
NC_029100,GENERO_Segetibacter_670293,0.8510808944702148
NC_029100,taxid_1837343_Paenibacillus_qinlingensis,0.9535067081451416
NC_029100,taxid_688867_Ohtaekwangia_koreensis,0.8665598630905151
NC_014649,taxid_1837343_Paenibacillus_qinlingensis,0.9223812222480774
NC_023503,GENERO_Flavitalea_708199,0.8612396121025085
NC_023503,taxid_398037_Segetibacter_koreensis,0.8827669024467468
NC_023503,taxid_462367_Flavisolibacter_ginsengisoli,0.8530918955802917
NC_023503,GENERO_Flavitalea_796384,0.8612396121025085
NC_023503,taxid_1428_Bacillus_thuringiensis,0.8508670330047607
NC_023503,taxid_1737571_Bacillus_oryzisoli,0.8750818371772766
NC_023503,GENERO_Ferruginibacter_1310417,0.8642714023590088
NC_023503,taxid_398045_Flavisolibacter_ginsengiterrae,0.8628795742988586
NC_023503,taxid_1813871_Panacibacter_ginsenosidivorans,0.8564713001251221
NC_023503,GENERO_Flavitalea_1892851,0.8612396121025085
NC_023503,taxid_1492898_Flavisolibacter_tropicus,0.8796929121017456
NC_023503,GENERO_Segetibacter_670293,0.8827669024467468
NC_023503,taxid_960_Bacteriovorax_stolpii,0.8732162714004517
NC_023503,taxid_1837343_Paenibacillus_qinlingensis,0.9525062441825868
NC_023503,taxid_688867_Ohtaekwangia_koreensis,0.8771120309829712
NC_023503,taxid_1478_Peribacillus_simplex,0.8635993003845215
NC_038371,taxid_1837343_Paenibacillus_qinlingensis,0.917098879814148
NC_019913,taxid_1837343_Paenibacillus_qinlingensis,0.8587148785591125
NC_029012,taxid_398037_Segetibacter_koreensis,0.8833113312721252
NC_029012,taxid_1428_Bacillus_thuringiensis,0.868854284286499
NC_029012,taxid_1737571_Bacillus_oryzisoli,0.879439115524292
NC_029012,GENERO_Ferruginibacter_1310417,0.8511455655097961
NC_029012,taxid_1396_Bacillus_cereus,0.8664267063140869
NC_029012,taxid_1813871_Panacibacter_ginsenosidivorans,0.8532264828681946
NC_029012,taxid_1492898_Flavisolibacter_tropicus,0.8680372834205627
NC_029012,GENERO_Segetibacter_670293,0.8833113312721252
NC_029012,taxid_960_Bacteriovorax_stolpii,0.865094780921936
NC_029012,taxid_1837343_Paenibacillus_qinlingensis,0.944943904876709
NC_029012,taxid_688867_Ohtaekwangia_koreensis,0.8651877641677856
NC_029012,taxid_1478_Peribacillus_simplex,0.8584608435630798
NC_022773,taxid_1492898_Flavisolibacter_tropicus,0.8561843037605286
NC_022773,taxid_1837343_Paenibacillus_qinlingensis,0.9417218565940856
NC_031929,GENERO_Tumebacillus_1229157,0.8584846258163452
NC_031929,GENERO_Tumebacillus_1157490,0.8584846258163452
NC_031929,GENERO_Tumebacillus_363888,0.8584846258163452
NC_031929,taxid_1492898_Flavisolibacter_tropicus,0.8637900352478027
NC_031929,taxid_1837343_Paenibacillus_qinlingensis,0.94973224401474
NC_031929,taxid_688867_Ohtaekwangia_koreensis,0.8570629358291626
NC_019530,taxid_1837343_Paenibacillus_qinlingensis,0.8511452078819275
NC_019504,taxid_1837343_Paenibacillus_qinlingensis,0.917789876461029
NC_018280,GENERO_Tumebacillus_1229157,0.872009813785553
NC_018280,GENERO_Tumebacillus_1157490,0.872009813785553
NC_018280,GENERO_Tumebacillus_363888,0.872009813785553
NC_018280,taxid_1837343_Paenibacillus_qinlingensis,0.9276391267776488
NC_005891,taxid_1837343_Paenibacillus_qinlingensis,0.8650426268577576
NC_017978,taxid_1837343_Paenibacillus_qinlingensis,0.9208073019981384
NC_028696,taxid_1837343_Paenibacillus_qinlingensis,0.8903617262840271
NC_030953,taxid_1837343_Paenibacillus_qinlingensis,0.9198845028877258
NC_007924,taxid_352858_Bacillus_sp_Y1,0.8528168201446533
NC_007924,GENERO_Flavitalea_708199,0.8598435521125793
NC_007924,taxid_398037_Segetibacter_koreensis,0.8887661099433899
NC_007924,taxid_462367_Flavisolibacter_ginsengisoli,0.8514302968978882
NC_007924,GENERO_Flavitalea_796384,0.8598435521125793
NC_007924,taxid_1428_Bacillus_thuringiensis,0.8618552088737488
NC_007924,taxid_1737571_Bacillus_oryzisoli,0.8825546503067017
NC_007924,GENERO_Ferruginibacter_1310417,0.8644946813583374
NC_007924,taxid_1404_Bacillus_megaterium,0.8506125807762146
NC_007924,taxid_398045_Flavisolibacter_ginsengiterrae,0.8612412810325623
NC_007924,taxid_1396_Bacillus_cereus,0.8599773049354553
NC_007924,taxid_1813871_Panacibacter_ginsenosidivorans,0.8614007234573364
NC_007924,GENERO_Flavitalea_1892851,0.8598435521125793
NC_007924,taxid_1492898_Flavisolibacter_tropicus,0.8788594603538513
NC_007924,GENERO_Segetibacter_670293,0.8887661099433899
NC_007924,taxid_960_Bacteriovorax_stolpii,0.8767866492271423
NC_007924,taxid_1837343_Paenibacillus_qinlingensis,0.952612578868866
NC_007924,taxid_688867_Ohtaekwangia_koreensis,0.8767208456993103
NC_007924,taxid_1478_Peribacillus_simplex,0.8663074970245361
NC_000872,taxid_352858_Bacillus_sp_Y1,0.8615934252738953
NC_000872,GENERO_Flavitalea_708199,0.867887556552887
NC_000872,taxid_398037_Segetibacter_koreensis,0.8957350254058838
NC_000872,taxid_462367_Flavisolibacter_ginsengisoli,0.8598448038101196
NC_000872,GENERO_Flavitalea_796384,0.867887556552887
NC_000872,taxid_1428_Bacillus_thuringiensis,0.8696242570877075
NC_000872,taxid_1737571_Bacillus_oryzisoli,0.8888241648674011
NC_000872,GENERO_Ferruginibacter_1310417,0.8721717596054077
NC_000872,taxid_1404_Bacillus_megaterium,0.8590145707130432
NC_000872,taxid_398045_Flavisolibacter_ginsengiterrae,0.8691030740737915
NC_000872,taxid_228899_Peribacillus_asahii,0.8547360897064209
NC_000872,taxid_1396_Bacillus_cereus,0.8680180311203003
NC_000872,taxid_1813871_Panacibacter_ginsenosidivorans,0.8709114789962769
NC_000872,GENERO_Flavitalea_1892851,0.867887556552887
NC_000872,taxid_1492898_Flavisolibacter_tropicus,0.8854745030403137
NC_000872,GENERO_Segetibacter_670293,0.8957350254058838
NC_000872,GENERO_Daejeonella_990371,0.8541746139526367
NC_000872,taxid_960_Bacteriovorax_stolpii,0.8829626441001892
NC_000872,taxid_1837343_Paenibacillus_qinlingensis,0.9550318121910096
NC_000872,taxid_688867_Ohtaekwangia_koreensis,0.883202314376831
NC_000872,taxid_1478_Peribacillus_simplex,0.8739619851112366
NC_019540,taxid_1837343_Paenibacillus_qinlingensis,0.905873715877533
NC_019909,GENERO_Tumebacillus_1229157,0.8578181266784668
NC_019909,GENERO_Tumebacillus_1157490,0.8578181266784668
NC_019909,GENERO_Tumebacillus_363888,0.8578181266784668
NC_019909,taxid_1837343_Paenibacillus_qinlingensis,0.9318161606788636
NC_021800,taxid_1837343_Paenibacillus_qinlingensis,0.9311859011650084
NC_029119,GENERO_Flavitalea_708199,0.851547122001648
NC_029119,taxid_398037_Segetibacter_koreensis,0.8829284906387329
NC_029119,GENERO_Flavitalea_796384,0.851547122001648
NC_029119,taxid_1428_Bacillus_thuringiensis,0.8662843108177185
NC_029119,taxid_1737571_Bacillus_oryzisoli,0.8794463872909546
NC_029119,GENERO_Ferruginibacter_1310417,0.8545634150505066
NC_029119,taxid_398045_Flavisolibacter_ginsengiterrae,0.8524419069290161
NC_029119,taxid_1396_Bacillus_cereus,0.8638281226158142
NC_029119,taxid_1813871_Panacibacter_ginsenosidivorans,0.8545554876327515
NC_029119,GENERO_Flavitalea_1892851,0.851547122001648
NC_029119,taxid_1492898_Flavisolibacter_tropicus,0.8726931810379028
NC_029119,GENERO_Segetibacter_670293,0.8829284906387329
NC_029119,taxid_960_Bacteriovorax_stolpii,0.8676656484603882
NC_029119,taxid_1837343_Paenibacillus_qinlingensis,0.9572572708129884
NC_029119,taxid_688867_Ohtaekwangia_koreensis,0.8695397973060608
NC_029119,taxid_1478_Peribacillus_simplex,0.8597164750099182
NC_019513,taxid_398037_Segetibacter_koreensis,0.8810049295425415
NC_019513,taxid_1428_Bacillus_thuringiensis,0.8678258657455444
NC_019513,taxid_1737571_Bacillus_oryzisoli,0.8753376007080078
NC_019513,GENERO_Ferruginibacter_1310417,0.8515871167182922
NC_019513,taxid_1396_Bacillus_cereus,0.864327609539032
NC_019513,taxid_1813871_Panacibacter_ginsenosidivorans,0.8525356650352478
NC_019513,taxid_1492898_Flavisolibacter_tropicus,0.8685582876205444
NC_019513,GENERO_Segetibacter_670293,0.8810049295425415
NC_019513,taxid_960_Bacteriovorax_stolpii,0.8660773634910583
NC_019513,taxid_1837343_Paenibacillus_qinlingensis,0.9545650482177734
NC_019513,taxid_688867_Ohtaekwangia_koreensis,0.8664636611938477
NC_019513,taxid_1478_Peribacillus_simplex,0.8544086217880249
NC_001697,taxid_398037_Segetibacter_koreensis,0.8537390232086182
NC_001697,GENERO_Segetibacter_670293,0.8537390232086182
NC_001697,taxid_1837343_Paenibacillus_qinlingensis,0.9362385272979736
NC_027358,taxid_398037_Segetibacter_koreensis,0.8555936217308044
NC_027358,taxid_1492898_Flavisolibacter_tropicus,0.8529658913612366
NC_027358,GENERO_Segetibacter_670293,0.8555936217308044
NC_027358,taxid_1837343_Paenibacillus_qinlingensis,0.9460525512695312
NC_027358,taxid_688867_Ohtaekwangia_koreensis,0.8514041900634766
NC_008689,taxid_1428_Bacillus_thuringiensis,0.8505117893218994
NC_008689,taxid_1837343_Paenibacillus_qinlingensis,0.9384173154830932
NC_031245,taxid_1837343_Paenibacillus_qinlingensis,0.9361664056777954
NC_022771,taxid_1837343_Paenibacillus_qinlingensis,0.9267897009849548
NC_004629,taxid_1837343_Paenibacillus_qinlingensis,0.935643196105957
NC_005964,taxid_1837343_Paenibacillus_qinlingensis,0.8683285713195801
NC_021799,taxid_1837343_Paenibacillus_qinlingensis,0.9423194527626038
NC_007059,taxid_398037_Segetibacter_koreensis,0.8559236526489258
NC_007059,GENERO_Segetibacter_670293,0.8559236526489258
NC_007059,taxid_1837343_Paenibacillus_qinlingensis,0.9419915676116944
NC_003287,taxid_1837343_Paenibacillus_qinlingensis,0.922306478023529
NC_011040,taxid_1837343_Paenibacillus_qinlingensis,0.8670513033866882
NC_025457,taxid_1492898_Flavisolibacter_tropicus,0.8510051369667053
NC_025457,taxid_1837343_Paenibacillus_qinlingensis,0.9393815994262696
NC_024142,GENERO_Tumebacillus_1229157,0.8515598773956299
NC_024142,GENERO_Tumebacillus_1157490,0.8515598773956299
NC_024142,GENERO_Tumebacillus_363888,0.8515598773956299
NC_024142,taxid_1837343_Paenibacillus_qinlingensis,0.9170844554901124
NC_024208,taxid_398037_Segetibacter_koreensis,0.8852046132087708
NC_024208,taxid_1428_Bacillus_thuringiensis,0.8671546578407288
NC_024208,taxid_1737571_Bacillus_oryzisoli,0.87931889295578
NC_024208,GENERO_Ferruginibacter_1310417,0.8533731698989868
NC_024208,taxid_1396_Bacillus_cereus,0.8642216324806213
NC_024208,taxid_1813871_Panacibacter_ginsenosidivorans,0.8545787334442139
NC_024208,taxid_1492898_Flavisolibacter_tropicus,0.8701345920562744
NC_024208,GENERO_Segetibacter_670293,0.8852046132087708
NC_024208,taxid_960_Bacteriovorax_stolpii,0.8681066036224365
NC_024208,taxid_1837343_Paenibacillus_qinlingensis,0.9531979560852052
NC_024208,taxid_688867_Ohtaekwangia_koreensis,0.8685123324394226
NC_024208,taxid_1478_Peribacillus_simplex,0.8570812940597534
NC_020204,taxid_1837343_Paenibacillus_qinlingensis,0.855294942855835
NC_004814,taxid_352858_Bacillus_sp_Y1,0.8661193251609802
NC_004814,GENERO_Flavitalea_708199,0.8513247966766357
NC_004814,taxid_398037_Segetibacter_koreensis,0.8973549008369446
NC_004814,GENERO_Flavitalea_796384,0.8513247966766357
NC_004814,taxid_1428_Bacillus_thuringiensis,0.8947001099586487
NC_004814,taxid_1737571_Bacillus_oryzisoli,0.8929179906845093
NC_004814,GENERO_Ferruginibacter_1310417,0.8605920672416687
NC_004814,taxid_1404_Bacillus_megaterium,0.8688619136810303
NC_004814,taxid_398045_Flavisolibacter_ginsengiterrae,0.8560053110122681
NC_004814,taxid_228899_Peribacillus_asahii,0.8640803694725037
NC_004814,taxid_1396_Bacillus_cereus,0.8898892998695374
NC_004814,taxid_1813871_Panacibacter_ginsenosidivorans,0.8679449558258057
NC_004814,GENERO_Flavitalea_1892851,0.8513247966766357
NC_004814,taxid_1492898_Flavisolibacter_tropicus,0.874417245388031
NC_004814,GENERO_Segetibacter_670293,0.8973549008369446
NC_004814,taxid_1397_Bacillus_circulans,0.8773242831230164
NC_004814,taxid_960_Bacteriovorax_stolpii,0.8804262280464172
NC_004814,taxid_1837343_Paenibacillus_qinlingensis,0.9580593705177308
NC_004814,taxid_688867_Ohtaekwangia_koreensis,0.8728256821632385
NC_004814,taxid_1478_Peribacillus_simplex,0.8698493838310242
NC_025462,GENERO_Tumebacillus_1229157,0.8516737818717957
NC_025462,GENERO_Tumebacillus_1157490,0.8516737818717957
NC_025462,GENERO_Tumebacillus_363888,0.8516737818717957
NC_025462,taxid_1492898_Flavisolibacter_tropicus,0.8554506301879883
NC_025462,taxid_1837343_Paenibacillus_qinlingensis,0.9464873671531676
NC_005356,taxid_1837343_Paenibacillus_qinlingensis,0.9398422241210938
NC_018832,taxid_1837343_Paenibacillus_qinlingensis,0.8852329254150391
NC_015284,taxid_1837343_Paenibacillus_qinlingensis,0.931451976299286
NC_019511,taxid_398037_Segetibacter_koreensis,0.8756568431854248
NC_019511,taxid_1428_Bacillus_thuringiensis,0.8672717809677124
NC_019511,taxid_1737571_Bacillus_oryzisoli,0.8719727396965027
NC_019511,taxid_1396_Bacillus_cereus,0.8614726662635803
NC_019511,taxid_1492898_Flavisolibacter_tropicus,0.8610195517539978
NC_019511,GENERO_Segetibacter_670293,0.8756568431854248
NC_019511,taxid_960_Bacteriovorax_stolpii,0.8600034713745117
NC_019511,taxid_1837343_Paenibacillus_qinlingensis,0.9534816145896912
NC_019511,taxid_688867_Ohtaekwangia_koreensis,0.8585218787193298
NC_019511,taxid_1478_Peribacillus_simplex,0.8500322699546814
NC_007814,taxid_398037_Segetibacter_koreensis,0.8679526448249817
NC_007814,taxid_1428_Bacillus_thuringiensis,0.8602357506752014
NC_007814,taxid_1737571_Bacillus_oryzisoli,0.8620888590812683
NC_007814,taxid_1396_Bacillus_cereus,0.8548452854156494
NC_007814,GENERO_Segetibacter_670293,0.8679526448249817
NC_007814,taxid_1837343_Paenibacillus_qinlingensis,0.945429503917694
NC_004588,taxid_352858_Bacillus_sp_Y1,0.8516808152198792
NC_004588,GENERO_Flavitalea_708199,0.8551239967346191
NC_004588,taxid_398037_Segetibacter_koreensis,0.8870921730995178
NC_004588,GENERO_Flavitalea_796384,0.8551239967346191
NC_004588,taxid_1428_Bacillus_thuringiensis,0.8602654933929443
NC_004588,taxid_1737571_Bacillus_oryzisoli,0.8800142407417297
NC_004588,GENERO_Ferruginibacter_1310417,0.8599585890769958
NC_004588,taxid_398045_Flavisolibacter_ginsengiterrae,0.8568347096443176
NC_004588,taxid_1396_Bacillus_cereus,0.8582819104194641
NC_004588,taxid_1813871_Panacibacter_ginsenosidivorans,0.8597334027290344
NC_004588,GENERO_Flavitalea_1892851,0.8551239967346191
NC_004588,taxid_1492898_Flavisolibacter_tropicus,0.8747232556343079
NC_004588,GENERO_Segetibacter_670293,0.8870921730995178
NC_004588,taxid_960_Bacteriovorax_stolpii,0.8727458715438843
NC_004588,taxid_1837343_Paenibacillus_qinlingensis,0.9521340131759644
NC_004588,taxid_688867_Ohtaekwangia_koreensis,0.8724018335342407
NC_004588,taxid_1478_Peribacillus_simplex,0.8632102608680725
NC_009554,taxid_1837343_Paenibacillus_qinlingensis,0.8920553922653198
NC_004087,taxid_398037_Segetibacter_koreensis,0.867080569267273
NC_004087,taxid_1428_Bacillus_thuringiensis,0.8754734396934509
NC_004087,taxid_1737571_Bacillus_oryzisoli,0.8614068031311035
NC_004087,taxid_1396_Bacillus_cereus,0.8681527972221375
NC_004087,GENERO_Segetibacter_670293,0.867080569267273
NC_004087,taxid_1397_Bacillus_circulans,0.8561156392097473
NC_004087,taxid_1837343_Paenibacillus_qinlingensis,0.9491742849349976
NC_024361,taxid_1492898_Flavisolibacter_tropicus,0.8691377639770508
NC_024361,taxid_1837343_Paenibacillus_qinlingensis,0.9518967270851136
NC_024361,taxid_688867_Ohtaekwangia_koreensis,0.8635414838790894
NC_031051,taxid_352858_Bacillus_sp_Y1,0.8545511960983276
NC_031051,GENERO_Flavitalea_708199,0.8561396598815918
NC_031051,taxid_398037_Segetibacter_koreensis,0.8880157470703125
NC_031051,GENERO_Flavitalea_796384,0.8561396598815918
NC_031051,taxid_1428_Bacillus_thuringiensis,0.8748964071273804
NC_031051,taxid_1737571_Bacillus_oryzisoli,0.883222222328186
NC_031051,GENERO_Ferruginibacter_1310417,0.8599687218666077
NC_031051,taxid_1404_Bacillus_megaterium,0.8550043106079102
NC_031051,taxid_398045_Flavisolibacter_ginsengiterrae,0.8579883575439453
NC_031051,taxid_1396_Bacillus_cereus,0.871423065662384
NC_031051,taxid_1813871_Panacibacter_ginsenosidivorans,0.8598821759223938
NC_031051,GENERO_Flavitalea_1892851,0.8561396598815918
NC_031051,taxid_1492898_Flavisolibacter_tropicus,0.8776321411132812
NC_031051,GENERO_Segetibacter_670293,0.8880157470703125
NC_031051,taxid_1397_Bacillus_circulans,0.8512523174285889
NC_031051,taxid_960_Bacteriovorax_stolpii,0.8746621012687683
NC_031051,taxid_1837343_Paenibacillus_qinlingensis,0.9583566784858704
NC_031051,taxid_688867_Ohtaekwangia_koreensis,0.8751168251037598
NC_031051,taxid_1478_Peribacillus_simplex,0.8641341328620911
NC_019442,taxid_1837343_Paenibacillus_qinlingensis,0.8689335584640503
NC_001825,taxid_352858_Bacillus_sp_Y1,0.8597577214241028
NC_001825,GENERO_Flavitalea_708199,0.8601993322372437
NC_001825,taxid_398037_Segetibacter_koreensis,0.8943596482276917
NC_001825,taxid_462367_Flavisolibacter_ginsengisoli,0.852894127368927
NC_001825,GENERO_Flavitalea_796384,0.8601993322372437
NC_001825,taxid_1428_Bacillus_thuringiensis,0.8742564916610718
NC_001825,taxid_1737571_Bacillus_oryzisoli,0.8877476453781128
NC_001825,GENERO_Ferruginibacter_1310417,0.8651954531669617
NC_001825,taxid_1404_Bacillus_megaterium,0.8598260879516602
NC_001825,taxid_398045_Flavisolibacter_ginsengiterrae,0.8621713519096375
NC_001825,taxid_228899_Peribacillus_asahii,0.8563752770423889
NC_001825,taxid_1396_Bacillus_cereus,0.8722646832466125
NC_001825,taxid_1813871_Panacibacter_ginsenosidivorans,0.8686079978942871
NC_001825,GENERO_Flavitalea_1892851,0.8601993322372437
NC_001825,taxid_1492898_Flavisolibacter_tropicus,0.8790075182914734
NC_001825,GENERO_Segetibacter_670293,0.8943596482276917
NC_001825,taxid_960_Bacteriovorax_stolpii,0.8776589632034302
NC_001825,taxid_1837343_Paenibacillus_qinlingensis,0.952253758907318
NC_001825,taxid_688867_Ohtaekwangia_koreensis,0.8765987157821655
NC_001825,taxid_1478_Peribacillus_simplex,0.8700464963912964
NC_017976,taxid_1837343_Paenibacillus_qinlingensis,0.938598096370697
NC_025415,taxid_1492898_Flavisolibacter_tropicus,0.866365909576416
NC_025415,taxid_1837343_Paenibacillus_qinlingensis,0.9458715915679932
NC_025415,taxid_688867_Ohtaekwangia_koreensis,0.8612896203994751
NC_011811,taxid_1837343_Paenibacillus_qinlingensis,0.9068307280540466
NC_012749,taxid_1837343_Paenibacillus_qinlingensis,0.9402936697006226
NC_028859,taxid_398037_Segetibacter_koreensis,0.8580759763717651
NC_028859,GENERO_Segetibacter_670293,0.8580759763717651
NC_028859,taxid_1837343_Paenibacillus_qinlingensis,0.9434211254119872
NC_019447,taxid_1837343_Paenibacillus_qinlingensis,0.8806803226470947
NC_010945,GENERO_Flavitalea_708199,0.858748733997345
NC_010945,taxid_398037_Segetibacter_koreensis,0.8719679117202759
NC_010945,GENERO_Flavitalea_796384,0.858748733997345
NC_010945,taxid_1737571_Bacillus_oryzisoli,0.8643079400062561
NC_010945,GENERO_Ferruginibacter_1310417,0.8555904030799866
NC_010945,taxid_398045_Flavisolibacter_ginsengiterrae,0.8589156270027161
NC_010945,GENERO_Flavitalea_1892851,0.858748733997345
NC_010945,taxid_1492898_Flavisolibacter_tropicus,0.8772019743919373
NC_010945,GENERO_Segetibacter_670293,0.8719679117202759
NC_010945,taxid_960_Bacteriovorax_stolpii,0.8633052706718445
NC_010945,taxid_1837343_Paenibacillus_qinlingensis,0.950221300125122
NC_010945,taxid_688867_Ohtaekwangia_koreensis,0.8744245171546936
NC_010945,taxid_1478_Peribacillus_simplex,0.8542602062225342
NC_004831,GENERO_Tumebacillus_1229157,0.869844377040863
NC_004831,GENERO_Tumebacillus_1157490,0.869844377040863
NC_004831,GENERO_Tumebacillus_363888,0.869844377040863
NC_004831,taxid_1837343_Paenibacillus_qinlingensis,0.9318513870239258
NC_031910,GENERO_Tumebacillus_1229157,0.8563984632492065
NC_031910,GENERO_Tumebacillus_1157490,0.8563984632492065
NC_031910,GENERO_Tumebacillus_363888,0.8563984632492065
NC_031910,taxid_1492898_Flavisolibacter_tropicus,0.8629755973815918
NC_031910,taxid_1837343_Paenibacillus_qinlingensis,0.9496131539344788
NC_031910,taxid_688867_Ohtaekwangia_koreensis,0.856317400932312
NC_014789,taxid_1837343_Paenibacillus_qinlingensis,0.8915161490440369
NC_031022,GENERO_Tumebacillus_1229157,0.8614240884780884
NC_031022,GENERO_Tumebacillus_1157490,0.8614240884780884
NC_031022,GENERO_Tumebacillus_363888,0.8614240884780884
NC_031022,taxid_1837343_Paenibacillus_qinlingensis,0.9313563108444214
NC_013585,taxid_1428_Bacillus_thuringiensis,0.8527817726135254
NC_013585,taxid_1837343_Paenibacillus_qinlingensis,0.9288305640220642
NC_003157,GENERO_Flavitalea_708199,0.8520436882972717
NC_003157,taxid_398037_Segetibacter_koreensis,0.8820799589157104
NC_003157,GENERO_Flavitalea_796384,0.8520436882972717
NC_003157,taxid_1428_Bacillus_thuringiensis,0.8535997271537781
NC_003157,taxid_1737571_Bacillus_oryzisoli,0.8747905492782593
NC_003157,GENERO_Ferruginibacter_1310417,0.8570382595062256
NC_003157,taxid_398045_Flavisolibacter_ginsengiterrae,0.8538398742675781
NC_003157,taxid_1396_Bacillus_cereus,0.8514525890350342
NC_003157,taxid_1813871_Panacibacter_ginsenosidivorans,0.8541060090065002
NC_003157,GENERO_Flavitalea_1892851,0.8520436882972717
NC_003157,taxid_1492898_Flavisolibacter_tropicus,0.8718759417533875
NC_003157,GENERO_Segetibacter_670293,0.8820799589157104
NC_003157,taxid_960_Bacteriovorax_stolpii,0.8698504567146301
NC_003157,taxid_1837343_Paenibacillus_qinlingensis,0.9498620629310608
NC_003157,taxid_688867_Ohtaekwangia_koreensis,0.8694677948951721
NC_003157,taxid_1478_Peribacillus_simplex,0.8597634434700012
NC_021856,taxid_1837343_Paenibacillus_qinlingensis,0.9280699491500854
NC_004736,taxid_1837343_Paenibacillus_qinlingensis,0.9163184762001038
NC_027363,GENERO_Flavitalea_708199,0.8510257601737976
NC_027363,taxid_398037_Segetibacter_koreensis,0.853489875793457
NC_027363,GENERO_Flavitalea_796384,0.8510257601737976
NC_027363,GENERO_Flavitalea_1892851,0.8510257601737976
NC_027363,taxid_1492898_Flavisolibacter_tropicus,0.8717607259750366
NC_027363,GENERO_Segetibacter_670293,0.853489875793457
NC_027363,taxid_1837343_Paenibacillus_qinlingensis,0.9498745203018188
NC_027363,taxid_688867_Ohtaekwangia_koreensis,0.8667159080505371
NC_015269,GENERO_Tumebacillus_1229157,0.8588704466819763
NC_015269,GENERO_Tumebacillus_1157490,0.8588704466819763
NC_015269,GENERO_Tumebacillus_363888,0.8588704466819763
NC_015269,taxid_1837343_Paenibacillus_qinlingensis,0.937703251838684
NC_015263,taxid_398037_Segetibacter_koreensis,0.8743870854377747
NC_015263,taxid_1428_Bacillus_thuringiensis,0.8514881134033203
NC_015263,taxid_1737571_Bacillus_oryzisoli,0.8695123195648193
NC_015263,taxid_1492898_Flavisolibacter_tropicus,0.8705678582191467
NC_015263,GENERO_Segetibacter_670293,0.8743870854377747
NC_015263,taxid_960_Bacteriovorax_stolpii,0.8618770837783813
NC_015263,taxid_1837343_Paenibacillus_qinlingensis,0.9560515880584716
NC_015263,taxid_688867_Ohtaekwangia_koreensis,0.8678603768348694
NC_015263,taxid_1478_Peribacillus_simplex,0.8522993326187134
NC_024375,taxid_1837343_Paenibacillus_qinlingensis,0.9433310031890868
NC_028758,taxid_1837343_Paenibacillus_qinlingensis,0.9265329837799072
NC_023594,taxid_1837343_Paenibacillus_qinlingensis,0.8672466278076172
NC_008370,taxid_352858_Bacillus_sp_Y1,0.8565833568572998
NC_008370,GENERO_Flavitalea_708199,0.8503425717353821
NC_008370,taxid_398037_Segetibacter_koreensis,0.8897823095321655
NC_008370,GENERO_Flavitalea_796384,0.8503425717353821
NC_008370,taxid_1428_Bacillus_thuringiensis,0.8825531601905823
NC_008370,taxid_1737571_Bacillus_oryzisoli,0.8860225677490234
NC_008370,GENERO_Ferruginibacter_1310417,0.8566592931747437
NC_008370,taxid_1404_Bacillus_megaterium,0.8594843149185181
NC_008370,taxid_398045_Flavisolibacter_ginsengiterrae,0.8535390496253967
NC_008370,taxid_228899_Peribacillus_asahii,0.8526592254638672
NC_008370,taxid_1396_Bacillus_cereus,0.8773770332336426
NC_008370,taxid_1813871_Panacibacter_ginsenosidivorans,0.8601910471916199
NC_008370,GENERO_Flavitalea_1892851,0.8503425717353821
NC_008370,taxid_1492898_Flavisolibacter_tropicus,0.8727858066558838
NC_008370,GENERO_Segetibacter_670293,0.8897823095321655
NC_008370,taxid_1397_Bacillus_circulans,0.861741840839386
NC_008370,taxid_960_Bacteriovorax_stolpii,0.8746708035469055
NC_008370,taxid_1837343_Paenibacillus_qinlingensis,0.9597663879394532
NC_008370,taxid_688867_Ohtaekwangia_koreensis,0.8706195950508118
NC_008370,taxid_1478_Peribacillus_simplex,0.8644459843635559
NC_010106,taxid_1837343_Paenibacillus_qinlingensis,0.9287039041519164
NC_013195,taxid_398037_Segetibacter_koreensis,0.8520325422286987
NC_013195,GENERO_Segetibacter_670293,0.8520325422286987
NC_013195,taxid_1837343_Paenibacillus_qinlingensis,0.9416226148605348
NC_031125,taxid_1837343_Paenibacillus_qinlingensis,0.90590637922287
NC_024360,taxid_398037_Segetibacter_koreensis,0.8690400123596191
NC_024360,taxid_1428_Bacillus_thuringiensis,0.8565321564674377
NC_024360,taxid_1737571_Bacillus_oryzisoli,0.86282879114151
NC_024360,taxid_1396_Bacillus_cereus,0.8508003354072571
NC_024360,taxid_1492898_Flavisolibacter_tropicus,0.8536655902862549
NC_024360,GENERO_Segetibacter_670293,0.8690400123596191
NC_024360,taxid_960_Bacteriovorax_stolpii,0.8533027768135071
NC_024360,taxid_1837343_Paenibacillus_qinlingensis,0.9489506483078004
NC_024360,taxid_688867_Ohtaekwangia_koreensis,0.851621687412262
NC_011038,taxid_1837343_Paenibacillus_qinlingensis,0.8962752223014832
NC_001418,taxid_1837343_Paenibacillus_qinlingensis,0.8641929030418396
NC_019919,GENERO_Tumebacillus_1229157,0.8526425957679749
NC_019919,GENERO_Tumebacillus_1157490,0.8526425957679749
NC_019919,GENERO_Tumebacillus_363888,0.8526425957679749
NC_019919,taxid_1837343_Paenibacillus_qinlingensis,0.9141645431518556
NC_008265,taxid_398037_Segetibacter_koreensis,0.8732355237007141
NC_008265,taxid_1428_Bacillus_thuringiensis,0.8748422861099243
NC_008265,taxid_1737571_Bacillus_oryzisoli,0.8710716962814331
NC_008265,taxid_1396_Bacillus_cereus,0.8689930438995361
NC_008265,GENERO_Segetibacter_670293,0.8732355237007141
NC_008265,taxid_1397_Bacillus_circulans,0.8549827933311462
NC_008265,taxid_960_Bacteriovorax_stolpii,0.8536067008972168
NC_008265,taxid_1837343_Paenibacillus_qinlingensis,0.9501680731773376
NC_028788,taxid_1837343_Paenibacillus_qinlingensis,0.9245985746383668
NC_031056,taxid_1837343_Paenibacillus_qinlingensis,0.9354922771453856
NC_010576,taxid_666686_Bacillus_sp_1NLA3E,0.8531912565231323
NC_010576,taxid_352858_Bacillus_sp_Y1,0.8714401125907898
NC_010576,GENERO_Flavitalea_708199,0.8692034482955933
NC_010576,taxid_398037_Segetibacter_koreensis,0.904937207698822
NC_010576,taxid_462367_Flavisolibacter_ginsengisoli,0.8613763451576233
NC_010576,GENERO_Flavitalea_796384,0.8692034482955933
NC_010576,taxid_1428_Bacillus_thuringiensis,0.8942821621894836
NC_010576,taxid_1737571_Bacillus_oryzisoli,0.8999881744384766
NC_010576,GENERO_Ferruginibacter_1310417,0.8739284873008728
NC_010576,taxid_1404_Bacillus_megaterium,0.874370813369751
NC_010576,taxid_398045_Flavisolibacter_ginsengiterrae,0.8707232475280762
NC_010576,taxid_228899_Peribacillus_asahii,0.8717043399810791
NC_010576,taxid_1396_Bacillus_cereus,0.8914343118667603
NC_010576,taxid_1813871_Panacibacter_ginsenosidivorans,0.8778186440467834
NC_010576,GENERO_Flavitalea_1892851,0.8692034482955933
NC_010576,taxid_1492898_Flavisolibacter_tropicus,0.8880455493927002
NC_010576,GENERO_Segetibacter_670293,0.904937207698822
NC_010576,GENERO_Daejeonella_990371,0.8551419973373413
NC_010576,taxid_1397_Bacillus_circulans,0.8736436367034912
NC_010576,taxid_960_Bacteriovorax_stolpii,0.8876084089279175
NC_010576,taxid_1837343_Paenibacillus_qinlingensis,0.9577792286872864
NC_010576,taxid_688867_Ohtaekwangia_koreensis,0.8863117098808289
NC_010576,taxid_1478_Peribacillus_simplex,0.8795406222343445
NC_007046,taxid_1837343_Paenibacillus_qinlingensis,0.9269839525222778
NC_009814,taxid_1837343_Paenibacillus_qinlingensis,0.9373749494552612
NC_031924,taxid_1837343_Paenibacillus_qinlingensis,0.8994047045707703
NC_010153,taxid_352858_Bacillus_sp_Y1,0.855339527130127
NC_010153,taxid_398037_Segetibacter_koreensis,0.886111855506897
NC_010153,taxid_1428_Bacillus_thuringiensis,0.8817780613899231
NC_010153,taxid_1737571_Bacillus_oryzisoli,0.8831718564033508
NC_010153,GENERO_Ferruginibacter_1310417,0.8514629602432251
NC_010153,taxid_1404_Bacillus_megaterium,0.8587872385978699
NC_010153,taxid_228899_Peribacillus_asahii,0.8526260852813721
NC_010153,taxid_1396_Bacillus_cereus,0.876804769039154
NC_010153,taxid_1813871_Panacibacter_ginsenosidivorans,0.8570303320884705
NC_010153,taxid_1492898_Flavisolibacter_tropicus,0.865349292755127
NC_010153,GENERO_Segetibacter_670293,0.886111855506897
NC_010153,taxid_1397_Bacillus_circulans,0.8611937761306763
NC_010153,taxid_960_Bacteriovorax_stolpii,0.8696231842041016
NC_010153,taxid_1837343_Paenibacillus_qinlingensis,0.9528414011001588
NC_010153,taxid_688867_Ohtaekwangia_koreensis,0.8635627627372742
NC_010153,taxid_1478_Peribacillus_simplex,0.861496090888977
NC_019502,taxid_398037_Segetibacter_koreensis,0.857424795627594
NC_019502,taxid_1737571_Bacillus_oryzisoli,0.8500821590423584
NC_019502,GENERO_Segetibacter_670293,0.857424795627594
NC_019502,taxid_1837343_Paenibacillus_qinlingensis,0.9438018202781676
NC_005355,taxid_666686_Bacillus_sp_1NLA3E,0.8519975543022156
NC_005355,taxid_352858_Bacillus_sp_Y1,0.8704720735549927
NC_005355,GENERO_Flavitalea_708199,0.8679265975952148
NC_005355,taxid_398037_Segetibacter_koreensis,0.9037105441093444
NC_005355,taxid_462367_Flavisolibacter_ginsengisoli,0.8607021570205688
NC_005355,GENERO_Flavitalea_796384,0.8679265975952148
NC_005355,taxid_1428_Bacillus_thuringiensis,0.8901718258857727
NC_005355,taxid_1737571_Bacillus_oryzisoli,0.8982729315757751
NC_005355,GENERO_Ferruginibacter_1310417,0.8729373216629028
NC_005355,taxid_1404_Bacillus_megaterium,0.872796356678009
NC_005355,taxid_398045_Flavisolibacter_ginsengiterrae,0.8698830008506775
NC_005355,taxid_228899_Peribacillus_asahii,0.8690617680549622
NC_005355,taxid_1396_Bacillus_cereus,0.8877156972885132
NC_005355,taxid_1813871_Panacibacter_ginsenosidivorans,0.8767104148864746
NC_005355,GENERO_Flavitalea_1892851,0.8679265975952148
NC_005355,taxid_1492898_Flavisolibacter_tropicus,0.887131929397583
NC_005355,GENERO_Segetibacter_670293,0.9037105441093444
NC_005355,GENERO_Daejeonella_990371,0.8541244268417358
NC_005355,taxid_1397_Bacillus_circulans,0.8685112595558167
NC_005355,taxid_960_Bacteriovorax_stolpii,0.8869937062263489
NC_005355,taxid_1837343_Paenibacillus_qinlingensis,0.9572594165802002
NC_005355,taxid_688867_Ohtaekwangia_koreensis,0.8849858045578003
NC_005355,taxid_1478_Peribacillus_simplex,0.878535807132721
NC_031096,taxid_1837343_Paenibacillus_qinlingensis,0.9077907204627992
NC_019503,taxid_1837343_Paenibacillus_qinlingensis,0.921057939529419
NC_000924,taxid_1837343_Paenibacillus_qinlingensis,0.8818193078041077
NC_022323,taxid_1837343_Paenibacillus_qinlingensis,0.8958473801612854
NC_028851,taxid_1837343_Paenibacillus_qinlingensis,0.9321511387825012
NC_019456,GENERO_Tumebacillus_1229157,0.8561898469924927
NC_019456,GENERO_Tumebacillus_1157490,0.8561898469924927
NC_019456,GENERO_Tumebacillus_363888,0.8561898469924927
NC_019456,taxid_1837343_Paenibacillus_qinlingensis,0.9322658181190492
NC_020860,taxid_398037_Segetibacter_koreensis,0.8728203177452087
NC_020860,taxid_1428_Bacillus_thuringiensis,0.8600954413414001
NC_020860,taxid_1737571_Bacillus_oryzisoli,0.8651933670043945
NC_020860,taxid_1396_Bacillus_cereus,0.8553751707077026
NC_020860,taxid_1492898_Flavisolibacter_tropicus,0.852480947971344
NC_020860,GENERO_Segetibacter_670293,0.8728203177452087
NC_020860,taxid_960_Bacteriovorax_stolpii,0.8528755903244019
NC_020860,taxid_1837343_Paenibacillus_qinlingensis,0.9462987184524536
NC_020860,taxid_688867_Ohtaekwangia_koreensis,0.8512699604034424
NC_010393,taxid_1837343_Paenibacillus_qinlingensis,0.851714015007019
NC_027332,taxid_1837343_Paenibacillus_qinlingensis,0.9439539313316344
NC_009526,taxid_1837343_Paenibacillus_qinlingensis,0.937946617603302
NC_031071,taxid_398037_Segetibacter_koreensis,0.8852847814559937
NC_031071,taxid_1428_Bacillus_thuringiensis,0.875771701335907
NC_031071,taxid_1737571_Bacillus_oryzisoli,0.8794563412666321
NC_031071,GENERO_Ferruginibacter_1310417,0.8515103459358215
NC_031071,taxid_1404_Bacillus_megaterium,0.851412296295166
NC_031071,taxid_1396_Bacillus_cereus,0.8707529902458191
NC_031071,taxid_1813871_Panacibacter_ginsenosidivorans,0.8546430468559265
NC_031071,taxid_1492898_Flavisolibacter_tropicus,0.8686238527297974
NC_031071,GENERO_Segetibacter_670293,0.8852847814559937
NC_031071,taxid_1397_Bacillus_circulans,0.8540717959403992
NC_031071,taxid_960_Bacteriovorax_stolpii,0.8691884279251099
NC_031071,taxid_1837343_Paenibacillus_qinlingensis,0.956544041633606
NC_031071,taxid_688867_Ohtaekwangia_koreensis,0.8663554787635803
NC_031071,taxid_1478_Peribacillus_simplex,0.8573102951049805
NC_004086,taxid_398037_Segetibacter_koreensis,0.8710164427757263
NC_004086,taxid_1428_Bacillus_thuringiensis,0.8793743848800659
NC_004086,taxid_1737571_Bacillus_oryzisoli,0.8656682968139648
NC_004086,taxid_1396_Bacillus_cereus,0.8722788691520691
NC_004086,GENERO_Segetibacter_670293,0.8710164427757263
NC_004086,taxid_1397_Bacillus_circulans,0.8606392741203308
NC_004086,taxid_1837343_Paenibacillus_qinlingensis,0.9521273970603944
NC_020414,GENERO_Tumebacillus_1229157,0.8561986684799194
NC_020414,GENERO_Tumebacillus_1157490,0.8561986684799194
NC_020414,GENERO_Tumebacillus_363888,0.8561986684799194
NC_020414,taxid_1837343_Paenibacillus_qinlingensis,0.9149295091629028
NC_029084,taxid_1837343_Paenibacillus_qinlingensis,0.9283818602561952
NC_025448,taxid_1837343_Paenibacillus_qinlingensis,0.9178534746170044
MH479923,taxid_1837343_Paenibacillus_qinlingensis,0.8660877346992493
NC_031068,taxid_1837343_Paenibacillus_qinlingensis,0.8701887130737305
NC_028812,taxid_1837343_Paenibacillus_qinlingensis,0.8786906003952026
NC_008371,taxid_352858_Bacillus_sp_Y1,0.862972617149353
NC_008371,GENERO_Flavitalea_708199,0.8635839223861694
NC_008371,taxid_398037_Segetibacter_koreensis,0.8946301937103271
NC_008371,taxid_462367_Flavisolibacter_ginsengisoli,0.856408953666687
NC_008371,GENERO_Flavitalea_796384,0.8635839223861694
NC_008371,taxid_1428_Bacillus_thuringiensis,0.8836770057678223
NC_008371,taxid_1737571_Bacillus_oryzisoli,0.8907896280288696
NC_008371,GENERO_Ferruginibacter_1310417,0.867892324924469
NC_008371,taxid_1404_Bacillus_megaterium,0.8642933964729309
NC_008371,taxid_398045_Flavisolibacter_ginsengiterrae,0.8655317425727844
NC_008371,taxid_228899_Peribacillus_asahii,0.8575541973114014
NC_008371,taxid_1396_Bacillus_cereus,0.8800719976425171
NC_008371,taxid_1813871_Panacibacter_ginsenosidivorans,0.8682539463043213
NC_008371,GENERO_Flavitalea_1892851,0.8635839223861694
NC_008371,taxid_1492898_Flavisolibacter_tropicus,0.8843401074409485
NC_008371,GENERO_Segetibacter_670293,0.8946301937103271
NC_008371,GENERO_Daejeonella_990371,0.8510164022445679
NC_008371,taxid_1397_Bacillus_circulans,0.8610438108444214
NC_008371,taxid_960_Bacteriovorax_stolpii,0.8811946511268616
NC_008371,taxid_1837343_Paenibacillus_qinlingensis,0.9621360301971436
NC_008371,taxid_688867_Ohtaekwangia_koreensis,0.8816213011741638
NC_008371,taxid_1478_Peribacillus_simplex,0.8720561265945435
NC_031250,taxid_1837343_Paenibacillus_qinlingensis,0.905745267868042
NC_021806,taxid_398037_Segetibacter_koreensis,0.8698487877845764
NC_021806,taxid_1428_Bacillus_thuringiensis,0.8645504117012024
NC_021806,taxid_1737571_Bacillus_oryzisoli,0.8618709444999695
NC_021806,taxid_1396_Bacillus_cereus,0.8580938577651978
NC_021806,GENERO_Segetibacter_670293,0.8698487877845764
NC_021806,taxid_960_Bacteriovorax_stolpii,0.8501237630844116
NC_021806,taxid_1837343_Paenibacillus_qinlingensis,0.949599027633667
NC_023551,taxid_352858_Bacillus_sp_Y1,0.8593976497650146
NC_023551,GENERO_Flavitalea_708199,0.8559393286705017
NC_023551,taxid_398037_Segetibacter_koreensis,0.8925584554672241
NC_023551,GENERO_Flavitalea_796384,0.8559393286705017
NC_023551,taxid_1428_Bacillus_thuringiensis,0.8830315470695496
NC_023551,taxid_1737571_Bacillus_oryzisoli,0.8880603313446045
NC_023551,GENERO_Ferruginibacter_1310417,0.861811637878418
NC_023551,taxid_1404_Bacillus_megaterium,0.8604128360748291
NC_023551,taxid_398045_Flavisolibacter_ginsengiterrae,0.8586361408233643
NC_023551,taxid_228899_Peribacillus_asahii,0.8541937470436096
NC_023551,taxid_1396_Bacillus_cereus,0.8780333995819092
NC_023551,taxid_1813871_Panacibacter_ginsenosidivorans,0.863662838935852
NC_023551,GENERO_Flavitalea_1892851,0.8559393286705017
NC_023551,taxid_1492898_Flavisolibacter_tropicus,0.8780755400657654
NC_023551,GENERO_Segetibacter_670293,0.8925584554672241
NC_023551,taxid_1397_Bacillus_circulans,0.8609136939048767
NC_023551,taxid_960_Bacteriovorax_stolpii,0.878332793712616
NC_023551,taxid_1837343_Paenibacillus_qinlingensis,0.95921528339386
NC_023551,taxid_688867_Ohtaekwangia_koreensis,0.8757709264755249
NC_023551,taxid_1478_Peribacillus_simplex,0.8674620389938354
NC_002214,taxid_352858_Bacillus_sp_Y1,0.8666421175003052
NC_002214,GENERO_Flavitalea_708199,0.8652833700180054
NC_002214,taxid_398037_Segetibacter_koreensis,0.8995983600616455
NC_002214,taxid_462367_Flavisolibacter_ginsengisoli,0.8581237196922302
NC_002214,GENERO_Flavitalea_796384,0.8652833700180054
NC_002214,taxid_1428_Bacillus_thuringiensis,0.8797638416290283
NC_002214,taxid_1737571_Bacillus_oryzisoli,0.8941665291786194
NC_002214,GENERO_Ferruginibacter_1310417,0.8703570365905762
NC_002214,taxid_1404_Bacillus_megaterium,0.8665137887001038
NC_002214,taxid_398045_Flavisolibacter_ginsengiterrae,0.8672497868537903
NC_002214,taxid_228899_Peribacillus_asahii,0.8625912070274353
NC_002214,taxid_1396_Bacillus_cereus,0.8776963353157043
NC_002214,taxid_1813871_Panacibacter_ginsenosidivorans,0.8730661273002625
NC_002214,GENERO_Flavitalea_1892851,0.8652833700180054
NC_002214,taxid_1492898_Flavisolibacter_tropicus,0.8841327428817749
NC_002214,GENERO_Segetibacter_670293,0.8995983600616455
NC_002214,GENERO_Daejeonella_990371,0.8513941764831543
NC_002214,taxid_1397_Bacillus_circulans,0.8531441688537598
NC_002214,taxid_960_Bacteriovorax_stolpii,0.8839969635009766
NC_002214,taxid_1837343_Paenibacillus_qinlingensis,0.954513669013977
NC_002214,taxid_688867_Ohtaekwangia_koreensis,0.8821246027946472
NC_002214,taxid_1478_Peribacillus_simplex,0.875893235206604
NC_028926,taxid_398037_Segetibacter_koreensis,0.8699747323989868
NC_028926,taxid_1737571_Bacillus_oryzisoli,0.8644322752952576
NC_028926,taxid_1492898_Flavisolibacter_tropicus,0.8658342361450195
NC_028926,GENERO_Segetibacter_670293,0.8699747323989868
NC_028926,taxid_960_Bacteriovorax_stolpii,0.8570345640182495
NC_028926,taxid_1837343_Paenibacillus_qinlingensis,0.9413850903511048
NC_028926,taxid_688867_Ohtaekwangia_koreensis,0.8627302050590515
NC_028926,taxid_1478_Peribacillus_simplex,0.8510268330574036
NC_018857,GENERO_Tumebacillus_1229157,0.8569137454032898
NC_018857,GENERO_Tumebacillus_1157490,0.8569137454032898
NC_018857,GENERO_Tumebacillus_363888,0.8569137454032898
NC_018857,taxid_1837343_Paenibacillus_qinlingensis,0.945313274860382
NC_005354,taxid_352858_Bacillus_sp_Y1,0.8594935536384583
NC_005354,GENERO_Flavitalea_708199,0.8569744825363159
NC_005354,taxid_398037_Segetibacter_koreensis,0.8944352865219116
NC_005354,GENERO_Flavitalea_796384,0.8569744825363159
NC_005354,taxid_1428_Bacillus_thuringiensis,0.880042552947998
NC_005354,taxid_1737571_Bacillus_oryzisoli,0.8887642025947571
NC_005354,GENERO_Ferruginibacter_1310417,0.86281418800354
NC_005354,taxid_1404_Bacillus_megaterium,0.8608749508857727
NC_005354,taxid_398045_Flavisolibacter_ginsengiterrae,0.8591780662536621
NC_005354,taxid_228899_Peribacillus_asahii,0.8551391363143921
NC_005354,taxid_1396_Bacillus_cereus,0.876933753490448
NC_005354,taxid_1813871_Panacibacter_ginsenosidivorans,0.8658531904220581
NC_005354,GENERO_Flavitalea_1892851,0.8569744825363159
NC_005354,taxid_1492898_Flavisolibacter_tropicus,0.8779837489128113
NC_005354,GENERO_Segetibacter_670293,0.8944352865219116
NC_005354,taxid_1397_Bacillus_circulans,0.8558570742607117
NC_005354,taxid_960_Bacteriovorax_stolpii,0.8777481913566589
NC_005354,taxid_1837343_Paenibacillus_qinlingensis,0.9551249146461488
NC_005354,taxid_688867_Ohtaekwangia_koreensis,0.8759011030197144
NC_005354,taxid_1478_Peribacillus_simplex,0.8677513599395752
NC_004303,taxid_666686_Bacillus_sp_1NLA3E,0.8582956790924072
NC_004303,taxid_486398_Bacillus_sp_S3,0.8537624478340149
NC_004303,taxid_352858_Bacillus_sp_Y1,0.8743383288383484
NC_004303,GENERO_Flavitalea_708199,0.8762128949165344
NC_004303,taxid_398037_Segetibacter_koreensis,0.9047990441322328
NC_004303,taxid_462367_Flavisolibacter_ginsengisoli,0.8698059916496277
NC_004303,GENERO_Flavitalea_796384,0.8762128949165344
NC_004303,taxid_1428_Bacillus_thuringiensis,0.8825487494468689
NC_004303,taxid_1737571_Bacillus_oryzisoli,0.8989178538322449
NC_004303,GENERO_Ferruginibacter_1310417,0.880565345287323
NC_004303,taxid_1404_Bacillus_megaterium,0.8724421262741089
NC_004303,taxid_398045_Flavisolibacter_ginsengiterrae,0.8779586553573608
NC_004303,taxid_228899_Peribacillus_asahii,0.8684998154640198
NC_004303,taxid_1396_Bacillus_cereus,0.880998969078064
NC_004303,taxid_1813871_Panacibacter_ginsenosidivorans,0.8815459609031677
NC_004303,GENERO_Flavitalea_1892851,0.8762128949165344
NC_004303,taxid_1492898_Flavisolibacter_tropicus,0.8930198550224304
NC_004303,GENERO_Segetibacter_670293,0.9047990441322328
NC_004303,GENERO_Daejeonella_990371,0.8635334968566895
NC_004303,taxid_1397_Bacillus_circulans,0.8563600182533264
NC_004303,taxid_960_Bacteriovorax_stolpii,0.8917405009269714
NC_004303,taxid_1837343_Paenibacillus_qinlingensis,0.957912802696228
NC_004303,taxid_688867_Ohtaekwangia_koreensis,0.8907662630081177
NC_004303,taxid_1478_Peribacillus_simplex,0.8844591975212097
NC_019506,taxid_1837343_Paenibacillus_qinlingensis,0.9397038221359252
NC_004112,taxid_1837343_Paenibacillus_qinlingensis,0.9141725301742554
NC_031027,taxid_1837343_Paenibacillus_qinlingensis,0.943770945072174
NC_030904,taxid_1837343_Paenibacillus_qinlingensis,0.9399270415306092
MF668279,taxid_1837343_Paenibacillus_qinlingensis,0.8835707306861877
NC_017980,taxid_398037_Segetibacter_koreensis,0.8685250878334045
NC_017980,taxid_1428_Bacillus_thuringiensis,0.8685869574546814
NC_017980,taxid_1737571_Bacillus_oryzisoli,0.8663058876991272
NC_017980,taxid_1396_Bacillus_cereus,0.8627448678016663
NC_017980,GENERO_Segetibacter_670293,0.8685250878334045
NC_017980,taxid_1837343_Paenibacillus_qinlingensis,0.946708083152771
NC_022764,taxid_398037_Segetibacter_koreensis,0.8650264739990234
NC_022764,taxid_1737571_Bacillus_oryzisoli,0.858708381652832
NC_022764,taxid_1492898_Flavisolibacter_tropicus,0.8568559885025024
NC_022764,GENERO_Segetibacter_670293,0.8650264739990234
NC_022764,taxid_960_Bacteriovorax_stolpii,0.85085529088974
NC_022764,taxid_1837343_Paenibacillus_qinlingensis,0.9379454255104064
NC_022764,taxid_688867_Ohtaekwangia_koreensis,0.8537717461585999
NC_009761,taxid_1837343_Paenibacillus_qinlingensis,0.9365546703338624
NC_021801,taxid_398037_Segetibacter_koreensis,0.8535586595535278
NC_021801,GENERO_Segetibacter_670293,0.8535586595535278
NC_021801,taxid_1837343_Paenibacillus_qinlingensis,0.936443567276001
NC_014467,taxid_1837343_Paenibacillus_qinlingensis,0.8617284893989563
NC_030925,taxid_1837343_Paenibacillus_qinlingensis,0.941076397895813
NC_022791,taxid_1492898_Flavisolibacter_tropicus,0.8699089884757996
NC_022791,taxid_1837343_Paenibacillus_qinlingensis,0.9492838978767396
NC_022791,taxid_688867_Ohtaekwangia_koreensis,0.866326630115509
NC_015568,taxid_398037_Segetibacter_koreensis,0.8712339401245117
NC_015568,taxid_1428_Bacillus_thuringiensis,0.8713148236274719
NC_015568,taxid_1737571_Bacillus_oryzisoli,0.8658441305160522
NC_015568,taxid_1396_Bacillus_cereus,0.8651698231697083
NC_015568,GENERO_Segetibacter_670293,0.8712339401245117
NC_015568,taxid_1837343_Paenibacillus_qinlingensis,0.9472135901451112
NC_020855,taxid_1837343_Paenibacillus_qinlingensis,0.9268268942832948
NC_007457,taxid_398037_Segetibacter_koreensis,0.8615269660949707
NC_007457,taxid_1737571_Bacillus_oryzisoli,0.8548136949539185
NC_007457,GENERO_Segetibacter_670293,0.8615269660949707
NC_007457,taxid_1837343_Paenibacillus_qinlingensis,0.9456086754798888
NC_011344,taxid_398037_Segetibacter_koreensis,0.865237832069397
NC_011344,taxid_1428_Bacillus_thuringiensis,0.8623607158660889
NC_011344,taxid_1737571_Bacillus_oryzisoli,0.8597234487533569
NC_011344,taxid_1396_Bacillus_cereus,0.856460452079773
NC_011344,GENERO_Segetibacter_670293,0.865237832069397
NC_011344,taxid_1837343_Paenibacillus_qinlingensis,0.9450936913490297
NC_028944,GENERO_Tumebacillus_1229157,0.8509165048599243
NC_028944,GENERO_Tumebacillus_1157490,0.8509165048599243
NC_028944,GENERO_Tumebacillus_363888,0.8509165048599243
NC_028944,taxid_1837343_Paenibacillus_qinlingensis,0.9438210725784302
NC_031940,taxid_1837343_Paenibacillus_qinlingensis,0.8532129526138306
NC_014595,taxid_1837343_Paenibacillus_qinlingensis,0.8954963684082031
NC_021561,taxid_1837343_Paenibacillus_qinlingensis,0.9399904012680054
NC_009762,taxid_398037_Segetibacter_koreensis,0.8720840811729431
NC_009762,taxid_1428_Bacillus_thuringiensis,0.8695776462554932
NC_009762,taxid_1737571_Bacillus_oryzisoli,0.8667445182800293
NC_009762,taxid_1396_Bacillus_cereus,0.8642008304595947
NC_009762,GENERO_Segetibacter_670293,0.8720840811729431
NC_009762,taxid_1837343_Paenibacillus_qinlingensis,0.9487928748130798
NC_029000,taxid_1837343_Paenibacillus_qinlingensis,0.874065637588501
NC_024125,taxid_1837343_Paenibacillus_qinlingensis,0.9192365407943726
NC_004679,taxid_398037_Segetibacter_koreensis,0.8510316014289856
NC_004679,taxid_1428_Bacillus_thuringiensis,0.857476532459259
NC_004679,taxid_1396_Bacillus_cereus,0.8501481413841248
NC_004679,GENERO_Segetibacter_670293,0.8510316014289856
NC_004679,taxid_1837343_Paenibacillus_qinlingensis,0.931442141532898
NC_015456,taxid_1837343_Paenibacillus_qinlingensis,0.8979384899139404
NC_025443,taxid_1837343_Paenibacillus_qinlingensis,0.9118537902832032
NC_028777,taxid_1492898_Flavisolibacter_tropicus,0.850771963596344
NC_028777,taxid_1837343_Paenibacillus_qinlingensis,0.947339415550232
NC_004587,GENERO_Flavitalea_708199,0.8515328764915466
NC_004587,taxid_398037_Segetibacter_koreensis,0.882439374923706
NC_004587,GENERO_Flavitalea_796384,0.8515328764915466
NC_004587,taxid_1428_Bacillus_thuringiensis,0.8545063734054565
NC_004587,taxid_1737571_Bacillus_oryzisoli,0.8753271102905273
NC_004587,GENERO_Ferruginibacter_1310417,0.8565983176231384
NC_004587,taxid_398045_Flavisolibacter_ginsengiterrae,0.8533211946487427
NC_004587,taxid_1396_Bacillus_cereus,0.8523757457733154
NC_004587,taxid_1813871_Panacibacter_ginsenosidivorans,0.8541876673698425
NC_004587,GENERO_Flavitalea_1892851,0.8515328764915466
NC_004587,taxid_1492898_Flavisolibacter_tropicus,0.8715009689331055
NC_004587,GENERO_Segetibacter_670293,0.882439374923706
NC_004587,taxid_960_Bacteriovorax_stolpii,0.8698912262916565
NC_004587,taxid_1837343_Paenibacillus_qinlingensis,0.9499331712722778
NC_004587,taxid_688867_Ohtaekwangia_koreensis,0.869171679019928
NC_004587,taxid_1478_Peribacillus_simplex,0.85964035987854
MF189172,taxid_1837343_Paenibacillus_qinlingensis,0.8945183753967285
NC_004617,taxid_1837343_Paenibacillus_qinlingensis,0.9429849982261658
NC_031925,taxid_1837343_Paenibacillus_qinlingensis,0.8631008267402649
NC_011976,taxid_1837343_Paenibacillus_qinlingensis,0.9021071791648864
NC_002668,taxid_398037_Segetibacter_koreensis,0.8701437711715698
NC_002668,taxid_1737571_Bacillus_oryzisoli,0.8643298149108887
NC_002668,taxid_1492898_Flavisolibacter_tropicus,0.8630333542823792
NC_002668,GENERO_Segetibacter_670293,0.8701437711715698
NC_002668,taxid_960_Bacteriovorax_stolpii,0.8571082949638367
NC_002668,taxid_1837343_Paenibacillus_qinlingensis,0.9510982632637024
NC_002668,taxid_688867_Ohtaekwangia_koreensis,0.8607088327407837
NC_031045,taxid_1837343_Paenibacillus_qinlingensis,0.8527529239654541
NC_031914,taxid_398037_Segetibacter_koreensis,0.8790450096130371
NC_031914,taxid_1428_Bacillus_thuringiensis,0.8759052753448486
NC_031914,taxid_1737571_Bacillus_oryzisoli,0.8721961379051208
NC_031914,taxid_1396_Bacillus_cereus,0.8703503608703613
NC_031914,taxid_1492898_Flavisolibacter_tropicus,0.8553821444511414
NC_031914,GENERO_Segetibacter_670293,0.8790450096130371
NC_031914,taxid_1397_Bacillus_circulans,0.8560291528701782
NC_031914,taxid_960_Bacteriovorax_stolpii,0.8588390350341797
NC_031914,taxid_1837343_Paenibacillus_qinlingensis,0.9518563151359558
NC_031914,taxid_688867_Ohtaekwangia_koreensis,0.8543474674224854
NC_011167,taxid_398037_Segetibacter_koreensis,0.8648609519004822
NC_011167,taxid_1737571_Bacillus_oryzisoli,0.8572207689285278
NC_011167,GENERO_Segetibacter_670293,0.8648609519004822
NC_011167,taxid_1837343_Paenibacillus_qinlingensis,0.9473110437393188
NC_027397,taxid_1837343_Paenibacillus_qinlingensis,0.8644171953201294
NC_024380,taxid_1492898_Flavisolibacter_tropicus,0.8586522340774536
NC_024380,taxid_1837343_Paenibacillus_qinlingensis,0.9415490627288818
NC_024380,taxid_688867_Ohtaekwangia_koreensis,0.8555712103843689
NC_026016,taxid_398037_Segetibacter_koreensis,0.8666786551475525
NC_026016,taxid_1737571_Bacillus_oryzisoli,0.8619616031646729
NC_026016,taxid_1492898_Flavisolibacter_tropicus,0.8577311635017395
NC_026016,GENERO_Segetibacter_670293,0.8666786551475525
NC_026016,taxid_960_Bacteriovorax_stolpii,0.8518356084823608
NC_026016,taxid_1837343_Paenibacillus_qinlingensis,0.9508987069129944
NC_026016,taxid_688867_Ohtaekwangia_koreensis,0.8548348546028137
NC_028995,taxid_398037_Segetibacter_koreensis,0.8636401891708374
NC_028995,taxid_1737571_Bacillus_oryzisoli,0.8535231351852417
NC_028995,taxid_1492898_Flavisolibacter_tropicus,0.8682446479797363
NC_028995,GENERO_Segetibacter_670293,0.8636401891708374
NC_028995,taxid_960_Bacteriovorax_stolpii,0.8529966473579407
NC_028995,taxid_1837343_Paenibacillus_qinlingensis,0.9497312903404236
NC_028995,taxid_688867_Ohtaekwangia_koreensis,0.8649504780769348
NC_027350,GENERO_Tumebacillus_1229157,0.8522266149520874
NC_027350,GENERO_Tumebacillus_1157490,0.8522266149520874
NC_027350,GENERO_Tumebacillus_363888,0.8522266149520874
NC_027350,taxid_1837343_Paenibacillus_qinlingensis,0.9306236505508424
NC_022094,taxid_398037_Segetibacter_koreensis,0.8719872236251831
NC_022094,taxid_1428_Bacillus_thuringiensis,0.861510157585144
NC_022094,taxid_1737571_Bacillus_oryzisoli,0.8678810000419617
NC_022094,taxid_1396_Bacillus_cereus,0.8569273948669434
NC_022094,GENERO_Segetibacter_670293,0.8719872236251831
NC_022094,taxid_1837343_Paenibacillus_qinlingensis,0.9399253129959106
NC_022980,taxid_1837343_Paenibacillus_qinlingensis,0.9193695187568665
NC_028754,GENERO_Tumebacillus_1229157,0.8600655198097229
NC_028754,GENERO_Tumebacillus_1157490,0.8600655198097229
NC_028754,GENERO_Tumebacillus_363888,0.8600655198097229
NC_028754,taxid_1837343_Paenibacillus_qinlingensis,0.9335896968841552
NC_011801,GENERO_Flavitalea_708199,0.8513565063476562
NC_011801,taxid_398037_Segetibacter_koreensis,0.8770250678062439
NC_011801,GENERO_Flavitalea_796384,0.8513565063476562
NC_011801,taxid_1737571_Bacillus_oryzisoli,0.8682467937469482
NC_011801,GENERO_Ferruginibacter_1310417,0.8544845581054688
NC_011801,taxid_398045_Flavisolibacter_ginsengiterrae,0.8524633049964905
NC_011801,GENERO_Flavitalea_1892851,0.8513565063476562
NC_011801,taxid_1492898_Flavisolibacter_tropicus,0.871902585029602
NC_011801,GENERO_Segetibacter_670293,0.8770250678062439
NC_011801,taxid_960_Bacteriovorax_stolpii,0.8661916851997375
NC_011801,taxid_1837343_Paenibacillus_qinlingensis,0.9514827728271484
NC_011801,taxid_688867_Ohtaekwangia_koreensis,0.8692874908447266
NC_011801,taxid_1478_Peribacillus_simplex,0.8549737334251404
NC_023605,taxid_1837343_Paenibacillus_qinlingensis,0.9373688101768494
NC_015262,taxid_398037_Segetibacter_koreensis,0.8586944937705994
NC_015262,taxid_1428_Bacillus_thuringiensis,0.8656933307647705
NC_015262,taxid_1737571_Bacillus_oryzisoli,0.8530839085578918
NC_015262,taxid_1396_Bacillus_cereus,0.8579874634742737
NC_015262,GENERO_Segetibacter_670293,0.8586944937705994
NC_015262,taxid_1837343_Paenibacillus_qinlingensis,0.9463035464286804
NC_029072,taxid_1837343_Paenibacillus_qinlingensis,0.8607054352760315
NC_031933,GENERO_Tumebacillus_1229157,0.8658657670021057
NC_031933,GENERO_Tumebacillus_1157490,0.8658657670021057
NC_031933,GENERO_Tumebacillus_363888,0.8658657670021057
NC_031933,taxid_1837343_Paenibacillus_qinlingensis,0.9341018199920654
NC_027366,GENERO_Tumebacillus_1229157,0.8625749945640564
NC_027366,GENERO_Tumebacillus_1157490,0.8625749945640564
NC_027366,GENERO_Tumebacillus_363888,0.8625749945640564
NC_027366,taxid_1837343_Paenibacillus_qinlingensis,0.9327876567840576
NC_007051,taxid_398037_Segetibacter_koreensis,0.8852804899215698
NC_007051,taxid_1428_Bacillus_thuringiensis,0.8763943314552307
NC_007051,taxid_1737571_Bacillus_oryzisoli,0.8806465864181519
NC_007051,taxid_1404_Bacillus_megaterium,0.850411057472229
NC_007051,taxid_1396_Bacillus_cereus,0.8718289136886597
NC_007051,taxid_1813871_Panacibacter_ginsenosidivorans,0.8518633842468262
NC_007051,taxid_1492898_Flavisolibacter_tropicus,0.8632572293281555
NC_007051,GENERO_Segetibacter_670293,0.8852804899215698
NC_007051,taxid_1397_Bacillus_circulans,0.8537070155143738
NC_007051,taxid_960_Bacteriovorax_stolpii,0.8655536770820618
NC_007051,taxid_1837343_Paenibacillus_qinlingensis,0.949974775314331
NC_007051,taxid_688867_Ohtaekwangia_koreensis,0.8609402775764465
NC_007051,taxid_1478_Peribacillus_simplex,0.8552548289299011
NC_015271,taxid_1837343_Paenibacillus_qinlingensis,0.8850583434104919
NC_007057,taxid_1837343_Paenibacillus_qinlingensis,0.9381482005119324
NC_024357,taxid_1492898_Flavisolibacter_tropicus,0.8688955903053284
NC_024357,taxid_1837343_Paenibacillus_qinlingensis,0.9518424272537231
NC_024357,taxid_688867_Ohtaekwangia_koreensis,0.8644781112670898
NC_018856,GENERO_Tumebacillus_1229157,0.8539422750473022
NC_018856,GENERO_Tumebacillus_1157490,0.8539422750473022
NC_018856,GENERO_Tumebacillus_363888,0.8539422750473022
NC_018856,taxid_1492898_Flavisolibacter_tropicus,0.858806848526001
NC_018856,taxid_1837343_Paenibacillus_qinlingensis,0.9501011371612548
NC_018856,taxid_688867_Ohtaekwangia_koreensis,0.8523574471473694
NC_015209,taxid_1492898_Flavisolibacter_tropicus,0.8673901557922363
NC_015209,taxid_1837343_Paenibacillus_qinlingensis,0.93964821100235
NC_015209,taxid_688867_Ohtaekwangia_koreensis,0.861686646938324
NC_031258,taxid_1837343_Paenibacillus_qinlingensis,0.8850436210632324
NC_031938,taxid_1837343_Paenibacillus_qinlingensis,0.928833782672882
NC_014460,taxid_1837343_Paenibacillus_qinlingensis,0.9359661936759948
NC_028925,taxid_1837343_Paenibacillus_qinlingensis,0.8976474404335022
NC_004678,taxid_1428_Bacillus_thuringiensis,0.8558809161186218
NC_004678,taxid_1837343_Paenibacillus_qinlingensis,0.9321776628494264
NC_001942,taxid_1837343_Paenibacillus_qinlingensis,0.9225929379463196
NC_011046,taxid_352858_Bacillus_sp_Y1,0.8529583215713501
NC_011046,GENERO_Flavitalea_708199,0.8577365875244141
NC_011046,taxid_398037_Segetibacter_koreensis,0.8853358030319214
NC_011046,GENERO_Flavitalea_796384,0.8577365875244141
NC_011046,taxid_1428_Bacillus_thuringiensis,0.8684431910514832
NC_011046,taxid_1737571_Bacillus_oryzisoli,0.8825795650482178
NC_011046,GENERO_Ferruginibacter_1310417,0.8597485423088074
NC_011046,taxid_1404_Bacillus_megaterium,0.8541251420974731
NC_011046,taxid_398045_Flavisolibacter_ginsengiterrae,0.859138011932373
NC_011046,taxid_1396_Bacillus_cereus,0.8659220933914185
NC_011046,taxid_1813871_Panacibacter_ginsenosidivorans,0.8580784201622009
NC_011046,GENERO_Flavitalea_1892851,0.8577365875244141
NC_011046,taxid_1492898_Flavisolibacter_tropicus,0.8789532780647278
NC_011046,GENERO_Segetibacter_670293,0.8853358030319214
NC_011046,taxid_960_Bacteriovorax_stolpii,0.8732046484947205
NC_011046,taxid_1837343_Paenibacillus_qinlingensis,0.9602513313293456
NC_011046,taxid_688867_Ohtaekwangia_koreensis,0.8760318160057068
NC_011046,taxid_1478_Peribacillus_simplex,0.8649183511734009
NC_007734,taxid_398037_Segetibacter_koreensis,0.873515784740448
NC_007734,taxid_1428_Bacillus_thuringiensis,0.8637144565582275
NC_007734,taxid_1737571_Bacillus_oryzisoli,0.8674950003623962
NC_007734,taxid_1396_Bacillus_cereus,0.8586040735244751
NC_007734,taxid_1492898_Flavisolibacter_tropicus,0.8515618443489075
NC_007734,GENERO_Segetibacter_670293,0.873515784740448
NC_007734,taxid_960_Bacteriovorax_stolpii,0.8520844578742981
NC_007734,taxid_1837343_Paenibacillus_qinlingensis,0.9482479095458984
NC_008464,taxid_1837343_Paenibacillus_qinlingensis,0.8870421051979065
NC_027118,taxid_1837343_Paenibacillus_qinlingensis,0.8704599142074585
NC_027360,taxid_1837343_Paenibacillus_qinlingensis,0.9317416548728944
NC_028746,taxid_1837343_Paenibacillus_qinlingensis,0.9382317662239076
NC_019526,taxid_1837343_Paenibacillus_qinlingensis,0.9411073327064514
NC_023007,taxid_1837343_Paenibacillus_qinlingensis,0.9493152499198914
NC_025416,taxid_1837343_Paenibacillus_qinlingensis,0.941702663898468
NC_002185,taxid_352858_Bacillus_sp_Y1,0.8525205850601196
NC_002185,GENERO_Flavitalea_708199,0.85984867811203
NC_002185,taxid_398037_Segetibacter_koreensis,0.8883299231529236
NC_002185,taxid_462367_Flavisolibacter_ginsengisoli,0.852909505367279
NC_002185,GENERO_Flavitalea_796384,0.85984867811203
NC_002185,taxid_1428_Bacillus_thuringiensis,0.8602581024169922
NC_002185,taxid_1737571_Bacillus_oryzisoli,0.8810386061668396
NC_002185,GENERO_Ferruginibacter_1310417,0.8643656969070435
NC_002185,taxid_1404_Bacillus_megaterium,0.8502243161201477
NC_002185,taxid_398045_Flavisolibacter_ginsengiterrae,0.8621519804000854
NC_002185,taxid_1396_Bacillus_cereus,0.8583585023880005
NC_002185,taxid_1813871_Panacibacter_ginsenosidivorans,0.861560583114624
NC_002185,GENERO_Flavitalea_1892851,0.85984867811203
NC_002185,taxid_1492898_Flavisolibacter_tropicus,0.8789304494857788
NC_002185,GENERO_Segetibacter_670293,0.8883299231529236
NC_002185,taxid_960_Bacteriovorax_stolpii,0.8762543201446533
NC_002185,taxid_1837343_Paenibacillus_qinlingensis,0.9507402181625366
NC_002185,taxid_688867_Ohtaekwangia_koreensis,0.8764101266860962
NC_002185,taxid_1478_Peribacillus_simplex,0.8674633502960205
MH153807,GENERO_Tumebacillus_1229157,0.8815658092498779
MH153807,GENERO_Tumebacillus_1157490,0.8815658092498779
MH153807,GENERO_Tumebacillus_363888,0.8815658092498779
MH153807,taxid_1837343_Paenibacillus_qinlingensis,0.9392068982124328
NC_018084,taxid_398037_Segetibacter_koreensis,0.8668168783187866
NC_018084,taxid_1428_Bacillus_thuringiensis,0.8693562746047974
NC_018084,taxid_1737571_Bacillus_oryzisoli,0.8648354411125183
NC_018084,taxid_1396_Bacillus_cereus,0.8634694218635559
NC_018084,GENERO_Segetibacter_670293,0.8668168783187866
NC_018084,taxid_1837343_Paenibacillus_qinlingensis,0.941803812980652
NC_029050,taxid_1837343_Paenibacillus_qinlingensis,0.875333845615387
NC_011042,taxid_1837343_Paenibacillus_qinlingensis,0.862758457660675
NC_031224,taxid_1837343_Paenibacillus_qinlingensis,0.8798614740371704
NC_029025,taxid_398037_Segetibacter_koreensis,0.8876060843467712
NC_029025,taxid_1428_Bacillus_thuringiensis,0.8783566355705261
NC_029025,taxid_1737571_Bacillus_oryzisoli,0.8821322321891785
NC_029025,GENERO_Ferruginibacter_1310417,0.850023627281189
NC_029025,taxid_1404_Bacillus_megaterium,0.8524673581123352
NC_029025,taxid_1396_Bacillus_cereus,0.8740659952163696
NC_029025,taxid_1813871_Panacibacter_ginsenosidivorans,0.8549743890762329
NC_029025,taxid_1492898_Flavisolibacter_tropicus,0.867358386516571
NC_029025,GENERO_Segetibacter_670293,0.8876060843467712
NC_029025,taxid_1397_Bacillus_circulans,0.8574008345603943
NC_029025,taxid_960_Bacteriovorax_stolpii,0.8677990436553955
NC_029025,taxid_1837343_Paenibacillus_qinlingensis,0.9536533951759338
NC_029025,taxid_688867_Ohtaekwangia_koreensis,0.8651854395866394
NC_029025,taxid_1478_Peribacillus_simplex,0.8576679229736328
NC_021323,taxid_1428_Bacillus_thuringiensis,0.8504472374916077
NC_021323,taxid_1837343_Paenibacillus_qinlingensis,0.938514232635498
NC_030951,taxid_1428_Bacillus_thuringiensis,0.8528851270675659
NC_030951,taxid_1837343_Paenibacillus_qinlingensis,0.9433576464653016
NC_031945,taxid_1837343_Paenibacillus_qinlingensis,0.9288480877876282
NC_022986,taxid_1837343_Paenibacillus_qinlingensis,0.867310643196106
NC_024378,taxid_398037_Segetibacter_koreensis,0.8577889204025269
NC_024378,taxid_1492898_Flavisolibacter_tropicus,0.8526574969291687
NC_024378,GENERO_Segetibacter_670293,0.8577889204025269
NC_024378,taxid_1837343_Paenibacillus_qinlingensis,0.9451364874839784
NC_024378,taxid_688867_Ohtaekwangia_koreensis,0.8511275053024292
NC_028888,taxid_1837343_Paenibacillus_qinlingensis,0.9269976019859314
NC_012419,GENERO_Flavitalea_708199,0.8650932908058167
NC_012419,taxid_398037_Segetibacter_koreensis,0.8645011186599731
NC_012419,GENERO_Flavitalea_796384,0.8650932908058167
NC_012419,taxid_1737571_Bacillus_oryzisoli,0.8583501577377319
NC_012419,GENERO_Ferruginibacter_1310417,0.8563330769538879
NC_012419,taxid_398045_Flavisolibacter_ginsengiterrae,0.8626538515090942
NC_012419,GENERO_Flavitalea_1892851,0.8650932908058167
NC_012419,taxid_1492898_Flavisolibacter_tropicus,0.8847842216491699
NC_012419,GENERO_Segetibacter_670293,0.8645011186599731
NC_012419,GENERO_Daejeonella_990371,0.8539137840270996
NC_012419,taxid_960_Bacteriovorax_stolpii,0.8568277955055237
NC_012419,taxid_1837343_Paenibacillus_qinlingensis,0.9537115097045898
NC_012419,taxid_688867_Ohtaekwangia_koreensis,0.8808306455612183
NC_012419,taxid_1478_Peribacillus_simplex,0.8527552485466003
NC_015249,taxid_1837343_Paenibacillus_qinlingensis,0.8877260088920593
NC_013594,taxid_1837343_Paenibacillus_qinlingensis,0.8529512286186218
NC_022762,GENERO_Tumebacillus_1229157,0.8506154417991638
NC_022762,GENERO_Flavitalea_708199,0.8572673797607422
NC_022762,taxid_398037_Segetibacter_koreensis,0.8544746041297913
NC_022762,GENERO_Flavitalea_796384,0.8572673797607422
NC_022762,GENERO_Tumebacillus_1157490,0.8506154417991638
NC_022762,taxid_398045_Flavisolibacter_ginsengiterrae,0.8528538346290588
NC_022762,GENERO_Tumebacillus_363888,0.8506154417991638
NC_022762,GENERO_Flavitalea_1892851,0.8572673797607422
NC_022762,taxid_1492898_Flavisolibacter_tropicus,0.877805769443512
NC_022762,GENERO_Segetibacter_670293,0.8544746041297913
NC_022762,taxid_1837343_Paenibacillus_qinlingensis,0.9517031908035278
NC_022762,taxid_688867_Ohtaekwangia_koreensis,0.8731231093406677
NC_008799,taxid_398037_Segetibacter_koreensis,0.8608016967773438
NC_008799,taxid_1428_Bacillus_thuringiensis,0.8550876379013062
NC_008799,taxid_1737571_Bacillus_oryzisoli,0.8549233675003052
NC_008799,GENERO_Segetibacter_670293,0.8608016967773438
NC_008799,taxid_1837343_Paenibacillus_qinlingensis,0.9434849619865416
NC_008583,taxid_1837343_Paenibacillus_qinlingensis,0.9377151131629944
NC_019449,taxid_1492898_Flavisolibacter_tropicus,0.850764274597168
NC_019449,taxid_1837343_Paenibacillus_qinlingensis,0.9380403757095336
NC_028772,taxid_1837343_Paenibacillus_qinlingensis,0.8733220100402832
NC_011041,taxid_1837343_Paenibacillus_qinlingensis,0.8956847190856934
NC_013598,taxid_666686_Bacillus_sp_1NLA3E,0.8703304529190063
NC_013598,taxid_661481_Flavisolibacter_ginsenosidimutans,0.853873074054718
NC_013598,taxid_486398_Bacillus_sp_S3,0.868053138256073
NC_013598,GENERO_Tumebacillus_1229157,0.8563073873519897
NC_013598,taxid_352858_Bacillus_sp_Y1,0.8839342594146729
NC_013598,GENERO_Flavisolibacter_2675388,0.853873074054718
NC_013598,GENERO_Flavisolibacter_940145,0.853873074054718
NC_013598,GENERO_Flavitalea_708199,0.887336790561676
NC_013598,taxid_398037_Segetibacter_koreensis,0.9112188816070556
NC_013598,taxid_462367_Flavisolibacter_ginsengisoli,0.8815922737121582
NC_013598,GENERO_Flavitalea_796384,0.887336790561676
NC_013598,GENERO_Tumebacillus_1157490,0.8563073873519897
NC_013598,taxid_1428_Bacillus_thuringiensis,0.8904887437820435
NC_013598,taxid_1737571_Bacillus_oryzisoli,0.9062520861625672
NC_013598,GENERO_Ferruginibacter_1310417,0.8910554647445679
NC_013598,taxid_1404_Bacillus_megaterium,0.8821218013763428
NC_013598,taxid_398045_Flavisolibacter_ginsengiterrae,0.8888747692108154
NC_013598,taxid_228899_Peribacillus_asahii,0.8783446550369263
NC_013598,GENERO_Tumebacillus_363888,0.8563073873519897
NC_013598,taxid_1396_Bacillus_cereus,0.889214813709259
NC_013598,taxid_1813871_Panacibacter_ginsenosidivorans,0.890691876411438
NC_013598,GENERO_Flavitalea_1892851,0.887336790561676
NC_013598,taxid_1492898_Flavisolibacter_tropicus,0.9023489952087402
NC_013598,GENERO_Segetibacter_670293,0.9112188816070556
NC_013598,GENERO_Daejeonella_990371,0.8760166168212891
NC_013598,taxid_1397_Bacillus_circulans,0.8656206130981445
NC_013598,taxid_960_Bacteriovorax_stolpii,0.8997296690940857
NC_013598,taxid_1837343_Paenibacillus_qinlingensis,0.9604611396789552
NC_013598,taxid_688867_Ohtaekwangia_koreensis,0.9000406861305237
NC_013598,taxid_1478_Peribacillus_simplex,0.8947694897651672
NC_028959,taxid_1428_Bacillus_thuringiensis,0.8583382368087769
NC_028959,taxid_1396_Bacillus_cereus,0.8505087494850159
NC_028959,taxid_1837343_Paenibacillus_qinlingensis,0.9449396133422852
NC_028957,taxid_1837343_Paenibacillus_qinlingensis,0.9010862112045288
NC_001909,taxid_352858_Bacillus_sp_Y1,0.8560220003128052
NC_001909,GENERO_Flavitalea_708199,0.8514877557754517
NC_001909,taxid_398037_Segetibacter_koreensis,0.8892016410827637
NC_001909,GENERO_Flavitalea_796384,0.8514877557754517
NC_001909,taxid_1428_Bacillus_thuringiensis,0.8816672563552856
NC_001909,taxid_1737571_Bacillus_oryzisoli,0.8852101564407349
NC_001909,GENERO_Ferruginibacter_1310417,0.8575218319892883
NC_001909,taxid_1404_Bacillus_megaterium,0.8584577441215515
NC_001909,taxid_398045_Flavisolibacter_ginsengiterrae,0.8547351956367493
NC_001909,taxid_228899_Peribacillus_asahii,0.8520612716674805
NC_001909,taxid_1396_Bacillus_cereus,0.8765800595283508
NC_001909,taxid_1813871_Panacibacter_ginsenosidivorans,0.8608701229095459
NC_001909,GENERO_Flavitalea_1892851,0.8514877557754517
NC_001909,taxid_1492898_Flavisolibacter_tropicus,0.8736882209777832
NC_001909,GENERO_Segetibacter_670293,0.8892016410827637
NC_001909,taxid_1397_Bacillus_circulans,0.8611060976982117
NC_001909,taxid_960_Bacteriovorax_stolpii,0.874068021774292
NC_001909,taxid_1837343_Paenibacillus_qinlingensis,0.9593912363052368
NC_001909,taxid_688867_Ohtaekwangia_koreensis,0.8710957765579224
NC_001909,taxid_1478_Peribacillus_simplex,0.8644708395004272
NC_014260,taxid_1837343_Paenibacillus_qinlingensis,0.895595908164978
NC_016563,taxid_1837343_Paenibacillus_qinlingensis,0.9454151391983032
NC_024787,taxid_398037_Segetibacter_koreensis,0.861391007900238
NC_024787,taxid_1737571_Bacillus_oryzisoli,0.8545889258384705
NC_024787,GENERO_Segetibacter_670293,0.861391007900238
NC_024787,taxid_1837343_Paenibacillus_qinlingensis,0.9454469084739684
NC_021562,taxid_1837343_Paenibacillus_qinlingensis,0.9179106950759888
NC_004996,GENERO_Flavitalea_708199,0.8594686388969421
NC_004996,taxid_398037_Segetibacter_koreensis,0.8751859068870544
NC_004996,GENERO_Flavitalea_796384,0.8594686388969421
NC_004996,taxid_1737571_Bacillus_oryzisoli,0.866434633731842
NC_004996,GENERO_Ferruginibacter_1310417,0.8585327863693237
NC_004996,taxid_398045_Flavisolibacter_ginsengiterrae,0.8601604104042053
NC_004996,GENERO_Flavitalea_1892851,0.8594686388969421
NC_004996,taxid_1492898_Flavisolibacter_tropicus,0.8777163624763489
NC_004996,GENERO_Segetibacter_670293,0.8751859068870544
NC_004996,taxid_960_Bacteriovorax_stolpii,0.8658405542373657
NC_004996,taxid_1837343_Paenibacillus_qinlingensis,0.9508892297744752
NC_004996,taxid_688867_Ohtaekwangia_koreensis,0.8750567436218262
NC_004996,taxid_1478_Peribacillus_simplex,0.8563248515129089
NC_028817,taxid_1837343_Paenibacillus_qinlingensis,0.8620157241821289
NC_013756,taxid_1837343_Paenibacillus_qinlingensis,0.8515781760215759
NC_019545,taxid_1837343_Paenibacillus_qinlingensis,0.8728806972503662
NC_008208,taxid_1837343_Paenibacillus_qinlingensis,0.8736682534217834
NC_024356,taxid_352858_Bacillus_sp_Y1,0.854444682598114
NC_024356,GENERO_Flavitalea_708199,0.8570254445075989
NC_024356,taxid_398037_Segetibacter_koreensis,0.8873400092124939
NC_024356,GENERO_Flavitalea_796384,0.8570254445075989
NC_024356,taxid_1428_Bacillus_thuringiensis,0.8723350763320923
NC_024356,taxid_1737571_Bacillus_oryzisoli,0.8840568661689758
NC_024356,GENERO_Ferruginibacter_1310417,0.8601402640342712
NC_024356,taxid_1404_Bacillus_megaterium,0.8555281758308411
NC_024356,taxid_398045_Flavisolibacter_ginsengiterrae,0.8589786887168884
NC_024356,taxid_1396_Bacillus_cereus,0.8693978786468506
NC_024356,taxid_1813871_Panacibacter_ginsenosidivorans,0.859553337097168
NC_024356,GENERO_Flavitalea_1892851,0.8570254445075989
NC_024356,taxid_1492898_Flavisolibacter_tropicus,0.8782853484153748
NC_024356,GENERO_Segetibacter_670293,0.8873400092124939
NC_024356,taxid_960_Bacteriovorax_stolpii,0.8740873336791992
NC_024356,taxid_1837343_Paenibacillus_qinlingensis,0.9600557684898376
NC_024356,taxid_688867_Ohtaekwangia_koreensis,0.8753460049629211
NC_024356,taxid_1478_Peribacillus_simplex,0.8652782440185547
NC_024217,taxid_1837343_Paenibacillus_qinlingensis,0.9187933206558228
NC_012868,taxid_1837343_Paenibacillus_qinlingensis,0.8874949812889099
NC_020863,taxid_1837343_Paenibacillus_qinlingensis,0.9381402134895324
NC_031932,taxid_1837343_Paenibacillus_qinlingensis,0.9288480877876282
NC_021861,taxid_398037_Segetibacter_koreensis,0.8720983266830444
NC_021861,taxid_1428_Bacillus_thuringiensis,0.8572188019752502
NC_021861,taxid_1737571_Bacillus_oryzisoli,0.8651590347290039
NC_021861,taxid_1396_Bacillus_cereus,0.8527386784553528
NC_021861,GENERO_Segetibacter_670293,0.8720983266830444
NC_021861,taxid_1837343_Paenibacillus_qinlingensis,0.9453815817832948
NC_028766,taxid_1837343_Paenibacillus_qinlingensis,0.9320353269577026
NC_016564,taxid_1837343_Paenibacillus_qinlingensis,0.9056905508041382
NC_020872,taxid_1837343_Paenibacillus_qinlingensis,0.9151996970176696
NC_031915,GENERO_Flavitalea_708199,0.8562976717948914
NC_031915,taxid_398037_Segetibacter_koreensis,0.8551422953605652
NC_031915,GENERO_Flavitalea_796384,0.8562976717948914
NC_031915,taxid_398045_Flavisolibacter_ginsengiterrae,0.8513435125350952
NC_031915,GENERO_Flavitalea_1892851,0.8562976717948914
NC_031915,taxid_1492898_Flavisolibacter_tropicus,0.8752056360244751
NC_031915,GENERO_Segetibacter_670293,0.8551422953605652
NC_031915,taxid_1837343_Paenibacillus_qinlingensis,0.9503673911094666
NC_031915,taxid_688867_Ohtaekwangia_koreensis,0.8715616464614868
NC_025439,taxid_1837343_Paenibacillus_qinlingensis,0.8722643256187439
NC_003315,taxid_1837343_Paenibacillus_qinlingensis,0.930976152420044
NC_019914,taxid_398037_Segetibacter_koreensis,0.8715154528617859
NC_019914,taxid_1428_Bacillus_thuringiensis,0.868886411190033
NC_019914,taxid_1737571_Bacillus_oryzisoli,0.8660241961479187
NC_019914,taxid_1396_Bacillus_cereus,0.8635603785514832
NC_019914,GENERO_Segetibacter_670293,0.8715154528617859
NC_019914,taxid_1837343_Paenibacillus_qinlingensis,0.9466452598571776
NC_003291,taxid_398037_Segetibacter_koreensis,0.8730229735374451
NC_003291,taxid_1428_Bacillus_thuringiensis,0.8638039231300354
NC_003291,taxid_1737571_Bacillus_oryzisoli,0.8670560717582703
NC_003291,taxid_1396_Bacillus_cereus,0.859137237071991
NC_003291,GENERO_Segetibacter_670293,0.8730229735374451
NC_003291,taxid_960_Bacteriovorax_stolpii,0.8500618934631348
NC_003291,taxid_1837343_Paenibacillus_qinlingensis,0.9469332695007324
NC_016770,taxid_1492898_Flavisolibacter_tropicus,0.850657045841217
NC_016770,taxid_1837343_Paenibacillus_qinlingensis,0.9410024881362916
NC_015252,taxid_398037_Segetibacter_koreensis,0.8680486083030701
NC_015252,taxid_1737571_Bacillus_oryzisoli,0.8611697554588318
NC_015252,taxid_1492898_Flavisolibacter_tropicus,0.8594725131988525
NC_015252,GENERO_Segetibacter_670293,0.8680486083030701
NC_015252,taxid_960_Bacteriovorax_stolpii,0.8562092185020447
NC_015252,taxid_1837343_Paenibacillus_qinlingensis,0.9440022706985474
NC_015252,taxid_688867_Ohtaekwangia_koreensis,0.8570358753204346
NC_021775,taxid_1837343_Paenibacillus_qinlingensis,0.8565778136253357
NC_007291,taxid_1837343_Paenibacillus_qinlingensis,0.9081628918647766
NC_014663,taxid_1837343_Paenibacillus_qinlingensis,0.9002916812896729
NC_004305,GENERO_Tumebacillus_1229157,0.8539494276046753
NC_004305,GENERO_Tumebacillus_1157490,0.8539494276046753
NC_004305,GENERO_Tumebacillus_363888,0.8539494276046753
NC_004305,taxid_1837343_Paenibacillus_qinlingensis,0.9147573113441468
NC_023608,taxid_1837343_Paenibacillus_qinlingensis,0.8556118607521057
NC_027393,taxid_1837343_Paenibacillus_qinlingensis,0.866999089717865
MF189171,taxid_1837343_Paenibacillus_qinlingensis,0.886961817741394
NC_011421,taxid_1837343_Paenibacillus_qinlingensis,0.9294142723083496
NC_028862,taxid_398037_Segetibacter_koreensis,0.8676214218139648
NC_028862,taxid_1428_Bacillus_thuringiensis,0.8621950745582581
NC_028862,taxid_1737571_Bacillus_oryzisoli,0.8618552684783936
NC_028862,taxid_1396_Bacillus_cereus,0.8565608859062195
NC_028862,GENERO_Segetibacter_670293,0.8676214218139648
NC_028862,taxid_1837343_Paenibacillus_qinlingensis,0.9459602236747742
NC_007049,taxid_1837343_Paenibacillus_qinlingensis,0.9376399517059326
NC_004615,taxid_1837343_Paenibacillus_qinlingensis,0.9341754913330078
NC_001420,taxid_1837343_Paenibacillus_qinlingensis,0.8549614548683167
NC_018835,taxid_1837343_Paenibacillus_qinlingensis,0.9119465947151184
NC_028821,taxid_352858_Bacillus_sp_Y1,0.8516733050346375
NC_028821,GENERO_Flavitalea_708199,0.8559136986732483
NC_028821,taxid_398037_Segetibacter_koreensis,0.8836131691932678
NC_028821,GENERO_Flavitalea_796384,0.8559136986732483
NC_028821,taxid_1428_Bacillus_thuringiensis,0.862511932849884
NC_028821,taxid_1737571_Bacillus_oryzisoli,0.8773362040519714
NC_028821,GENERO_Ferruginibacter_1310417,0.8579347729682922
NC_028821,taxid_1404_Bacillus_megaterium,0.8509500622749329
NC_028821,taxid_398045_Flavisolibacter_ginsengiterrae,0.8567336201667786
NC_028821,taxid_1396_Bacillus_cereus,0.8603009581565857
NC_028821,taxid_1813871_Panacibacter_ginsenosidivorans,0.8566849231719971
NC_028821,GENERO_Flavitalea_1892851,0.8559136986732483
NC_028821,taxid_1492898_Flavisolibacter_tropicus,0.8763007521629333
NC_028821,GENERO_Segetibacter_670293,0.8836131691932678
NC_028821,taxid_960_Bacteriovorax_stolpii,0.8701643347740173
NC_028821,taxid_1837343_Paenibacillus_qinlingensis,0.9563099145889282
NC_028821,taxid_688867_Ohtaekwangia_koreensis,0.8738656044006348
NC_028821,taxid_1478_Peribacillus_simplex,0.861716628074646
NC_007902,taxid_1837343_Paenibacillus_qinlingensis,0.8763633966445923
NC_023688,taxid_1837343_Paenibacillus_qinlingensis,0.8688213229179382
NC_015721,taxid_1837343_Paenibacillus_qinlingensis,0.8738837242126465
NC_012740,taxid_1837343_Paenibacillus_qinlingensis,0.8932300806045532
MF189173,taxid_1837343_Paenibacillus_qinlingensis,0.8815824389457703
NC_021867,taxid_352858_Bacillus_sp_Y1,0.8525784611701965
NC_021867,taxid_398037_Segetibacter_koreensis,0.8856213688850403
NC_021867,taxid_1428_Bacillus_thuringiensis,0.8777719736099243
NC_021867,taxid_1737571_Bacillus_oryzisoli,0.8794584274291992
NC_021867,GENERO_Ferruginibacter_1310417,0.8538913130760193
NC_021867,taxid_1404_Bacillus_megaterium,0.8552168011665344
NC_021867,taxid_1396_Bacillus_cereus,0.8739485144615173
NC_021867,taxid_1813871_Panacibacter_ginsenosidivorans,0.8579270243644714
NC_021867,taxid_1492898_Flavisolibacter_tropicus,0.8658087253570557
NC_021867,GENERO_Segetibacter_670293,0.8856213688850403
NC_021867,taxid_1397_Bacillus_circulans,0.8593974709510803
NC_021867,taxid_960_Bacteriovorax_stolpii,0.868943989276886
NC_021867,taxid_1837343_Paenibacillus_qinlingensis,0.9523097276687622
NC_021867,taxid_688867_Ohtaekwangia_koreensis,0.8644938468933105
NC_021867,taxid_1478_Peribacillus_simplex,0.8576956987380981
NC_021772,GENERO_Tumebacillus_1229157,0.8872867822647095
NC_021772,GENERO_Tumebacillus_1157490,0.8872867822647095
NC_021772,GENERO_Tumebacillus_363888,0.8872867822647095
NC_021772,taxid_1492898_Flavisolibacter_tropicus,0.8672597408294678
NC_021772,taxid_1837343_Paenibacillus_qinlingensis,0.9519213438034058
NC_021772,taxid_688867_Ohtaekwangia_koreensis,0.8584597706794739
NC_028666,GENERO_Flavitalea_708199,0.8549394607543945
NC_028666,taxid_398037_Segetibacter_koreensis,0.8605671525001526
NC_028666,GENERO_Flavitalea_796384,0.8549394607543945
NC_028666,taxid_1737571_Bacillus_oryzisoli,0.8528270125389099
NC_028666,GENERO_Ferruginibacter_1310417,0.8503195643424988
NC_028666,taxid_398045_Flavisolibacter_ginsengiterrae,0.853859543800354
NC_028666,GENERO_Flavitalea_1892851,0.8549394607543945
NC_028666,taxid_1492898_Flavisolibacter_tropicus,0.8743355870246887
NC_028666,GENERO_Segetibacter_670293,0.8605671525001526
NC_028666,taxid_960_Bacteriovorax_stolpii,0.8517740368843079
NC_028666,taxid_1837343_Paenibacillus_qinlingensis,0.9536438584327698
NC_028666,taxid_688867_Ohtaekwangia_koreensis,0.8704147338867188
NC_028987,GENERO_Flavitalea_708199,0.857026219367981
NC_028987,taxid_398037_Segetibacter_koreensis,0.869525671005249
NC_028987,GENERO_Flavitalea_796384,0.857026219367981
NC_028987,taxid_1737571_Bacillus_oryzisoli,0.8622428178787231
NC_028987,GENERO_Ferruginibacter_1310417,0.8554649353027344
NC_028987,taxid_398045_Flavisolibacter_ginsengiterrae,0.8566408157348633
NC_028987,GENERO_Flavitalea_1892851,0.857026219367981
NC_028987,taxid_1492898_Flavisolibacter_tropicus,0.875251293182373
NC_028987,GENERO_Segetibacter_670293,0.869525671005249
NC_028987,taxid_960_Bacteriovorax_stolpii,0.8580728769302368
NC_028987,taxid_1837343_Paenibacillus_qinlingensis,0.9485374093055724
NC_028987,taxid_688867_Ohtaekwangia_koreensis,0.8718217611312866
NC_028987,taxid_1478_Peribacillus_simplex,0.8522505164146423
NC_019452,taxid_1837343_Paenibacillus_qinlingensis,0.8547476530075073
NC_021331,taxid_1837343_Paenibacillus_qinlingensis,0.9014768600463868
NC_022767,taxid_1837343_Paenibacillus_qinlingensis,0.9463415145874025
NC_001629,taxid_352858_Bacillus_sp_Y1,0.8570237159729004
NC_001629,taxid_398037_Segetibacter_koreensis,0.8903789520263672
NC_001629,taxid_1428_Bacillus_thuringiensis,0.8844223618507385
NC_001629,taxid_1737571_Bacillus_oryzisoli,0.8853423595428467
NC_001629,GENERO_Ferruginibacter_1310417,0.8547605276107788
NC_001629,taxid_1404_Bacillus_megaterium,0.85966557264328
NC_001629,taxid_398045_Flavisolibacter_ginsengiterrae,0.8502245545387268
NC_001629,taxid_228899_Peribacillus_asahii,0.8542389869689941
NC_001629,taxid_1396_Bacillus_cereus,0.879773736000061
NC_001629,taxid_1813871_Panacibacter_ginsenosidivorans,0.8604772090911865
NC_001629,taxid_1492898_Flavisolibacter_tropicus,0.8696705102920532
NC_001629,GENERO_Segetibacter_670293,0.8903789520263672
NC_001629,taxid_1397_Bacillus_circulans,0.8648809790611267
NC_001629,taxid_960_Bacteriovorax_stolpii,0.8730259537696838
NC_001629,taxid_1837343_Paenibacillus_qinlingensis,0.9564678072929382
NC_001629,taxid_688867_Ohtaekwangia_koreensis,0.8681047558784485
NC_001629,taxid_1478_Peribacillus_simplex,0.8623634576797485
NC_021326,taxid_398037_Segetibacter_koreensis,0.8718262910842896
NC_021326,taxid_1737571_Bacillus_oryzisoli,0.8663101196289062
NC_021326,taxid_1492898_Flavisolibacter_tropicus,0.8643561005592346
NC_021326,GENERO_Segetibacter_670293,0.8718262910842896
NC_021326,taxid_960_Bacteriovorax_stolpii,0.8581488132476807
NC_021326,taxid_1837343_Paenibacillus_qinlingensis,0.9523380994796752
NC_021326,taxid_688867_Ohtaekwangia_koreensis,0.8615424633026123
NC_019402,taxid_1837343_Paenibacillus_qinlingensis,0.8737530708312988
NC_010583,GENERO_Tumebacillus_1229157,0.8672769665718079
NC_010583,GENERO_Tumebacillus_1157490,0.8672769665718079
NC_010583,GENERO_Tumebacillus_363888,0.8672769665718079
NC_010583,taxid_1837343_Paenibacillus_qinlingensis,0.9267343878746032
NC_003050,taxid_352858_Bacillus_sp_Y1,0.8590863347053528
NC_003050,GENERO_Flavitalea_708199,0.8601319193840027
NC_003050,taxid_398037_Segetibacter_koreensis,0.8946517109870911
NC_003050,taxid_462367_Flavisolibacter_ginsengisoli,0.8521305322647095
NC_003050,GENERO_Flavitalea_796384,0.8601319193840027
NC_003050,taxid_1428_Bacillus_thuringiensis,0.8734322786331177
NC_003050,taxid_1737571_Bacillus_oryzisoli,0.8884347677230835
NC_003050,GENERO_Ferruginibacter_1310417,0.8650056719779968
NC_003050,taxid_1404_Bacillus_megaterium,0.8577252626419067
NC_003050,taxid_398045_Flavisolibacter_ginsengiterrae,0.8618178963661194
NC_003050,taxid_228899_Peribacillus_asahii,0.8546240925788879
NC_003050,taxid_1396_Bacillus_cereus,0.8708565831184387
NC_003050,taxid_1813871_Panacibacter_ginsenosidivorans,0.8673928380012512
NC_003050,GENERO_Flavitalea_1892851,0.8601319193840027
NC_003050,taxid_1492898_Flavisolibacter_tropicus,0.8797053694725037
NC_003050,GENERO_Segetibacter_670293,0.8946517109870911
NC_003050,taxid_960_Bacteriovorax_stolpii,0.8789682984352112
NC_003050,taxid_1837343_Paenibacillus_qinlingensis,0.9517478942871094
NC_003050,taxid_688867_Ohtaekwangia_koreensis,0.8776674866676331
NC_003050,taxid_1478_Peribacillus_simplex,0.8699659109115601
NC_031909,taxid_398037_Segetibacter_koreensis,0.8737702965736389
NC_031909,taxid_1428_Bacillus_thuringiensis,0.8719857335090637
NC_031909,taxid_1737571_Bacillus_oryzisoli,0.8682738542556763
NC_031909,taxid_1396_Bacillus_cereus,0.866309642791748
NC_031909,GENERO_Segetibacter_670293,0.8737702965736389
NC_031909,taxid_1397_Bacillus_circulans,0.8528345227241516
NC_031909,taxid_960_Bacteriovorax_stolpii,0.8547210693359375
NC_031909,taxid_1837343_Paenibacillus_qinlingensis,0.9460119605064392
NC_031006,taxid_1837343_Paenibacillus_qinlingensis,0.944384753704071
NC_028805,taxid_1837343_Paenibacillus_qinlingensis,0.9235467314720154
NC_005856,taxid_1837343_Paenibacillus_qinlingensis,0.8677891492843628
NC_021071,taxid_1837343_Paenibacillus_qinlingensis,0.8982597589492798
NC_001330,taxid_1837343_Paenibacillus_qinlingensis,0.932385802268982
NC_023569,taxid_1837343_Paenibacillus_qinlingensis,0.9174438118934632
NC_004306,taxid_1837343_Paenibacillus_qinlingensis,0.9224818348884584
NC_008798,taxid_398037_Segetibacter_koreensis,0.8653116226196289
NC_008798,taxid_1428_Bacillus_thuringiensis,0.8575420379638672
NC_008798,taxid_1737571_Bacillus_oryzisoli,0.8585494160652161
NC_008798,taxid_1396_Bacillus_cereus,0.8517171144485474
NC_008798,GENERO_Segetibacter_670293,0.8653116226196289
NC_008798,taxid_1837343_Paenibacillus_qinlingensis,0.9450013637542723
NC_021540,GENERO_Tumebacillus_1229157,0.8660333752632141
NC_021540,taxid_352858_Bacillus_sp_Y1,0.8665655851364136
NC_021540,GENERO_Flavitalea_708199,0.8721693158149719
NC_021540,taxid_398037_Segetibacter_koreensis,0.9007121920585632
NC_021540,taxid_462367_Flavisolibacter_ginsengisoli,0.8622018694877625
NC_021540,GENERO_Flavitalea_796384,0.8721693158149719
NC_021540,GENERO_Tumebacillus_1157490,0.8660333752632141
NC_021540,taxid_1428_Bacillus_thuringiensis,0.8803474307060242
NC_021540,taxid_1737571_Bacillus_oryzisoli,0.8952589631080627
NC_021540,GENERO_Ferruginibacter_1310417,0.8753131031990051
NC_021540,taxid_1404_Bacillus_megaterium,0.8675623536109924
NC_021540,taxid_398045_Flavisolibacter_ginsengiterrae,0.8722301721572876
NC_021540,taxid_228899_Peribacillus_asahii,0.8617463707923889
NC_021540,GENERO_Tumebacillus_363888,0.8660333752632141
NC_021540,taxid_1396_Bacillus_cereus,0.8785750269889832
NC_021540,taxid_1813871_Panacibacter_ginsenosidivorans,0.8751997947692871
NC_021540,GENERO_Flavitalea_1892851,0.8721693158149719
NC_021540,taxid_1492898_Flavisolibacter_tropicus,0.8913969993591309
NC_021540,GENERO_Segetibacter_670293,0.9007121920585632
NC_021540,GENERO_Daejeonella_990371,0.8588197827339172
NC_021540,taxid_1397_Bacillus_circulans,0.8557390570640564
NC_021540,taxid_960_Bacteriovorax_stolpii,0.8864414095878601
NC_021540,taxid_1837343_Paenibacillus_qinlingensis,0.9631941318511964
NC_021540,taxid_688867_Ohtaekwangia_koreensis,0.8888241052627563
NC_021540,taxid_1478_Peribacillus_simplex,0.8778619170188904
NC_020862,taxid_1837343_Paenibacillus_qinlingensis,0.910573184490204
NC_021068,taxid_1837343_Paenibacillus_qinlingensis,0.9399763345718384
NC_007050,taxid_1837343_Paenibacillus_qinlingensis,0.939426064491272
NC_012663,GENERO_Flavitalea_708199,0.8526495695114136
NC_012663,taxid_398037_Segetibacter_koreensis,0.8806352019309998
NC_012663,GENERO_Flavitalea_796384,0.8526495695114136
NC_012663,taxid_1428_Bacillus_thuringiensis,0.8570435047149658
NC_012663,taxid_1737571_Bacillus_oryzisoli,0.8738933205604553
NC_012663,GENERO_Ferruginibacter_1310417,0.8556839823722839
NC_012663,taxid_398045_Flavisolibacter_ginsengiterrae,0.853516161441803
NC_012663,taxid_1396_Bacillus_cereus,0.8545515537261963
NC_012663,taxid_1813871_Panacibacter_ginsenosidivorans,0.8514164686203003
NC_012663,GENERO_Flavitalea_1892851,0.8526495695114136
NC_012663,taxid_1492898_Flavisolibacter_tropicus,0.8738107681274414
NC_012663,GENERO_Segetibacter_670293,0.8806352019309998
NC_012663,taxid_960_Bacteriovorax_stolpii,0.8675971627235413
NC_012663,taxid_1837343_Paenibacillus_qinlingensis,0.9543365836143494
NC_012663,taxid_688867_Ohtaekwangia_koreensis,0.8716385960578918
NC_012663,taxid_1478_Peribacillus_simplex,0.8566743731498718
NC_018276,taxid_1837343_Paenibacillus_qinlingensis,0.9349294900894164
NC_001741,taxid_1837343_Paenibacillus_qinlingensis,0.8955802321434021
NC_024369,taxid_1837343_Paenibacillus_qinlingensis,0.9226737022399902
NC_031942,taxid_1837343_Paenibacillus_qinlingensis,0.9438327550888062
NC_031946,taxid_1837343_Paenibacillus_qinlingensis,0.9010139107704164
NC_029002,taxid_1837343_Paenibacillus_qinlingensis,0.9260801672935486
NC_031905,taxid_1837343_Paenibacillus_qinlingensis,0.9290414452552797
NC_016659,taxid_1837343_Paenibacillus_qinlingensis,0.9205567240715028
MF189170,taxid_1837343_Paenibacillus_qinlingensis,0.894497275352478
NC_019521,taxid_1837343_Paenibacillus_qinlingensis,0.9376844763755798
NC_031121,taxid_1837343_Paenibacillus_qinlingensis,0.9402514100074768
NC_014792,taxid_1837343_Paenibacillus_qinlingensis,0.8969873785972595
NC_028247,GENERO_Tumebacillus_1229157,0.8671897053718567
NC_028247,GENERO_Tumebacillus_1157490,0.8671897053718567
NC_028247,GENERO_Tumebacillus_363888,0.8671897053718567
NC_028247,taxid_1837343_Paenibacillus_qinlingensis,0.9377558827400208
NC_028699,taxid_1837343_Paenibacillus_qinlingensis,0.8755035996437073
NC_027396,taxid_352858_Bacillus_sp_Y1,0.8578956127166748
NC_027396,GENERO_Flavitalea_708199,0.8678731918334961
NC_027396,taxid_398037_Segetibacter_koreensis,0.8922469019889832
NC_027396,taxid_462367_Flavisolibacter_ginsengisoli,0.8597369194030762
NC_027396,GENERO_Flavitalea_796384,0.8678731918334961
NC_027396,taxid_1428_Bacillus_thuringiensis,0.8643189668655396
NC_027396,taxid_1737571_Bacillus_oryzisoli,0.8857488036155701
NC_027396,GENERO_Ferruginibacter_1310417,0.8715644478797913
NC_027396,taxid_1404_Bacillus_megaterium,0.8546116352081299
NC_027396,taxid_398045_Flavisolibacter_ginsengiterrae,0.869046688079834
NC_027396,taxid_1396_Bacillus_cereus,0.8626982569694519
NC_027396,taxid_1813871_Panacibacter_ginsenosidivorans,0.8667832612991333
NC_027396,GENERO_Flavitalea_1892851,0.8678731918334961
NC_027396,taxid_1492898_Flavisolibacter_tropicus,0.8852182626724243
NC_027396,GENERO_Segetibacter_670293,0.8922469019889832
NC_027396,GENERO_Daejeonella_990371,0.8542511463165283
NC_027396,taxid_960_Bacteriovorax_stolpii,0.8810165524482727
NC_027396,taxid_1837343_Paenibacillus_qinlingensis,0.9540433287620544
NC_027396,taxid_688867_Ohtaekwangia_koreensis,0.8829265832901001
NC_027396,taxid_1478_Peribacillus_simplex,0.8722813725471497
NC_031274,GENERO_Tumebacillus_1229157,0.8646193742752075
NC_031274,GENERO_Tumebacillus_1157490,0.8646193742752075
NC_031274,GENERO_Tumebacillus_363888,0.8646193742752075
NC_031274,taxid_1837343_Paenibacillus_qinlingensis,0.9242801666259766
NC_028990,taxid_352858_Bacillus_sp_Y1,0.8626448512077332
NC_028990,GENERO_Flavitalea_708199,0.864466667175293
NC_028990,taxid_398037_Segetibacter_koreensis,0.8935074210166931
NC_028990,taxid_462367_Flavisolibacter_ginsengisoli,0.8570258021354675
NC_028990,GENERO_Flavitalea_796384,0.864466667175293
NC_028990,taxid_1428_Bacillus_thuringiensis,0.8793993592262268
NC_028990,taxid_1737571_Bacillus_oryzisoli,0.8903653025627136
NC_028990,GENERO_Ferruginibacter_1310417,0.8675349354743958
NC_028990,taxid_1404_Bacillus_megaterium,0.8633706569671631
NC_028990,taxid_398045_Flavisolibacter_ginsengiterrae,0.866470456123352
NC_028990,taxid_228899_Peribacillus_asahii,0.8559936881065369
NC_028990,taxid_1396_Bacillus_cereus,0.8769335746765137
NC_028990,taxid_1813871_Panacibacter_ginsenosidivorans,0.8668665885925293
NC_028990,GENERO_Flavitalea_1892851,0.864466667175293
NC_028990,taxid_1492898_Flavisolibacter_tropicus,0.8850528597831726
NC_028990,GENERO_Segetibacter_670293,0.8935074210166931
NC_028990,GENERO_Daejeonella_990371,0.8523918390274048
NC_028990,taxid_1397_Bacillus_circulans,0.8554176688194275
NC_028990,taxid_960_Bacteriovorax_stolpii,0.8814314603805542
NC_028990,taxid_1837343_Paenibacillus_qinlingensis,0.961546003818512
NC_028990,taxid_688867_Ohtaekwangia_koreensis,0.8823264837265015
NC_028990,taxid_1478_Peribacillus_simplex,0.8730018138885498
NC_018275,taxid_1837343_Paenibacillus_qinlingensis,0.9004254341125488
NC_019539,taxid_1837343_Paenibacillus_qinlingensis,0.8622561097145081
NC_019514,taxid_1837343_Paenibacillus_qinlingensis,0.8774766325950623
NC_015457,GENERO_Tumebacillus_1229157,0.8563857078552246
NC_015457,GENERO_Tumebacillus_1157490,0.8563857078552246
NC_015457,GENERO_Tumebacillus_363888,0.8563857078552246
NC_015457,taxid_1837343_Paenibacillus_qinlingensis,0.9250547289848328
NC_013644,taxid_398037_Segetibacter_koreensis,0.8665301203727722
NC_013644,taxid_1737571_Bacillus_oryzisoli,0.8594363331794739
NC_013644,GENERO_Segetibacter_670293,0.8665301203727722
NC_013644,taxid_1837343_Paenibacillus_qinlingensis,0.9376661777496338
NC_018272,taxid_398037_Segetibacter_koreensis,0.8742627501487732
NC_018272,taxid_1428_Bacillus_thuringiensis,0.8622915148735046
NC_018272,taxid_1737571_Bacillus_oryzisoli,0.8667105436325073
NC_018272,taxid_1396_Bacillus_cereus,0.8562057018280029
NC_018272,taxid_1492898_Flavisolibacter_tropicus,0.8534495234489441
NC_018272,GENERO_Segetibacter_670293,0.8742627501487732
NC_018272,taxid_960_Bacteriovorax_stolpii,0.8552291989326477
NC_018272,taxid_1837343_Paenibacillus_qinlingensis,0.9481626152992249
NC_018272,taxid_688867_Ohtaekwangia_koreensis,0.8520885109901428
NC_000852,taxid_1837343_Paenibacillus_qinlingensis,0.8600288033485413
NC_009551,taxid_1837343_Paenibacillus_qinlingensis,0.9059070944786072
NC_009810,taxid_398037_Segetibacter_koreensis,0.869314968585968
NC_009810,taxid_1737571_Bacillus_oryzisoli,0.8637506365776062
NC_009810,taxid_1492898_Flavisolibacter_tropicus,0.856855034828186
NC_009810,GENERO_Segetibacter_670293,0.869314968585968
NC_009810,taxid_960_Bacteriovorax_stolpii,0.8546832799911499
NC_009810,taxid_1837343_Paenibacillus_qinlingensis,0.9476882815361024
NC_009810,taxid_688867_Ohtaekwangia_koreensis,0.8550893068313599
NC_009763,taxid_398037_Segetibacter_koreensis,0.8562944531440735
NC_009763,taxid_1428_Bacillus_thuringiensis,0.8544146418571472
NC_009763,GENERO_Segetibacter_670293,0.8562944531440735
NC_009763,taxid_1837343_Paenibacillus_qinlingensis,0.9449666738510132
NC_024206,GENERO_Flavitalea_708199,0.8533194661140442
NC_024206,taxid_398037_Segetibacter_koreensis,0.8799979090690613
NC_024206,GENERO_Flavitalea_796384,0.8533194661140442
NC_024206,taxid_1737571_Bacillus_oryzisoli,0.8725903630256653
NC_024206,GENERO_Ferruginibacter_1310417,0.8567758202552795
NC_024206,taxid_398045_Flavisolibacter_ginsengiterrae,0.8544750213623047
NC_024206,taxid_1813871_Panacibacter_ginsenosidivorans,0.85024094581604
NC_024206,GENERO_Flavitalea_1892851,0.8533194661140442
NC_024206,taxid_1492898_Flavisolibacter_tropicus,0.8732575178146362
NC_024206,GENERO_Segetibacter_670293,0.8799979090690613
NC_024206,taxid_960_Bacteriovorax_stolpii,0.8684419989585876
NC_024206,taxid_1837343_Paenibacillus_qinlingensis,0.9515318870544434
NC_024206,taxid_688867_Ohtaekwangia_koreensis,0.8710008859634399
NC_024206,taxid_1478_Peribacillus_simplex,0.8581931591033936
NC_006940,taxid_1837343_Paenibacillus_qinlingensis,0.863762378692627
NC_010808,taxid_1837343_Paenibacillus_qinlingensis,0.9378114342689514
NC_017968,taxid_398037_Segetibacter_koreensis,0.8583928346633911
NC_017968,taxid_1737571_Bacillus_oryzisoli,0.8511061072349548
NC_017968,GENERO_Segetibacter_670293,0.8583928346633911
NC_017968,taxid_1837343_Paenibacillus_qinlingensis,0.9461349248886108
NC_024204,taxid_1837343_Paenibacillus_qinlingensis,0.8738189935684204
NC_009817,taxid_398037_Segetibacter_koreensis,0.8528052568435669
NC_009817,GENERO_Segetibacter_670293,0.8528052568435669
NC_009817,taxid_1837343_Paenibacillus_qinlingensis,0.9464316368103028
NC_020845,taxid_1837343_Paenibacillus_qinlingensis,0.9232366681098938
NC_019403,GENERO_Tumebacillus_1229157,0.8677589893341064
NC_019403,GENERO_Tumebacillus_1157490,0.8677589893341064
NC_019403,GENERO_Tumebacillus_363888,0.8677589893341064
NC_019403,taxid_1837343_Paenibacillus_qinlingensis,0.9341742396354676
NC_028894,taxid_1837343_Paenibacillus_qinlingensis,0.9027647376060486
NC_021344,taxid_1837343_Paenibacillus_qinlingensis,0.8581550717353821
NC_007149,GENERO_Tumebacillus_1229157,0.8660439252853394
NC_007149,GENERO_Tumebacillus_1157490,0.8660439252853394
NC_007149,GENERO_Tumebacillus_363888,0.8660439252853394
NC_007149,taxid_1837343_Paenibacillus_qinlingensis,0.9415877461433412
NC_031100,GENERO_Tumebacillus_1229157,0.8525019288063049
NC_031100,GENERO_Tumebacillus_1157490,0.8525019288063049
NC_031100,GENERO_Tumebacillus_363888,0.8525019288063049
NC_031100,taxid_1492898_Flavisolibacter_tropicus,0.8524036407470703
NC_031100,taxid_1837343_Paenibacillus_qinlingensis,0.949870228767395
NC_006294,taxid_1492898_Flavisolibacter_tropicus,0.8702683448791504
NC_006294,taxid_1837343_Paenibacillus_qinlingensis,0.9394463896751404
NC_006294,taxid_688867_Ohtaekwangia_koreensis,0.8631311655044556
NC_001895,taxid_1837343_Paenibacillus_qinlingensis,0.8754405379295349
NC_005833,taxid_1837343_Paenibacillus_qinlingensis,0.907495379447937
NC_031017,taxid_398037_Segetibacter_koreensis,0.8834415674209595
NC_031017,taxid_1428_Bacillus_thuringiensis,0.8672671914100647
NC_031017,taxid_1737571_Bacillus_oryzisoli,0.8768154978752136
NC_031017,taxid_1396_Bacillus_cereus,0.8631759285926819
NC_031017,taxid_1813871_Panacibacter_ginsenosidivorans,0.8512486815452576
NC_031017,taxid_1492898_Flavisolibacter_tropicus,0.8632990717887878
NC_031017,GENERO_Segetibacter_670293,0.8834415674209595
NC_031017,taxid_960_Bacteriovorax_stolpii,0.8633925318717957
NC_031017,taxid_1837343_Paenibacillus_qinlingensis,0.948127031326294
NC_031017,taxid_688867_Ohtaekwangia_koreensis,0.8616582155227661
NC_031017,taxid_1478_Peribacillus_simplex,0.8529036641120911
NC_025822,taxid_1837343_Paenibacillus_qinlingensis,0.9155102372169496
NC_022967,taxid_1837343_Paenibacillus_qinlingensis,0.8669467568397522
NC_006949,taxid_1837343_Paenibacillus_qinlingensis,0.8894599676132202
NC_028911,taxid_1837343_Paenibacillus_qinlingensis,0.9265874028205872
NC_028829,taxid_1837343_Paenibacillus_qinlingensis,0.908934473991394
NC_023560,taxid_398037_Segetibacter_koreensis,0.86883544921875
NC_023560,taxid_1737571_Bacillus_oryzisoli,0.8601788878440857
NC_023560,GENERO_Ferruginibacter_1310417,0.8525897264480591
NC_023560,taxid_398045_Flavisolibacter_ginsengiterrae,0.8516666293144226
NC_023560,taxid_1492898_Flavisolibacter_tropicus,0.8691434860229492
NC_023560,GENERO_Segetibacter_670293,0.86883544921875
NC_023560,taxid_960_Bacteriovorax_stolpii,0.8576910495758057
NC_023560,taxid_1837343_Paenibacillus_qinlingensis,0.9449167251586914
NC_023560,taxid_688867_Ohtaekwangia_koreensis,0.8660157918930054
NC_010237,taxid_1837343_Paenibacillus_qinlingensis,0.875040590763092
NC_001447,taxid_666686_Bacillus_sp_1NLA3E,0.879278302192688
NC_001447,taxid_486398_Bacillus_sp_S3,0.868687093257904
NC_001447,taxid_352858_Bacillus_sp_Y1,0.8947684168815613
NC_001447,GENERO_Flavitalea_708199,0.8865218758583069
NC_001447,taxid_398037_Segetibacter_koreensis,0.9207193851470948
NC_001447,taxid_462367_Flavisolibacter_ginsengisoli,0.8821079134941101
NC_001447,GENERO_Flavitalea_796384,0.8865218758583069
NC_001447,taxid_1428_Bacillus_thuringiensis,0.9197117686271667
NC_001447,taxid_1737571_Bacillus_oryzisoli,0.9183047413825988
NC_001447,GENERO_Ferruginibacter_1310417,0.8919352293014526
NC_001447,taxid_1404_Bacillus_megaterium,0.8988693356513977
NC_001447,taxid_398045_Flavisolibacter_ginsengiterrae,0.8894018530845642
NC_001447,taxid_228899_Peribacillus_asahii,0.8964577913284302
NC_001447,taxid_1396_Bacillus_cereus,0.9165881276130676
NC_001447,taxid_1813871_Panacibacter_ginsenosidivorans,0.8970059156417847
NC_001447,GENERO_Flavitalea_1892851,0.8865218758583069
NC_001447,taxid_1492898_Flavisolibacter_tropicus,0.903989851474762
NC_001447,GENERO_Segetibacter_670293,0.9207193851470948
NC_001447,GENERO_Daejeonella_990371,0.874854326248169
NC_001447,taxid_1397_Bacillus_circulans,0.9050164818763732
NC_001447,taxid_960_Bacteriovorax_stolpii,0.905991792678833
NC_001447,taxid_1837343_Paenibacillus_qinlingensis,0.964726984500885
NC_001447,taxid_688867_Ohtaekwangia_koreensis,0.902040421962738
NC_001447,taxid_1478_Peribacillus_simplex,0.900043785572052
NC_031911,taxid_352858_Bacillus_sp_Y1,0.8575206398963928
NC_031911,taxid_398037_Segetibacter_koreensis,0.8903098702430725
NC_031911,taxid_1428_Bacillus_thuringiensis,0.8865676522254944
NC_031911,taxid_1737571_Bacillus_oryzisoli,0.8841951489448547
NC_031911,GENERO_Ferruginibacter_1310417,0.8547638654708862
NC_031911,taxid_1404_Bacillus_megaterium,0.8611269593238831
NC_031911,taxid_228899_Peribacillus_asahii,0.8551449179649353
NC_031911,taxid_1396_Bacillus_cereus,0.8819774389266968
NC_031911,taxid_1813871_Panacibacter_ginsenosidivorans,0.8621033430099487
NC_031911,taxid_1492898_Flavisolibacter_tropicus,0.8673174977302551
NC_031911,GENERO_Segetibacter_670293,0.8903098702430725
NC_031911,taxid_1397_Bacillus_circulans,0.8686530590057373
NC_031911,taxid_960_Bacteriovorax_stolpii,0.8723065257072449
NC_031911,taxid_1837343_Paenibacillus_qinlingensis,0.953099250793457
NC_031911,taxid_688867_Ohtaekwangia_koreensis,0.8662936091423035
NC_031911,taxid_1478_Peribacillus_simplex,0.8615646362304688
NC_019421,taxid_398037_Segetibacter_koreensis,0.8662740588188171
NC_019421,taxid_1428_Bacillus_thuringiensis,0.8696384429931641
NC_019421,taxid_1737571_Bacillus_oryzisoli,0.860413134098053
NC_019421,taxid_1396_Bacillus_cereus,0.8628318905830383
NC_019421,GENERO_Segetibacter_670293,0.8662740588188171
NC_019421,taxid_1837343_Paenibacillus_qinlingensis,0.9486737847328186
NC_008363,taxid_352858_Bacillus_sp_Y1,0.8529505133628845
NC_008363,taxid_398037_Segetibacter_koreensis,0.8853328227996826
NC_008363,taxid_1428_Bacillus_thuringiensis,0.8770530223846436
NC_008363,taxid_1737571_Bacillus_oryzisoli,0.8819771409034729
NC_008363,GENERO_Ferruginibacter_1310417,0.8534287214279175
NC_008363,taxid_1404_Bacillus_megaterium,0.855071485042572
NC_008363,taxid_398045_Flavisolibacter_ginsengiterrae,0.8505507111549377
NC_008363,taxid_1396_Bacillus_cereus,0.8720380067825317
NC_008363,taxid_1813871_Panacibacter_ginsenosidivorans,0.8559170961380005
NC_008363,taxid_1492898_Flavisolibacter_tropicus,0.8695432543754578
NC_008363,GENERO_Segetibacter_670293,0.8853328227996826
NC_008363,taxid_1397_Bacillus_circulans,0.8534306287765503
NC_008363,taxid_960_Bacteriovorax_stolpii,0.8704869747161865
NC_008363,taxid_1837343_Paenibacillus_qinlingensis,0.9572108387947084
NC_008363,taxid_688867_Ohtaekwangia_koreensis,0.8670094609260559
NC_008363,taxid_1478_Peribacillus_simplex,0.8607412576675415
NC_031020,taxid_1837343_Paenibacillus_qinlingensis,0.9270898103713988
NC_004735,taxid_1837343_Paenibacillus_qinlingensis,0.8831545114517212
NC_020483,taxid_1837343_Paenibacillus_qinlingensis,0.9320223927497864
NC_029008,taxid_398037_Segetibacter_koreensis,0.8734585046768188
NC_029008,taxid_1428_Bacillus_thuringiensis,0.8591243028640747
NC_029008,taxid_1737571_Bacillus_oryzisoli,0.8670980930328369
NC_029008,taxid_1396_Bacillus_cereus,0.8551464676856995
NC_029008,taxid_1492898_Flavisolibacter_tropicus,0.851067066192627
NC_029008,GENERO_Segetibacter_670293,0.8734585046768188
NC_029008,taxid_960_Bacteriovorax_stolpii,0.8510113954544067
NC_029008,taxid_1837343_Paenibacillus_qinlingensis,0.9460427165031432
NC_028652,taxid_1837343_Paenibacillus_qinlingensis,0.8590667247772217
NC_003298,taxid_1837343_Paenibacillus_qinlingensis,0.8884573578834534
NC_007019,taxid_666686_Bacillus_sp_1NLA3E,0.8693140745162964
NC_007019,taxid_486398_Bacillus_sp_S3,0.8648234009742737
NC_007019,taxid_352858_Bacillus_sp_Y1,0.8839802145957947
NC_007019,GENERO_Flavitalea_708199,0.8835597038269043
NC_007019,taxid_398037_Segetibacter_koreensis,0.9110312461853028
NC_007019,taxid_462367_Flavisolibacter_ginsengisoli,0.8783882856369019
NC_007019,GENERO_Flavitalea_796384,0.8835597038269043
NC_007019,taxid_1428_Bacillus_thuringiensis,0.8930419087409973
NC_007019,taxid_1737571_Bacillus_oryzisoli,0.9062935709953308
NC_007019,GENERO_Ferruginibacter_1310417,0.8877105116844177
NC_007019,taxid_1404_Bacillus_megaterium,0.8830295205116272
NC_007019,taxid_398045_Flavisolibacter_ginsengiterrae,0.8855383396148682
NC_007019,taxid_228899_Peribacillus_asahii,0.8798984885215759
NC_007019,taxid_1396_Bacillus_cereus,0.8917633295059204
NC_007019,taxid_1813871_Panacibacter_ginsenosidivorans,0.8899871706962585
NC_007019,GENERO_Flavitalea_1892851,0.8835597038269043
NC_007019,taxid_1492898_Flavisolibacter_tropicus,0.8991750478744507
NC_007019,GENERO_Segetibacter_670293,0.9110312461853028
NC_007019,GENERO_Daejeonella_990371,0.8718766570091248
NC_007019,taxid_1397_Bacillus_circulans,0.8689088225364685
NC_007019,taxid_960_Bacteriovorax_stolpii,0.8977801203727722
NC_007019,taxid_1837343_Paenibacillus_qinlingensis,0.9585853219032288
NC_007019,taxid_688867_Ohtaekwangia_koreensis,0.896925151348114
NC_007019,taxid_1478_Peribacillus_simplex,0.892810583114624
NC_028783,taxid_1837343_Paenibacillus_qinlingensis,0.904534637928009
NC_021300,taxid_1837343_Paenibacillus_qinlingensis,0.9178020358085632
NC_010392,taxid_1837343_Paenibacillus_qinlingensis,0.8502064943313599
NC_021863,taxid_398037_Segetibacter_koreensis,0.8604001402854919
NC_021863,taxid_1428_Bacillus_thuringiensis,0.8551799654960632
NC_021863,taxid_1737571_Bacillus_oryzisoli,0.8545172810554504
NC_021863,GENERO_Segetibacter_670293,0.8604001402854919
NC_021863,taxid_1837343_Paenibacillus_qinlingensis,0.941394031047821
NC_015464,taxid_398037_Segetibacter_koreensis,0.8737305998802185
NC_015464,taxid_1428_Bacillus_thuringiensis,0.871990442276001
NC_015464,taxid_1737571_Bacillus_oryzisoli,0.8682012557983398
NC_015464,taxid_1396_Bacillus_cereus,0.8663058280944824
NC_015464,GENERO_Segetibacter_670293,0.8737305998802185
NC_015464,taxid_1397_Bacillus_circulans,0.8529089093208313
NC_015464,taxid_960_Bacteriovorax_stolpii,0.8546233177185059
NC_015464,taxid_1837343_Paenibacillus_qinlingensis,0.9460691809654236
NC_004616,taxid_398037_Segetibacter_koreensis,0.8705607056617737
NC_004616,taxid_1428_Bacillus_thuringiensis,0.8660805225372314
NC_004616,taxid_1737571_Bacillus_oryzisoli,0.8649015426635742
NC_004616,taxid_1396_Bacillus_cereus,0.8606046438217163
NC_004616,GENERO_Segetibacter_670293,0.8705607056617737
NC_004616,taxid_1837343_Paenibacillus_qinlingensis,0.9458845257759094
NC_007065,taxid_1837343_Paenibacillus_qinlingensis,0.9351613521575928
NC_028998,taxid_1837343_Paenibacillus_qinlingensis,0.9390591382980348
NC_020873,taxid_1837343_Paenibacillus_qinlingensis,0.9367063045501708
NC_028819,GENERO_Tumebacillus_1229157,0.8587793111801147
NC_028819,GENERO_Tumebacillus_1157490,0.8587793111801147
NC_028819,GENERO_Tumebacillus_363888,0.8587793111801147
NC_028819,taxid_1837343_Paenibacillus_qinlingensis,0.9410293102264404
NC_024370,taxid_1837343_Paenibacillus_qinlingensis,0.9411413073539734
NC_020846,taxid_1837343_Paenibacillus_qinlingensis,0.9168802499771118
NC_031069,taxid_398037_Segetibacter_koreensis,0.8817256093025208
NC_031069,taxid_1428_Bacillus_thuringiensis,0.8583269715309143
NC_031069,taxid_1737571_Bacillus_oryzisoli,0.8753281831741333
NC_031069,taxid_1396_Bacillus_cereus,0.8550116419792175
NC_031069,taxid_1813871_Panacibacter_ginsenosidivorans,0.8505598902702332
NC_031069,taxid_1492898_Flavisolibacter_tropicus,0.8659482598304749
NC_031069,GENERO_Segetibacter_670293,0.8817256093025208
NC_031069,taxid_960_Bacteriovorax_stolpii,0.8658398389816284
NC_031069,taxid_1837343_Paenibacillus_qinlingensis,0.946395456790924
NC_031069,taxid_688867_Ohtaekwangia_koreensis,0.8638714551925659
NC_031069,taxid_1478_Peribacillus_simplex,0.8538673520088196
NC_002486,taxid_1837343_Paenibacillus_qinlingensis,0.9399374723434448
NC_023718,GENERO_Tumebacillus_1229157,0.8550525903701782
NC_023718,GENERO_Tumebacillus_1157490,0.8550525903701782
NC_023718,GENERO_Tumebacillus_363888,0.8550525903701782
NC_023718,taxid_1837343_Paenibacillus_qinlingensis,0.9140803813934326
NC_031090,GENERO_Tumebacillus_1229157,0.8547565937042236
NC_031090,GENERO_Tumebacillus_1157490,0.8547565937042236
NC_031090,GENERO_Tumebacillus_363888,0.8547565937042236
NC_031090,taxid_1837343_Paenibacillus_qinlingensis,0.9362406134605408
NC_031101,taxid_1837343_Paenibacillus_qinlingensis,0.9236457347869872
NC_019927,taxid_1837343_Paenibacillus_qinlingensis,0.8525943756103516
NC_023865,taxid_1837343_Paenibacillus_qinlingensis,0.9306501746177672
NC_020842,taxid_398037_Segetibacter_koreensis,0.8754362463951111
NC_020842,taxid_1428_Bacillus_thuringiensis,0.8580834269523621
NC_020842,taxid_1737571_Bacillus_oryzisoli,0.8720635771751404
NC_020842,taxid_1396_Bacillus_cereus,0.8556879758834839
NC_020842,taxid_1492898_Flavisolibacter_tropicus,0.8654106259346008
NC_020842,GENERO_Segetibacter_670293,0.8754362463951111
NC_020842,taxid_960_Bacteriovorax_stolpii,0.8605073690414429
NC_020842,taxid_1837343_Paenibacillus_qinlingensis,0.9534643292427064
NC_020842,taxid_688867_Ohtaekwangia_koreensis,0.8627846837043762
NC_020842,taxid_1478_Peribacillus_simplex,0.8528081178665161
NC_018859,taxid_1837343_Paenibacillus_qinlingensis,0.8938352465629578
NC_022752,taxid_1837343_Paenibacillus_qinlingensis,0.8587949872016907
NC_004820,taxid_398037_Segetibacter_koreensis,0.8784539699554443
NC_004820,taxid_1737571_Bacillus_oryzisoli,0.8710849285125732
NC_004820,GENERO_Ferruginibacter_1310417,0.8530882000923157
NC_004820,taxid_398045_Flavisolibacter_ginsengiterrae,0.8505691289901733
NC_004820,taxid_1492898_Flavisolibacter_tropicus,0.8702964186668396
NC_004820,GENERO_Segetibacter_670293,0.8784539699554443
NC_004820,taxid_960_Bacteriovorax_stolpii,0.8657395243644714
NC_004820,taxid_1837343_Paenibacillus_qinlingensis,0.951481819152832
NC_004820,taxid_688867_Ohtaekwangia_koreensis,0.8676037192344666
NC_004820,taxid_1478_Peribacillus_simplex,0.8538183569908142
NC_009990,taxid_1492898_Flavisolibacter_tropicus,0.8576526641845703
NC_009990,taxid_1837343_Paenibacillus_qinlingensis,0.9450498223304749
NC_009990,taxid_688867_Ohtaekwangia_koreensis,0.8529295921325684
NC_027988,GENERO_Tumebacillus_1229157,0.8559490442276001
NC_027988,GENERO_Tumebacillus_1157490,0.8559490442276001
NC_027988,GENERO_Tumebacillus_363888,0.8559490442276001
NC_027988,taxid_1837343_Paenibacillus_qinlingensis,0.918164610862732
NC_024139,GENERO_Tumebacillus_1229157,0.8603222370147705
NC_024139,GENERO_Tumebacillus_1157490,0.8603222370147705
NC_024139,GENERO_Tumebacillus_363888,0.8603222370147705
NC_024139,taxid_1837343_Paenibacillus_qinlingensis,0.930532157421112
NC_009904,taxid_398037_Segetibacter_koreensis,0.8546323776245117
NC_009904,taxid_1737571_Bacillus_oryzisoli,0.8500849604606628
NC_009904,taxid_1492898_Flavisolibacter_tropicus,0.8561203479766846
NC_009904,GENERO_Segetibacter_670293,0.8546323776245117
NC_009904,taxid_1837343_Paenibacillus_qinlingensis,0.9506359100341796
NC_009904,taxid_688867_Ohtaekwangia_koreensis,0.8531962037086487
NC_023573,taxid_398037_Segetibacter_koreensis,0.8579994440078735
NC_023573,taxid_1428_Bacillus_thuringiensis,0.8572790026664734
NC_023573,taxid_1737571_Bacillus_oryzisoli,0.8519956469535828
NC_023573,taxid_1396_Bacillus_cereus,0.8505170345306396
NC_023573,GENERO_Segetibacter_670293,0.8579994440078735
NC_023573,taxid_1837343_Paenibacillus_qinlingensis,0.9461802840232848
NC_008364,taxid_398037_Segetibacter_koreensis,0.8569275736808777
NC_008364,taxid_1737571_Bacillus_oryzisoli,0.851234495639801
NC_008364,GENERO_Segetibacter_670293,0.8569275736808777
NC_008364,taxid_1837343_Paenibacillus_qinlingensis,0.9445071220397948
NC_011551,taxid_1837343_Paenibacillus_qinlingensis,0.9228684306144714
NC_023566,taxid_1837343_Paenibacillus_qinlingensis,0.8574159741401672
NC_029016,GENERO_Tumebacillus_1229157,0.8617724776268005
NC_029016,GENERO_Tumebacillus_1157490,0.8617724776268005
NC_029016,GENERO_Tumebacillus_363888,0.8617724776268005
NC_029016,taxid_1492898_Flavisolibacter_tropicus,0.8705509305000305
NC_029016,taxid_1837343_Paenibacillus_qinlingensis,0.9521700739860536
NC_029016,taxid_688867_Ohtaekwangia_koreensis,0.8639612793922424
NC_028929,taxid_1837343_Paenibacillus_qinlingensis,0.9443394541740416
NC_019529,GENERO_Tumebacillus_1229157,0.8713511228561401
NC_019529,GENERO_Tumebacillus_1157490,0.8713511228561401
NC_019529,GENERO_Tumebacillus_363888,0.8713511228561401
NC_019529,taxid_1492898_Flavisolibacter_tropicus,0.8715589046478271
NC_019529,taxid_1837343_Paenibacillus_qinlingensis,0.9532848000526428
NC_019529,taxid_688867_Ohtaekwangia_koreensis,0.8647468090057373
NC_019912,taxid_398037_Segetibacter_koreensis,0.8824335932731628
NC_019912,taxid_1428_Bacillus_thuringiensis,0.8627338409423828
NC_019912,taxid_1737571_Bacillus_oryzisoli,0.8752157092094421
NC_019912,taxid_1396_Bacillus_cereus,0.8591374158859253
NC_019912,taxid_1813871_Panacibacter_ginsenosidivorans,0.8505789041519165
NC_019912,taxid_1492898_Flavisolibacter_tropicus,0.8636085391044617
NC_019912,GENERO_Segetibacter_670293,0.8824335932731628
NC_019912,taxid_960_Bacteriovorax_stolpii,0.8633774518966675
NC_019912,taxid_1837343_Paenibacillus_qinlingensis,0.9485669136047364
NC_019912,taxid_688867_Ohtaekwangia_koreensis,0.8611922264099121
NC_019912,taxid_1478_Peribacillus_simplex,0.8519114851951599
NC_002796,taxid_352858_Bacillus_sp_Y1,0.8518169522285461
NC_002796,taxid_398037_Segetibacter_koreensis,0.8892757296562195
NC_002796,taxid_1428_Bacillus_thuringiensis,0.8782587647438049
NC_002796,taxid_1737571_Bacillus_oryzisoli,0.8841428756713867
NC_002796,GENERO_Ferruginibacter_1310417,0.8528500199317932
NC_002796,taxid_1404_Bacillus_megaterium,0.8553327918052673
NC_002796,taxid_228899_Peribacillus_asahii,0.8503847122192383
NC_002796,taxid_1396_Bacillus_cereus,0.8744142055511475
NC_002796,taxid_1813871_Panacibacter_ginsenosidivorans,0.8575699925422668
NC_002796,taxid_1492898_Flavisolibacter_tropicus,0.8690620064735413
NC_002796,GENERO_Segetibacter_670293,0.8892757296562195
NC_002796,taxid_1397_Bacillus_circulans,0.855831503868103
NC_002796,taxid_960_Bacteriovorax_stolpii,0.8703142404556274
NC_002796,taxid_1837343_Paenibacillus_qinlingensis,0.9507488012313844
NC_002796,taxid_688867_Ohtaekwangia_koreensis,0.8673614263534546
NC_002796,taxid_1478_Peribacillus_simplex,0.8604002594947815
NC_028853,taxid_1837343_Paenibacillus_qinlingensis,0.9392058253288268
NC_002649,taxid_352858_Bacillus_sp_Y1,0.8531440496444702
NC_002649,GENERO_Flavitalea_708199,0.8549454808235168
NC_002649,taxid_398037_Segetibacter_koreensis,0.8881989121437073
NC_002649,GENERO_Flavitalea_796384,0.8549454808235168
NC_002649,taxid_1428_Bacillus_thuringiensis,0.8763059377670288
NC_002649,taxid_1737571_Bacillus_oryzisoli,0.8816968202590942
NC_002649,GENERO_Ferruginibacter_1310417,0.8598245978355408
NC_002649,taxid_1404_Bacillus_megaterium,0.8542193174362183
NC_002649,taxid_398045_Flavisolibacter_ginsengiterrae,0.8566032648086548
NC_002649,taxid_1396_Bacillus_cereus,0.872211754322052
NC_002649,taxid_1813871_Panacibacter_ginsenosidivorans,0.8598592281341553
NC_002649,GENERO_Flavitalea_1892851,0.8549454808235168
NC_002649,taxid_1492898_Flavisolibacter_tropicus,0.8757532835006714
NC_002649,GENERO_Segetibacter_670293,0.8881989121437073
NC_002649,taxid_1397_Bacillus_circulans,0.8535208702087402
NC_002649,taxid_960_Bacteriovorax_stolpii,0.8734846711158752
NC_002649,taxid_1837343_Paenibacillus_qinlingensis,0.9563021659851074
NC_002649,taxid_688867_Ohtaekwangia_koreensis,0.8741862177848816
NC_002649,taxid_1478_Peribacillus_simplex,0.8617917895317078
NC_031077,taxid_1837343_Paenibacillus_qinlingensis,0.8715246915817261
NC_011085,taxid_1837343_Paenibacillus_qinlingensis,0.8928171396255493
NC_018281,taxid_398037_Segetibacter_koreensis,0.858681321144104
NC_018281,taxid_1428_Bacillus_thuringiensis,0.8503866791725159
NC_018281,taxid_1737571_Bacillus_oryzisoli,0.8514264225959778
NC_018281,GENERO_Segetibacter_670293,0.858681321144104
NC_018281,taxid_1837343_Paenibacillus_qinlingensis,0.9437893033027648
NC_028683,taxid_1837343_Paenibacillus_qinlingensis,0.8885625600814819
NC_030915,taxid_1837343_Paenibacillus_qinlingensis,0.8592295050621033
NC_021793,taxid_398037_Segetibacter_koreensis,0.8571699261665344
NC_021793,taxid_1428_Bacillus_thuringiensis,0.8680257797241211
NC_021793,taxid_1737571_Bacillus_oryzisoli,0.8536971807479858
NC_021793,taxid_1396_Bacillus_cereus,0.8604729771614075
NC_021793,GENERO_Segetibacter_670293,0.8571699261665344
NC_021793,taxid_1837343_Paenibacillus_qinlingensis,0.9352147579193116
NC_029094,taxid_1837343_Paenibacillus_qinlingensis,0.9424455761909484
NC_022761,taxid_1837343_Paenibacillus_qinlingensis,0.9331005811691284
NC_002669,taxid_666686_Bacillus_sp_1NLA3E,0.8697594404220581
NC_002669,taxid_486398_Bacillus_sp_S3,0.8631311058998108
NC_002669,taxid_352858_Bacillus_sp_Y1,0.8844731450080872
NC_002669,GENERO_Flavitalea_708199,0.8824917078018188
NC_002669,taxid_398037_Segetibacter_koreensis,0.9115763306617736
NC_002669,taxid_462367_Flavisolibacter_ginsengisoli,0.877992570400238
NC_002669,GENERO_Flavitalea_796384,0.8824917078018188
NC_002669,taxid_1428_Bacillus_thuringiensis,0.8957647681236267
NC_002669,taxid_1737571_Bacillus_oryzisoli,0.9073358178138732
NC_002669,GENERO_Ferruginibacter_1310417,0.8878248929977417
NC_002669,taxid_1404_Bacillus_megaterium,0.8847640156745911
NC_002669,taxid_398045_Flavisolibacter_ginsengiterrae,0.8850492238998413
NC_002669,taxid_228899_Peribacillus_asahii,0.8804088830947876
NC_002669,taxid_1396_Bacillus_cereus,0.8938424587249756
NC_002669,taxid_1813871_Panacibacter_ginsenosidivorans,0.8894439935684204
NC_002669,GENERO_Flavitalea_1892851,0.8824917078018188
NC_002669,taxid_1492898_Flavisolibacter_tropicus,0.8992339372634888
NC_002669,GENERO_Segetibacter_670293,0.9115763306617736
NC_002669,GENERO_Daejeonella_990371,0.8710253238677979
NC_002669,taxid_1397_Bacillus_circulans,0.8740197420120239
NC_002669,taxid_960_Bacteriovorax_stolpii,0.8992634415626526
NC_002669,taxid_1837343_Paenibacillus_qinlingensis,0.9619513154029846
NC_002669,taxid_688867_Ohtaekwangia_koreensis,0.8970125913619995
NC_002669,taxid_1478_Peribacillus_simplex,0.8932672739028931
NC_024124,GENERO_Tumebacillus_1229157,0.8545063138008118
NC_024124,GENERO_Tumebacillus_1157490,0.8545063138008118
NC_024124,GENERO_Tumebacillus_363888,0.8545063138008118
NC_024124,taxid_1837343_Paenibacillus_qinlingensis,0.9352119565010072
NC_019455,taxid_1492898_Flavisolibacter_tropicus,0.8587888479232788
NC_019455,taxid_1837343_Paenibacillus_qinlingensis,0.9412097334861756
NC_019455,taxid_688867_Ohtaekwangia_koreensis,0.8530712723731995
NC_004584,taxid_352858_Bacillus_sp_Y1,0.861309826374054
NC_004584,GENERO_Flavitalea_708199,0.8666864633560181
NC_004584,taxid_398037_Segetibacter_koreensis,0.8962209820747375
NC_004584,taxid_462367_Flavisolibacter_ginsengisoli,0.8579794764518738
NC_004584,GENERO_Flavitalea_796384,0.8666864633560181
NC_004584,taxid_1428_Bacillus_thuringiensis,0.8709954023361206
NC_004584,taxid_1737571_Bacillus_oryzisoli,0.8892647624015808
NC_004584,GENERO_Ferruginibacter_1310417,0.8709620237350464
NC_004584,taxid_1404_Bacillus_megaterium,0.8594457507133484
NC_004584,taxid_398045_Flavisolibacter_ginsengiterrae,0.8677190542221069
NC_004584,taxid_228899_Peribacillus_asahii,0.8555250763893127
NC_004584,taxid_1396_Bacillus_cereus,0.8692469596862793
NC_004584,taxid_1813871_Panacibacter_ginsenosidivorans,0.8712648153305054
NC_004584,GENERO_Flavitalea_1892851,0.8666864633560181
NC_004584,taxid_1492898_Flavisolibacter_tropicus,0.8848257064819336
NC_004584,GENERO_Segetibacter_670293,0.8962209820747375
NC_004584,GENERO_Daejeonella_990371,0.8525102734565735
NC_004584,taxid_960_Bacteriovorax_stolpii,0.8824285864830017
NC_004584,taxid_1837343_Paenibacillus_qinlingensis,0.9560640454292296
NC_004584,taxid_688867_Ohtaekwangia_koreensis,0.8826917409896851
NC_004584,taxid_1478_Peribacillus_simplex,0.8725688457489014
NC_005857,taxid_1837343_Paenibacillus_qinlingensis,0.8600739240646362
NC_024389,taxid_398037_Segetibacter_koreensis,0.8569843173027039
NC_024389,taxid_1737571_Bacillus_oryzisoli,0.8505916595458984
NC_024389,GENERO_Segetibacter_670293,0.8569843173027039
NC_024389,taxid_1837343_Paenibacillus_qinlingensis,0.945563793182373
NC_028969,taxid_1837343_Paenibacillus_qinlingensis,0.928405225276947
NC_021325,taxid_1837343_Paenibacillus_qinlingensis,0.9274999499320984
NC_004586,taxid_666686_Bacillus_sp_1NLA3E,0.8545428514480591
NC_004586,taxid_352858_Bacillus_sp_Y1,0.8705894947052002
NC_004586,GENERO_Flavitalea_708199,0.8723727464675903
NC_004586,taxid_398037_Segetibacter_koreensis,0.90176522731781
NC_004586,taxid_462367_Flavisolibacter_ginsengisoli,0.8653632402420044
NC_004586,GENERO_Flavitalea_796384,0.8723727464675903
NC_004586,taxid_1428_Bacillus_thuringiensis,0.8782370686531067
NC_004586,taxid_1737571_Bacillus_oryzisoli,0.8958001136779785
NC_004586,GENERO_Ferruginibacter_1310417,0.8766430020332336
NC_004586,taxid_1404_Bacillus_megaterium,0.8686090707778931
NC_004586,taxid_398045_Flavisolibacter_ginsengiterrae,0.8740131855010986
NC_004586,taxid_228899_Peribacillus_asahii,0.8641936182975769
NC_004586,taxid_1396_Bacillus_cereus,0.8767399787902832
NC_004586,taxid_1813871_Panacibacter_ginsenosidivorans,0.8778793811798096
NC_004586,GENERO_Flavitalea_1892851,0.8723727464675903
NC_004586,taxid_1492898_Flavisolibacter_tropicus,0.8897069096565247
NC_004586,GENERO_Segetibacter_670293,0.90176522731781
NC_004586,GENERO_Daejeonella_990371,0.8592491745948792
NC_004586,taxid_1397_Bacillus_circulans,0.8516771793365479
NC_004586,taxid_960_Bacteriovorax_stolpii,0.8881162405014038
NC_004586,taxid_1837343_Paenibacillus_qinlingensis,0.9572054743766784
NC_004586,taxid_688867_Ohtaekwangia_koreensis,0.8873801827430725
NC_004586,taxid_1478_Peribacillus_simplex,0.8810222148895264
NC_014900,taxid_1837343_Paenibacillus_qinlingensis,0.8779565691947937
NC_007060,taxid_1837343_Paenibacillus_qinlingensis,0.9329833388328552
NC_027342,GENERO_Flavitalea_708199,0.8531302809715271
NC_027342,taxid_398037_Segetibacter_koreensis,0.8524042367935181
NC_027342,GENERO_Flavitalea_796384,0.8531302809715271
NC_027342,GENERO_Flavitalea_1892851,0.8531302809715271
NC_027342,taxid_1492898_Flavisolibacter_tropicus,0.8735105395317078
NC_027342,GENERO_Segetibacter_670293,0.8524042367935181
NC_027342,taxid_1837343_Paenibacillus_qinlingensis,0.9488982558250428
NC_027342,taxid_688867_Ohtaekwangia_koreensis,0.8685609698295593
NC_024212,GENERO_Tumebacillus_1229157,0.865729570388794
NC_024212,GENERO_Flavitalea_708199,0.857935905456543
NC_024212,taxid_398037_Segetibacter_koreensis,0.8556362986564636
NC_024212,GENERO_Flavitalea_796384,0.857935905456543
NC_024212,GENERO_Tumebacillus_1157490,0.865729570388794
NC_024212,taxid_398045_Flavisolibacter_ginsengiterrae,0.8539348244667053
NC_024212,GENERO_Tumebacillus_363888,0.865729570388794
NC_024212,GENERO_Flavitalea_1892851,0.857935905456543
NC_024212,taxid_1492898_Flavisolibacter_tropicus,0.8792838454246521
NC_024212,GENERO_Segetibacter_670293,0.8556362986564636
NC_024212,taxid_1837343_Paenibacillus_qinlingensis,0.9554142951965332
NC_024212,taxid_688867_Ohtaekwangia_koreensis,0.8742040991783142
NC_020883,taxid_1837343_Paenibacillus_qinlingensis,0.9219058752059937
NC_011612,taxid_398037_Segetibacter_koreensis,0.8659220933914185
NC_011612,taxid_1428_Bacillus_thuringiensis,0.8630321621894836
NC_011612,taxid_1737571_Bacillus_oryzisoli,0.8601356744766235
NC_011612,taxid_1396_Bacillus_cereus,0.8572947978973389
NC_011612,GENERO_Segetibacter_670293,0.8659220933914185
NC_011612,taxid_1837343_Paenibacillus_qinlingensis,0.9442395567893982
NC_018285,GENERO_Flavitalea_708199,0.853990375995636
NC_018285,taxid_398037_Segetibacter_koreensis,0.8585803508758545
NC_018285,GENERO_Flavitalea_796384,0.853990375995636
NC_018285,taxid_398045_Flavisolibacter_ginsengiterrae,0.8522084951400757
NC_018285,GENERO_Flavitalea_1892851,0.853990375995636
NC_018285,taxid_1492898_Flavisolibacter_tropicus,0.8737617135047913
NC_018285,GENERO_Segetibacter_670293,0.8585803508758545
NC_018285,taxid_1837343_Paenibacillus_qinlingensis,0.9503551125526428
NC_018285,taxid_688867_Ohtaekwangia_koreensis,0.8699225783348083
NC_022914,taxid_398037_Segetibacter_koreensis,0.8838773965835571
NC_022914,taxid_1428_Bacillus_thuringiensis,0.8807666301727295
NC_022914,taxid_1737571_Bacillus_oryzisoli,0.8792659640312195
NC_022914,taxid_1404_Bacillus_megaterium,0.8510580062866211
NC_022914,taxid_1396_Bacillus_cereus,0.8758348822593689
NC_022914,taxid_1813871_Panacibacter_ginsenosidivorans,0.8505245447158813
NC_022914,taxid_1492898_Flavisolibacter_tropicus,0.8600701093673706
NC_022914,GENERO_Segetibacter_670293,0.8838773965835571
NC_022914,taxid_1397_Bacillus_circulans,0.8606374859809875
NC_022914,taxid_960_Bacteriovorax_stolpii,0.8642838597297668
NC_022914,taxid_1837343_Paenibacillus_qinlingensis,0.9526277184486388
NC_022914,taxid_688867_Ohtaekwangia_koreensis,0.8585394620895386
NC_022914,taxid_1478_Peribacillus_simplex,0.8521090745925903
NC_024203,taxid_398037_Segetibacter_koreensis,0.888292670249939
NC_024203,taxid_1428_Bacillus_thuringiensis,0.8758059740066528
NC_024203,taxid_1737571_Bacillus_oryzisoli,0.8824521899223328
NC_024203,GENERO_Ferruginibacter_1310417,0.852515697479248
NC_024203,taxid_1404_Bacillus_megaterium,0.850906252861023
NC_024203,taxid_1396_Bacillus_cereus,0.8717097043991089
NC_024203,taxid_1813871_Panacibacter_ginsenosidivorans,0.8563306331634521
NC_024203,taxid_1492898_Flavisolibacter_tropicus,0.8692193031311035
NC_024203,GENERO_Segetibacter_670293,0.888292670249939
NC_024203,taxid_1397_Bacillus_circulans,0.8529157638549805
NC_024203,taxid_960_Bacteriovorax_stolpii,0.868823766708374
NC_024203,taxid_1837343_Paenibacillus_qinlingensis,0.9530760049819946
NC_024203,taxid_688867_Ohtaekwangia_koreensis,0.8676431179046631
NC_024203,taxid_1478_Peribacillus_simplex,0.8580119013786316
NC_004928,taxid_1837343_Paenibacillus_qinlingensis,0.909498929977417
NC_023590,taxid_1837343_Paenibacillus_qinlingensis,0.903590977191925
NC_004589,taxid_666686_Bacillus_sp_1NLA3E,0.8540666103363037
NC_004589,taxid_486398_Bacillus_sp_S3,0.8549339175224304
NC_004589,taxid_352858_Bacillus_sp_Y1,0.8689074516296387
NC_004589,GENERO_Flavitalea_708199,0.8754414916038513
NC_004589,taxid_398037_Segetibacter_koreensis,0.8991075754165649
NC_004589,taxid_462367_Flavisolibacter_ginsengisoli,0.869361400604248
NC_004589,GENERO_Flavitalea_796384,0.8754414916038513
NC_004589,taxid_1428_Bacillus_thuringiensis,0.8747231364250183
NC_004589,taxid_1737571_Bacillus_oryzisoli,0.8932318091392517
NC_004589,GENERO_Ferruginibacter_1310417,0.8794993162155151
NC_004589,taxid_1404_Bacillus_megaterium,0.8659723401069641
NC_004589,taxid_398045_Flavisolibacter_ginsengiterrae,0.8771921396255493
NC_004589,taxid_228899_Peribacillus_asahii,0.8609076142311096
NC_004589,taxid_1396_Bacillus_cereus,0.8731099367141724
NC_004589,taxid_1813871_Panacibacter_ginsenosidivorans,0.8775442838668823
NC_004589,GENERO_Flavitalea_1892851,0.8754414916038513
NC_004589,taxid_1492898_Flavisolibacter_tropicus,0.8917853832244873
NC_004589,GENERO_Segetibacter_670293,0.8991075754165649
NC_004589,GENERO_Daejeonella_990371,0.8631923198699951
NC_004589,taxid_960_Bacteriovorax_stolpii,0.8876498341560364
NC_004589,taxid_1837343_Paenibacillus_qinlingensis,0.9562984704971312
NC_004589,taxid_688867_Ohtaekwangia_koreensis,0.889200747013092
NC_004589,taxid_1478_Peribacillus_simplex,0.8817070126533508
NC_008201,taxid_1492898_Flavisolibacter_tropicus,0.8629562854766846
NC_008201,taxid_1837343_Paenibacillus_qinlingensis,0.9427238702774048
NC_008201,taxid_688867_Ohtaekwangia_koreensis,0.8592650890350342
NC_005949,taxid_1492898_Flavisolibacter_tropicus,0.8514936566352844
NC_005949,taxid_1837343_Paenibacillus_qinlingensis,0.9336901903152466
NC_025460,taxid_398037_Segetibacter_koreensis,0.8514577150344849
NC_025460,GENERO_Segetibacter_670293,0.8514577150344849
NC_025460,taxid_1837343_Paenibacillus_qinlingensis,0.942435383796692
NC_010363,taxid_398037_Segetibacter_koreensis,0.8536445498466492
NC_010363,taxid_1428_Bacillus_thuringiensis,0.8551557064056396
NC_010363,GENERO_Segetibacter_670293,0.8536445498466492
NC_010363,taxid_1837343_Paenibacillus_qinlingensis,0.9331470131874084
NC_020877,taxid_398037_Segetibacter_koreensis,0.8587508201599121
NC_020877,taxid_1428_Bacillus_thuringiensis,0.85947585105896
NC_020877,taxid_1737571_Bacillus_oryzisoli,0.8512452244758606
NC_020877,taxid_1396_Bacillus_cereus,0.8526837229728699
NC_020877,GENERO_Segetibacter_670293,0.8587508201599121
NC_020877,taxid_1837343_Paenibacillus_qinlingensis,0.9453848600387572
NC_020871,taxid_398037_Segetibacter_koreensis,0.8634330034255981
NC_020871,taxid_1737571_Bacillus_oryzisoli,0.8568410873413086
NC_020871,GENERO_Segetibacter_670293,0.8634330034255981
NC_020871,taxid_1837343_Paenibacillus_qinlingensis,0.9460862278938292
NC_002194,taxid_1837343_Paenibacillus_qinlingensis,0.8968177437782288
NC_015159,GENERO_Tumebacillus_1229157,0.8592944145202637
NC_015159,GENERO_Tumebacillus_1157490,0.8592944145202637
NC_015159,GENERO_Tumebacillus_363888,0.8592944145202637
NC_015159,taxid_1837343_Paenibacillus_qinlingensis,0.9340870380401612
NC_009018,taxid_666686_Bacillus_sp_1NLA3E,0.8526555895805359
NC_009018,taxid_352858_Bacillus_sp_Y1,0.8697798252105713
NC_009018,GENERO_Flavitalea_708199,0.8707977533340454
NC_009018,taxid_398037_Segetibacter_koreensis,0.9033012986183168
NC_009018,taxid_462367_Flavisolibacter_ginsengisoli,0.8626430034637451
NC_009018,GENERO_Flavitalea_796384,0.8707977533340454
NC_009018,taxid_1428_Bacillus_thuringiensis,0.8840493559837341
NC_009018,taxid_1737571_Bacillus_oryzisoli,0.8969168663024902
NC_009018,GENERO_Ferruginibacter_1310417,0.8751444816589355
NC_009018,taxid_1404_Bacillus_megaterium,0.8692659735679626
NC_009018,taxid_398045_Flavisolibacter_ginsengiterrae,0.8719944953918457
NC_009018,taxid_228899_Peribacillus_asahii,0.8669160008430481
NC_009018,taxid_1396_Bacillus_cereus,0.8821911215782166
NC_009018,taxid_1813871_Panacibacter_ginsenosidivorans,0.8785127997398376
NC_009018,GENERO_Flavitalea_1892851,0.8707977533340454
NC_009018,taxid_1492898_Flavisolibacter_tropicus,0.8890049457550049
NC_009018,GENERO_Segetibacter_670293,0.9033012986183168
NC_009018,GENERO_Daejeonella_990371,0.8570187091827393
NC_009018,taxid_1397_Bacillus_circulans,0.8590262532234192
NC_009018,taxid_960_Bacteriovorax_stolpii,0.8876641392707825
NC_009018,taxid_1837343_Paenibacillus_qinlingensis,0.9589478373527528
NC_009018,taxid_688867_Ohtaekwangia_koreensis,0.8867473602294922
NC_009018,taxid_1478_Peribacillus_simplex,0.879273533821106
NC_031931,taxid_398037_Segetibacter_koreensis,0.8793559074401855
NC_031931,taxid_1428_Bacillus_thuringiensis,0.8762327432632446
NC_031931,taxid_1737571_Bacillus_oryzisoli,0.8725312352180481
NC_031931,taxid_1396_Bacillus_cereus,0.8706938028335571
NC_031931,taxid_1492898_Flavisolibacter_tropicus,0.8557487726211548
NC_031931,GENERO_Segetibacter_670293,0.8793559074401855
NC_031931,taxid_1397_Bacillus_circulans,0.8564069271087646
NC_031931,taxid_960_Bacteriovorax_stolpii,0.8591955304145813
NC_031931,taxid_1837343_Paenibacillus_qinlingensis,0.951944887638092
NC_031931,taxid_688867_Ohtaekwangia_koreensis,0.8547138571739197
NC_010807,taxid_1837343_Paenibacillus_qinlingensis,0.8544376492500305
NC_028664,taxid_1837343_Paenibacillus_qinlingensis,0.8592495918273926
NC_001341,taxid_1428_Bacillus_thuringiensis,0.8643308877944946
NC_001341,taxid_1737571_Bacillus_oryzisoli,0.8526595830917358
NC_001341,taxid_1396_Bacillus_cereus,0.857611894607544
NC_001341,taxid_1837343_Paenibacillus_qinlingensis,0.9189940690994264
NC_007804,taxid_1837343_Paenibacillus_qinlingensis,0.8870512843132019
NC_029120,taxid_1837343_Paenibacillus_qinlingensis,0.8834977746009827
NC_029098,taxid_1837343_Paenibacillus_qinlingensis,0.8500425219535828
NC_028099,taxid_1837343_Paenibacillus_qinlingensis,0.9060285091400146
NC_005344,taxid_1837343_Paenibacillus_qinlingensis,0.8930474519729614
NC_028671,taxid_398037_Segetibacter_koreensis,0.8716716766357422
NC_028671,taxid_1428_Bacillus_thuringiensis,0.866058886051178
NC_028671,taxid_1737571_Bacillus_oryzisoli,0.8650728464126587
NC_028671,taxid_1396_Bacillus_cereus,0.8602002859115601
NC_028671,GENERO_Segetibacter_670293,0.8716716766357422
NC_028671,taxid_960_Bacteriovorax_stolpii,0.8504397869110107
NC_028671,taxid_1837343_Paenibacillus_qinlingensis,0.9484689235687256
NC_007066,taxid_1837343_Paenibacillus_qinlingensis,0.940185010433197
NC_010324,taxid_1837343_Paenibacillus_qinlingensis,0.9094588160514832
NC_017985,taxid_1837343_Paenibacillus_qinlingensis,0.9053753018379213
NC_019543,taxid_1837343_Paenibacillus_qinlingensis,0.8731629848480225
NC_019538,taxid_1837343_Paenibacillus_qinlingensis,0.8873992562294006
NC_008723,taxid_1837343_Paenibacillus_qinlingensis,0.9392308592796326
NC_019541,GENERO_Flavitalea_708199,0.8572086691856384
NC_019541,taxid_398037_Segetibacter_koreensis,0.8678656220436096
NC_019541,GENERO_Flavitalea_796384,0.8572086691856384
NC_019541,taxid_1737571_Bacillus_oryzisoli,0.8592942953109741
NC_019541,GENERO_Ferruginibacter_1310417,0.8552104830741882
NC_019541,taxid_398045_Flavisolibacter_ginsengiterrae,0.8570036292076111
NC_019541,GENERO_Flavitalea_1892851,0.8572086691856384
NC_019541,taxid_1492898_Flavisolibacter_tropicus,0.8752783536911011
NC_019541,GENERO_Segetibacter_670293,0.8678656220436096
NC_019541,taxid_960_Bacteriovorax_stolpii,0.8571603894233704
NC_019541,taxid_1837343_Paenibacillus_qinlingensis,0.948975682258606
NC_019541,taxid_688867_Ohtaekwangia_koreensis,0.8722456693649292
NC_028775,taxid_398037_Segetibacter_koreensis,0.8769087195396423
NC_028775,taxid_1428_Bacillus_thuringiensis,0.8658726215362549
NC_028775,taxid_1737571_Bacillus_oryzisoli,0.8700403571128845
NC_028775,taxid_1396_Bacillus_cereus,0.8614142537117004
NC_028775,taxid_1492898_Flavisolibacter_tropicus,0.8596742153167725
NC_028775,GENERO_Segetibacter_670293,0.8769087195396423
NC_028775,taxid_960_Bacteriovorax_stolpii,0.8603125214576721
NC_028775,taxid_1837343_Paenibacillus_qinlingensis,0.9518445730209352
NC_028775,taxid_688867_Ohtaekwangia_koreensis,0.8579801321029663
NC_024390,taxid_1492898_Flavisolibacter_tropicus,0.8521340489387512
NC_024390,taxid_1837343_Paenibacillus_qinlingensis,0.93610018491745
NC_015158,GENERO_Tumebacillus_1229157,0.8519689440727234
NC_015158,GENERO_Tumebacillus_1157490,0.8519689440727234
NC_015158,GENERO_Tumebacillus_363888,0.8519689440727234
NC_015158,taxid_1837343_Paenibacillus_qinlingensis,0.9251015186309814
NC_001422,taxid_1837343_Paenibacillus_qinlingensis,0.9114837050437928
NC_013155,taxid_352858_Bacillus_sp_Y1,0.858697235584259
NC_013155,GENERO_Flavitalea_708199,0.8640168309211731
NC_013155,taxid_398037_Segetibacter_koreensis,0.8905031085014343
NC_013155,taxid_462367_Flavisolibacter_ginsengisoli,0.8543686270713806
NC_013155,GENERO_Flavitalea_796384,0.8640168309211731
NC_013155,taxid_1428_Bacillus_thuringiensis,0.8717097043991089
NC_013155,taxid_1737571_Bacillus_oryzisoli,0.8860833048820496
NC_013155,GENERO_Ferruginibacter_1310417,0.866365373134613
NC_013155,taxid_1404_Bacillus_megaterium,0.8591936826705933
NC_013155,taxid_398045_Flavisolibacter_ginsengiterrae,0.8648735284805298
NC_013155,taxid_228899_Peribacillus_asahii,0.8518354296684265
NC_013155,taxid_1396_Bacillus_cereus,0.8694670796394348
NC_013155,taxid_1813871_Panacibacter_ginsenosidivorans,0.8638392090797424
NC_013155,GENERO_Flavitalea_1892851,0.8640168309211731
NC_013155,taxid_1492898_Flavisolibacter_tropicus,0.8842602372169495
NC_013155,GENERO_Segetibacter_670293,0.8905031085014343
NC_013155,GENERO_Daejeonella_990371,0.8510105013847351
NC_013155,taxid_960_Bacteriovorax_stolpii,0.8783058524131775
NC_013155,taxid_1837343_Paenibacillus_qinlingensis,0.9602997303009032
NC_013155,taxid_688867_Ohtaekwangia_koreensis,0.8814854025840759
NC_013155,taxid_1478_Peribacillus_simplex,0.869216799736023
NC_022747,taxid_1837343_Paenibacillus_qinlingensis,0.8898181319236755
NC_020478,taxid_1837343_Paenibacillus_qinlingensis,0.9375420808792114
NC_027979,taxid_1837343_Paenibacillus_qinlingensis,0.921441912651062
NC_010105,taxid_1837343_Paenibacillus_qinlingensis,0.9015758633613586
NC_009821,taxid_1837343_Paenibacillus_qinlingensis,0.8885993361473083
NC_028886,taxid_398037_Segetibacter_koreensis,0.8640318512916565
NC_028886,taxid_1428_Bacillus_thuringiensis,0.8513298034667969
NC_028886,taxid_1737571_Bacillus_oryzisoli,0.8572374582290649
NC_028886,GENERO_Segetibacter_670293,0.8640318512916565
NC_028886,taxid_1837343_Paenibacillus_qinlingensis,0.9457255005836488
NC_029013,taxid_1837343_Paenibacillus_qinlingensis,0.8603211641311646
NC_029032,taxid_1837343_Paenibacillus_qinlingensis,0.929972529411316
NC_031095,taxid_1837343_Paenibacillus_qinlingensis,0.9204003810882568
NC_021789,taxid_398037_Segetibacter_koreensis,0.8722396492958069
NC_021789,taxid_1428_Bacillus_thuringiensis,0.8645144701004028
NC_021789,taxid_1737571_Bacillus_oryzisoli,0.8661693930625916
NC_021789,taxid_1396_Bacillus_cereus,0.8584754467010498
NC_021789,taxid_1492898_Flavisolibacter_tropicus,0.8523541688919067
NC_021789,GENERO_Segetibacter_670293,0.8722396492958069
NC_021789,taxid_960_Bacteriovorax_stolpii,0.8543192148208618
NC_021789,taxid_1837343_Paenibacillus_qinlingensis,0.9522783756256104
NC_021789,taxid_688867_Ohtaekwangia_koreensis,0.8500270843505859
NC_006356,taxid_398037_Segetibacter_koreensis,0.8666628003120422
NC_006356,taxid_1428_Bacillus_thuringiensis,0.8715493679046631
NC_006356,taxid_1737571_Bacillus_oryzisoli,0.8619910478591919
NC_006356,taxid_1396_Bacillus_cereus,0.8646356463432312
NC_006356,GENERO_Segetibacter_670293,0.8666628003120422
NC_006356,taxid_1397_Bacillus_circulans,0.8519852757453918
NC_006356,taxid_1837343_Paenibacillus_qinlingensis,0.9464356899261476
NC_020479,taxid_1837343_Paenibacillus_qinlingensis,0.937049925327301
NC_005258,taxid_398037_Segetibacter_koreensis,0.8538303375244141
NC_005258,GENERO_Segetibacter_670293,0.8538303375244141
NC_005258,taxid_1837343_Paenibacillus_qinlingensis,0.9309202432632446
NC_004777,taxid_1837343_Paenibacillus_qinlingensis,0.8915386199951172
NC_019726,taxid_398037_Segetibacter_koreensis,0.8724596500396729
NC_019726,taxid_1428_Bacillus_thuringiensis,0.8659106492996216
NC_019726,taxid_1737571_Bacillus_oryzisoli,0.8701382875442505
NC_019726,taxid_1396_Bacillus_cereus,0.8597803115844727
NC_019726,taxid_1492898_Flavisolibacter_tropicus,0.854184627532959
NC_019726,GENERO_Segetibacter_670293,0.8724596500396729
NC_019726,taxid_960_Bacteriovorax_stolpii,0.8562547564506531
NC_019726,taxid_1837343_Paenibacillus_qinlingensis,0.9521884322166444
NC_019726,taxid_688867_Ohtaekwangia_koreensis,0.8515135049819946
MF324906,taxid_1837343_Paenibacillus_qinlingensis,0.8936666250228882
NC_013152,taxid_352858_Bacillus_sp_Y1,0.8621912002563477
NC_013152,GENERO_Flavitalea_708199,0.8634167909622192
NC_013152,taxid_398037_Segetibacter_koreensis,0.893727719783783
NC_013152,taxid_462367_Flavisolibacter_ginsengisoli,0.8558125495910645
NC_013152,GENERO_Flavitalea_796384,0.8634167909622192
NC_013152,taxid_1428_Bacillus_thuringiensis,0.8792634606361389
NC_013152,taxid_1737571_Bacillus_oryzisoli,0.889499843120575
NC_013152,GENERO_Ferruginibacter_1310417,0.8677170872688293
NC_013152,taxid_1404_Bacillus_megaterium,0.8632436990737915
NC_013152,taxid_398045_Flavisolibacter_ginsengiterrae,0.8650807738304138
NC_013152,taxid_228899_Peribacillus_asahii,0.8561742901802063
NC_013152,taxid_1396_Bacillus_cereus,0.8768244981765747
NC_013152,taxid_1813871_Panacibacter_ginsenosidivorans,0.8671270608901978
NC_013152,GENERO_Flavitalea_1892851,0.8634167909622192
NC_013152,taxid_1492898_Flavisolibacter_tropicus,0.883984386920929
NC_013152,GENERO_Segetibacter_670293,0.893727719783783
NC_013152,GENERO_Daejeonella_990371,0.8507170677185059
NC_013152,taxid_1397_Bacillus_circulans,0.8556018471717834
NC_013152,taxid_960_Bacteriovorax_stolpii,0.8805185556411743
NC_013152,taxid_1837343_Paenibacillus_qinlingensis,0.9608052372932434
NC_013152,taxid_688867_Ohtaekwangia_koreensis,0.8814837336540222
NC_013152,taxid_1478_Peribacillus_simplex,0.8712788820266724
NC_031075,taxid_398037_Segetibacter_koreensis,0.8860021233558655
NC_031075,taxid_1428_Bacillus_thuringiensis,0.8723284602165222
NC_031075,taxid_1737571_Bacillus_oryzisoli,0.8787754774093628
NC_031075,GENERO_Ferruginibacter_1310417,0.8526195287704468
NC_031075,taxid_1396_Bacillus_cereus,0.8679825067520142
NC_031075,taxid_1813871_Panacibacter_ginsenosidivorans,0.8552746176719666
NC_031075,taxid_1492898_Flavisolibacter_tropicus,0.8682307004928589
NC_031075,GENERO_Segetibacter_670293,0.8860021233558655
NC_031075,taxid_960_Bacteriovorax_stolpii,0.869132936000824
NC_031075,taxid_1837343_Paenibacillus_qinlingensis,0.953191876411438
NC_031075,taxid_688867_Ohtaekwangia_koreensis,0.8669512271881104
NC_031075,taxid_1478_Peribacillus_simplex,0.8563814163208008
NC_007062,taxid_1837343_Paenibacillus_qinlingensis,0.9334933161735536
NC_012635,taxid_1837343_Paenibacillus_qinlingensis,0.918910801410675
NC_007052,taxid_398037_Segetibacter_koreensis,0.8556448817253113
NC_007052,GENERO_Segetibacter_670293,0.8556448817253113
NC_007052,taxid_1837343_Paenibacillus_qinlingensis,0.9372597932815552
NC_030947,taxid_1428_Bacillus_thuringiensis,0.8528581857681274
NC_030947,taxid_1837343_Paenibacillus_qinlingensis,0.9433502554893494
NC_024121,taxid_1837343_Paenibacillus_qinlingensis,0.8795119524002075
NC_028977,taxid_1837343_Paenibacillus_qinlingensis,0.8580494523048401
NC_031002,taxid_352858_Bacillus_sp_Y1,0.8531699776649475
NC_031002,GENERO_Flavitalea_708199,0.8519288897514343
NC_031002,taxid_398037_Segetibacter_koreensis,0.889926552772522
NC_031002,GENERO_Flavitalea_796384,0.8519288897514343
NC_031002,taxid_1428_Bacillus_thuringiensis,0.8759301900863647
NC_031002,taxid_1737571_Bacillus_oryzisoli,0.8828966617584229
NC_031002,GENERO_Ferruginibacter_1310417,0.8581622242927551
NC_031002,taxid_1404_Bacillus_megaterium,0.8542551398277283
NC_031002,taxid_398045_Flavisolibacter_ginsengiterrae,0.8540810346603394
NC_031002,taxid_1396_Bacillus_cereus,0.8718220591545105
NC_031002,taxid_1813871_Panacibacter_ginsenosidivorans,0.8603168725967407
NC_031002,GENERO_Flavitalea_1892851,0.8519288897514343
NC_031002,taxid_1492898_Flavisolibacter_tropicus,0.8733450174331665
NC_031002,GENERO_Segetibacter_670293,0.889926552772522
NC_031002,taxid_1397_Bacillus_circulans,0.8526224493980408
NC_031002,taxid_960_Bacteriovorax_stolpii,0.8736513257026672
NC_031002,taxid_1837343_Paenibacillus_qinlingensis,0.9550496339797974
NC_031002,taxid_688867_Ohtaekwangia_koreensis,0.8720545172691345
NC_031002,taxid_1478_Peribacillus_simplex,0.8614909648895264
NC_001421,taxid_1837343_Paenibacillus_qinlingensis,0.8742101788520813
NC_031901,taxid_1492898_Flavisolibacter_tropicus,0.8652965426445007
NC_031901,taxid_1837343_Paenibacillus_qinlingensis,0.9501966834068298
NC_031901,taxid_688867_Ohtaekwangia_koreensis,0.860850989818573
NC_022744,taxid_1837343_Paenibacillus_qinlingensis,0.8871861100196838
NC_009811,taxid_398037_Segetibacter_koreensis,0.8651624321937561
NC_009811,taxid_1428_Bacillus_thuringiensis,0.8529695868492126
NC_009811,taxid_1737571_Bacillus_oryzisoli,0.8585973978042603
NC_009811,GENERO_Segetibacter_670293,0.8651624321937561
NC_009811,taxid_1837343_Paenibacillus_qinlingensis,0.9462926387786864
NC_020484,taxid_1837343_Paenibacillus_qinlingensis,0.9380401372909546
NC_028820,GENERO_Tumebacillus_1229157,0.8524061441421509
NC_028820,GENERO_Tumebacillus_1157490,0.8524061441421509
NC_028820,GENERO_Tumebacillus_363888,0.8524061441421509
NC_028820,taxid_1837343_Paenibacillus_qinlingensis,0.9308624267578124
NC_023612,taxid_1492898_Flavisolibacter_tropicus,0.8505131006240845
NC_023612,taxid_1837343_Paenibacillus_qinlingensis,0.9381887316703796
NC_005879,taxid_1837343_Paenibacillus_qinlingensis,0.8609422445297241
NC_007501,taxid_1837343_Paenibacillus_qinlingensis,0.937633216381073
NC_021316,GENERO_Flavitalea_708199,0.8503674864768982
NC_021316,taxid_398037_Segetibacter_koreensis,0.862082302570343
NC_021316,GENERO_Flavitalea_796384,0.8503674864768982
NC_021316,taxid_1737571_Bacillus_oryzisoli,0.8543269634246826
NC_021316,GENERO_Flavitalea_1892851,0.8503674864768982
NC_021316,taxid_1492898_Flavisolibacter_tropicus,0.86944580078125
NC_021316,GENERO_Segetibacter_670293,0.862082302570343
NC_021316,taxid_960_Bacteriovorax_stolpii,0.8503201603889465
NC_021316,taxid_1837343_Paenibacillus_qinlingensis,0.945606529712677
NC_021316,taxid_688867_Ohtaekwangia_koreensis,0.8657125234603882
NC_009014,taxid_1837343_Paenibacillus_qinlingensis,0.8883205056190491
NC_006945,taxid_398037_Segetibacter_koreensis,0.8503054976463318
NC_006945,GENERO_Segetibacter_670293,0.8503054976463318
NC_006945,taxid_1837343_Paenibacillus_qinlingensis,0.926146686077118
NC_028675,GENERO_Flavitalea_708199,0.852320671081543
NC_028675,taxid_398037_Segetibacter_koreensis,0.8733068108558655
NC_028675,GENERO_Flavitalea_796384,0.852320671081543
NC_028675,taxid_1737571_Bacillus_oryzisoli,0.866644561290741
NC_028675,GENERO_Ferruginibacter_1310417,0.8535995483398438
NC_028675,taxid_398045_Flavisolibacter_ginsengiterrae,0.8526211380958557
NC_028675,GENERO_Flavitalea_1892851,0.852320671081543
NC_028675,taxid_1492898_Flavisolibacter_tropicus,0.8711127042770386
NC_028675,GENERO_Segetibacter_670293,0.8733068108558655
NC_028675,taxid_960_Bacteriovorax_stolpii,0.8604791164398193
NC_028675,taxid_1837343_Paenibacillus_qinlingensis,0.9456274509429932
NC_028675,taxid_688867_Ohtaekwangia_koreensis,0.8677476048469543
NC_028675,taxid_1478_Peribacillus_simplex,0.8548248410224915
NC_018860,taxid_1837343_Paenibacillus_qinlingensis,0.9329502582550048
NC_031115,taxid_1837343_Paenibacillus_qinlingensis,0.8995052576065063
NC_004775,taxid_1837343_Paenibacillus_qinlingensis,0.869357168674469
NC_020197,taxid_666686_Bacillus_sp_1NLA3E,0.8532835841178894
NC_020197,taxid_352858_Bacillus_sp_Y1,0.8695249557495117
NC_020197,GENERO_Flavitalea_708199,0.8719384074211121
NC_020197,taxid_398037_Segetibacter_koreensis,0.9013097882270812
NC_020197,taxid_462367_Flavisolibacter_ginsengisoli,0.8652383089065552
NC_020197,GENERO_Flavitalea_796384,0.8719384074211121
NC_020197,taxid_1428_Bacillus_thuringiensis,0.8780468702316284
NC_020197,taxid_1737571_Bacillus_oryzisoli,0.8952370285987854
NC_020197,GENERO_Ferruginibacter_1310417,0.8763740658760071
NC_020197,taxid_1404_Bacillus_megaterium,0.8678387403488159
NC_020197,taxid_398045_Flavisolibacter_ginsengiterrae,0.8736929297447205
NC_020197,taxid_228899_Peribacillus_asahii,0.8637385368347168
NC_020197,taxid_1396_Bacillus_cereus,0.8764853477478027
NC_020197,taxid_1813871_Panacibacter_ginsenosidivorans,0.8773797154426575
NC_020197,GENERO_Flavitalea_1892851,0.8719384074211121
NC_020197,taxid_1492898_Flavisolibacter_tropicus,0.8893049359321594
NC_020197,GENERO_Segetibacter_670293,0.9013097882270812
NC_020197,GENERO_Daejeonella_990371,0.8588085770606995
NC_020197,taxid_1397_Bacillus_circulans,0.8509743213653564
NC_020197,taxid_960_Bacteriovorax_stolpii,0.8880634307861328
NC_020197,taxid_1837343_Paenibacillus_qinlingensis,0.955633282661438
NC_020197,taxid_688867_Ohtaekwangia_koreensis,0.8870095610618591
NC_020197,taxid_1478_Peribacillus_simplex,0.8804787397384644
NC_019446,taxid_1837343_Paenibacillus_qinlingensis,0.8753694891929626
NC_023863,taxid_1837343_Paenibacillus_qinlingensis,0.9225170612335204
NC_015157,taxid_1837343_Paenibacillus_qinlingensis,0.934709370136261
NC_025423,taxid_1837343_Paenibacillus_qinlingensis,0.9371650815010072
NC_031009,taxid_352858_Bacillus_sp_Y1,0.8517509698867798
NC_031009,taxid_398037_Segetibacter_koreensis,0.8864927887916565
NC_031009,taxid_1428_Bacillus_thuringiensis,0.8781479001045227
NC_031009,taxid_1737571_Bacillus_oryzisoli,0.8810667395591736
NC_031009,GENERO_Ferruginibacter_1310417,0.8525205850601196
NC_031009,taxid_1404_Bacillus_megaterium,0.8537364602088928
NC_031009,taxid_1396_Bacillus_cereus,0.873033344745636
NC_031009,taxid_1813871_Panacibacter_ginsenosidivorans,0.8559800386428833
NC_031009,taxid_1492898_Flavisolibacter_tropicus,0.8691741228103638
NC_031009,GENERO_Segetibacter_670293,0.8864927887916565
NC_031009,taxid_1397_Bacillus_circulans,0.8568800687789917
NC_031009,taxid_960_Bacteriovorax_stolpii,0.8704173564910889
NC_031009,taxid_1837343_Paenibacillus_qinlingensis,0.9566720724105836
NC_031009,taxid_688867_Ohtaekwangia_koreensis,0.8669122457504272
NC_031009,taxid_1478_Peribacillus_simplex,0.858832597732544
NC_007055,taxid_398037_Segetibacter_koreensis,0.8709636330604553
NC_007055,taxid_1428_Bacillus_thuringiensis,0.8556633591651917
NC_007055,taxid_1737571_Bacillus_oryzisoli,0.8634803295135498
NC_007055,taxid_1396_Bacillus_cereus,0.8506603837013245
NC_007055,taxid_1492898_Flavisolibacter_tropicus,0.8510132431983948
NC_007055,GENERO_Segetibacter_670293,0.8709636330604553
NC_007055,taxid_960_Bacteriovorax_stolpii,0.8511993885040283
NC_007055,taxid_1837343_Paenibacillus_qinlingensis,0.9469507932662964
NC_031040,taxid_398037_Segetibacter_koreensis,0.8729366660118103
NC_031040,taxid_1428_Bacillus_thuringiensis,0.8521561622619629
NC_031040,taxid_1737571_Bacillus_oryzisoli,0.8655279874801636
NC_031040,taxid_1492898_Flavisolibacter_tropicus,0.8525276780128479
NC_031040,GENERO_Segetibacter_670293,0.8729366660118103
NC_031040,taxid_960_Bacteriovorax_stolpii,0.8518410921096802
NC_031040,taxid_1837343_Paenibacillus_qinlingensis,0.9423477053642272
NC_031040,taxid_688867_Ohtaekwangia_koreensis,0.8506540060043335
NC_028900,taxid_352858_Bacillus_sp_Y1,0.8620078563690186
NC_028900,GENERO_Flavitalea_708199,0.8611364960670471
NC_028900,taxid_398037_Segetibacter_koreensis,0.8932580947875977
NC_028900,taxid_462367_Flavisolibacter_ginsengisoli,0.8548995852470398
NC_028900,GENERO_Flavitalea_796384,0.8611364960670471
NC_028900,taxid_1428_Bacillus_thuringiensis,0.8818549513816833
NC_028900,taxid_1737571_Bacillus_oryzisoli,0.8905478119850159
NC_028900,GENERO_Ferruginibacter_1310417,0.8654439449310303
NC_028900,taxid_1404_Bacillus_megaterium,0.864163339138031
NC_028900,taxid_398045_Flavisolibacter_ginsengiterrae,0.863629162311554
NC_028900,taxid_228899_Peribacillus_asahii,0.8573403358459473
NC_028900,taxid_1396_Bacillus_cereus,0.8787547945976257
NC_028900,taxid_1813871_Panacibacter_ginsenosidivorans,0.8663937449455261
NC_028900,GENERO_Flavitalea_1892851,0.8611364960670471
NC_028900,taxid_1492898_Flavisolibacter_tropicus,0.8820567727088928
NC_028900,GENERO_Segetibacter_670293,0.8932580947875977
NC_028900,taxid_1397_Bacillus_circulans,0.8589972257614136
NC_028900,taxid_960_Bacteriovorax_stolpii,0.8796346187591553
NC_028900,taxid_1837343_Paenibacillus_qinlingensis,0.9613699913024902
NC_028900,taxid_688867_Ohtaekwangia_koreensis,0.8790453672409058
NC_028900,taxid_1478_Peribacillus_simplex,0.871985912322998
NC_023579,taxid_1837343_Paenibacillus_qinlingensis,0.906246304512024
NC_028856,taxid_1837343_Paenibacillus_qinlingensis,0.9444599151611328
NC_028855,taxid_1837343_Paenibacillus_qinlingensis,0.94135844707489
NC_028826,taxid_352858_Bacillus_sp_Y1,0.8532742857933044
NC_028826,taxid_398037_Segetibacter_koreensis,0.8876819610595703
NC_028826,taxid_1428_Bacillus_thuringiensis,0.8796342015266418
NC_028826,taxid_1737571_Bacillus_oryzisoli,0.8836824297904968
NC_028826,GENERO_Ferruginibacter_1310417,0.8547648787498474
NC_028826,taxid_1404_Bacillus_megaterium,0.8555349111557007
NC_028826,taxid_398045_Flavisolibacter_ginsengiterrae,0.8513001799583435
NC_028826,taxid_1396_Bacillus_cereus,0.8744418621063232
NC_028826,taxid_1813871_Panacibacter_ginsenosidivorans,0.8578076362609863
NC_028826,taxid_1492898_Flavisolibacter_tropicus,0.8714902400970459
NC_028826,GENERO_Segetibacter_670293,0.8876819610595703
NC_028826,taxid_1397_Bacillus_circulans,0.858036994934082
NC_028826,taxid_960_Bacteriovorax_stolpii,0.872372031211853
NC_028826,taxid_1837343_Paenibacillus_qinlingensis,0.9593167304992676
NC_028826,taxid_688867_Ohtaekwangia_koreensis,0.8691457509994507
NC_028826,taxid_1478_Peribacillus_simplex,0.8615032434463501
NC_015283,taxid_1837343_Paenibacillus_qinlingensis,0.940828263759613
NC_002730,taxid_1837343_Paenibacillus_qinlingensis,0.8925861120223999
NC_003288,taxid_398037_Segetibacter_koreensis,0.8619853854179382
NC_003288,taxid_1428_Bacillus_thuringiensis,0.8502359390258789
NC_003288,taxid_1737571_Bacillus_oryzisoli,0.8541522026062012
NC_003288,GENERO_Segetibacter_670293,0.8619853854179382
NC_003288,taxid_1837343_Paenibacillus_qinlingensis,0.9428138732910156
NC_002167,taxid_1837343_Paenibacillus_qinlingensis,0.8706067800521851
NC_008376,taxid_1837343_Paenibacillus_qinlingensis,0.9322537779808044
NC_019399,taxid_1837343_Paenibacillus_qinlingensis,0.919538915157318
NC_019457,taxid_1837343_Paenibacillus_qinlingensis,0.8804899454116821
NC_027355,taxid_1837343_Paenibacillus_qinlingensis,0.9375574588775636
NC_027374,taxid_1837343_Paenibacillus_qinlingensis,0.93398118019104
NC_007458,taxid_398037_Segetibacter_koreensis,0.8627259731292725
NC_007458,taxid_1737571_Bacillus_oryzisoli,0.8560330867767334
NC_007458,GENERO_Segetibacter_670293,0.8627259731292725
NC_007458,taxid_1837343_Paenibacillus_qinlingensis,0.9464471340179444
NC_031055,taxid_1837343_Paenibacillus_qinlingensis,0.9423121809959412
NC_010495,taxid_1837343_Paenibacillus_qinlingensis,0.8919696807861328
NC_012741,taxid_1837343_Paenibacillus_qinlingensis,0.8990292549133301
NC_029010,taxid_398037_Segetibacter_koreensis,0.8630790710449219
NC_029010,taxid_1428_Bacillus_thuringiensis,0.8532514572143555
NC_029010,taxid_1737571_Bacillus_oryzisoli,0.8558791875839233
NC_029010,GENERO_Segetibacter_670293,0.8630790710449219
NC_029010,taxid_1837343_Paenibacillus_qinlingensis,0.9415102601051332
NC_007058,taxid_398037_Segetibacter_koreensis,0.8619932532310486
NC_007058,taxid_1428_Bacillus_thuringiensis,0.8545534014701843
NC_007058,taxid_1737571_Bacillus_oryzisoli,0.8556055426597595
NC_007058,GENERO_Segetibacter_670293,0.8619932532310486
NC_007058,taxid_1837343_Paenibacillus_qinlingensis,0.9448918104171752
NC_025419,taxid_1837343_Paenibacillus_qinlingensis,0.921536147594452
NC_013648,taxid_398037_Segetibacter_koreensis,0.8741496205329895
NC_013648,taxid_1428_Bacillus_thuringiensis,0.8610833883285522
NC_013648,taxid_1737571_Bacillus_oryzisoli,0.868218719959259
NC_013648,taxid_1396_Bacillus_cereus,0.8556031584739685
NC_013648,taxid_1492898_Flavisolibacter_tropicus,0.8556833863258362
NC_013648,GENERO_Segetibacter_670293,0.8741496205329895
NC_013648,taxid_960_Bacteriovorax_stolpii,0.8554750680923462
NC_013648,taxid_1837343_Paenibacillus_qinlingensis,0.9514015316963196
NC_013648,taxid_688867_Ohtaekwangia_koreensis,0.8537172675132751
NC_009540,taxid_1837343_Paenibacillus_qinlingensis,0.9312477707862854
NC_015251,taxid_1837343_Paenibacillus_qinlingensis,0.9040138125419616
NC_004348,taxid_1837343_Paenibacillus_qinlingensis,0.8848740458488464
NC_026017,taxid_1837343_Paenibacillus_qinlingensis,0.8532592058181763
NC_001998,taxid_1837343_Paenibacillus_qinlingensis,0.8791123628616333
NC_010391,taxid_1837343_Paenibacillus_qinlingensis,0.8716684579849243
NC_029692,taxid_1837343_Paenibacillus_qinlingensis,0.857351541519165
NC_010353,taxid_666686_Bacillus_sp_1NLA3E,0.8724046945571899
NC_010353,taxid_486398_Bacillus_sp_S3,0.8680947422981262
NC_010353,taxid_352858_Bacillus_sp_Y1,0.8865049481391907
NC_010353,GENERO_Flavitalea_708199,0.8864774107933044
NC_010353,taxid_398037_Segetibacter_koreensis,0.9130266904830932
NC_010353,taxid_462367_Flavisolibacter_ginsengisoli,0.881328284740448
NC_010353,GENERO_Flavitalea_796384,0.8864774107933044
NC_010353,taxid_1428_Bacillus_thuringiensis,0.8951598405838013
NC_010353,taxid_1737571_Bacillus_oryzisoli,0.9081621766090392
NC_010353,GENERO_Ferruginibacter_1310417,0.8904398083686829
NC_010353,taxid_1404_Bacillus_megaterium,0.8856164813041687
NC_010353,taxid_398045_Flavisolibacter_ginsengiterrae,0.8883580565452576
NC_010353,taxid_228899_Peribacillus_asahii,0.8823802471160889
NC_010353,taxid_1396_Bacillus_cereus,0.8938999176025391
NC_010353,taxid_1813871_Panacibacter_ginsenosidivorans,0.8924239277839661
NC_010353,GENERO_Flavitalea_1892851,0.8864774107933044
NC_010353,taxid_1492898_Flavisolibacter_tropicus,0.9016557335853576
NC_010353,GENERO_Segetibacter_670293,0.9130266904830932
NC_010353,GENERO_Daejeonella_990371,0.8750251531600952
NC_010353,taxid_1397_Bacillus_circulans,0.8715381026268005
NC_010353,taxid_960_Bacteriovorax_stolpii,0.9000694155693054
NC_010353,taxid_1837343_Paenibacillus_qinlingensis,0.9601675868034364
NC_010353,taxid_688867_Ohtaekwangia_koreensis,0.8993891477584839
NC_010353,taxid_1478_Peribacillus_simplex,0.8952754139900208
NC_003525,taxid_1837343_Paenibacillus_qinlingensis,0.8807083368301392
NC_021788,taxid_398037_Segetibacter_koreensis,0.8703462481498718
NC_021788,taxid_1428_Bacillus_thuringiensis,0.8635561466217041
NC_021788,taxid_1737571_Bacillus_oryzisoli,0.8635146617889404
NC_021788,taxid_1396_Bacillus_cereus,0.8574456572532654
NC_021788,GENERO_Segetibacter_670293,0.8703462481498718
NC_021788,taxid_960_Bacteriovorax_stolpii,0.8504770994186401
NC_021788,taxid_1837343_Paenibacillus_qinlingensis,0.9506410956382751
NC_031023,taxid_398037_Segetibacter_koreensis,0.8833035826683044
NC_031023,taxid_1428_Bacillus_thuringiensis,0.8589511513710022
NC_031023,taxid_1737571_Bacillus_oryzisoli,0.8776936531066895
NC_031023,GENERO_Ferruginibacter_1310417,0.8525418639183044
NC_031023,taxid_1396_Bacillus_cereus,0.8564345836639404
NC_031023,taxid_1813871_Panacibacter_ginsenosidivorans,0.852409839630127
NC_031023,taxid_1492898_Flavisolibacter_tropicus,0.8682510256767273
NC_031023,GENERO_Segetibacter_670293,0.8833035826683044
NC_031023,taxid_960_Bacteriovorax_stolpii,0.867617130279541
NC_031023,taxid_1837343_Paenibacillus_qinlingensis,0.9484748244285583
NC_031023,taxid_688867_Ohtaekwangia_koreensis,0.8661449551582336
NC_031023,taxid_1478_Peribacillus_simplex,0.8567158579826355
NC_019448,taxid_398037_Segetibacter_koreensis,0.8558186888694763
NC_019448,taxid_1428_Bacillus_thuringiensis,0.8548502326011658
NC_019448,GENERO_Segetibacter_670293,0.8558186888694763
NC_019448,taxid_1837343_Paenibacillus_qinlingensis,0.9461024403572084
NC_028659,taxid_1837343_Paenibacillus_qinlingensis,0.8733672499656677
NC_004302,taxid_398037_Segetibacter_koreensis,0.8726307153701782
NC_004302,taxid_1428_Bacillus_thuringiensis,0.8534560799598694
NC_004302,taxid_1737571_Bacillus_oryzisoli,0.8657019138336182
NC_004302,taxid_1492898_Flavisolibacter_tropicus,0.8514173030853271
NC_004302,GENERO_Segetibacter_670293,0.8726307153701782
NC_004302,taxid_960_Bacteriovorax_stolpii,0.851556122303009
NC_004302,taxid_1837343_Paenibacillus_qinlingensis,0.941498041152954
NC_000866,taxid_1837343_Paenibacillus_qinlingensis,0.9222322702407836
NC_016073,taxid_1837343_Paenibacillus_qinlingensis,0.8583505153656006
NC_008562,taxid_1837343_Paenibacillus_qinlingensis,0.9249482154846193
NC_024146,taxid_1837343_Paenibacillus_qinlingensis,0.904766321182251
NC_031085,taxid_1837343_Paenibacillus_qinlingensis,0.919773280620575
NC_008721,GENERO_Flavitalea_708199,0.8666684031486511
NC_008721,taxid_398037_Segetibacter_koreensis,0.8824777007102966
NC_008721,taxid_462367_Flavisolibacter_ginsengisoli,0.8576228618621826
NC_008721,GENERO_Flavitalea_796384,0.8666684031486511
NC_008721,taxid_1428_Bacillus_thuringiensis,0.8502848148345947
NC_008721,taxid_1737571_Bacillus_oryzisoli,0.8752102851867676
NC_008721,GENERO_Ferruginibacter_1310417,0.8675351738929749
NC_008721,taxid_398045_Flavisolibacter_ginsengiterrae,0.8679377436637878
NC_008721,taxid_1813871_Panacibacter_ginsenosidivorans,0.8584664463996887
NC_008721,GENERO_Flavitalea_1892851,0.8666684031486511
NC_008721,taxid_1492898_Flavisolibacter_tropicus,0.8842260241508484
NC_008721,GENERO_Segetibacter_670293,0.8824777007102966
NC_008721,GENERO_Daejeonella_990371,0.8538874983787537
NC_008721,taxid_960_Bacteriovorax_stolpii,0.8732240200042725
NC_008721,taxid_1837343_Paenibacillus_qinlingensis,0.953977108001709
NC_008721,taxid_688867_Ohtaekwangia_koreensis,0.8812569975852966
NC_008721,taxid_1478_Peribacillus_simplex,0.8654935956001282
MF189174,taxid_1837343_Paenibacillus_qinlingensis,0.894627571105957
NC_001956,taxid_1837343_Paenibacillus_qinlingensis,0.922102689743042
NC_025421,taxid_1492898_Flavisolibacter_tropicus,0.8710765838623047
NC_025421,taxid_1837343_Paenibacillus_qinlingensis,0.9483026266098022
NC_025421,taxid_688867_Ohtaekwangia_koreensis,0.8658233284950256
NC_028871,taxid_1837343_Paenibacillus_qinlingensis,0.9368765354156494
NC_003356,taxid_1837343_Paenibacillus_qinlingensis,0.8628904819488525
NC_031939,taxid_1492898_Flavisolibacter_tropicus,0.8547021150588989
NC_031939,taxid_1837343_Paenibacillus_qinlingensis,0.9443697333335876
NC_016562,taxid_398037_Segetibacter_koreensis,0.8782668113708496
NC_016562,taxid_1428_Bacillus_thuringiensis,0.8764848709106445
NC_016562,taxid_1737571_Bacillus_oryzisoli,0.8741937279701233
NC_016562,taxid_1396_Bacillus_cereus,0.8710833191871643
NC_016562,taxid_1492898_Flavisolibacter_tropicus,0.8556046485900879
NC_016562,GENERO_Segetibacter_670293,0.8782668113708496
NC_016562,taxid_1397_Bacillus_circulans,0.8577367663383484
NC_016562,taxid_960_Bacteriovorax_stolpii,0.8603782653808594
NC_016562,taxid_1837343_Paenibacillus_qinlingensis,0.9490984082221984
NC_016562,taxid_688867_Ohtaekwangia_koreensis,0.8536263108253479
NC_016562,taxid_1478_Peribacillus_simplex,0.8512125015258789
NC_013649,taxid_1837343_Paenibacillus_qinlingensis,0.8544833064079285
NC_024785,taxid_1837343_Paenibacillus_qinlingensis,0.9404977560043336
NC_021782,GENERO_Tumebacillus_1229157,0.8798508644104004
NC_021782,GENERO_Tumebacillus_1157490,0.8798508644104004
NC_021782,GENERO_Tumebacillus_363888,0.8798508644104004
NC_021782,taxid_1492898_Flavisolibacter_tropicus,0.8597240447998047
NC_021782,taxid_1837343_Paenibacillus_qinlingensis,0.9490164518356324
NC_021782,taxid_688867_Ohtaekwangia_koreensis,0.850183367729187
NC_024359,taxid_398037_Segetibacter_koreensis,0.8655496835708618
NC_024359,taxid_1428_Bacillus_thuringiensis,0.8510866761207581
NC_024359,taxid_1737571_Bacillus_oryzisoli,0.8591515421867371
NC_024359,taxid_1492898_Flavisolibacter_tropicus,0.8514391779899597
NC_024359,GENERO_Segetibacter_670293,0.8655496835708618
NC_024359,taxid_960_Bacteriovorax_stolpii,0.8501180410385132
NC_024359,taxid_1837343_Paenibacillus_qinlingensis,0.9470564126968384
NC_028982,taxid_1837343_Paenibacillus_qinlingensis,0.9329667091369628
NC_018270,taxid_1837343_Paenibacillus_qinlingensis,0.9175776839256288
NC_020874,taxid_1837343_Paenibacillus_qinlingensis,0.9280747771263124
NC_028930,taxid_1837343_Paenibacillus_qinlingensis,0.9082909226417542
NC_004740,taxid_398037_Segetibacter_koreensis,0.8628032207489014
NC_004740,taxid_1428_Bacillus_thuringiensis,0.8564815521240234
NC_004740,taxid_1737571_Bacillus_oryzisoli,0.8564995527267456
NC_004740,taxid_1396_Bacillus_cereus,0.8503848910331726
NC_004740,GENERO_Segetibacter_670293,0.8628032207489014
NC_004740,taxid_1837343_Paenibacillus_qinlingensis,0.9453696608543396
NC_029078,taxid_398037_Segetibacter_koreensis,0.8565992712974548
NC_029078,GENERO_Segetibacter_670293,0.8565992712974548
NC_029078,taxid_1837343_Paenibacillus_qinlingensis,0.9398728013038636
NC_027356,GENERO_Tumebacillus_1229157,0.865824818611145
NC_027356,GENERO_Tumebacillus_1157490,0.865824818611145
NC_027356,GENERO_Tumebacillus_363888,0.865824818611145
NC_027356,taxid_1837343_Paenibacillus_qinlingensis,0.9386115670204164
NC_009760,taxid_1837343_Paenibacillus_qinlingensis,0.9200584292411804
NC_007346,taxid_1837343_Paenibacillus_qinlingensis,0.8542550802230835
NC_029121,taxid_1837343_Paenibacillus_qinlingensis,0.928486704826355
NC_021803,taxid_398037_Segetibacter_koreensis,0.8608682155609131
NC_021803,taxid_1428_Bacillus_thuringiensis,0.8537487387657166
NC_021803,taxid_1737571_Bacillus_oryzisoli,0.854427695274353
NC_021803,GENERO_Segetibacter_670293,0.8608682155609131
NC_021803,taxid_1837343_Paenibacillus_qinlingensis,0.9490962624549866
NC_020841,taxid_1837343_Paenibacillus_qinlingensis,0.9265400171279908
NC_028905,taxid_398037_Segetibacter_koreensis,0.8794106245040894
NC_028905,taxid_1428_Bacillus_thuringiensis,0.8797316551208496
NC_028905,taxid_1737571_Bacillus_oryzisoli,0.8743513226509094
NC_028905,taxid_1396_Bacillus_cereus,0.8740646243095398
NC_028905,taxid_1492898_Flavisolibacter_tropicus,0.8515568375587463
NC_028905,GENERO_Segetibacter_670293,0.8794106245040894
NC_028905,taxid_1397_Bacillus_circulans,0.8595844507217407
NC_028905,taxid_960_Bacteriovorax_stolpii,0.8561687469482422
NC_028905,taxid_1837343_Paenibacillus_qinlingensis,0.9511423707008362
NC_028905,taxid_688867_Ohtaekwangia_koreensis,0.8502867817878723
NC_017984,taxid_1492898_Flavisolibacter_tropicus,0.8598844408988953
NC_017984,taxid_1837343_Paenibacillus_qinlingensis,0.9473674297332764
NC_017984,taxid_688867_Ohtaekwangia_koreensis,0.8557803630828857
NC_031066,taxid_1837343_Paenibacillus_qinlingensis,0.8587115406990051
NC_024391,taxid_1837343_Paenibacillus_qinlingensis,0.939035952091217
NC_022751,taxid_1837343_Paenibacillus_qinlingensis,0.9058268666267396
NC_031913,taxid_1492898_Flavisolibacter_tropicus,0.8572260141372681
NC_031913,taxid_1837343_Paenibacillus_qinlingensis,0.9476006031036376
NC_031913,taxid_688867_Ohtaekwangia_koreensis,0.8529515862464905
NC_009884,taxid_398037_Segetibacter_koreensis,0.8596908450126648
NC_009884,taxid_1737571_Bacillus_oryzisoli,0.8560964465141296
NC_009884,GENERO_Segetibacter_670293,0.8596908450126648
NC_009884,taxid_1837343_Paenibacillus_qinlingensis,0.9420971274375916
NC_002703,taxid_398037_Segetibacter_koreensis,0.8782103061676025
NC_002703,taxid_1428_Bacillus_thuringiensis,0.8604572415351868
NC_002703,taxid_1737571_Bacillus_oryzisoli,0.8716062903404236
NC_002703,taxid_1396_Bacillus_cereus,0.8563356995582581
NC_002703,taxid_1492898_Flavisolibacter_tropicus,0.8573265075683594
NC_002703,GENERO_Segetibacter_670293,0.8782103061676025
NC_002703,taxid_960_Bacteriovorax_stolpii,0.85770183801651
NC_002703,taxid_1837343_Paenibacillus_qinlingensis,0.9433175325393676
NC_002703,taxid_688867_Ohtaekwangia_koreensis,0.8553865551948547
NC_021559,GENERO_Tumebacillus_1229157,0.8590160608291626
NC_021559,GENERO_Tumebacillus_1157490,0.8590160608291626
NC_021559,GENERO_Tumebacillus_363888,0.8590160608291626
NC_021559,taxid_1492898_Flavisolibacter_tropicus,0.8570601344108582
NC_021559,taxid_1837343_Paenibacillus_qinlingensis,0.9488043785095216
NC_022770,taxid_398037_Segetibacter_koreensis,0.8630383610725403
NC_022770,taxid_1737571_Bacillus_oryzisoli,0.8568243980407715
NC_022770,taxid_1492898_Flavisolibacter_tropicus,0.8583926558494568
NC_022770,GENERO_Segetibacter_670293,0.8630383610725403
NC_022770,taxid_960_Bacteriovorax_stolpii,0.8500456213951111
NC_022770,taxid_1837343_Paenibacillus_qinlingensis,0.9386160969734192
NC_022770,taxid_688867_Ohtaekwangia_koreensis,0.8552642464637756
NC_021805,taxid_1837343_Paenibacillus_qinlingensis,0.9257413744926452
NC_018271,taxid_398037_Segetibacter_koreensis,0.8769933581352234
NC_018271,taxid_1428_Bacillus_thuringiensis,0.8664502501487732
NC_018271,taxid_1737571_Bacillus_oryzisoli,0.870263397693634
NC_018271,taxid_1396_Bacillus_cereus,0.8605084419250488
NC_018271,taxid_1492898_Flavisolibacter_tropicus,0.8563222289085388
NC_018271,GENERO_Segetibacter_670293,0.8769933581352234
NC_018271,taxid_960_Bacteriovorax_stolpii,0.8585832118988037
NC_018271,taxid_1837343_Paenibacillus_qinlingensis,0.9507686495780944
NC_018271,taxid_688867_Ohtaekwangia_koreensis,0.8549916744232178
NC_008720,GENERO_Tumebacillus_1229157,0.8716699481010437
NC_008720,GENERO_Tumebacillus_1157490,0.8716699481010437
NC_008720,GENERO_Tumebacillus_363888,0.8716699481010437
NC_008720,taxid_1837343_Paenibacillus_qinlingensis,0.9412527084350586
NC_028679,taxid_1837343_Paenibacillus_qinlingensis,0.9348646998405457
NC_019512,taxid_398037_Segetibacter_koreensis,0.857125997543335
NC_019512,taxid_1428_Bacillus_thuringiensis,0.8555136322975159
NC_019512,taxid_1737571_Bacillus_oryzisoli,0.852868378162384
NC_019512,GENERO_Segetibacter_670293,0.857125997543335
NC_019512,taxid_1837343_Paenibacillus_qinlingensis,0.9325670003890992
NC_002747,taxid_398037_Segetibacter_koreensis,0.8843027949333191
NC_002747,taxid_1428_Bacillus_thuringiensis,0.870430052280426
NC_002747,taxid_1737571_Bacillus_oryzisoli,0.8781984448432922
NC_002747,taxid_1396_Bacillus_cereus,0.8665453791618347
NC_002747,taxid_1813871_Panacibacter_ginsenosidivorans,0.8508973121643066
NC_002747,taxid_1492898_Flavisolibacter_tropicus,0.8629456162452698
NC_002747,GENERO_Segetibacter_670293,0.8843027949333191
NC_002747,taxid_960_Bacteriovorax_stolpii,0.8635374903678894
NC_002747,taxid_1837343_Paenibacillus_qinlingensis,0.9473150968551636
NC_002747,taxid_688867_Ohtaekwangia_koreensis,0.8613595366477966
NC_002747,taxid_1478_Peribacillus_simplex,0.8528761863708496
NC_028773,taxid_1837343_Paenibacillus_qinlingensis,0.9177880883216858
NC_028684,GENERO_Flavitalea_708199,0.8547132611274719
NC_028684,taxid_398037_Segetibacter_koreensis,0.8674353361129761
NC_028684,GENERO_Flavitalea_796384,0.8547132611274719
NC_028684,taxid_1737571_Bacillus_oryzisoli,0.8604671359062195
NC_028684,GENERO_Ferruginibacter_1310417,0.8530848026275635
NC_028684,taxid_398045_Flavisolibacter_ginsengiterrae,0.8540641665458679
NC_028684,GENERO_Flavitalea_1892851,0.8547132611274719
NC_028684,taxid_1492898_Flavisolibacter_tropicus,0.8733822107315063
NC_028684,GENERO_Segetibacter_670293,0.8674353361129761
NC_028684,taxid_960_Bacteriovorax_stolpii,0.8556426763534546
NC_028684,taxid_1837343_Paenibacillus_qinlingensis,0.946414589881897
NC_028684,taxid_688867_Ohtaekwangia_koreensis,0.8695952296257019
NC_028684,taxid_1478_Peribacillus_simplex,0.8504440188407898
NC_031902,GENERO_Tumebacillus_1229157,0.865466296672821
NC_031902,GENERO_Tumebacillus_1157490,0.865466296672821
NC_031902,GENERO_Tumebacillus_363888,0.865466296672821
NC_031902,taxid_1837343_Paenibacillus_qinlingensis,0.9337695837020874
NC_024071,taxid_1837343_Paenibacillus_qinlingensis,0.8665741086006165
NC_028663,GENERO_Tumebacillus_1229157,0.8514149188995361
NC_028663,GENERO_Tumebacillus_1157490,0.8514149188995361
NC_028663,GENERO_Tumebacillus_363888,0.8514149188995361
NC_028663,taxid_1837343_Paenibacillus_qinlingensis,0.9314476251602172
NC_019488,taxid_1837343_Paenibacillus_qinlingensis,0.8798798322677612
NC_015270,taxid_352858_Bacillus_sp_Y1,0.8507059216499329
NC_015270,taxid_398037_Segetibacter_koreensis,0.8845357298851013
NC_015270,taxid_1428_Bacillus_thuringiensis,0.8845378756523132
NC_015270,taxid_1737571_Bacillus_oryzisoli,0.88190758228302
NC_015270,taxid_1404_Bacillus_megaterium,0.8551836013793945
NC_015270,taxid_228899_Peribacillus_asahii,0.8507662415504456
NC_015270,taxid_1396_Bacillus_cereus,0.8789708018302917
NC_015270,taxid_1492898_Flavisolibacter_tropicus,0.8572295904159546
NC_015270,GENERO_Segetibacter_670293,0.8845357298851013
NC_015270,taxid_1397_Bacillus_circulans,0.8637781143188477
NC_015270,taxid_960_Bacteriovorax_stolpii,0.8650642037391663
NC_015270,taxid_1837343_Paenibacillus_qinlingensis,0.9508741497993468
NC_015270,taxid_688867_Ohtaekwangia_koreensis,0.8544687628746033
NC_015270,taxid_1478_Peribacillus_simplex,0.8542418479919434
NC_019485,GENERO_Tumebacillus_1229157,0.8545772433280945
NC_019485,GENERO_Flavitalea_708199,0.8565195202827454
NC_019485,taxid_398037_Segetibacter_koreensis,0.8656927943229675
NC_019485,GENERO_Flavitalea_796384,0.8565195202827454
NC_019485,GENERO_Tumebacillus_1157490,0.8545772433280945
NC_019485,taxid_1737571_Bacillus_oryzisoli,0.8552771806716919
NC_019485,GENERO_Ferruginibacter_1310417,0.8533827066421509
NC_019485,taxid_398045_Flavisolibacter_ginsengiterrae,0.8552690744400024
NC_019485,GENERO_Tumebacillus_363888,0.8545772433280945
NC_019485,GENERO_Flavitalea_1892851,0.8565195202827454
NC_019485,taxid_1492898_Flavisolibacter_tropicus,0.8759032487869263
NC_019485,GENERO_Segetibacter_670293,0.8656927943229675
NC_019485,taxid_960_Bacteriovorax_stolpii,0.8547532558441162
NC_019485,taxid_1837343_Paenibacillus_qinlingensis,0.9530913829803468
NC_019485,taxid_688867_Ohtaekwangia_koreensis,0.8720468878746033
NC_028857,taxid_1837343_Paenibacillus_qinlingensis,0.903123378753662
NC_012784,taxid_1837343_Paenibacillus_qinlingensis,0.939759075641632
NC_024137,taxid_1837343_Paenibacillus_qinlingensis,0.9398064613342284
NC_012756,GENERO_Flavitalea_708199,0.863307535648346
NC_012756,taxid_398037_Segetibacter_koreensis,0.882525622844696
NC_012756,taxid_462367_Flavisolibacter_ginsengisoli,0.8540804982185364
NC_012756,GENERO_Flavitalea_796384,0.863307535648346
NC_012756,taxid_1737571_Bacillus_oryzisoli,0.8745214343070984
NC_012756,GENERO_Ferruginibacter_1310417,0.8653997778892517
NC_012756,taxid_398045_Flavisolibacter_ginsengiterrae,0.8646640777587891
NC_012756,taxid_1813871_Panacibacter_ginsenosidivorans,0.8561745285987854
NC_012756,GENERO_Flavitalea_1892851,0.863307535648346
NC_012756,taxid_1492898_Flavisolibacter_tropicus,0.8814658522605896
NC_012756,GENERO_Segetibacter_670293,0.882525622844696
NC_012756,taxid_960_Bacteriovorax_stolpii,0.8733590245246887
NC_012756,taxid_1837343_Paenibacillus_qinlingensis,0.9536205530166626
NC_012756,taxid_688867_Ohtaekwangia_koreensis,0.878902018070221
NC_012756,taxid_1478_Peribacillus_simplex,0.8634908199310303
NC_007056,taxid_1837343_Paenibacillus_qinlingensis,0.9423710107803344
NC_028838,taxid_398037_Segetibacter_koreensis,0.8618331551551819
NC_028838,taxid_1428_Bacillus_thuringiensis,0.8679136633872986
NC_028838,taxid_1737571_Bacillus_oryzisoli,0.8568354845046997
NC_028838,taxid_1396_Bacillus_cereus,0.8611051440238953
NC_028838,GENERO_Segetibacter_670293,0.8618331551551819
NC_028838,taxid_1837343_Paenibacillus_qinlingensis,0.9440215826034546
NC_009514,taxid_1837343_Paenibacillus_qinlingensis,0.874083399772644
NC_031904,taxid_398037_Segetibacter_koreensis,0.8769629001617432
NC_031904,taxid_1428_Bacillus_thuringiensis,0.874321699142456
NC_031904,taxid_1737571_Bacillus_oryzisoli,0.8702086806297302
NC_031904,taxid_1396_Bacillus_cereus,0.8686387538909912
NC_031904,taxid_1492898_Flavisolibacter_tropicus,0.8524283170700073
NC_031904,GENERO_Segetibacter_670293,0.8769629001617432
NC_031904,taxid_1397_Bacillus_circulans,0.8548125624656677
NC_031904,taxid_960_Bacteriovorax_stolpii,0.8564497232437134
NC_031904,taxid_1837343_Paenibacillus_qinlingensis,0.9512815475463868
NC_031904,taxid_688867_Ohtaekwangia_koreensis,0.8513584136962891
NC_003907,taxid_1837343_Paenibacillus_qinlingensis,0.8975802063941956
NC_031926,taxid_352858_Bacillus_sp_Y1,0.8534528613090515
NC_031926,taxid_398037_Segetibacter_koreensis,0.8869319558143616
NC_031926,taxid_1428_Bacillus_thuringiensis,0.8811063170433044
NC_031926,taxid_1737571_Bacillus_oryzisoli,0.8803655505180359
NC_031926,GENERO_Ferruginibacter_1310417,0.8516378402709961
NC_031926,taxid_1404_Bacillus_megaterium,0.8565401434898376
NC_031926,taxid_1396_Bacillus_cereus,0.876948893070221
NC_031926,taxid_1813871_Panacibacter_ginsenosidivorans,0.8583409190177917
NC_031926,taxid_1492898_Flavisolibacter_tropicus,0.8644208312034607
NC_031926,GENERO_Segetibacter_670293,0.8869319558143616
NC_031926,taxid_1397_Bacillus_circulans,0.8633160591125488
NC_031926,taxid_960_Bacteriovorax_stolpii,0.8689791560173035
NC_031926,taxid_1837343_Paenibacillus_qinlingensis,0.951952338218689
NC_031926,taxid_688867_Ohtaekwangia_koreensis,0.8632147908210754
NC_031926,taxid_1478_Peribacillus_simplex,0.8575113415718079
NC_023595,taxid_352858_Bacillus_sp_Y1,0.8510182499885559
NC_023595,GENERO_Flavitalea_708199,0.8520154356956482
NC_023595,taxid_398037_Segetibacter_koreensis,0.8852187395095825
NC_023595,GENERO_Flavitalea_796384,0.8520154356956482
NC_023595,taxid_1428_Bacillus_thuringiensis,0.8735598921775818
NC_023595,taxid_1737571_Bacillus_oryzisoli,0.8810991048812866
NC_023595,GENERO_Ferruginibacter_1310417,0.8557025790214539
NC_023595,taxid_1404_Bacillus_megaterium,0.8516286015510559
NC_023595,taxid_398045_Flavisolibacter_ginsengiterrae,0.8540741801261902
NC_023595,taxid_1396_Bacillus_cereus,0.8685415387153625
NC_023595,taxid_1813871_Panacibacter_ginsenosidivorans,0.8562617301940918
NC_023595,GENERO_Flavitalea_1892851,0.8520154356956482
NC_023595,taxid_1492898_Flavisolibacter_tropicus,0.8744255304336548
NC_023595,GENERO_Segetibacter_670293,0.8852187395095825
NC_023595,taxid_960_Bacteriovorax_stolpii,0.8717778921127319
NC_023595,taxid_1837343_Paenibacillus_qinlingensis,0.9585793018341064
NC_023595,taxid_688867_Ohtaekwangia_koreensis,0.8715829253196716
NC_023595,taxid_1478_Peribacillus_simplex,0.8613137602806091
NC_001901,taxid_1837343_Paenibacillus_qinlingensis,0.8665614128112793
NC_031919,taxid_1837343_Paenibacillus_qinlingensis,0.928833782672882
NC_021336,taxid_1837343_Paenibacillus_qinlingensis,0.9293716549873352
NC_018085,taxid_398037_Segetibacter_koreensis,0.8804268836975098
NC_018085,taxid_1428_Bacillus_thuringiensis,0.8670293688774109
NC_018085,taxid_1737571_Bacillus_oryzisoli,0.8738685250282288
NC_018085,taxid_1396_Bacillus_cereus,0.8631693720817566
NC_018085,taxid_1492898_Flavisolibacter_tropicus,0.8591487407684326
NC_018085,GENERO_Segetibacter_670293,0.8804268836975098
NC_018085,taxid_960_Bacteriovorax_stolpii,0.859155535697937
NC_018085,taxid_1837343_Paenibacillus_qinlingensis,0.949473202228546
NC_018085,taxid_688867_Ohtaekwangia_koreensis,0.8573136925697327
NC_028890,taxid_1837343_Paenibacillus_qinlingensis,0.9355766177177428
NC_017732,taxid_398037_Segetibacter_koreensis,0.8611821532249451
NC_017732,taxid_1428_Bacillus_thuringiensis,0.8634231090545654
NC_017732,taxid_1737571_Bacillus_oryzisoli,0.855633556842804
NC_017732,taxid_1396_Bacillus_cereus,0.8570776581764221
NC_017732,GENERO_Segetibacter_670293,0.8611821532249451
NC_017732,taxid_1837343_Paenibacillus_qinlingensis,0.9413610696792604
NC_007637,GENERO_Tumebacillus_1229157,0.8769763112068176
NC_007637,GENERO_Tumebacillus_1157490,0.8769763112068176
NC_007637,GENERO_Tumebacillus_363888,0.8769763112068176
NC_007637,taxid_1837343_Paenibacillus_qinlingensis,0.9387636780738832
MF668266,taxid_1837343_Paenibacillus_qinlingensis,0.883462131023407
NC_016570,taxid_1837343_Paenibacillus_qinlingensis,0.8531710505485535
NC_003438,taxid_1837343_Paenibacillus_qinlingensis,0.9106369018554688
NC_029067,taxid_1837343_Paenibacillus_qinlingensis,0.9332090020179749
NC_017688,taxid_352858_Bacillus_sp_Y1,0.8656843900680542
NC_017688,GENERO_Flavitalea_708199,0.8660781979560852
NC_017688,taxid_398037_Segetibacter_koreensis,0.8967329859733582
NC_017688,taxid_462367_Flavisolibacter_ginsengisoli,0.8591745495796204
NC_017688,GENERO_Flavitalea_796384,0.8660781979560852
NC_017688,taxid_1428_Bacillus_thuringiensis,0.8871941566467285
NC_017688,taxid_1737571_Bacillus_oryzisoli,0.8929812908172607
NC_017688,GENERO_Ferruginibacter_1310417,0.8702200651168823
NC_017688,taxid_1404_Bacillus_megaterium,0.8671005368232727
NC_017688,taxid_398045_Flavisolibacter_ginsengiterrae,0.8679402470588684
NC_017688,taxid_228899_Peribacillus_asahii,0.8607452511787415
NC_017688,taxid_1396_Bacillus_cereus,0.8830159306526184
NC_017688,taxid_1813871_Panacibacter_ginsenosidivorans,0.8709127306938171
NC_017688,GENERO_Flavitalea_1892851,0.8660781979560852
NC_017688,taxid_1492898_Flavisolibacter_tropicus,0.8863418698310852
NC_017688,GENERO_Segetibacter_670293,0.8967329859733582
NC_017688,GENERO_Daejeonella_990371,0.8538026213645935
NC_017688,taxid_1397_Bacillus_circulans,0.865760326385498
NC_017688,taxid_960_Bacteriovorax_stolpii,0.8832018375396729
NC_017688,taxid_1837343_Paenibacillus_qinlingensis,0.9626277685165404
NC_017688,taxid_688867_Ohtaekwangia_koreensis,0.8838012218475342
NC_017688,taxid_1478_Peribacillus_simplex,0.874539315700531
NC_011357,taxid_1837343_Paenibacillus_qinlingensis,0.8609805703163147
NC_031049,taxid_1837343_Paenibacillus_qinlingensis,0.9413366913795472
NC_028958,taxid_398037_Segetibacter_koreensis,0.8621121644973755
NC_028958,taxid_1428_Bacillus_thuringiensis,0.8633975982666016
NC_028958,taxid_1737571_Bacillus_oryzisoli,0.8568614721298218
NC_028958,taxid_1396_Bacillus_cereus,0.8563379645347595
NC_028958,GENERO_Segetibacter_670293,0.8621121644973755
NC_028958,taxid_1837343_Paenibacillus_qinlingensis,0.9435455799102784
NC_013645,taxid_352858_Bacillus_sp_Y1,0.8513211607933044
NC_013645,taxid_398037_Segetibacter_koreensis,0.8887472748756409
NC_013645,taxid_1428_Bacillus_thuringiensis,0.8707277774810791
NC_013645,taxid_1737571_Bacillus_oryzisoli,0.8831844925880432
NC_013645,GENERO_Ferruginibacter_1310417,0.854221761226654
NC_013645,taxid_1404_Bacillus_megaterium,0.8515879511833191
NC_013645,taxid_398045_Flavisolibacter_ginsengiterrae,0.8507015705108643
NC_013645,taxid_1396_Bacillus_cereus,0.8673110008239746
NC_013645,taxid_1813871_Panacibacter_ginsenosidivorans,0.8582475781440735
NC_013645,taxid_1492898_Flavisolibacter_tropicus,0.8699381351470947
NC_013645,GENERO_Segetibacter_670293,0.8887472748756409
NC_013645,taxid_960_Bacteriovorax_stolpii,0.8703228235244751
NC_013645,taxid_1837343_Paenibacillus_qinlingensis,0.9483983516693116
NC_013645,taxid_688867_Ohtaekwangia_koreensis,0.8679254651069641
NC_013645,taxid_1478_Peribacillus_simplex,0.8611705303192139
NC_031241,taxid_1837343_Paenibacillus_qinlingensis,0.9390172362327576
KU998252,taxid_1837343_Paenibacillus_qinlingensis,0.8601014614105225
NC_014637,taxid_1837343_Paenibacillus_qinlingensis,0.9367200136184692
NC_007409,taxid_398037_Segetibacter_koreensis,0.8701657056808472
NC_007409,taxid_1737571_Bacillus_oryzisoli,0.863861083984375
NC_007409,GENERO_Ferruginibacter_1310417,0.8516397476196289
NC_007409,taxid_398045_Flavisolibacter_ginsengiterrae,0.8509120345115662
NC_007409,taxid_1492898_Flavisolibacter_tropicus,0.8682818412780762
NC_007409,GENERO_Segetibacter_670293,0.8701657056808472
NC_007409,taxid_960_Bacteriovorax_stolpii,0.8572724461555481
NC_007409,taxid_1837343_Paenibacillus_qinlingensis,0.9446218013763428
NC_007409,taxid_688867_Ohtaekwangia_koreensis,0.8649256825447083
NC_007409,taxid_1478_Peribacillus_simplex,0.852758526802063
NC_018831,taxid_1837343_Paenibacillus_qinlingensis,0.9461530447006226
NC_006557,taxid_1492898_Flavisolibacter_tropicus,0.8534355163574219
NC_006557,taxid_1837343_Paenibacillus_qinlingensis,0.9410645365715028
NC_006557,taxid_688867_Ohtaekwangia_koreensis,0.8501325249671936
NC_029316,taxid_352858_Bacillus_sp_Y1,0.8504554033279419
NC_029316,taxid_398037_Segetibacter_koreensis,0.8802503347396851
NC_029316,taxid_1428_Bacillus_thuringiensis,0.869269073009491
NC_029316,taxid_1737571_Bacillus_oryzisoli,0.8771543502807617
NC_029316,taxid_1404_Bacillus_megaterium,0.8527030944824219
NC_029316,taxid_1396_Bacillus_cereus,0.865411639213562
NC_029316,taxid_1813871_Panacibacter_ginsenosidivorans,0.8514946699142456
NC_029316,taxid_1492898_Flavisolibacter_tropicus,0.8639990091323853
NC_029316,GENERO_Segetibacter_670293,0.8802503347396851
NC_029316,taxid_960_Bacteriovorax_stolpii,0.8658239245414734
NC_029316,taxid_1837343_Paenibacillus_qinlingensis,0.951560080051422
NC_029316,taxid_688867_Ohtaekwangia_koreensis,0.862148642539978
NC_029316,taxid_1478_Peribacillus_simplex,0.8583787083625793
NC_028789,taxid_1837343_Paenibacillus_qinlingensis,0.9244619011878968
NC_021797,taxid_398037_Segetibacter_koreensis,0.8507934212684631
NC_021797,GENERO_Segetibacter_670293,0.8507934212684631
NC_021797,taxid_1837343_Paenibacillus_qinlingensis,0.9277408719062804
NC_002321,taxid_1837343_Paenibacillus_qinlingensis,0.9352286458015442
NC_031021,taxid_1837343_Paenibacillus_qinlingensis,0.8689152598381042
NC_017969,GENERO_Tumebacillus_1229157,0.8600194454193115
NC_017969,GENERO_Tumebacillus_1157490,0.8600194454193115
NC_017969,GENERO_Tumebacillus_363888,0.8600194454193115
NC_017969,taxid_1837343_Paenibacillus_qinlingensis,0.9281426668167114
NC_024364,taxid_398037_Segetibacter_koreensis,0.8649147152900696
NC_024364,taxid_1737571_Bacillus_oryzisoli,0.8599883913993835
NC_024364,taxid_1492898_Flavisolibacter_tropicus,0.8617821335792542
NC_024364,GENERO_Segetibacter_670293,0.8649147152900696
NC_024364,taxid_960_Bacteriovorax_stolpii,0.8523471355438232
NC_024364,taxid_1837343_Paenibacillus_qinlingensis,0.9509584307670592
NC_024364,taxid_688867_Ohtaekwangia_koreensis,0.8587765097618103
NC_024792,taxid_1837343_Paenibacillus_qinlingensis,0.9244828820228576
NC_025467,taxid_398037_Segetibacter_koreensis,0.8771466016769409
NC_025467,taxid_1428_Bacillus_thuringiensis,0.8758219480514526
NC_025467,taxid_1737571_Bacillus_oryzisoli,0.8710110187530518
NC_025467,taxid_1396_Bacillus_cereus,0.8706298470497131
NC_025467,GENERO_Segetibacter_670293,0.8771466016769409
NC_025467,taxid_1397_Bacillus_circulans,0.855683445930481
NC_025467,taxid_960_Bacteriovorax_stolpii,0.8569318056106567
NC_025467,taxid_1837343_Paenibacillus_qinlingensis,0.9466354250907898
NC_031123,taxid_1837343_Paenibacillus_qinlingensis,0.8633598685264587
NC_005083,taxid_1837343_Paenibacillus_qinlingensis,0.9152072072029114
NC_024216,taxid_1837343_Paenibacillus_qinlingensis,0.9470787644386292
NC_025440,GENERO_Flavitalea_708199,0.8512020111083984
NC_025440,taxid_398037_Segetibacter_koreensis,0.8717688322067261
NC_025440,GENERO_Flavitalea_796384,0.8512020111083984
NC_025440,taxid_1737571_Bacillus_oryzisoli,0.8668511509895325
NC_025440,GENERO_Ferruginibacter_1310417,0.8509924411773682
NC_025440,taxid_398045_Flavisolibacter_ginsengiterrae,0.8516228795051575
NC_025440,GENERO_Flavitalea_1892851,0.8512020111083984
NC_025440,taxid_1492898_Flavisolibacter_tropicus,0.8720859885215759
NC_025440,GENERO_Segetibacter_670293,0.8717688322067261
NC_025440,taxid_960_Bacteriovorax_stolpii,0.8608420491218567
NC_025440,taxid_1837343_Paenibacillus_qinlingensis,0.9542112946510316
NC_025440,taxid_688867_Ohtaekwangia_koreensis,0.8688358068466187
NC_025440,taxid_1478_Peribacillus_simplex,0.8547418117523193
NC_027399,taxid_1837343_Paenibacillus_qinlingensis,0.9412539601325988
NC_008355,taxid_1837343_Paenibacillus_qinlingensis,0.8968772888183594
NC_005066,taxid_1837343_Paenibacillus_qinlingensis,0.896467924118042
NC_011614,taxid_1837343_Paenibacillus_qinlingensis,0.9306979775428772
NC_005880,taxid_398037_Segetibacter_koreensis,0.8516309857368469
NC_005880,GENERO_Segetibacter_670293,0.8516309857368469
NC_005880,taxid_1837343_Paenibacillus_qinlingensis,0.9443303346633912
NC_001416,taxid_1837343_Paenibacillus_qinlingensis,0.8660479784011841
NC_028800,taxid_1837343_Paenibacillus_qinlingensis,0.8565526604652405
NC_027120,taxid_1837343_Paenibacillus_qinlingensis,0.8791654109954834
NC_009815,taxid_398037_Segetibacter_koreensis,0.8691588044166565
NC_009815,taxid_1428_Bacillus_thuringiensis,0.8550375699996948
NC_009815,taxid_1737571_Bacillus_oryzisoli,0.8618342876434326
NC_009815,GENERO_Segetibacter_670293,0.8691588044166565
NC_009815,taxid_1837343_Paenibacillus_qinlingensis,0.947303593158722
NC_019510,taxid_1837343_Paenibacillus_qinlingensis,0.8557177782058716
NC_031034,taxid_1492898_Flavisolibacter_tropicus,0.8524971604347229
NC_031034,taxid_1837343_Paenibacillus_qinlingensis,0.94832181930542
NC_004456,taxid_1837343_Paenibacillus_qinlingensis,0.869455099105835
NC_029102,taxid_1837343_Paenibacillus_qinlingensis,0.8622592687606812
MH450120,taxid_1837343_Paenibacillus_qinlingensis,0.8854822516441345
NC_028917,taxid_398037_Segetibacter_koreensis,0.8649977445602417
NC_028917,taxid_1737571_Bacillus_oryzisoli,0.8593251705169678
NC_028917,taxid_1492898_Flavisolibacter_tropicus,0.8591547012329102
NC_028917,GENERO_Segetibacter_670293,0.8649977445602417
NC_028917,taxid_960_Bacteriovorax_stolpii,0.8517903089523315
NC_028917,taxid_1837343_Paenibacillus_qinlingensis,0.9503812193870544
NC_028917,taxid_688867_Ohtaekwangia_koreensis,0.8569596409797668
NC_030920,taxid_1837343_Paenibacillus_qinlingensis,0.9301832318305968
NC_028880,taxid_1837343_Paenibacillus_qinlingensis,0.8551003336906433
NC_029104,taxid_1837343_Paenibacillus_qinlingensis,0.9334377646446228
NC_029029,taxid_1837343_Paenibacillus_qinlingensis,0.9286179542541504
NC_014662,taxid_1837343_Paenibacillus_qinlingensis,0.8912808895111084
NC_031064,taxid_398037_Segetibacter_koreensis,0.8633445501327515
NC_031064,taxid_1737571_Bacillus_oryzisoli,0.8562723994255066
NC_031064,taxid_1492898_Flavisolibacter_tropicus,0.856610119342804
NC_031064,GENERO_Segetibacter_670293,0.8633445501327515
NC_031064,taxid_960_Bacteriovorax_stolpii,0.850956916809082
NC_031064,taxid_1837343_Paenibacillus_qinlingensis,0.9440335035324096
NC_031064,taxid_688867_Ohtaekwangia_koreensis,0.8545809984207153
NC_007817,taxid_1837343_Paenibacillus_qinlingensis,0.8813918232917786
NC_019928,taxid_1837343_Paenibacillus_qinlingensis,0.919134795665741
NC_002515,taxid_1837343_Paenibacillus_qinlingensis,0.8596899509429932
NC_009737,taxid_1837343_Paenibacillus_qinlingensis,0.9320747256278992
NC_016658,GENERO_Tumebacillus_1229157,0.8592931628227234
NC_016658,GENERO_Tumebacillus_1157490,0.8592931628227234
NC_016658,GENERO_Tumebacillus_363888,0.8592931628227234
NC_016658,taxid_1837343_Paenibacillus_qinlingensis,0.943157434463501
NC_016761,taxid_1837343_Paenibacillus_qinlingensis,0.8566381931304932
NC_004166,taxid_1837343_Paenibacillus_qinlingensis,0.921764612197876
NC_028895,GENERO_Tumebacillus_1229157,0.8648719787597656
NC_028895,GENERO_Tumebacillus_1157490,0.8648719787597656
NC_028895,GENERO_Tumebacillus_363888,0.8648719787597656
NC_028895,taxid_1837343_Paenibacillus_qinlingensis,0.9411079287528992
NC_003313,taxid_1837343_Paenibacillus_qinlingensis,0.8924930095672607
NC_004167,taxid_1837343_Paenibacillus_qinlingensis,0.916616439819336
NC_027329,taxid_1837343_Paenibacillus_qinlingensis,0.940933346748352
NC_019518,taxid_1837343_Paenibacillus_qinlingensis,0.8845438361167908
NC_004066,taxid_398037_Segetibacter_koreensis,0.862206757068634
NC_004066,taxid_1737571_Bacillus_oryzisoli,0.8562746644020081
NC_004066,taxid_1492898_Flavisolibacter_tropicus,0.8580804467201233
NC_004066,GENERO_Segetibacter_670293,0.862206757068634
NC_004066,taxid_1837343_Paenibacillus_qinlingensis,0.948087513446808
NC_004066,taxid_688867_Ohtaekwangia_koreensis,0.8564442992210388
NC_031044,taxid_352858_Bacillus_sp_Y1,0.8509200215339661
NC_031044,taxid_398037_Segetibacter_koreensis,0.8878483772277832
NC_031044,taxid_1428_Bacillus_thuringiensis,0.8742575645446777
NC_031044,taxid_1737571_Bacillus_oryzisoli,0.8808040022850037
NC_031044,GENERO_Ferruginibacter_1310417,0.8554384112358093
NC_031044,taxid_1404_Bacillus_megaterium,0.8520786762237549
NC_031044,taxid_398045_Flavisolibacter_ginsengiterrae,0.8512303829193115
NC_031044,taxid_1396_Bacillus_cereus,0.8700540661811829
NC_031044,taxid_1813871_Panacibacter_ginsenosidivorans,0.8578260540962219
NC_031044,taxid_1492898_Flavisolibacter_tropicus,0.8707876205444336
NC_031044,GENERO_Segetibacter_670293,0.8878483772277832
NC_031044,taxid_1397_Bacillus_circulans,0.8508385419845581
NC_031044,taxid_960_Bacteriovorax_stolpii,0.8713030815124512
NC_031044,taxid_1837343_Paenibacillus_qinlingensis,0.953870952129364
NC_031044,taxid_688867_Ohtaekwangia_koreensis,0.8695399165153503
NC_031044,taxid_1478_Peribacillus_simplex,0.8589685559272766
NC_023500,taxid_398037_Segetibacter_koreensis,0.8522396087646484
NC_023500,GENERO_Segetibacter_670293,0.8522396087646484
NC_023500,taxid_1837343_Paenibacillus_qinlingensis,0.941638171672821
NC_002180,taxid_1837343_Paenibacillus_qinlingensis,0.8810975551605225
NC_021802,taxid_1837343_Paenibacillus_qinlingensis,0.938428521156311
NC_015254,taxid_398037_Segetibacter_koreensis,0.8664944171905518
NC_015254,taxid_1737571_Bacillus_oryzisoli,0.8588173389434814
NC_015254,taxid_1492898_Flavisolibacter_tropicus,0.860146701335907
NC_015254,GENERO_Segetibacter_670293,0.8664944171905518
NC_015254,taxid_960_Bacteriovorax_stolpii,0.85406893491745
NC_015254,taxid_1837343_Paenibacillus_qinlingensis,0.9472559690475464
NC_015254,taxid_688867_Ohtaekwangia_koreensis,0.8576140999794006
NC_005884,taxid_1837343_Paenibacillus_qinlingensis,0.9358988404273988
NC_019450,taxid_1837343_Paenibacillus_qinlingensis,0.8630582094192505
NC_020477,taxid_1492898_Flavisolibacter_tropicus,0.8535432815551758
NC_020477,taxid_1837343_Paenibacillus_qinlingensis,0.9403366446495056
NC_016568,taxid_398037_Segetibacter_koreensis,0.854147732257843
NC_016568,GENERO_Segetibacter_670293,0.854147732257843
NC_016568,taxid_1837343_Paenibacillus_qinlingensis,0.9281547665596008
NC_029026,taxid_1492898_Flavisolibacter_tropicus,0.8609565496444702
NC_029026,taxid_1837343_Paenibacillus_qinlingensis,0.9502792358398438
NC_029026,taxid_688867_Ohtaekwangia_koreensis,0.8559414744377136
NC_012753,taxid_352858_Bacillus_sp_Y1,0.8583922386169434
NC_012753,GENERO_Flavitalea_708199,0.8590863347053528
NC_012753,taxid_398037_Segetibacter_koreensis,0.8932403922080994
NC_012753,taxid_462367_Flavisolibacter_ginsengisoli,0.851423442363739
NC_012753,GENERO_Flavitalea_796384,0.8590863347053528
NC_012753,taxid_1428_Bacillus_thuringiensis,0.8709591031074524
NC_012753,taxid_1737571_Bacillus_oryzisoli,0.8874439001083374
NC_012753,GENERO_Ferruginibacter_1310417,0.8642509579658508
NC_012753,taxid_1404_Bacillus_megaterium,0.8581363558769226
NC_012753,taxid_398045_Flavisolibacter_ginsengiterrae,0.8610296249389648
NC_012753,taxid_228899_Peribacillus_asahii,0.853851854801178
NC_012753,taxid_1396_Bacillus_cereus,0.8690237402915955
NC_012753,taxid_1813871_Panacibacter_ginsenosidivorans,0.8657814264297485
NC_012753,GENERO_Flavitalea_1892851,0.8590863347053528
NC_012753,taxid_1492898_Flavisolibacter_tropicus,0.8784065842628479
NC_012753,GENERO_Segetibacter_670293,0.8932403922080994
NC_012753,taxid_960_Bacteriovorax_stolpii,0.8772391080856323
NC_012753,taxid_1837343_Paenibacillus_qinlingensis,0.953174650669098
NC_012753,taxid_688867_Ohtaekwangia_koreensis,0.8762075901031494
NC_012753,taxid_1478_Peribacillus_simplex,0.8689598441123962
NC_027991,taxid_1837343_Paenibacillus_qinlingensis,0.918790340423584
NC_028669,taxid_398037_Segetibacter_koreensis,0.8546541333198547
NC_028669,GENERO_Segetibacter_670293,0.8546541333198547
NC_028669,taxid_1837343_Paenibacillus_qinlingensis,0.9432170987129213
NC_003327,taxid_1837343_Paenibacillus_qinlingensis,0.9106324911117554
NC_027352,taxid_1837343_Paenibacillus_qinlingensis,0.9391056299209596
NC_028749,taxid_1837343_Paenibacillus_qinlingensis,0.9405576586723328
NC_019401,taxid_1837343_Paenibacillus_qinlingensis,0.9350004196166992
NC_012696,taxid_1837343_Paenibacillus_qinlingensis,0.8511815071105957
NC_030919,taxid_1837343_Paenibacillus_qinlingensis,0.9038493037223816
NC_020847,taxid_398037_Segetibacter_koreensis,0.8531885743141174
NC_020847,GENERO_Segetibacter_670293,0.8531885743141174
NC_020847,taxid_1837343_Paenibacillus_qinlingensis,0.9475885033607484
NC_028655,taxid_1837343_Paenibacillus_qinlingensis,0.8582737445831299
NC_022763,GENERO_Tumebacillus_1229157,0.8568324446678162
NC_022763,GENERO_Tumebacillus_1157490,0.8568324446678162
NC_022763,GENERO_Tumebacillus_363888,0.8568324446678162
NC_022763,taxid_1492898_Flavisolibacter_tropicus,0.8625101447105408
NC_022763,taxid_1837343_Paenibacillus_qinlingensis,0.9532949924468994
NC_022763,taxid_688867_Ohtaekwangia_koreensis,0.8564793467521667
NC_028764,taxid_398037_Segetibacter_koreensis,0.8566973209381104
NC_028764,taxid_1428_Bacillus_thuringiensis,0.8623060584068298
NC_028764,taxid_1737571_Bacillus_oryzisoli,0.8507643342018127
NC_028764,taxid_1396_Bacillus_cereus,0.854482114315033
NC_028764,GENERO_Segetibacter_670293,0.8566973209381104
NC_028764,taxid_1837343_Paenibacillus_qinlingensis,0.944199800491333
NC_027379,GENERO_Flavitalea_708199,0.8627864718437195
NC_027379,taxid_398037_Segetibacter_koreensis,0.877281904220581
NC_027379,taxid_462367_Flavisolibacter_ginsengisoli,0.8528529405593872
NC_027379,GENERO_Flavitalea_796384,0.8627864718437195
NC_027379,taxid_1737571_Bacillus_oryzisoli,0.8696895837783813
NC_027379,GENERO_Ferruginibacter_1310417,0.8627375960350037
NC_027379,taxid_398045_Flavisolibacter_ginsengiterrae,0.8637375831604004
NC_027379,taxid_1813871_Panacibacter_ginsenosidivorans,0.8534180521965027
NC_027379,GENERO_Flavitalea_1892851,0.8627864718437195
NC_027379,taxid_1492898_Flavisolibacter_tropicus,0.8808875679969788
NC_027379,GENERO_Segetibacter_670293,0.877281904220581
NC_027379,taxid_960_Bacteriovorax_stolpii,0.86664879322052
NC_027379,taxid_1837343_Paenibacillus_qinlingensis,0.9522873759269714
NC_027379,taxid_688867_Ohtaekwangia_koreensis,0.8774129152297974
NC_027379,taxid_1478_Peribacillus_simplex,0.859677791595459
NC_027983,GENERO_Tumebacillus_1229157,0.8502641916275024
NC_027983,GENERO_Tumebacillus_1157490,0.8502641916275024
NC_027983,GENERO_Tumebacillus_363888,0.8502641916275024
NC_027983,taxid_1837343_Paenibacillus_qinlingensis,0.9222378134727478
NC_026607,taxid_1837343_Paenibacillus_qinlingensis,0.9166219830513
NC_020081,taxid_1837343_Paenibacillus_qinlingensis,0.9316821694374084
NC_024791,GENERO_Tumebacillus_1229157,0.8523950576782227
NC_024791,GENERO_Tumebacillus_1157490,0.8523950576782227
NC_024791,GENERO_Tumebacillus_363888,0.8523950576782227
NC_024791,taxid_1837343_Paenibacillus_qinlingensis,0.9228345155715942
NC_006883,taxid_1837343_Paenibacillus_qinlingensis,0.9327831268310548
NC_021792,taxid_398037_Segetibacter_koreensis,0.880145788192749
NC_021792,taxid_1428_Bacillus_thuringiensis,0.8740158081054688
NC_021792,taxid_1737571_Bacillus_oryzisoli,0.8730112314224243
NC_021792,taxid_1396_Bacillus_cereus,0.8685609102249146
NC_021792,taxid_1492898_Flavisolibacter_tropicus,0.8578731417655945
NC_021792,GENERO_Segetibacter_670293,0.880145788192749
NC_021792,taxid_1397_Bacillus_circulans,0.8545703887939453
NC_021792,taxid_960_Bacteriovorax_stolpii,0.8608143925666809
NC_021792,taxid_1837343_Paenibacillus_qinlingensis,0.954096257686615
NC_021792,taxid_688867_Ohtaekwangia_koreensis,0.8564378023147583
NC_014635,taxid_1837343_Paenibacillus_qinlingensis,0.8997966647148132
NC_018855,GENERO_Tumebacillus_1229157,0.8538166880607605
NC_018855,GENERO_Tumebacillus_1157490,0.8538166880607605
NC_018855,GENERO_Tumebacillus_363888,0.8538166880607605
NC_018855,taxid_1837343_Paenibacillus_qinlingensis,0.936566174030304
NC_012662,taxid_1837343_Paenibacillus_qinlingensis,0.9195045828819276
NC_020870,taxid_1492898_Flavisolibacter_tropicus,0.8583155274391174
NC_020870,taxid_1837343_Paenibacillus_qinlingensis,0.9402580261230468
NC_020870,taxid_688867_Ohtaekwangia_koreensis,0.8548824787139893
NC_010179,taxid_352858_Bacillus_sp_Y1,0.8553013205528259
NC_010179,GENERO_Flavitalea_708199,0.861579418182373
NC_010179,taxid_398037_Segetibacter_koreensis,0.8907002806663513
NC_010179,taxid_462367_Flavisolibacter_ginsengisoli,0.8523836731910706
NC_010179,GENERO_Flavitalea_796384,0.861579418182373
NC_010179,taxid_1428_Bacillus_thuringiensis,0.8670942783355713
NC_010179,taxid_1737571_Bacillus_oryzisoli,0.8851433396339417
NC_010179,GENERO_Ferruginibacter_1310417,0.8656906485557556
NC_010179,taxid_1404_Bacillus_megaterium,0.8549807071685791
NC_010179,taxid_398045_Flavisolibacter_ginsengiterrae,0.8626106977462769
NC_010179,taxid_1396_Bacillus_cereus,0.8649420738220215
NC_010179,taxid_1813871_Panacibacter_ginsenosidivorans,0.8625361323356628
NC_010179,GENERO_Flavitalea_1892851,0.861579418182373
NC_010179,taxid_1492898_Flavisolibacter_tropicus,0.8818461298942566
NC_010179,GENERO_Segetibacter_670293,0.8907002806663513
NC_010179,taxid_960_Bacteriovorax_stolpii,0.8781368732452393
NC_010179,taxid_1837343_Paenibacillus_qinlingensis,0.9574520587921144
NC_010179,taxid_688867_Ohtaekwangia_koreensis,0.8795487284660339
NC_010179,taxid_1478_Peribacillus_simplex,0.8678856492042542
NC_031070,taxid_1837343_Paenibacillus_qinlingensis,0.9447688460350036
NC_016567,taxid_1837343_Paenibacillus_qinlingensis,0.907297909259796
NC_028898,taxid_1492898_Flavisolibacter_tropicus,0.8628151416778564
NC_028898,taxid_1837343_Paenibacillus_qinlingensis,0.9429927468299866
NC_028898,taxid_688867_Ohtaekwangia_koreensis,0.8586433529853821
NC_028916,GENERO_Flavitalea_708199,0.8574522733688354
NC_028916,taxid_398037_Segetibacter_koreensis,0.8693528175354004
NC_028916,GENERO_Flavitalea_796384,0.8574522733688354
NC_028916,taxid_1737571_Bacillus_oryzisoli,0.8611822724342346
NC_028916,GENERO_Ferruginibacter_1310417,0.8559456467628479
NC_028916,taxid_398045_Flavisolibacter_ginsengiterrae,0.8576850891113281
NC_028916,GENERO_Flavitalea_1892851,0.8574522733688354
NC_028916,taxid_1492898_Flavisolibacter_tropicus,0.8761284947395325
NC_028916,GENERO_Segetibacter_670293,0.8693528175354004
NC_028916,taxid_960_Bacteriovorax_stolpii,0.8583601713180542
NC_028916,taxid_1837343_Paenibacillus_qinlingensis,0.95068621635437
NC_028916,taxid_688867_Ohtaekwangia_koreensis,0.8724557757377625
NC_028916,taxid_1478_Peribacillus_simplex,0.8509485125541687
NC_021337,taxid_1837343_Paenibacillus_qinlingensis,0.924978733062744
NC_021790,taxid_398037_Segetibacter_koreensis,0.8765867948532104
NC_021790,taxid_1428_Bacillus_thuringiensis,0.8735477924346924
NC_021790,taxid_1737571_Bacillus_oryzisoli,0.8711217641830444
NC_021790,taxid_1396_Bacillus_cereus,0.8680058121681213
NC_021790,taxid_1492898_Flavisolibacter_tropicus,0.8529362678527832
NC_021790,GENERO_Segetibacter_670293,0.8765867948532104
NC_021790,taxid_1397_Bacillus_circulans,0.8533777594566345
NC_021790,taxid_960_Bacteriovorax_stolpii,0.856378436088562
NC_021790,taxid_1837343_Paenibacillus_qinlingensis,0.9477882981300354
NC_021790,taxid_688867_Ohtaekwangia_koreensis,0.8513655066490173
NC_027297,GENERO_Tumebacillus_1229157,0.8707587718963623
NC_027297,GENERO_Tumebacillus_1157490,0.8707587718963623
NC_027297,GENERO_Tumebacillus_363888,0.8707587718963623
NC_027297,taxid_1837343_Paenibacillus_qinlingensis,0.9345430731773376
NC_021776,GENERO_Tumebacillus_1229157,0.8630054593086243
NC_021776,GENERO_Tumebacillus_1157490,0.8630054593086243
NC_021776,GENERO_Tumebacillus_363888,0.8630054593086243
NC_021776,taxid_1837343_Paenibacillus_qinlingensis,0.9399482011795044
NC_005859,GENERO_Tumebacillus_1229157,0.8580535650253296
NC_005859,GENERO_Tumebacillus_1157490,0.8580535650253296
NC_005859,GENERO_Tumebacillus_363888,0.8580535650253296
NC_005859,taxid_1837343_Paenibacillus_qinlingensis,0.9335577487945556
NC_031012,taxid_1837343_Paenibacillus_qinlingensis,0.9419831037521362
NC_002661,taxid_1837343_Paenibacillus_qinlingensis,0.9389345049858092
NC_023715,taxid_1837343_Paenibacillus_qinlingensis,0.9014021754264832
NC_019525,taxid_1492898_Flavisolibacter_tropicus,0.8594779372215271
NC_019525,taxid_1837343_Paenibacillus_qinlingensis,0.9418368339538574
NC_019525,taxid_688867_Ohtaekwangia_koreensis,0.8549401760101318
NC_014661,taxid_1837343_Paenibacillus_qinlingensis,0.905853271484375
NC_013597,taxid_1837343_Paenibacillus_qinlingensis,0.9307600259780884
NC_029071,taxid_1837343_Paenibacillus_qinlingensis,0.9060564041137696
NC_021778,taxid_1492898_Flavisolibacter_tropicus,0.8621835708618164
NC_021778,taxid_1837343_Paenibacillus_qinlingensis,0.9435905814170836
NC_021778,taxid_688867_Ohtaekwangia_koreensis,0.8584862351417542
NC_029047,taxid_1837343_Paenibacillus_qinlingensis,0.8828688263893127
NC_007048,taxid_398037_Segetibacter_koreensis,0.8597159385681152
NC_007048,taxid_1428_Bacillus_thuringiensis,0.8570041060447693
NC_007048,taxid_1737571_Bacillus_oryzisoli,0.8540067076683044
NC_007048,taxid_1396_Bacillus_cereus,0.8507189750671387
NC_007048,GENERO_Segetibacter_670293,0.8597159385681152
NC_007048,taxid_1837343_Paenibacillus_qinlingensis,0.943580687046051
NC_004745,taxid_1837343_Paenibacillus_qinlingensis,0.8579535484313965
NC_005841,taxid_1837343_Paenibacillus_qinlingensis,0.8964122533798218
NC_002014,taxid_1492898_Flavisolibacter_tropicus,0.8574215769767761
NC_002014,taxid_1837343_Paenibacillus_qinlingensis,0.9338653683662416
NC_002014,taxid_688867_Ohtaekwangia_koreensis,0.8503692150115967
NC_022090,taxid_398037_Segetibacter_koreensis,0.8602365851402283
NC_022090,taxid_1428_Bacillus_thuringiensis,0.8603107333183289
NC_022090,taxid_1737571_Bacillus_oryzisoli,0.852703332901001
NC_022090,taxid_1396_Bacillus_cereus,0.8535878658294678
NC_022090,GENERO_Segetibacter_670293,0.8602365851402283
NC_022090,taxid_1837343_Paenibacillus_qinlingensis,0.9457635879516602
NC_024134,taxid_1837343_Paenibacillus_qinlingensis,0.8979350328445435
NC_009813,taxid_1837343_Paenibacillus_qinlingensis,0.928350865840912
NC_008722,taxid_398037_Segetibacter_koreensis,0.8555520176887512
NC_008722,taxid_1428_Bacillus_thuringiensis,0.8506725430488586
NC_008722,GENERO_Segetibacter_670293,0.8555520176887512
NC_008722,taxid_1837343_Paenibacillus_qinlingensis,0.9415563344955444
NC_031011,taxid_1837343_Paenibacillus_qinlingensis,0.9181538224220276
NC_023593,taxid_1837343_Paenibacillus_qinlingensis,0.9013970494270324
NC_022765,taxid_1837343_Paenibacillus_qinlingensis,0.9404178261756896
NC_031024,taxid_1837343_Paenibacillus_qinlingensis,0.9407556653022766
NC_001954,taxid_1837343_Paenibacillus_qinlingensis,0.9261676669120787
NC_027997,taxid_398037_Segetibacter_koreensis,0.868847131729126
NC_027997,taxid_1428_Bacillus_thuringiensis,0.8680582642555237
NC_027997,taxid_1737571_Bacillus_oryzisoli,0.861882746219635
NC_027997,taxid_1396_Bacillus_cereus,0.8622524738311768
NC_027997,GENERO_Segetibacter_670293,0.868847131729126
NC_027997,taxid_1837343_Paenibacillus_qinlingensis,0.94695246219635
NC_010147,taxid_1837343_Paenibacillus_qinlingensis,0.9342750310897828
NC_021312,taxid_1837343_Paenibacillus_qinlingensis,0.9215775728225708
NC_025424,GENERO_Tumebacillus_1229157,0.855241060256958
NC_025424,GENERO_Flavitalea_708199,0.8624700307846069
NC_025424,taxid_398037_Segetibacter_koreensis,0.868340253829956
NC_025424,GENERO_Flavitalea_796384,0.8624700307846069
NC_025424,GENERO_Tumebacillus_1157490,0.855241060256958
NC_025424,taxid_1737571_Bacillus_oryzisoli,0.8612184524536133
NC_025424,GENERO_Ferruginibacter_1310417,0.8576656579971313
NC_025424,taxid_398045_Flavisolibacter_ginsengiterrae,0.860377311706543
NC_025424,GENERO_Tumebacillus_363888,0.855241060256958
NC_025424,GENERO_Flavitalea_1892851,0.8624700307846069
NC_025424,taxid_1492898_Flavisolibacter_tropicus,0.8815225958824158
NC_025424,GENERO_Segetibacter_670293,0.868340253829956
NC_025424,taxid_960_Bacteriovorax_stolpii,0.8592463135719299
NC_025424,taxid_1837343_Paenibacillus_qinlingensis,0.9567009210586548
NC_025424,taxid_688867_Ohtaekwangia_koreensis,0.8775139451026917
NC_025424,taxid_1478_Peribacillus_simplex,0.8523775339126587
NC_007054,taxid_398037_Segetibacter_koreensis,0.86857670545578
NC_007054,taxid_1428_Bacillus_thuringiensis,0.8638504147529602
NC_007054,taxid_1737571_Bacillus_oryzisoli,0.862978458404541
NC_007054,taxid_1396_Bacillus_cereus,0.8583243489265442
NC_007054,GENERO_Segetibacter_670293,0.86857670545578
NC_007054,taxid_1837343_Paenibacillus_qinlingensis,0.944374144077301
NC_024382,taxid_1837343_Paenibacillus_qinlingensis,0.8502375483512878
NC_011104,taxid_1837343_Paenibacillus_qinlingensis,0.9168165326118468
NC_011398,taxid_398037_Segetibacter_koreensis,0.8611359596252441
NC_011398,taxid_1428_Bacillus_thuringiensis,0.8632363677024841
NC_011398,taxid_1737571_Bacillus_oryzisoli,0.8551403880119324
NC_011398,taxid_1396_Bacillus_cereus,0.8567468523979187
NC_011398,GENERO_Segetibacter_670293,0.8611359596252441
NC_011398,taxid_1837343_Paenibacillus_qinlingensis,0.9429835081100464
NC_013647,taxid_1837343_Paenibacillus_qinlingensis,0.851396918296814
NC_025465,taxid_352858_Bacillus_sp_Y1,0.858252227306366
NC_025465,GENERO_Flavitalea_708199,0.8618487119674683
NC_025465,taxid_398037_Segetibacter_koreensis,0.8913576006889343
NC_025465,taxid_462367_Flavisolibacter_ginsengisoli,0.8533408045768738
NC_025465,GENERO_Flavitalea_796384,0.8618487119674683
NC_025465,taxid_1428_Bacillus_thuringiensis,0.8780093789100647
NC_025465,taxid_1737571_Bacillus_oryzisoli,0.887625515460968
NC_025465,GENERO_Ferruginibacter_1310417,0.8645995855331421
NC_025465,taxid_1404_Bacillus_megaterium,0.8592541813850403
NC_025465,taxid_398045_Flavisolibacter_ginsengiterrae,0.8635146021842957
NC_025465,taxid_228899_Peribacillus_asahii,0.8520880341529846
NC_025465,taxid_1396_Bacillus_cereus,0.8747093677520752
NC_025465,taxid_1813871_Panacibacter_ginsenosidivorans,0.8639814257621765
NC_025465,GENERO_Flavitalea_1892851,0.8618487119674683
NC_025465,taxid_1492898_Flavisolibacter_tropicus,0.8829944729804993
NC_025465,GENERO_Segetibacter_670293,0.8913576006889343
NC_025465,taxid_1397_Bacillus_circulans,0.8547865748405457
NC_025465,taxid_960_Bacteriovorax_stolpii,0.8785658478736877
NC_025465,taxid_1837343_Paenibacillus_qinlingensis,0.9610275626182556
NC_025465,taxid_688867_Ohtaekwangia_koreensis,0.8799406290054321
NC_025465,taxid_1478_Peribacillus_simplex,0.869402289390564
NC_031087,taxid_1837343_Paenibacillus_qinlingensis,0.899221658706665
NC_029081,taxid_1837343_Paenibacillus_qinlingensis,0.8925507664680481
NC_005282,taxid_1492898_Flavisolibacter_tropicus,0.8592629432678223
NC_005282,taxid_1837343_Paenibacillus_qinlingensis,0.9454808831214904
NC_005282,taxid_688867_Ohtaekwangia_koreensis,0.8536356091499329
NC_000871,taxid_666686_Bacillus_sp_1NLA3E,0.8593446612358093
NC_000871,taxid_486398_Bacillus_sp_S3,0.8515216708183289
NC_000871,taxid_352858_Bacillus_sp_Y1,0.8762484788894653
NC_000871,GENERO_Flavitalea_708199,0.8737155795097351
NC_000871,taxid_398037_Segetibacter_koreensis,0.9069904685020448
NC_000871,taxid_462367_Flavisolibacter_ginsengisoli,0.8670696020126343
NC_000871,GENERO_Flavitalea_796384,0.8737155795097351
NC_000871,taxid_1428_Bacillus_thuringiensis,0.8915544152259827
NC_000871,taxid_1737571_Bacillus_oryzisoli,0.9023664593696594
NC_000871,GENERO_Ferruginibacter_1310417,0.8783939480781555
NC_000871,taxid_1404_Bacillus_megaterium,0.8765201568603516
NC_000871,taxid_398045_Flavisolibacter_ginsengiterrae,0.8755748867988586
NC_000871,taxid_228899_Peribacillus_asahii,0.8743472099304199
NC_000871,taxid_1396_Bacillus_cereus,0.8896928429603577
NC_000871,taxid_1813871_Panacibacter_ginsenosidivorans,0.8823566436767578
NC_000871,GENERO_Flavitalea_1892851,0.8737155795097351
NC_000871,taxid_1492898_Flavisolibacter_tropicus,0.8913242220878601
NC_000871,GENERO_Segetibacter_670293,0.9069904685020448
NC_000871,GENERO_Daejeonella_990371,0.8605737686157227
NC_000871,taxid_1397_Bacillus_circulans,0.8681731820106506
NC_000871,taxid_960_Bacteriovorax_stolpii,0.8909150958061218
NC_000871,taxid_1837343_Paenibacillus_qinlingensis,0.9565654993057252
NC_000871,taxid_688867_Ohtaekwangia_koreensis,0.8893488645553589
NC_000871,taxid_1478_Peribacillus_simplex,0.8844456672668457
NC_005822,taxid_398037_Segetibacter_koreensis,0.8769999742507935
NC_005822,taxid_1428_Bacillus_thuringiensis,0.8576796650886536
NC_005822,taxid_1737571_Bacillus_oryzisoli,0.8702201247215271
NC_005822,taxid_1396_Bacillus_cereus,0.8542624711990356
NC_005822,taxid_1492898_Flavisolibacter_tropicus,0.8568001389503479
NC_005822,GENERO_Segetibacter_670293,0.8769999742507935
NC_005822,taxid_960_Bacteriovorax_stolpii,0.8562333583831787
NC_005822,taxid_1837343_Paenibacillus_qinlingensis,0.9438607692718506
NC_005822,taxid_688867_Ohtaekwangia_koreensis,0.8549339175224304
NC_028697,taxid_352858_Bacillus_sp_Y1,0.8619911074638367
NC_028697,GENERO_Flavitalea_708199,0.8660098910331726
NC_028697,taxid_398037_Segetibacter_koreensis,0.8950435519218445
NC_028697,taxid_462367_Flavisolibacter_ginsengisoli,0.8587196469306946
NC_028697,GENERO_Flavitalea_796384,0.8660098910331726
NC_028697,taxid_1428_Bacillus_thuringiensis,0.8703470230102539
NC_028697,taxid_1737571_Bacillus_oryzisoli,0.8891035318374634
NC_028697,GENERO_Ferruginibacter_1310417,0.8702052235603333
NC_028697,taxid_1404_Bacillus_megaterium,0.8600110411643982
NC_028697,taxid_398045_Flavisolibacter_ginsengiterrae,0.8677095174789429
NC_028697,taxid_228899_Peribacillus_asahii,0.8558177351951599
NC_028697,taxid_1396_Bacillus_cereus,0.8688931465148926
NC_028697,taxid_1813871_Panacibacter_ginsenosidivorans,0.8702160716056824
NC_028697,GENERO_Flavitalea_1892851,0.8660098910331726
NC_028697,taxid_1492898_Flavisolibacter_tropicus,0.8838850855827332
NC_028697,GENERO_Segetibacter_670293,0.8950435519218445
NC_028697,GENERO_Daejeonella_990371,0.8525285124778748
NC_028697,taxid_960_Bacteriovorax_stolpii,0.8805995583534241
NC_028697,taxid_1837343_Paenibacillus_qinlingensis,0.9525101184844972
NC_028697,taxid_688867_Ohtaekwangia_koreensis,0.8813016414642334
NC_028697,taxid_1478_Peribacillus_simplex,0.8741151094436646
NC_028983,taxid_1837343_Paenibacillus_qinlingensis,0.9298911094665528
NC_029014,taxid_1837343_Paenibacillus_qinlingensis,0.9085142016410828
MH651172,taxid_1837343_Paenibacillus_qinlingensis,0.8532559275627136
NC_002666,taxid_398037_Segetibacter_koreensis,0.8622041344642639
NC_002666,taxid_1737571_Bacillus_oryzisoli,0.8547234535217285
NC_002666,GENERO_Segetibacter_670293,0.8622041344642639
NC_002666,taxid_1837343_Paenibacillus_qinlingensis,0.9437407851219176
NC_031015,taxid_1837343_Paenibacillus_qinlingensis,0.9299644827842712
NC_031026,GENERO_Tumebacillus_1229157,0.8582015037536621
NC_031026,GENERO_Tumebacillus_1157490,0.8582015037536621
NC_031026,GENERO_Tumebacillus_363888,0.8582015037536621
NC_031026,taxid_1837343_Paenibacillus_qinlingensis,0.9290937185287476
NC_002072,taxid_352858_Bacillus_sp_Y1,0.8500822186470032
NC_002072,GENERO_Flavitalea_708199,0.8669612407684326
NC_002072,taxid_398037_Segetibacter_koreensis,0.8864451050758362
NC_002072,taxid_462367_Flavisolibacter_ginsengisoli,0.8586026430130005
NC_002072,GENERO_Flavitalea_796384,0.8669612407684326
NC_002072,taxid_1428_Bacillus_thuringiensis,0.8551130890846252
NC_002072,taxid_1737571_Bacillus_oryzisoli,0.8793467879295349
NC_002072,GENERO_Ferruginibacter_1310417,0.8690780997276306
NC_002072,taxid_398045_Flavisolibacter_ginsengiterrae,0.8681524991989136
NC_002072,taxid_1396_Bacillus_cereus,0.8535478711128235
NC_002072,taxid_1813871_Panacibacter_ginsenosidivorans,0.8614763617515564
NC_002072,GENERO_Flavitalea_1892851,0.8669612407684326
NC_002072,taxid_1492898_Flavisolibacter_tropicus,0.8842012882232666
NC_002072,GENERO_Segetibacter_670293,0.8864451050758362
NC_002072,GENERO_Daejeonella_990371,0.8536363840103149
NC_002072,taxid_960_Bacteriovorax_stolpii,0.8765155673027039
NC_002072,taxid_1837343_Paenibacillus_qinlingensis,0.9533911943435668
NC_002072,taxid_688867_Ohtaekwangia_koreensis,0.8816238641738892
NC_002072,taxid_1478_Peribacillus_simplex,0.8685033321380615
NC_009819,GENERO_Flavitalea_708199,0.8629837036132812
NC_009819,taxid_398037_Segetibacter_koreensis,0.8825294375419617
NC_009819,taxid_462367_Flavisolibacter_ginsengisoli,0.8552014827728271
NC_009819,GENERO_Flavitalea_796384,0.8629837036132812
NC_009819,taxid_1428_Bacillus_thuringiensis,0.8555498123168945
NC_009819,taxid_1737571_Bacillus_oryzisoli,0.8759042620658875
NC_009819,GENERO_Ferruginibacter_1310417,0.8655007481575012
NC_009819,taxid_398045_Flavisolibacter_ginsengiterrae,0.8644827604293823
NC_009819,taxid_1396_Bacillus_cereus,0.8530754446983337
NC_009819,taxid_1813871_Panacibacter_ginsenosidivorans,0.8581848740577698
NC_009819,GENERO_Flavitalea_1892851,0.8629837036132812
NC_009819,taxid_1492898_Flavisolibacter_tropicus,0.881187379360199
NC_009819,GENERO_Segetibacter_670293,0.8825294375419617
NC_009819,taxid_960_Bacteriovorax_stolpii,0.872718870639801
NC_009819,taxid_1837343_Paenibacillus_qinlingensis,0.954179584980011
NC_009819,taxid_688867_Ohtaekwangia_koreensis,0.8784000277519226
NC_009819,taxid_1478_Peribacillus_simplex,0.8654444217681885
NC_004821,taxid_1837343_Paenibacillus_qinlingensis,0.9384180307388306
NC_030934,taxid_1837343_Paenibacillus_qinlingensis,0.9024336338043212
NC_023499,taxid_1837343_Paenibacillus_qinlingensis,0.938748300075531
NC_003793,taxid_1837343_Paenibacillus_qinlingensis,0.8756222128868103
NC_013646,taxid_398037_Segetibacter_koreensis,0.8590514063835144
NC_013646,taxid_1737571_Bacillus_oryzisoli,0.8527106046676636
NC_013646,GENERO_Segetibacter_670293,0.8590514063835144
NC_013646,taxid_1837343_Paenibacillus_qinlingensis,0.945453405380249
NC_028841,taxid_1837343_Paenibacillus_qinlingensis,0.93174546957016
NC_020481,taxid_398037_Segetibacter_koreensis,0.8570727109909058
NC_020481,taxid_1428_Bacillus_thuringiensis,0.8589190244674683
NC_020481,taxid_1737571_Bacillus_oryzisoli,0.8512861728668213
NC_020481,taxid_1396_Bacillus_cereus,0.8517306447029114
NC_020481,GENERO_Segetibacter_670293,0.8570727109909058
NC_020481,taxid_1837343_Paenibacillus_qinlingensis,0.9442498683929444
NC_031013,taxid_398037_Segetibacter_koreensis,0.8686204552650452
NC_031013,taxid_1737571_Bacillus_oryzisoli,0.8619158267974854
NC_031013,taxid_1492898_Flavisolibacter_tropicus,0.8542478680610657
NC_031013,GENERO_Segetibacter_670293,0.8686204552650452
NC_031013,taxid_960_Bacteriovorax_stolpii,0.8533284664154053
NC_031013,taxid_1837343_Paenibacillus_qinlingensis,0.9442705512046814
NC_031013,taxid_688867_Ohtaekwangia_koreensis,0.852434515953064
NC_025422,taxid_1837343_Paenibacillus_qinlingensis,0.9101009368896484
NC_025461,taxid_1837343_Paenibacillus_qinlingensis,0.885019063949585
NC_031019,taxid_1837343_Paenibacillus_qinlingensis,0.8946701288223267
NC_004813,taxid_1837343_Paenibacillus_qinlingensis,0.866319477558136
MH576968,taxid_1837343_Paenibacillus_qinlingensis,0.8707252740859985
NC_023599,taxid_398037_Segetibacter_koreensis,0.8780027031898499
NC_023599,taxid_1428_Bacillus_thuringiensis,0.8688241243362427
NC_023599,taxid_1737571_Bacillus_oryzisoli,0.8724285364151001
NC_023599,taxid_1396_Bacillus_cereus,0.8640508055686951
NC_023599,taxid_1492898_Flavisolibacter_tropicus,0.8545156717300415
NC_023599,GENERO_Segetibacter_670293,0.8780027031898499
NC_023599,taxid_960_Bacteriovorax_stolpii,0.8561141490936279
NC_023599,taxid_1837343_Paenibacillus_qinlingensis,0.9475427269935608
NC_023599,taxid_688867_Ohtaekwangia_koreensis,0.8524621725082397
NC_030910,taxid_1837343_Paenibacillus_qinlingensis,0.861812949180603
NC_011222,taxid_398037_Segetibacter_koreensis,0.8680670261383057
NC_011222,taxid_1737571_Bacillus_oryzisoli,0.8611931800842285
NC_011222,GENERO_Segetibacter_670293,0.8680670261383057
NC_011222,taxid_1837343_Paenibacillus_qinlingensis,0.9397771954536438
NC_015938,taxid_1837343_Paenibacillus_qinlingensis,0.8787221908569336
NC_019507,taxid_398037_Segetibacter_koreensis,0.861971914768219
NC_019507,taxid_1428_Bacillus_thuringiensis,0.8557053804397583
NC_019507,taxid_1737571_Bacillus_oryzisoli,0.8591387867927551
NC_019507,GENERO_Segetibacter_670293,0.861971914768219
NC_019507,taxid_1837343_Paenibacillus_qinlingensis,0.9467201828956604
NC_019523,taxid_1837343_Paenibacillus_qinlingensis,0.9256184697151184
NC_019505,taxid_1837343_Paenibacillus_qinlingensis,0.920343816280365
NC_020849,GENERO_Tumebacillus_1229157,0.8680351972579956
NC_020849,GENERO_Flavitalea_708199,0.8608775734901428
NC_020849,taxid_398037_Segetibacter_koreensis,0.8593184947967529
NC_020849,GENERO_Flavitalea_796384,0.8608775734901428
NC_020849,GENERO_Tumebacillus_1157490,0.8680351972579956
NC_020849,taxid_1737571_Bacillus_oryzisoli,0.8503211736679077
NC_020849,GENERO_Ferruginibacter_1310417,0.8512110114097595
NC_020849,taxid_398045_Flavisolibacter_ginsengiterrae,0.856224000453949
NC_020849,GENERO_Tumebacillus_363888,0.8680351972579956
NC_020849,GENERO_Flavitalea_1892851,0.8608775734901428
NC_020849,taxid_1492898_Flavisolibacter_tropicus,0.8812296390533447
NC_020849,GENERO_Segetibacter_670293,0.8593184947967529
NC_020849,taxid_960_Bacteriovorax_stolpii,0.850378155708313
NC_020849,taxid_1837343_Paenibacillus_qinlingensis,0.9560729265213012
NC_020849,taxid_688867_Ohtaekwangia_koreensis,0.8761991262435913
NC_002670,taxid_398037_Segetibacter_koreensis,0.8692141175270081
NC_002670,taxid_1428_Bacillus_thuringiensis,0.8655765652656555
NC_002670,taxid_1737571_Bacillus_oryzisoli,0.8641554713249207
NC_002670,taxid_1396_Bacillus_cereus,0.86036616563797
NC_002670,GENERO_Segetibacter_670293,0.8692141175270081
NC_002670,taxid_1837343_Paenibacillus_qinlingensis,0.9431042671203612
NC_019489,taxid_1492898_Flavisolibacter_tropicus,0.8657055497169495
NC_019489,taxid_1837343_Paenibacillus_qinlingensis,0.9462149143218994
NC_019489,taxid_688867_Ohtaekwangia_koreensis,0.8601745367050171
NC_031117,taxid_1492898_Flavisolibacter_tropicus,0.8585193753242493
NC_031117,taxid_1837343_Paenibacillus_qinlingensis,0.947318434715271
NC_031117,taxid_688867_Ohtaekwangia_koreensis,0.8548054099082947
NC_009812,taxid_398037_Segetibacter_koreensis,0.8777563571929932
NC_009812,taxid_1428_Bacillus_thuringiensis,0.8636740446090698
NC_009812,taxid_1737571_Bacillus_oryzisoli,0.8712285757064819
NC_009812,taxid_1396_Bacillus_cereus,0.8601570725440979
NC_009812,taxid_1492898_Flavisolibacter_tropicus,0.8572276830673218
NC_009812,GENERO_Segetibacter_670293,0.8777563571929932
NC_009812,taxid_960_Bacteriovorax_stolpii,0.8574711680412292
NC_009812,taxid_1837343_Paenibacillus_qinlingensis,0.9480692744255066
NC_009812,taxid_688867_Ohtaekwangia_koreensis,0.8557298183441162
NC_008152,GENERO_Tumebacillus_1229157,0.8586853742599487
NC_008152,GENERO_Tumebacillus_1157490,0.8586853742599487
NC_008152,GENERO_Tumebacillus_363888,0.8586853742599487
NC_008152,taxid_1837343_Paenibacillus_qinlingensis,0.930635392665863
NC_031908,GENERO_Tumebacillus_1229157,0.8512546420097351
NC_031908,GENERO_Tumebacillus_1157490,0.8512546420097351
NC_031908,GENERO_Tumebacillus_363888,0.8512546420097351
NC_031908,taxid_1492898_Flavisolibacter_tropicus,0.8562890887260437
NC_031908,taxid_1837343_Paenibacillus_qinlingensis,0.9440404772758484
NC_031908,taxid_688867_Ohtaekwangia_koreensis,0.8504821062088013
NC_028854,taxid_1837343_Paenibacillus_qinlingensis,0.9269691109657288
NC_024385,taxid_1492898_Flavisolibacter_tropicus,0.8550957441329956
NC_024385,taxid_1837343_Paenibacillus_qinlingensis,0.9378349184989928
NC_024385,taxid_688867_Ohtaekwangia_koreensis,0.8517444729804993
NC_007917,taxid_398037_Segetibacter_koreensis,0.8505964875221252
NC_007917,taxid_1428_Bacillus_thuringiensis,0.8586102724075317
NC_007917,taxid_1396_Bacillus_cereus,0.8509635329246521
NC_007917,GENERO_Segetibacter_670293,0.8505964875221252
NC_007917,taxid_1837343_Paenibacillus_qinlingensis,0.9451578855514526
NC_028767,taxid_1837343_Paenibacillus_qinlingensis,0.9310095310211182
NC_019490,GENERO_Flavitalea_708199,0.8506068587303162
NC_019490,taxid_398037_Segetibacter_koreensis,0.8832864761352539
NC_019490,GENERO_Flavitalea_796384,0.8506068587303162
NC_019490,taxid_1428_Bacillus_thuringiensis,0.8675614595413208
NC_019490,taxid_1737571_Bacillus_oryzisoli,0.8777329325675964
NC_019490,GENERO_Ferruginibacter_1310417,0.8552384376525879
NC_019490,taxid_1404_Bacillus_megaterium,0.8508418202400208
NC_019490,taxid_398045_Flavisolibacter_ginsengiterrae,0.8521171808242798
NC_019490,taxid_1396_Bacillus_cereus,0.8645968437194824
NC_019490,taxid_1813871_Panacibacter_ginsenosidivorans,0.8557016849517822
NC_019490,GENERO_Flavitalea_1892851,0.8506068587303162
NC_019490,taxid_1492898_Flavisolibacter_tropicus,0.8716532588005066
NC_019490,GENERO_Segetibacter_670293,0.8832864761352539
NC_019490,taxid_960_Bacteriovorax_stolpii,0.8683149218559265
NC_019490,taxid_1837343_Paenibacillus_qinlingensis,0.95489102602005
NC_019490,taxid_688867_Ohtaekwangia_koreensis,0.8696092963218689
NC_019490,taxid_1478_Peribacillus_simplex,0.857780933380127
NC_026242,taxid_1837343_Paenibacillus_qinlingensis,0.9063473343849182
NC_008694,taxid_1837343_Paenibacillus_qinlingensis,0.9020256996154784
NC_000896,GENERO_Flavitalea_708199,0.8535670638084412
NC_000896,taxid_398037_Segetibacter_koreensis,0.8796900510787964
NC_000896,GENERO_Flavitalea_796384,0.8535670638084412
NC_000896,taxid_1737571_Bacillus_oryzisoli,0.8704718351364136
NC_000896,GENERO_Ferruginibacter_1310417,0.8563268780708313
NC_000896,taxid_398045_Flavisolibacter_ginsengiterrae,0.8547955751419067
NC_000896,taxid_1813871_Panacibacter_ginsenosidivorans,0.8513421416282654
NC_000896,GENERO_Flavitalea_1892851,0.8535670638084412
NC_000896,taxid_1492898_Flavisolibacter_tropicus,0.8744814991950989
NC_000896,GENERO_Segetibacter_670293,0.8796900510787964
NC_000896,taxid_960_Bacteriovorax_stolpii,0.8679586052894592
NC_000896,taxid_1837343_Paenibacillus_qinlingensis,0.9532535076141356
NC_000896,taxid_688867_Ohtaekwangia_koreensis,0.871769368648529
NC_000896,taxid_1478_Peribacillus_simplex,0.8571053743362427
NC_031037,taxid_1837343_Paenibacillus_qinlingensis,0.942572832107544
NC_022769,GENERO_Tumebacillus_1229157,0.8522562384605408
NC_022769,GENERO_Tumebacillus_1157490,0.8522562384605408
NC_022769,GENERO_Tumebacillus_363888,0.8522562384605408
NC_022769,taxid_1492898_Flavisolibacter_tropicus,0.850317120552063
NC_022769,taxid_1837343_Paenibacillus_qinlingensis,0.9498119354248048
NC_007808,GENERO_Tumebacillus_1229157,0.8661609888076782
NC_007808,GENERO_Tumebacillus_1157490,0.8661609888076782
NC_007808,GENERO_Tumebacillus_363888,0.8661609888076782
NC_007808,taxid_1837343_Paenibacillus_qinlingensis,0.9305569529533386
NC_019496,taxid_1428_Bacillus_thuringiensis,0.8518643379211426
NC_019496,taxid_1837343_Paenibacillus_qinlingensis,0.9416175484657288
NC_021864,taxid_1837343_Paenibacillus_qinlingensis,0.9121867418289183
NC_028762,taxid_1837343_Paenibacillus_qinlingensis,0.9416236877441406
NC_019916,taxid_1837343_Paenibacillus_qinlingensis,0.8973983526229858
NC_018273,taxid_1492898_Flavisolibacter_tropicus,0.8564918637275696
NC_018273,taxid_1837343_Paenibacillus_qinlingensis,0.9407077431678772
NC_018273,taxid_688867_Ohtaekwangia_koreensis,0.8536666035652161
NC_024388,taxid_398037_Segetibacter_koreensis,0.8564471006393433
NC_024388,taxid_1737571_Bacillus_oryzisoli,0.8503568768501282
NC_024388,GENERO_Segetibacter_670293,0.8564471006393433
NC_024388,taxid_1837343_Paenibacillus_qinlingensis,0.9443361759185792
NC_020482,taxid_1428_Bacillus_thuringiensis,0.8502283692359924
NC_020482,taxid_1837343_Paenibacillus_qinlingensis,0.9330543279647828
NC_020878,taxid_1837343_Paenibacillus_qinlingensis,0.9451172947883606
NC_005260,taxid_1837343_Paenibacillus_qinlingensis,0.8704817295074463
NC_029022,taxid_1837343_Paenibacillus_qinlingensis,0.9393731355667114
NC_003524,taxid_1837343_Paenibacillus_qinlingensis,0.921707272529602
NC_007807,taxid_1492898_Flavisolibacter_tropicus,0.8574603199958801
NC_007807,taxid_1837343_Paenibacillus_qinlingensis,0.9400269985198976
NC_007807,taxid_688867_Ohtaekwangia_koreensis,0.8519729971885681
NC_018277,taxid_398037_Segetibacter_koreensis,0.8883354663848877
NC_018277,taxid_1428_Bacillus_thuringiensis,0.8724109530448914
NC_018277,taxid_1737571_Bacillus_oryzisoli,0.8815897107124329
NC_018277,GENERO_Ferruginibacter_1310417,0.8527531623840332
NC_018277,taxid_1396_Bacillus_cereus,0.8689348697662354
NC_018277,taxid_1813871_Panacibacter_ginsenosidivorans,0.8566861152648926
NC_018277,taxid_1492898_Flavisolibacter_tropicus,0.8695665597915649
NC_018277,GENERO_Segetibacter_670293,0.8883354663848877
NC_018277,taxid_960_Bacteriovorax_stolpii,0.8688855767250061
NC_018277,taxid_1837343_Paenibacillus_qinlingensis,0.952992856502533
NC_018277,taxid_688867_Ohtaekwangia_koreensis,0.8676878809928894
NC_018277,taxid_1478_Peribacillus_simplex,0.8581783771514893
NC_008367,taxid_1837343_Paenibacillus_qinlingensis,0.8821007609367371
NC_007061,taxid_398037_Segetibacter_koreensis,0.8674408197402954
NC_007061,taxid_1428_Bacillus_thuringiensis,0.8568504452705383
NC_007061,taxid_1737571_Bacillus_oryzisoli,0.860516369342804
NC_007061,taxid_1396_Bacillus_cereus,0.851559579372406
NC_007061,GENERO_Segetibacter_670293,0.8674408197402954
NC_007061,taxid_1837343_Paenibacillus_qinlingensis,0.9432284832000732
NC_015274,GENERO_Flavitalea_708199,0.854901134967804
NC_015274,taxid_398037_Segetibacter_koreensis,0.861993134021759
NC_015274,GENERO_Flavitalea_796384,0.854901134967804
NC_015274,taxid_1737571_Bacillus_oryzisoli,0.853725790977478
NC_015274,taxid_398045_Flavisolibacter_ginsengiterrae,0.8536913990974426
NC_015274,GENERO_Flavitalea_1892851,0.854901134967804
NC_015274,taxid_1492898_Flavisolibacter_tropicus,0.873167097568512
NC_015274,GENERO_Segetibacter_670293,0.861993134021759
NC_015274,taxid_960_Bacteriovorax_stolpii,0.8522340655326843
NC_015274,taxid_1837343_Paenibacillus_qinlingensis,0.9462817311286926
NC_015274,taxid_688867_Ohtaekwangia_koreensis,0.8703789710998535
NC_029011,taxid_398037_Segetibacter_koreensis,0.8621482849121094
NC_029011,taxid_1428_Bacillus_thuringiensis,0.8504658341407776
NC_029011,taxid_1737571_Bacillus_oryzisoli,0.8599162697792053
NC_029011,GENERO_Segetibacter_670293,0.8621482849121094
NC_029011,taxid_1837343_Paenibacillus_qinlingensis,0.9417125582695008
NC_025471,taxid_1837343_Paenibacillus_qinlingensis,0.8680334091186523
NC_006268,taxid_398037_Segetibacter_koreensis,0.8741285800933838
NC_006268,taxid_1428_Bacillus_thuringiensis,0.8706417679786682
NC_006268,taxid_1737571_Bacillus_oryzisoli,0.8708027005195618
NC_006268,taxid_1396_Bacillus_cereus,0.8664706945419312
NC_006268,GENERO_Segetibacter_670293,0.8741285800933838
NC_006268,taxid_960_Bacteriovorax_stolpii,0.8542600274085999
NC_006268,taxid_1837343_Paenibacillus_qinlingensis,0.9467280507087708
NC_026014,taxid_1837343_Paenibacillus_qinlingensis,0.857535183429718
NC_016163,taxid_1492898_Flavisolibacter_tropicus,0.8565753102302551
NC_016163,taxid_1837343_Paenibacillus_qinlingensis,0.9476378560066224
NC_016163,taxid_688867_Ohtaekwangia_koreensis,0.8517438769340515
NC_023601,taxid_1837343_Paenibacillus_qinlingensis,0.8776472806930542
NC_024697,taxid_1837343_Paenibacillus_qinlingensis,0.9243874549865724
NC_018861,taxid_398037_Segetibacter_koreensis,0.8812644481658936
NC_018861,taxid_1428_Bacillus_thuringiensis,0.8796830177307129
NC_018861,taxid_1737571_Bacillus_oryzisoli,0.8759962320327759
NC_018861,taxid_1404_Bacillus_megaterium,0.8529548645019531
NC_018861,taxid_1396_Bacillus_cereus,0.8743591904640198
NC_018861,taxid_1813871_Panacibacter_ginsenosidivorans,0.8525891900062561
NC_018861,taxid_1492898_Flavisolibacter_tropicus,0.8573223948478699
NC_018861,GENERO_Segetibacter_670293,0.8812644481658936
NC_018861,taxid_1397_Bacillus_circulans,0.8615236878395081
NC_018861,taxid_960_Bacteriovorax_stolpii,0.863247811794281
NC_018861,taxid_1837343_Paenibacillus_qinlingensis,0.9504338502883912
NC_018861,taxid_688867_Ohtaekwangia_koreensis,0.855894923210144
NC_018861,taxid_1478_Peribacillus_simplex,0.8527671098709106
NC_027394,taxid_398037_Segetibacter_koreensis,0.867261528968811
NC_027394,taxid_1737571_Bacillus_oryzisoli,0.8610539436340332
NC_027394,taxid_1492898_Flavisolibacter_tropicus,0.8598352074623108
NC_027394,GENERO_Segetibacter_670293,0.867261528968811
NC_027394,taxid_960_Bacteriovorax_stolpii,0.8537666201591492
NC_027394,taxid_1837343_Paenibacillus_qinlingensis,0.939860224723816
NC_027394,taxid_688867_Ohtaekwangia_koreensis,0.8568158149719238
NC_019515,taxid_1837343_Paenibacillus_qinlingensis,0.917393445968628
NC_004914,taxid_1837343_Paenibacillus_qinlingensis,0.8671458959579468
NC_025456,taxid_1837343_Paenibacillus_qinlingensis,0.8939825296401978
NC_025426,taxid_398037_Segetibacter_koreensis,0.8524250388145447
NC_025426,GENERO_Segetibacter_670293,0.8524250388145447
NC_025426,taxid_1837343_Paenibacillus_qinlingensis,0.9451427459716796
NC_024392,taxid_1837343_Paenibacillus_qinlingensis,0.9452264904975892
NC_004165,taxid_398037_Segetibacter_koreensis,0.8617712259292603
NC_004165,taxid_1737571_Bacillus_oryzisoli,0.8545739650726318
NC_004165,GENERO_Segetibacter_670293,0.8617712259292603
NC_004165,taxid_1837343_Paenibacillus_qinlingensis,0.9426934719085692
NC_001604,taxid_1837343_Paenibacillus_qinlingensis,0.8820709586143494
NC_028848,GENERO_Flavitalea_708199,0.8577090501785278
NC_028848,taxid_398037_Segetibacter_koreensis,0.8629997372627258
NC_028848,GENERO_Flavitalea_796384,0.8577090501785278
NC_028848,taxid_1737571_Bacillus_oryzisoli,0.8549882769584656
NC_028848,GENERO_Ferruginibacter_1310417,0.8512192964553833
NC_028848,taxid_398045_Flavisolibacter_ginsengiterrae,0.8554695844650269
NC_028848,GENERO_Flavitalea_1892851,0.8577090501785278
NC_028848,taxid_1492898_Flavisolibacter_tropicus,0.876418948173523
NC_028848,GENERO_Segetibacter_670293,0.8629997372627258
NC_028848,taxid_960_Bacteriovorax_stolpii,0.8521164655685425
NC_028848,taxid_1837343_Paenibacillus_qinlingensis,0.949173867702484
NC_028848,taxid_688867_Ohtaekwangia_koreensis,0.872520923614502
NC_024358,taxid_1837343_Paenibacillus_qinlingensis,0.9232195019721984
NC_015294,taxid_1837343_Paenibacillus_qinlingensis,0.8577762246131897
NC_007021,taxid_398037_Segetibacter_koreensis,0.8567752242088318
NC_007021,taxid_1428_Bacillus_thuringiensis,0.8565824031829834
NC_007021,taxid_1737571_Bacillus_oryzisoli,0.8500224351882935
NC_007021,GENERO_Segetibacter_670293,0.8567752242088318
NC_007021,taxid_1837343_Paenibacillus_qinlingensis,0.9432274103164672
MF189175,taxid_1837343_Paenibacillus_qinlingensis,0.879393458366394
NC_020080,taxid_1837343_Paenibacillus_qinlingensis,0.8763620853424072
NC_019508,taxid_1837343_Paenibacillus_qinlingensis,0.940824568271637
NC_007063,taxid_398037_Segetibacter_koreensis,0.854868471622467
NC_007063,GENERO_Segetibacter_670293,0.854868471622467
NC_007063,taxid_1837343_Paenibacillus_qinlingensis,0.9382669925689696
NC_011523,taxid_398037_Segetibacter_koreensis,0.877402663230896
NC_011523,taxid_1428_Bacillus_thuringiensis,0.8528826832771301
NC_011523,taxid_1737571_Bacillus_oryzisoli,0.8728234171867371
NC_011523,taxid_1492898_Flavisolibacter_tropicus,0.8610472083091736
NC_011523,GENERO_Segetibacter_670293,0.877402663230896
NC_011523,taxid_960_Bacteriovorax_stolpii,0.861351490020752
NC_011523,taxid_1837343_Paenibacillus_qinlingensis,0.9435810446739196
NC_011523,taxid_688867_Ohtaekwangia_koreensis,0.8582130670547485
NC_011523,taxid_1478_Peribacillus_simplex,0.8521301746368408
NC_028951,taxid_398037_Segetibacter_koreensis,0.8701560497283936
NC_028951,taxid_1428_Bacillus_thuringiensis,0.8728824257850647
NC_028951,taxid_1737571_Bacillus_oryzisoli,0.8653853535652161
NC_028951,taxid_1396_Bacillus_cereus,0.8664218783378601
NC_028951,GENERO_Segetibacter_670293,0.8701560497283936
NC_028951,taxid_1397_Bacillus_circulans,0.8520427346229553
NC_028951,taxid_1837343_Paenibacillus_qinlingensis,0.9462962746620178
NC_020480,taxid_1837343_Paenibacillus_qinlingensis,0.9411643147468568
NC_016160,taxid_1837343_Paenibacillus_qinlingensis,0.8613535165786743
NC_019423,GENERO_Tumebacillus_1229157,0.8617918491363525
NC_019423,GENERO_Tumebacillus_1157490,0.8617918491363525
NC_019423,GENERO_Tumebacillus_363888,0.8617918491363525
NC_019423,taxid_1837343_Paenibacillus_qinlingensis,0.922484576702118
MK061412,taxid_1837343_Paenibacillus_qinlingensis,0.8611074090003967
NC_012757,taxid_1837343_Paenibacillus_qinlingensis,0.9283053278923036
NC_007603,taxid_1837343_Paenibacillus_qinlingensis,0.9266512989997864
NC_021332,taxid_1837343_Paenibacillus_qinlingensis,0.9382370710372924
NC_031036,taxid_1837343_Paenibacillus_qinlingensis,0.9179409742355348
NC_023734,taxid_1837343_Paenibacillus_qinlingensis,0.9169774651527404
NC_030945,taxid_1492898_Flavisolibacter_tropicus,0.8569813370704651
NC_030945,taxid_1837343_Paenibacillus_qinlingensis,0.9362910389900208
NC_030945,taxid_688867_Ohtaekwangia_koreensis,0.8520302176475525
NC_020857,taxid_1837343_Paenibacillus_qinlingensis,0.9445961713790894
NC_002667,taxid_398037_Segetibacter_koreensis,0.8743042349815369
NC_002667,taxid_1428_Bacillus_thuringiensis,0.8521244525909424
NC_002667,taxid_1737571_Bacillus_oryzisoli,0.8676454424858093
NC_002667,taxid_1492898_Flavisolibacter_tropicus,0.8568457365036011
NC_002667,GENERO_Segetibacter_670293,0.8743042349815369
NC_002667,taxid_960_Bacteriovorax_stolpii,0.8560951948165894
NC_002667,taxid_1837343_Paenibacillus_qinlingensis,0.9452514052391052
NC_002667,taxid_688867_Ohtaekwangia_koreensis,0.8548232316970825
NC_025420,taxid_1492898_Flavisolibacter_tropicus,0.8525784611701965
NC_025420,taxid_1837343_Paenibacillus_qinlingensis,0.9388901591300964
NC_020488,taxid_1837343_Paenibacillus_qinlingensis,0.8941447138786316
NC_001270,taxid_1837343_Paenibacillus_qinlingensis,0.8925093412399292
NC_015253,taxid_1837343_Paenibacillus_qinlingensis,0.9320932626724244
NC_007461,taxid_1837343_Paenibacillus_qinlingensis,0.8993837237358093
NC_023581,GENERO_Tumebacillus_1229157,0.8619937896728516
NC_023581,GENERO_Flavitalea_708199,0.8547468781471252
NC_023581,taxid_398037_Segetibacter_koreensis,0.8524476289749146
NC_023581,GENERO_Flavitalea_796384,0.8547468781471252
NC_023581,GENERO_Tumebacillus_1157490,0.8619937896728516
NC_023581,GENERO_Tumebacillus_363888,0.8619937896728516
NC_023581,GENERO_Flavitalea_1892851,0.8547468781471252
NC_023581,taxid_1492898_Flavisolibacter_tropicus,0.8744551539421082
NC_023581,GENERO_Segetibacter_670293,0.8524476289749146
NC_023581,taxid_1837343_Paenibacillus_qinlingensis,0.9512654542922974
NC_023581,taxid_688867_Ohtaekwangia_koreensis,0.869647741317749
NC_023719,taxid_1837343_Paenibacillus_qinlingensis,0.945564866065979
NC_028748,taxid_398037_Segetibacter_koreensis,0.8876917362213135
NC_028748,taxid_1428_Bacillus_thuringiensis,0.8706705570220947
NC_028748,taxid_1737571_Bacillus_oryzisoli,0.8807186484336853
NC_028748,GENERO_Ferruginibacter_1310417,0.8535969853401184
NC_028748,taxid_1396_Bacillus_cereus,0.8670304417610168
NC_028748,taxid_1813871_Panacibacter_ginsenosidivorans,0.8568252325057983
NC_028748,taxid_1492898_Flavisolibacter_tropicus,0.8704200387001038
NC_028748,GENERO_Segetibacter_670293,0.8876917362213135
NC_028748,taxid_960_Bacteriovorax_stolpii,0.8692865371704102
NC_028748,taxid_1837343_Paenibacillus_qinlingensis,0.9533681273460388
NC_028748,taxid_688867_Ohtaekwangia_koreensis,0.8684430718421936
NC_028748,taxid_1478_Peribacillus_simplex,0.857752799987793
NC_029083,taxid_1837343_Paenibacillus_qinlingensis,0.8634377717971802
NC_001835,taxid_666686_Bacillus_sp_1NLA3E,0.8514060378074646
NC_001835,taxid_352858_Bacillus_sp_Y1,0.8685289025306702
NC_001835,GENERO_Flavitalea_708199,0.8680187463760376
NC_001835,taxid_398037_Segetibacter_koreensis,0.8986193537712097
NC_001835,taxid_462367_Flavisolibacter_ginsengisoli,0.8616539835929871
NC_001835,GENERO_Flavitalea_796384,0.8680187463760376
NC_001835,taxid_1428_Bacillus_thuringiensis,0.889488160610199
NC_001835,taxid_1737571_Bacillus_oryzisoli,0.8955740928649902
NC_001835,GENERO_Ferruginibacter_1310417,0.8715032935142517
NC_001835,taxid_1404_Bacillus_megaterium,0.8701683878898621
NC_001835,taxid_398045_Flavisolibacter_ginsengiterrae,0.870004415512085
NC_001835,taxid_228899_Peribacillus_asahii,0.8635741472244263
NC_001835,taxid_1396_Bacillus_cereus,0.885228157043457
NC_001835,taxid_1813871_Panacibacter_ginsenosidivorans,0.8727549314498901
NC_001835,GENERO_Flavitalea_1892851,0.8680187463760376
NC_001835,taxid_1492898_Flavisolibacter_tropicus,0.8879340887069702
NC_001835,GENERO_Segetibacter_670293,0.8986193537712097
NC_001835,GENERO_Daejeonella_990371,0.8560086488723755
NC_001835,taxid_1397_Bacillus_circulans,0.868107259273529
NC_001835,taxid_960_Bacteriovorax_stolpii,0.8856841921806335
NC_001835,taxid_1837343_Paenibacillus_qinlingensis,0.9637802243232728
NC_001835,taxid_688867_Ohtaekwangia_koreensis,0.8852138519287109
NC_001835,taxid_1478_Peribacillus_simplex,0.8776124119758606
NC_024149,taxid_398037_Segetibacter_koreensis,0.856719970703125
NC_024149,taxid_1428_Bacillus_thuringiensis,0.8597263693809509
NC_024149,taxid_1737571_Bacillus_oryzisoli,0.8504319190979004
NC_024149,taxid_1396_Bacillus_cereus,0.8525973558425903
NC_024149,GENERO_Segetibacter_670293,0.856719970703125
NC_024149,taxid_1837343_Paenibacillus_qinlingensis,0.9351738691329956
NC_022776,taxid_666686_Bacillus_sp_1NLA3E,0.8614463806152344
NC_022776,taxid_486398_Bacillus_sp_S3,0.8591240048408508
NC_022776,taxid_352858_Bacillus_sp_Y1,0.876416027545929
NC_022776,GENERO_Flavitalea_708199,0.8803600668907166
NC_022776,taxid_398037_Segetibacter_koreensis,0.9059515595436096
NC_022776,taxid_462367_Flavisolibacter_ginsengisoli,0.8742349743843079
NC_022776,GENERO_Flavitalea_796384,0.8803600668907166
NC_022776,taxid_1428_Bacillus_thuringiensis,0.883324146270752
NC_022776,taxid_1737571_Bacillus_oryzisoli,0.900359034538269
NC_022776,GENERO_Ferruginibacter_1310417,0.8843589425086975
NC_022776,taxid_1404_Bacillus_megaterium,0.8741438984870911
NC_022776,taxid_398045_Flavisolibacter_ginsengiterrae,0.8820244073867798
NC_022776,taxid_228899_Peribacillus_asahii,0.870110273361206
NC_022776,taxid_1396_Bacillus_cereus,0.8818721771240234
NC_022776,taxid_1813871_Panacibacter_ginsenosidivorans,0.8840963840484619
NC_022776,GENERO_Flavitalea_1892851,0.8803600668907166
NC_022776,taxid_1492898_Flavisolibacter_tropicus,0.8963863849639893
NC_022776,GENERO_Segetibacter_670293,0.9059515595436096
NC_022776,GENERO_Daejeonella_990371,0.8683112859725952
NC_022776,taxid_1397_Bacillus_circulans,0.8572000861167908
NC_022776,taxid_960_Bacteriovorax_stolpii,0.8939852714538574
NC_022776,taxid_1837343_Paenibacillus_qinlingensis,0.9579822421073914
NC_022776,taxid_688867_Ohtaekwangia_koreensis,0.8940367102622986
NC_022776,taxid_1478_Peribacillus_simplex,0.8873181343078613
NC_025449,taxid_1837343_Paenibacillus_qinlingensis,0.9203179478645324
NC_008193,taxid_1837343_Paenibacillus_qinlingensis,0.9309007525444032
NC_028700,taxid_398037_Segetibacter_koreensis,0.8774319887161255
NC_028700,taxid_1737571_Bacillus_oryzisoli,0.870555579662323
NC_028700,GENERO_Ferruginibacter_1310417,0.8503980040550232
NC_028700,taxid_1492898_Flavisolibacter_tropicus,0.8662155270576477
NC_028700,GENERO_Segetibacter_670293,0.8774319887161255
NC_028700,taxid_960_Bacteriovorax_stolpii,0.8647842407226562
NC_028700,taxid_1837343_Paenibacillus_qinlingensis,0.9480232000350952
NC_028700,taxid_688867_Ohtaekwangia_koreensis,0.8639794588088989
NC_028700,taxid_1478_Peribacillus_simplex,0.8533090353012085
NC_019422,taxid_398037_Segetibacter_koreensis,0.8734211325645447
NC_019422,taxid_1428_Bacillus_thuringiensis,0.8770172595977783
NC_019422,taxid_1737571_Bacillus_oryzisoli,0.8688525557518005
NC_019422,taxid_1396_Bacillus_cereus,0.8706974983215332
NC_019422,GENERO_Segetibacter_670293,0.8734211325645447
NC_019422,taxid_1397_Bacillus_circulans,0.8569565415382385
NC_019422,taxid_1837343_Paenibacillus_qinlingensis,0.9471469521522522
NC_031065,taxid_1837343_Paenibacillus_qinlingensis,0.9109591245651244
NC_013643,taxid_398037_Segetibacter_koreensis,0.8665704131126404
NC_013643,taxid_1428_Bacillus_thuringiensis,0.8561814427375793
NC_013643,taxid_1737571_Bacillus_oryzisoli,0.8609228134155273
NC_013643,GENERO_Segetibacter_670293,0.8665704131126404
NC_013643,taxid_1837343_Paenibacillus_qinlingensis,0.9481222033500672
NC_018264,GENERO_Flavitalea_708199,0.8602055311203003
NC_018264,taxid_398037_Segetibacter_koreensis,0.8811772465705872
NC_018264,taxid_462367_Flavisolibacter_ginsengisoli,0.851781964302063
NC_018264,GENERO_Flavitalea_796384,0.8602055311203003
NC_018264,taxid_1428_Bacillus_thuringiensis,0.857252836227417
NC_018264,taxid_1737571_Bacillus_oryzisoli,0.8730744123458862
NC_018264,GENERO_Ferruginibacter_1310417,0.8623033761978149
NC_018264,taxid_398045_Flavisolibacter_ginsengiterrae,0.8610559105873108
NC_018264,taxid_1396_Bacillus_cereus,0.8549520969390869
NC_018264,taxid_1813871_Panacibacter_ginsenosidivorans,0.8589447140693665
NC_018264,GENERO_Flavitalea_1892851,0.8602055311203003
NC_018264,taxid_1492898_Flavisolibacter_tropicus,0.8787629008293152
NC_018264,GENERO_Segetibacter_670293,0.8811772465705872
NC_018264,taxid_960_Bacteriovorax_stolpii,0.870465874671936
NC_018264,taxid_1837343_Paenibacillus_qinlingensis,0.9546495676040648
NC_018264,taxid_688867_Ohtaekwangia_koreensis,0.8759264945983887
NC_018264,taxid_1478_Peribacillus_simplex,0.8625288605690002
NC_021774,taxid_1837343_Paenibacillus_qinlingensis,0.8661317229270935
NC_018086,GENERO_Tumebacillus_1229157,0.8635499477386475
NC_018086,GENERO_Flavitalea_708199,0.8576293587684631
NC_018086,taxid_398037_Segetibacter_koreensis,0.85265052318573
NC_018086,GENERO_Flavitalea_796384,0.8576293587684631
NC_018086,GENERO_Tumebacillus_1157490,0.8635499477386475
NC_018086,taxid_398045_Flavisolibacter_ginsengiterrae,0.8529077768325806
NC_018086,GENERO_Tumebacillus_363888,0.8635499477386475
NC_018086,GENERO_Flavitalea_1892851,0.8576293587684631
NC_018086,taxid_1492898_Flavisolibacter_tropicus,0.8785098791122437
NC_018086,GENERO_Segetibacter_670293,0.85265052318573
NC_018086,taxid_1837343_Paenibacillus_qinlingensis,0.9536957740783693
NC_018086,taxid_688867_Ohtaekwangia_koreensis,0.8730628490447998
NC_018284,taxid_398037_Segetibacter_koreensis,0.8728742599487305
NC_018284,taxid_1428_Bacillus_thuringiensis,0.8602610230445862
NC_018284,taxid_1737571_Bacillus_oryzisoli,0.8660671710968018
NC_018284,taxid_1396_Bacillus_cereus,0.854699432849884
NC_018284,GENERO_Segetibacter_670293,0.8728742599487305
NC_018284,taxid_960_Bacteriovorax_stolpii,0.851139485836029
NC_018284,taxid_1837343_Paenibacillus_qinlingensis,0.9460626840591432
NC_005893,taxid_1837343_Paenibacillus_qinlingensis,0.9199905395507812
NC_011045,taxid_1837343_Paenibacillus_qinlingensis,0.8997370004653931
NC_023550,taxid_1837343_Paenibacillus_qinlingensis,0.9264473915100098
NC_005340,taxid_1837343_Paenibacillus_qinlingensis,0.8503797650337219
NC_029048,taxid_398037_Segetibacter_koreensis,0.8741930723190308
NC_029048,taxid_1428_Bacillus_thuringiensis,0.8780612945556641
NC_029048,taxid_1737571_Bacillus_oryzisoli,0.8707075119018555
NC_029048,taxid_1396_Bacillus_cereus,0.8721884489059448
NC_029048,GENERO_Segetibacter_670293,0.8741930723190308
NC_029048,taxid_1397_Bacillus_circulans,0.8595516681671143
NC_029048,taxid_960_Bacteriovorax_stolpii,0.8520771265029907
NC_029048,taxid_1837343_Paenibacillus_qinlingensis,0.952568292617798
NC_031008,taxid_398037_Segetibacter_koreensis,0.8685316443443298
NC_031008,taxid_1428_Bacillus_thuringiensis,0.873144805431366
NC_031008,taxid_1737571_Bacillus_oryzisoli,0.864546537399292
NC_031008,taxid_1396_Bacillus_cereus,0.8664117455482483
NC_031008,GENERO_Segetibacter_670293,0.8685316443443298
NC_031008,taxid_1397_Bacillus_circulans,0.8528984785079956
NC_031008,taxid_1837343_Paenibacillus_qinlingensis,0.9428887963294984
NC_031917,taxid_1837343_Paenibacillus_qinlingensis,0.9325769543647766
NC_002363,taxid_1837343_Paenibacillus_qinlingensis,0.9191730618476868
NC_007053,taxid_398037_Segetibacter_koreensis,0.8731637597084045
NC_007053,taxid_1428_Bacillus_thuringiensis,0.8702857494354248
NC_007053,taxid_1737571_Bacillus_oryzisoli,0.867716908454895
NC_007053,taxid_1396_Bacillus_cereus,0.8649474382400513
NC_007053,GENERO_Segetibacter_670293,0.8731637597084045
NC_007053,taxid_1397_Bacillus_circulans,0.8504102230072021
NC_007053,taxid_960_Bacteriovorax_stolpii,0.8503236770629883
NC_007053,taxid_1837343_Paenibacillus_qinlingensis,0.9469365477561952
NC_015290,taxid_1837343_Paenibacillus_qinlingensis,0.9357912540435792
NC_027341,taxid_398037_Segetibacter_koreensis,0.8759411573410034
NC_027341,taxid_1428_Bacillus_thuringiensis,0.8628554940223694
NC_027341,taxid_1737571_Bacillus_oryzisoli,0.8718411326408386
NC_027341,taxid_1396_Bacillus_cereus,0.8581110835075378
NC_027341,taxid_1492898_Flavisolibacter_tropicus,0.8637023568153381
NC_027341,GENERO_Segetibacter_670293,0.8759411573410034
NC_027341,taxid_960_Bacteriovorax_stolpii,0.8610306978225708
NC_027341,taxid_1837343_Paenibacillus_qinlingensis,0.9560686945915222
NC_027341,taxid_688867_Ohtaekwangia_koreensis,0.8608830571174622
NC_027341,taxid_1478_Peribacillus_simplex,0.8503918647766113
NC_028830,taxid_1837343_Paenibacillus_qinlingensis,0.9184448719024658
NC_031920,taxid_1492898_Flavisolibacter_tropicus,0.8663496375083923
NC_031920,taxid_1837343_Paenibacillus_qinlingensis,0.9507665038108826
NC_031920,taxid_688867_Ohtaekwangia_koreensis,0.8602902889251709
NC_028837,taxid_1837343_Paenibacillus_qinlingensis,0.9291014671325684
NC_029118,taxid_398037_Segetibacter_koreensis,0.857434868812561
NC_029118,taxid_1737571_Bacillus_oryzisoli,0.8502187132835388
NC_029118,taxid_1492898_Flavisolibacter_tropicus,0.8614925742149353
NC_029118,GENERO_Segetibacter_670293,0.857434868812561
NC_029118,taxid_1837343_Paenibacillus_qinlingensis,0.9521295428276062
NC_029118,taxid_688867_Ohtaekwangia_koreensis,0.858055830001831
NC_031912,taxid_398037_Segetibacter_koreensis,0.878178060054779
NC_031912,taxid_1428_Bacillus_thuringiensis,0.8756017684936523
NC_031912,taxid_1737571_Bacillus_oryzisoli,0.8712165355682373
NC_031912,taxid_1396_Bacillus_cereus,0.8699747323989868
NC_031912,taxid_1492898_Flavisolibacter_tropicus,0.8537430763244629
NC_031912,GENERO_Segetibacter_670293,0.878178060054779
NC_031912,taxid_1397_Bacillus_circulans,0.8560422658920288
NC_031912,taxid_960_Bacteriovorax_stolpii,0.8577557802200317
NC_031912,taxid_1837343_Paenibacillus_qinlingensis,0.9511321783065796
NC_031912,taxid_688867_Ohtaekwangia_koreensis,0.8526334762573242
NC_031907,taxid_1492898_Flavisolibacter_tropicus,0.8616535067558289
NC_031907,taxid_1837343_Paenibacillus_qinlingensis,0.9470849633216858
NC_031907,taxid_688867_Ohtaekwangia_koreensis,0.8571381568908691
NC_019418,taxid_1837343_Paenibacillus_qinlingensis,0.9399536848068236
KU160650,taxid_1837343_Paenibacillus_qinlingensis,0.8876137733459473
NC_031921,taxid_1837343_Paenibacillus_qinlingensis,0.928833782672882
NC_031098,taxid_1492898_Flavisolibacter_tropicus,0.8614113330841064
NC_031098,taxid_1837343_Paenibacillus_qinlingensis,0.9429713487625122
NC_031098,taxid_688867_Ohtaekwangia_koreensis,0.8564145565032959
NC_022756,taxid_1837343_Paenibacillus_qinlingensis,0.9256613850593568
NC_031094,taxid_398037_Segetibacter_koreensis,0.8780542612075806
NC_031094,taxid_1428_Bacillus_thuringiensis,0.8504075407981873
NC_031094,taxid_1737571_Bacillus_oryzisoli,0.8717926144599915
NC_031094,GENERO_Ferruginibacter_1310417,0.8504788279533386
NC_031094,taxid_1492898_Flavisolibacter_tropicus,0.8664859533309937
NC_031094,GENERO_Segetibacter_670293,0.8780542612075806
NC_031094,taxid_960_Bacteriovorax_stolpii,0.8643838167190552
NC_031094,taxid_1837343_Paenibacillus_qinlingensis,0.9453839063644408
NC_031094,taxid_688867_Ohtaekwangia_koreensis,0.864189863204956
NC_031094,taxid_1478_Peribacillus_simplex,0.8531277179718018
NC_007709,taxid_1837343_Paenibacillus_qinlingensis,0.8697975873947144
NC_031046,taxid_1837343_Paenibacillus_qinlingensis,0.9208404421806335
NC_031271,taxid_1837343_Paenibacillus_qinlingensis,0.9089222550392152
NC_016162,taxid_1492898_Flavisolibacter_tropicus,0.8587960600852966
NC_016162,taxid_1837343_Paenibacillus_qinlingensis,0.9356203079223632
NC_016162,taxid_688867_Ohtaekwangia_koreensis,0.8515564203262329
NC_000902,taxid_1837343_Paenibacillus_qinlingensis,0.8704698085784912
NC_031129,taxid_1837343_Paenibacillus_qinlingensis,0.86456298828125
NC_025829,taxid_1837343_Paenibacillus_qinlingensis,0.916610836982727
NC_004585,taxid_398037_Segetibacter_koreensis,0.884401261806488
NC_004585,taxid_1428_Bacillus_thuringiensis,0.8633980751037598
NC_004585,taxid_1737571_Bacillus_oryzisoli,0.8777883648872375
NC_004585,GENERO_Ferruginibacter_1310417,0.8518146872520447
NC_004585,taxid_1396_Bacillus_cereus,0.8612696528434753
NC_004585,taxid_1813871_Panacibacter_ginsenosidivorans,0.8553521633148193
NC_004585,taxid_1492898_Flavisolibacter_tropicus,0.867480456829071
NC_004585,GENERO_Segetibacter_670293,0.884401261806488
NC_004585,taxid_960_Bacteriovorax_stolpii,0.8662331700325012
NC_004585,taxid_1837343_Paenibacillus_qinlingensis,0.9468012452125548
NC_004585,taxid_688867_Ohtaekwangia_koreensis,0.8654186725616455
NC_004585,taxid_1478_Peribacillus_simplex,0.8564409017562866
NC_031042,taxid_1837343_Paenibacillus_qinlingensis,0.9348084926605223
NC_010275,taxid_1837343_Paenibacillus_qinlingensis,0.8926036357879639
NC_016657,taxid_1837343_Paenibacillus_qinlingensis,0.9264965057373048
NC_028782,taxid_398037_Segetibacter_koreensis,0.8654227256774902
NC_028782,taxid_1737571_Bacillus_oryzisoli,0.8593294024467468
NC_028782,taxid_1492898_Flavisolibacter_tropicus,0.8605886101722717
NC_028782,GENERO_Segetibacter_670293,0.8654227256774902
NC_028782,taxid_960_Bacteriovorax_stolpii,0.8518955111503601
NC_028782,taxid_1837343_Paenibacillus_qinlingensis,0.9395724534988404
NC_028782,taxid_688867_Ohtaekwangia_koreensis,0.8574153780937195
NC_024387,taxid_398037_Segetibacter_koreensis,0.8817180395126343
NC_024387,taxid_1428_Bacillus_thuringiensis,0.8625133037567139
NC_024387,taxid_1737571_Bacillus_oryzisoli,0.874012291431427
NC_024387,taxid_1396_Bacillus_cereus,0.8592328429222107
NC_024387,taxid_1492898_Flavisolibacter_tropicus,0.8631787300109863
NC_024387,GENERO_Segetibacter_670293,0.8817180395126343
NC_024387,taxid_960_Bacteriovorax_stolpii,0.8626903891563416
NC_024387,taxid_1837343_Paenibacillus_qinlingensis,0.9506758451461792
NC_024387,taxid_688867_Ohtaekwangia_koreensis,0.8616611361503601
NC_024387,taxid_1478_Peribacillus_simplex,0.8507299423217773
MF668286,taxid_1837343_Paenibacillus_qinlingensis,0.8909287452697754
NC_023548,taxid_1837343_Paenibacillus_qinlingensis,0.8839534521102905
NC_002671,taxid_352858_Bacillus_sp_Y1,0.8549001812934875
NC_002671,GENERO_Flavitalea_708199,0.8508235216140747
NC_002671,taxid_398037_Segetibacter_koreensis,0.8926493525505066
NC_002671,GENERO_Flavitalea_796384,0.8508235216140747
NC_002671,taxid_1428_Bacillus_thuringiensis,0.8806019425392151
NC_002671,taxid_1737571_Bacillus_oryzisoli,0.8875042796134949
NC_002671,GENERO_Ferruginibacter_1310417,0.8563228249549866
NC_002671,taxid_1404_Bacillus_megaterium,0.8584940433502197
NC_002671,taxid_398045_Flavisolibacter_ginsengiterrae,0.852440595626831
NC_002671,taxid_228899_Peribacillus_asahii,0.8545209169387817
NC_002671,taxid_1396_Bacillus_cereus,0.8771070241928101
NC_002671,taxid_1813871_Panacibacter_ginsenosidivorans,0.8610802888870239
NC_002671,GENERO_Flavitalea_1892851,0.8508235216140747
NC_002671,taxid_1492898_Flavisolibacter_tropicus,0.8723894357681274
NC_002671,GENERO_Segetibacter_670293,0.8926493525505066
NC_002671,taxid_1397_Bacillus_circulans,0.8594909906387329
NC_002671,taxid_960_Bacteriovorax_stolpii,0.8729249238967896
NC_002671,taxid_1837343_Paenibacillus_qinlingensis,0.953668773174286
NC_002671,taxid_688867_Ohtaekwangia_koreensis,0.8709378838539124
NC_002671,taxid_1478_Peribacillus_simplex,0.8632438778877258
NC_007581,taxid_1837343_Paenibacillus_qinlingensis,0.9373919367790222
NC_029006,taxid_1837343_Paenibacillus_qinlingensis,0.9352680444717408
NC_005294,GENERO_Flavitalea_708199,0.8580061793327332
NC_005294,taxid_398037_Segetibacter_koreensis,0.8759652972221375
NC_005294,GENERO_Flavitalea_796384,0.8580061793327332
NC_005294,taxid_1737571_Bacillus_oryzisoli,0.8685652017593384
NC_005294,GENERO_Ferruginibacter_1310417,0.8567825555801392
NC_005294,taxid_398045_Flavisolibacter_ginsengiterrae,0.8584095239639282
NC_005294,GENERO_Flavitalea_1892851,0.8580061793327332
NC_005294,taxid_1492898_Flavisolibacter_tropicus,0.8770912885665894
NC_005294,GENERO_Segetibacter_670293,0.8759652972221375
NC_005294,taxid_960_Bacteriovorax_stolpii,0.8665404319763184
NC_005294,taxid_1837343_Paenibacillus_qinlingensis,0.9538732171058656
NC_005294,taxid_688867_Ohtaekwangia_koreensis,0.8745572566986084
NC_005294,taxid_1478_Peribacillus_simplex,0.8569949865341187
NC_020879,taxid_1837343_Paenibacillus_qinlingensis,0.8726261854171753
NC_006565,GENERO_Tumebacillus_1229157,0.8509255647659302
NC_006565,GENERO_Tumebacillus_1157490,0.8509255647659302
NC_006565,GENERO_Tumebacillus_363888,0.8509255647659302
NC_006565,taxid_1837343_Paenibacillus_qinlingensis,0.9396633505821228
NC_027372,taxid_398037_Segetibacter_koreensis,0.8727455139160156
NC_027372,taxid_1737571_Bacillus_oryzisoli,0.8654648661613464
NC_027372,taxid_1492898_Flavisolibacter_tropicus,0.8640308976173401
NC_027372,GENERO_Segetibacter_670293,0.8727455139160156
NC_027372,taxid_960_Bacteriovorax_stolpii,0.8585842251777649
NC_027372,taxid_1837343_Paenibacillus_qinlingensis,0.9419015049934388
NC_027372,taxid_688867_Ohtaekwangia_koreensis,0.8608150482177734
NC_027372,taxid_1478_Peribacillus_simplex,0.8513575196266174
NC_005069,taxid_1837343_Paenibacillus_qinlingensis,0.9143895506858826
NC_024215,taxid_398037_Segetibacter_koreensis,0.8777495622634888
NC_024215,taxid_1428_Bacillus_thuringiensis,0.8636451959609985
NC_024215,taxid_1737571_Bacillus_oryzisoli,0.8711909651756287
NC_024215,taxid_1396_Bacillus_cereus,0.8594772815704346
NC_024215,taxid_1492898_Flavisolibacter_tropicus,0.8573837280273438
NC_024215,GENERO_Segetibacter_670293,0.8777495622634888
NC_024215,taxid_960_Bacteriovorax_stolpii,0.8569865822792053
NC_024215,taxid_1837343_Paenibacillus_qinlingensis,0.9488337635993958
NC_024215,taxid_688867_Ohtaekwangia_koreensis,0.8558452129364014
NC_015937,taxid_398037_Segetibacter_koreensis,0.8719648718833923
NC_015937,taxid_1428_Bacillus_thuringiensis,0.8656306862831116
NC_015937,taxid_1737571_Bacillus_oryzisoli,0.8665684461593628
NC_015937,taxid_1396_Bacillus_cereus,0.8604212403297424
NC_015937,taxid_1492898_Flavisolibacter_tropicus,0.8511068820953369
NC_015937,GENERO_Segetibacter_670293,0.8719648718833923
NC_015937,taxid_960_Bacteriovorax_stolpii,0.8542121648788452
NC_015937,taxid_1837343_Paenibacillus_qinlingensis,0.9456992745399476
NC_015937,taxid_688867_Ohtaekwangia_koreensis,0.8501871824264526
NC_021796,GENERO_Flavitalea_708199,0.851450502872467
NC_021796,taxid_398037_Segetibacter_koreensis,0.8627759218215942
NC_021796,GENERO_Flavitalea_796384,0.851450502872467
NC_021796,taxid_1737571_Bacillus_oryzisoli,0.8560991287231445
NC_021796,taxid_398045_Flavisolibacter_ginsengiterrae,0.8507301807403564
NC_021796,GENERO_Flavitalea_1892851,0.851450502872467
NC_021796,taxid_1492898_Flavisolibacter_tropicus,0.8724004030227661
NC_021796,GENERO_Segetibacter_670293,0.8627759218215942
NC_021796,taxid_960_Bacteriovorax_stolpii,0.8525004386901855
NC_021796,taxid_1837343_Paenibacillus_qinlingensis,0.9527792930603028
NC_021796,taxid_688867_Ohtaekwangia_koreensis,0.8691482543945312
NC_011802,taxid_1837343_Paenibacillus_qinlingensis,0.8964076638221741
NC_028698,taxid_1837343_Paenibacillus_qinlingensis,0.8765342235565186
NC_021868,GENERO_Tumebacillus_1229157,0.8711757659912109
NC_021868,GENERO_Flavitalea_708199,0.854033887386322
NC_021868,GENERO_Flavitalea_796384,0.854033887386322
NC_021868,GENERO_Tumebacillus_1157490,0.8711757659912109
NC_021868,GENERO_Tumebacillus_363888,0.8711757659912109
NC_021868,GENERO_Flavitalea_1892851,0.854033887386322
NC_021868,taxid_1492898_Flavisolibacter_tropicus,0.8766019940376282
NC_021868,taxid_1837343_Paenibacillus_qinlingensis,0.954422891139984
NC_021868,taxid_688867_Ohtaekwangia_koreensis,0.8694432973861694
NC_031016,taxid_1837343_Paenibacillus_qinlingensis,0.9414343237876892
NC_031039,taxid_398037_Segetibacter_koreensis,0.8581237196922302
NC_031039,taxid_1428_Bacillus_thuringiensis,0.8566150069236755
NC_031039,taxid_1737571_Bacillus_oryzisoli,0.8528674244880676
NC_031039,GENERO_Segetibacter_670293,0.8581237196922302
NC_031039,taxid_1837343_Paenibacillus_qinlingensis,0.9453205466270448
NC_019522,taxid_1837343_Paenibacillus_qinlingensis,0.8513410091400146
